experiment,task,size_label,n_vars,seed,algorithm,profile,solution,cost,optimum,feasible,construction_s,solver_s,complete_local_s,cost_vector_bytes,evals,success_prob,classical_seed_s,delay_s,gap,staleness_loss,deadline_miss,utility,timing_evidence
clearaccept_main,channel,6,6,0,task_specific,local,14,1.9464826652816702,1.9464826652816702,True,0.0001699170097708702,7.874995935708284e-05,0.00024866696912795305,576,24,,,7.874995935708284e-05,0.0,3.2150774060667326e-06,False,-3.2150774060667326e-06,measured_local
clearaccept_main,channel,6,6,0,milp,local,49,1.9464826652816702,1.9464826652816702,True,0.0001699170097708702,0.012506416998803616,0.012676334008574486,576,1,,,0.012506416998803616,0.0,0.0005105919933415937,False,-0.0005105919933415937,measured_local
clearaccept_main,channel,6,6,0,qaoa_warm,nominal,14,1.9464826652816702,1.9464826652816702,True,0.0001699170097708702,0.004816749948076904,0.004986666957847774,576,94,0.3206156691150005,5.945796146988869e-05,7.662800000000001,0.0,0.31284454428092767,True,-2.3128445442809276,modeled_qpu
clearaccept_main,channel,6,6,1,task_specific,local,56,4.76363175050009,3.7552144525142617,True,5.687493830919266e-05,4.958396311849356e-05,0.00010645890142768621,576,24,,,4.958396311849356e-05,0.2120655772848772,3.601288713071572e-06,False,-0.21206917857359028,measured_local
clearaccept_main,channel,6,6,1,milp,local,11,3.7552144525142617,3.7552144525142617,True,5.687493830919266e-05,0.0137575410772115,0.013814416015520692,576,1,,,0.0137575410772115,0.0,0.0009992117266338742,False,-0.0009992117266338742,measured_local
clearaccept_main,channel,6,6,1,qaoa_warm,nominal,52,3.7552144525142617,3.7552144525142617,True,5.687493830919266e-05,0.005073415930382907,0.0051302908686921,576,98,0.07161706780199217,6.712495815008879e-05,7.9676,0.0,0.5786876672543964,True,-2.578687667254396,modeled_qpu
clearaccept_main,channel,6,6,2,task_specific,local,21,0.8243350865285217,0.8243350865285217,True,6.070802919566631e-05,5.266699008643627e-05,0.00011337501928210258,576,24,,,5.266699008643627e-05,0.0,3.293149000600196e-06,False,-3.293149000600196e-06,measured_local
clearaccept_main,channel,6,6,2,milp,local,42,0.8243350865285217,0.8243350865285217,True,6.070802919566631e-05,0.011029624962247908,0.011090332991443574,576,1,,,0.011029624962247908,0.0,0.0006896577602367294,False,-0.0006896577602367294,measured_local
clearaccept_main,channel,6,6,2,qaoa_warm,nominal,21,0.8243350865285217,0.8243350865285217,True,6.070802919566631e-05,0.00481883401516825,0.004879542044363916,576,96,0.46745232606211107,5.741708446294069e-05,7.815200000000001,0.0,0.48866696249875113,True,-2.488666962498751,modeled_qpu
clearaccept_main,channel,6,6,3,task_specific,local,7,3.82695811761584,3.2992732967356995,True,5.7124998420476913e-05,4.558300133794546e-05,0.00010270799975842237,576,24,,,4.558300133794546e-05,0.12273814304403369,2.9671019405742826e-06,False,-0.12274111014597426,measured_local
clearaccept_main,channel,6,6,3,milp,local,13,3.2992732967356995,3.2992732967356995,True,5.7124998420476913e-05,0.006962834042496979,0.007019959040917456,576,1,,,0.006962834042496979,0.0,0.00045322681247387636,False,-0.00045322681247387636,measured_local
clearaccept_main,channel,6,6,3,qaoa_warm,nominal,13,3.2992732967356995,3.2992732967356995,True,5.7124998420476913e-05,0.004803957999683917,0.0048610829981043935,576,94,0.06371428508385446,4.76249260827899e-05,7.662800000000001,0.0,0.4987891995454417,True,-2.498789199545442,modeled_qpu
clearaccept_main,channel,6,6,4,task_specific,local,23,2.9078911217843895,2.4120404538070277,True,6.937491707503796e-05,5.708297248929739e-05,0.00012645788956433535,576,24,,,5.708297248929739e-05,0.1453237951572673,3.7184376235416683e-06,False,-0.14532751359489082,measured_local
clearaccept_main,channel,6,6,4,milp,local,37,2.4120404538070277,2.4120404538070277,True,6.937491707503796e-05,0.020245124935172498,0.020314499852247536,576,1,,,0.020245124935172498,0.0,0.0013187861628327336,False,-0.0013187861628327336,measured_local
clearaccept_main,channel,6,6,4,qaoa_warm,nominal,37,2.4120404538070277,2.4120404538070277,True,6.937491707503796e-05,0.0052419580752030015,0.0053113329922780395,576,100,0.04030706034451678,5.862500984221697e-05,8.120000000000001,0.0,0.5289443101236438,True,-2.5289443101236437,modeled_qpu
clearaccept_main,channel,6,6,5,task_specific,local,13,4.66395046533884,3.6045215374057715,True,5.337502807378769e-05,4.6459026634693146e-05,9.983405470848083e-05,576,24,,,4.6459026634693146e-05,0.23008447660122366,1.701946342846336e-06,False,-0.23008617854756652,measured_local
clearaccept_main,channel,6,6,5,milp,local,28,3.6045215374057715,3.6045215374057715,True,5.337502807378769e-05,0.020198083017021418,0.020251458045095205,576,1,,,0.020198083017021418,0.0,0.0007399219487232233,False,-0.0007399219487232233,measured_local
clearaccept_main,channel,6,6,5,qaoa_warm,nominal,28,3.6045215374057715,3.6045215374057715,True,5.337502807378769e-05,0.0062054580776020885,0.006258833105675876,576,117,0.06395185213021284,5.22910850122571e-05,9.4154,0.0,0.34491694633286046,True,-2.3449169463328605,modeled_qpu
clearaccept_main,channel,6,6,6,task_specific,local,25,3.9146265449710262,3.141942958411521,True,5.1166978664696217e-05,4.525005351752043e-05,9.641703218221664e-05,576,24,,,4.525005351752043e-05,0.18655099655352025,3.204636118630601e-06,False,-0.1865542011896389,measured_local
clearaccept_main,channel,6,6,6,milp,local,12,3.141942958411521,3.141942958411521,True,5.1166978664696217e-05,0.012627999996766448,0.012679166975431144,576,1,,,0.012627999996766448,0.0,0.0008943225863818252,False,-0.0008943225863818252,measured_local
clearaccept_main,channel,6,6,6,qaoa_warm,nominal,51,3.141942958411521,3.141942958411521,True,5.1166978664696217e-05,0.005467166076414287,0.005518333055078983,576,107,0.03666853864958812,5.224999040365219e-05,8.6534,0.0,0.6128390141731178,True,-2.612839014173118,modeled_qpu
clearaccept_main,channel,6,6,7,task_specific,local,39,1.5617157320647332,1.5617157320647332,True,6.087496876716614e-05,5.379202775657177e-05,0.00011466699652373791,576,24,,,5.379202775657177e-05,0.0,3.829206573206828e-06,False,-3.829206573206828e-06,measured_local
clearaccept_main,channel,6,6,7,milp,local,39,1.5617157320647332,1.5617157320647332,True,6.087496876716614e-05,0.011810166062787175,0.011871041031554341,576,1,,,0.011810166062787175,0.0,0.000840711298762369,False,-0.000840711298762369,measured_local
clearaccept_main,channel,6,6,7,qaoa_warm,nominal,39,1.5617157320647332,1.5617157320647332,True,6.087496876716614e-05,0.005590167012996972,0.005651041981764138,576,107,0.3409030465183698,5.8125006034970284e-05,8.6534,0.0,0.6159956696657486,True,-2.6159956696657485,modeled_qpu
clearaccept_main,channel,6,6,8,task_specific,local,42,6.070287988603591,4.761995095013317,True,5.8292062021791935e-05,4.733400419354439e-05,0.00010562606621533632,576,24,,,4.733400419354439e-05,0.2270555375381226,2.234144687113351e-06,False,-0.22705777168280972,measured_local
clearaccept_main,channel,6,6,8,milp,local,11,4.761995095013317,4.761995095013317,True,5.8292062021791935e-05,0.02207304199691862,0.02213133405894041,576,1,,,0.02207304199691862,0.0,0.0010418381108051559,False,-0.0010418381108051559,measured_local
clearaccept_main,channel,6,6,8,qaoa_warm,nominal,52,4.761995095013317,4.761995095013317,True,5.8292062021791935e-05,0.0048296250170096755,0.0048879170790314674,576,96,0.07122669265676287,5.5875047110021114e-05,7.815200000000001,0.0,0.3688740865305786,True,-2.3688740865305786,modeled_qpu
clearaccept_main,channel,6,6,9,task_specific,local,25,2.680854208856899,1.2314461765864597,True,5.408294964581728e-05,4.533305764198303e-05,9.941600728780031e-05,576,24,,,4.533305764198303e-05,0.6495375274915489,2.365395161358484e-06,False,-0.6495398928867103,measured_local
clearaccept_main,channel,6,6,9,milp,local,18,1.2314461765864597,1.2314461765864597,True,5.408294964581728e-05,0.011302166967652738,0.011356249917298555,576,1,,,0.011302166967652738,0.0,0.0005897261832476304,False,-0.0005897261832476304,measured_local
clearaccept_main,channel,6,6,9,qaoa_warm,nominal,45,1.2314461765864597,1.2314461765864597,True,5.408294964581728e-05,0.005384125048294663,0.005438207997940481,576,101,0.05732897510285435,5.370797589421272e-05,8.196200000000001,0.0,0.42766256744993614,True,-2.427662567449936,modeled_qpu
clearaccept_main,channel,6,6,10,task_specific,local,50,2.533522420217089,2.533522420217089,True,5.1875016652047634e-05,4.608393646776676e-05,9.79589531198144e-05,576,24,,,4.608393646776676e-05,0.0,1.3560990563019478e-06,False,-1.3560990563019478e-06,measured_local
clearaccept_main,channel,6,6,10,milp,local,50,2.533522420217089,2.533522420217089,True,5.1875016652047634e-05,0.012039417051710188,0.012091292068362236,576,1,,,0.012039417051710188,0.0,0.0003542805444510881,False,-0.0003542805444510881,measured_local
clearaccept_main,channel,6,6,10,qaoa_warm,nominal,50,2.533522420217089,2.533522420217089,True,5.1875016652047634e-05,0.005025334074161947,0.005077209090813994,576,99,0.3601640775628121,5.6292046792805195e-05,8.043800000000001,0.0,0.23670264359276905,True,-2.236702643592769,modeled_qpu
clearaccept_main,channel,6,6,11,task_specific,local,49,1.3430912759841245,1.3430912759841245,True,5.791708827018738e-05,4.5874970965087414e-05,0.00010379205923527479,576,24,,,4.5874970965087414e-05,0.0,7.570792110643101e-07,False,-7.570792110643101e-07,measured_local
clearaccept_main,channel,6,6,11,milp,local,49,1.3430912759841245,1.3430912759841245,True,5.791708827018738e-05,0.012935124919749796,0.012993042008019984,576,1,,,0.012935124919749796,0.0,0.0002134696537838738,False,-0.0002134696537838738,measured_local
clearaccept_main,channel,6,6,11,qaoa_warm,nominal,49,1.3430912759841245,1.3430912759841245,True,5.791708827018738e-05,0.005107374978251755,0.005165292066521943,576,96,0.38881979040402787,5.6458055041730404e-05,7.815200000000001,0.0,0.12897502332617602,True,-2.128975023326176,modeled_qpu
clearaccept_main,channel,6,6,12,task_specific,local,37,3.0889015533155932,1.857436276698151,True,5.491706542670727e-05,4.883401561528444e-05,0.00010375108104199171,576,24,,,4.883401561528444e-05,0.4309685877021326,3.493300005840707e-06,False,-0.4309720810021384,measured_local
clearaccept_main,channel,6,6,12,milp,local,7,1.857436276698151,1.857436276698151,True,5.491706542670727e-05,0.011863333056680858,0.011918250122107565,576,1,,,0.011863333056680858,0.0,0.0008486334968370408,False,-0.0008486334968370408,measured_local
clearaccept_main,channel,6,6,12,qaoa_warm,nominal,7,1.857436276698151,1.857436276698151,True,5.491706542670727e-05,0.005247332970611751,0.005302250036038458,576,102,0.08233491406107053,4.912505391985178e-05,8.272400000000001,0.0,0.5917591376465047,True,-2.5917591376465046,modeled_qpu
clearaccept_main,channel,6,6,13,task_specific,local,42,3.049469626291395,1.1516551113882172,True,5.2999937906861305e-05,4.566705320030451e-05,9.866699110716581e-05,576,24,,,4.566705320030451e-05,0.882025425384617,1.8160175494348158e-06,False,-0.8820272414021665,measured_local
clearaccept_main,channel,6,6,13,milp,local,24,1.1516551113882172,1.1516551113882172,True,5.2999937906861305e-05,0.007505125016905367,0.007558124954812229,576,1,,,0.007505125016905367,0.0,0.0002984523367781378,False,-0.0002984523367781378,measured_local
clearaccept_main,channel,6,6,13,qaoa_warm,nominal,39,1.1516551113882172,1.1516551113882172,True,5.2999937906861305e-05,0.004879583953879774,0.004932583891786635,576,95,0.06329221489100582,5.029095336794853e-05,7.739000000000001,0.0,0.3077527195247695,True,-2.3077527195247693,modeled_qpu
clearaccept_main,channel,6,6,14,task_specific,local,18,3.155565681129726,2.876227444841448,True,5.212496034801006e-05,4.454096779227257e-05,9.666592814028263e-05,576,24,,,4.454096779227257e-05,0.07206445964878201,4.6066533102790774e-07,False,-0.07206492031411305,measured_local
clearaccept_main,channel,6,6,14,milp,local,44,2.876227444841448,2.876227444841448,True,5.212496034801006e-05,0.022708541015163064,0.022760665975511074,576,1,,,0.022708541015163064,0.0,0.0002348632749225041,False,-0.0002348632749225041,measured_local
clearaccept_main,channel,6,6,14,qaoa_warm,nominal,19,2.876227444841448,2.876227444841448,True,5.212496034801006e-05,0.005441916990093887,0.005494041950441897,576,108,0.12462407085132092,4.741596058011055e-05,8.7296,0.0,0.09028596083713523,True,-2.0902859608371354,modeled_qpu
clearaccept_main,channel,6,6,15,task_specific,local,19,2.211645953824923,1.5739490431701018,True,5.1083043217658997e-05,4.5625027269124985e-05,9.670807048678398e-05,576,24,,,4.5625027269124985e-05,0.2477504021872271,1.128652840910716e-06,False,-0.247751530840068,measured_local
clearaccept_main,channel,6,6,15,milp,local,13,1.5739490431701018,1.5739490431701018,True,5.1083043217658997e-05,0.012001874973066151,0.01205295801628381,576,1,,,0.012001874973066151,0.0,0.00029689736303506925,False,-0.00029689736303506925,measured_local
clearaccept_main,channel,6,6,15,qaoa_warm,nominal,50,1.5739490431701018,1.5739490431701018,True,5.1083043217658997e-05,0.004999459022656083,0.005050542065873742,576,97,0.06728331646110855,5.283299833536148e-05,7.8914,0.0,0.19521415244808113,True,-2.1952141524480813,modeled_qpu
clearaccept_main,channel,6,6,16,task_specific,local,28,3.157297787566354,2.744888058863449,True,5.791708827018738e-05,4.5666005462408066e-05,0.00010358309373259544,576,24,,,4.5666005462408066e-05,0.11012604975649627,9.064636230857343e-07,False,-0.11012695622011935,measured_local
clearaccept_main,channel,6,6,16,milp,local,42,2.744888058863449,2.744888058863449,True,5.791708827018738e-05,0.01183404098264873,0.011891958070918918,576,1,,,0.01183404098264873,0.0,0.00023490400695780865,False,-0.00023490400695780865,measured_local
clearaccept_main,channel,6,6,16,qaoa_warm,nominal,21,2.744888058863449,2.744888058863449,True,5.791708827018738e-05,0.004996499978005886,0.0050544170662760735,576,96,0.07300951438730285,6.65419502183795e-05,7.815200000000001,0.0,0.1551305929959495,True,-2.1551305929959494,modeled_qpu
clearaccept_main,channel,6,6,17,task_specific,local,56,3.862232292999878,3.324205311790928,True,5.991698708385229e-05,4.758394788950682e-05,0.00010750093497335911,576,24,,,4.758394788950682e-05,0.12442216370760592,2.451973079197426e-06,False,-0.12442461568068512,measured_local
clearaccept_main,channel,6,6,17,milp,local,38,3.324205311790928,3.324205311790928,True,5.991698708385229e-05,0.019891042029485106,0.01995095901656896,576,1,,,0.019891042029485106,0.0,0.0010249737934047555,False,-0.0010249737934047555,measured_local
clearaccept_main,channel,6,6,17,qaoa_warm,nominal,25,3.324205311790928,3.324205311790928,True,5.991698708385229e-05,0.005243249936029315,0.005303166923113167,576,104,0.05980352664440832,4.64998884126544e-05,8.424800000000001,0.0,0.43412502984389467,True,-2.434125029843895,modeled_qpu
clearaccept_main,channel,6,6,18,task_specific,local,35,2.153379216578286,2.153379216578286,True,4.9625057727098465e-05,4.316703416407108e-05,9.279209189116955e-05,576,24,,,4.316703416407108e-05,0.0,9.01457262216972e-07,False,-9.01457262216972e-07,measured_local
clearaccept_main,channel,6,6,18,milp,local,28,2.153379216578286,2.153379216578286,True,4.9625057727098465e-05,0.011614666087552905,0.011664291145280004,576,1,,,0.011614666087552905,0.0,0.0002425490955216997,False,-0.0002425490955216997,measured_local
clearaccept_main,channel,6,6,18,qaoa_warm,nominal,35,2.153379216578286,2.153379216578286,True,4.9625057727098465e-05,0.005125834024511278,0.005175459082238376,576,98,0.44748821116702386,5.3750001825392246e-05,7.9676,0.0,0.1663874069999941,True,-2.166387406999994,modeled_qpu
clearaccept_main,channel,6,6,19,task_specific,local,51,1.5875851971350665,1.5875851971350665,True,5.558400880545378e-05,4.579196684062481e-05,0.00010137597564607859,576,24,,,4.579196684062481e-05,0.0,3.5053189835301012e-06,False,-3.5053189835301012e-06,measured_local
clearaccept_main,channel,6,6,19,milp,local,12,1.5875851971350665,1.5875851971350665,True,5.558400880545378e-05,0.012086665956303477,0.012142249965108931,576,1,,,0.012086665956303477,0.0,0.0009252194772868047,False,-0.0009252194772868047,measured_local
clearaccept_main,channel,6,6,19,qaoa_warm,nominal,51,1.5875851971350665,1.5875851971350665,True,5.558400880545378e-05,0.004945916938595474,0.0050015009474009275,576,95,0.3190809314686609,5.16669824719429e-05,7.739000000000001,0.0,0.5924109726047598,True,-2.59241097260476,modeled_qpu
clearaccept_main,channel,6,6,20,task_specific,local,22,2.994929204737875,2.994929204737875,True,6.3000014051795e-05,5.0709000788629055e-05,0.00011370901484042406,576,24,,,5.0709000788629055e-05,0.0,2.393751551829621e-06,False,-2.393751551829621e-06,measured_local
clearaccept_main,channel,6,6,20,milp,local,41,2.994929204737875,2.994929204737875,True,6.3000014051795e-05,0.00895737495739013,0.009020374971441925,576,1,,,0.00895737495739013,0.0,0.0004228387440318186,False,-0.0004228387440318186,measured_local
clearaccept_main,channel,6,6,20,qaoa_warm,nominal,22,2.994929204737875,2.994929204737875,True,6.3000014051795e-05,0.005136791965924203,0.005199791979975998,576,102,0.37645816118996417,5.5165961384773254e-05,8.272400000000001,0.0,0.3905040531146841,True,-2.390504053114684,modeled_qpu
clearaccept_main,channel,6,6,21,task_specific,local,14,0.7622211228284784,0.7622211228284784,True,5.2749994210898876e-05,4.41248994320631e-05,9.687489364296198e-05,576,24,,,4.41248994320631e-05,0.0,1.7434701333430453e-06,False,-1.7434701333430453e-06,measured_local
clearaccept_main,channel,6,6,21,milp,local,14,0.7622211228284784,0.7622211228284784,True,5.2749994210898876e-05,0.011340292054228485,0.011393042048439384,576,1,,,0.011340292054228485,0.0,0.0004480794461724709,False,-0.0004480794461724709,measured_local
clearaccept_main,channel,6,6,21,qaoa_warm,nominal,14,0.7622211228284784,0.7622211228284784,True,5.2749994210898876e-05,0.005100624985061586,0.005153374979272485,576,101,0.4520475288644588,4.7874986194074154e-05,8.196200000000001,0.0,0.3238495745221494,True,-2.3238495745221495,modeled_qpu
clearaccept_main,channel,6,6,22,task_specific,local,45,3.486335946599789,3.486335946599789,True,4.5082997530698776e-05,4.2917090468108654e-05,8.800008799880743e-05,576,24,,,4.2917090468108654e-05,0.0,1.4371421366392572e-06,False,-1.4371421366392572e-06,measured_local
clearaccept_main,channel,6,6,22,milp,local,18,3.486335946599789,3.486335946599789,True,4.5082997530698776e-05,0.016390583012253046,0.016435666009783745,576,1,,,0.016390583012253046,0.0,0.000548862871039602,False,-0.000548862871039602,measured_local
clearaccept_main,channel,6,6,22,qaoa_warm,nominal,45,3.486335946599789,3.486335946599789,True,4.5082997530698776e-05,0.005124665913172066,0.005169748910702765,576,100,0.3275874010051593,5.170807708054781e-05,8.120000000000001,0.0,0.2719101882776129,True,-2.2719101882776127,modeled_qpu
clearaccept_main,channel,6,6,23,task_specific,local,6,2.2875847316059312,2.2875847316059312,True,4.666706081479788e-05,4.449998959898949e-05,9.116705041378736e-05,576,24,,,4.449998959898949e-05,0.0,2.8833395236617736e-06,False,-2.8833395236617736e-06,measured_local
clearaccept_main,channel,6,6,23,milp,local,6,2.2875847316059312,2.2875847316059312,True,4.666706081479788e-05,0.007390124956145883,0.0074367920169606805,576,1,,,0.007390124956145883,0.0,0.00047883695171332193,False,-0.00047883695171332193,measured_local
clearaccept_main,channel,6,6,23,qaoa_warm,nominal,6,2.2875847316059312,2.2875847316059312,True,4.666706081479788e-05,0.005126416916027665,0.005173083976842463,576,100,0.3341579626603605,5.545793101191521e-05,8.120000000000001,0.0,0.5261285933573626,True,-2.5261285933573627,modeled_qpu
clearaccept_main,channel,6,6,24,task_specific,local,7,4.419437928226072,2.724683588651197,True,5.7124998420476913e-05,5.0292001105844975e-05,0.00010741699952632189,576,24,,,5.0292001105844975e-05,0.45500625737408995,3.0748215969433077e-06,False,-0.4550093321956869,measured_local
clearaccept_main,channel,6,6,24,milp,local,33,2.724683588651197,2.724683588651197,True,5.7124998420476913e-05,0.011659332900308073,0.01171645789872855,576,1,,,0.011659332900308073,0.0,0.0007128443454132581,False,-0.0007128443454132581,measured_local
clearaccept_main,channel,6,6,24,qaoa_warm,nominal,33,2.724683588651197,2.724683588651197,True,5.7124998420476913e-05,0.005441832938231528,0.005498957936652005,576,104,0.045687009317103844,6.125005893409252e-05,8.424800000000001,0.0,0.5150870202084147,True,-2.515087020208415,modeled_qpu
clearaccept_main,channel,6,6,25,task_specific,local,37,3.8547031296779126,3.513161712562085,True,5.41249755769968e-05,4.583399277180433e-05,9.995896834880114e-05,576,24,,,4.583399277180433e-05,0.07567675143684077,3.4872245694709697e-06,False,-0.07568023866141024,measured_local
clearaccept_main,channel,6,6,25,milp,local,25,3.513161712562085,3.513161712562085,True,5.41249755769968e-05,0.008168917032890022,0.008223042008467019,576,0,,,0.008168917032890022,0.0,0.0006215222907786514,False,-0.0006215222907786514,measured_local
clearaccept_main,channel,6,6,25,qaoa_warm,nominal,38,3.513161712562085,3.513161712562085,True,5.41249755769968e-05,0.0050823340425267816,0.005136459018103778,576,101,0.066482888355198,5.7999975979328156e-05,8.196200000000001,0.0,0.6235980827286932,True,-2.623598082728693,modeled_qpu
clearaccept_main,channel,6,6,26,task_specific,local,25,2.511581232196857,2.511581232196857,True,5.5750017054378986e-05,4.545797128230333e-05,0.00010120798833668232,576,24,,,4.545797128230333e-05,0.0,2.0266300406845567e-06,False,-2.0266300406845567e-06,measured_local
clearaccept_main,channel,6,6,26,milp,local,25,2.511581232196857,2.511581232196857,True,5.5750017054378986e-05,0.010680875042453408,0.010736625059507787,576,1,,,0.010680875042453408,0.0,0.00047618012003674295,False,-0.00047618012003674295,measured_local
clearaccept_main,channel,6,6,26,qaoa_warm,nominal,25,2.511581232196857,2.511581232196857,True,5.5750017054378986e-05,0.00489733403082937,0.004953084047883749,576,97,0.41067008467531246,5.391694139689207e-05,7.8914,0.0,0.35181834674800194,True,-2.351818346748002,modeled_qpu
clearaccept_main,channel,6,6,27,task_specific,local,49,2.1305622466023038,2.1305622466023038,True,4.549999721348286e-05,4.466704558581114e-05,9.0167042799294e-05,576,24,,,4.466704558581114e-05,0.0,2.1857208350983507e-06,False,-2.1857208350983507e-06,measured_local
clearaccept_main,channel,6,6,27,milp,local,14,2.1305622466023038,2.1305622466023038,True,4.549999721348286e-05,0.011970084044151008,0.012015584041364491,576,1,,,0.011970084044151008,0.0,0.0005857397047430905,False,-0.0005857397047430905,measured_local
clearaccept_main,channel,6,6,27,qaoa_warm,nominal,49,2.1305622466023038,2.1305622466023038,True,4.549999721348286e-05,0.0054004580015316606,0.005445957998745143,576,105,0.47482881324097787,5.3292023949325085e-05,8.501000000000001,0.0,0.4159848177886525,True,-2.4159848177886527,modeled_qpu
clearaccept_main,channel,6,6,28,task_specific,local,56,1.7479586675785281,1.7479586675785281,True,4.8332964070141315e-05,4.475004971027374e-05,9.308301378041506e-05,576,24,,,4.475004971027374e-05,0.0,1.1619690774319853e-06,False,-1.1619690774319853e-06,measured_local
clearaccept_main,channel,6,6,28,milp,local,7,1.7479586675785281,1.7479586675785281,True,4.8332964070141315e-05,0.005993875092826784,0.006042208056896925,576,1,,,0.005993875092826784,0.0,0.0001556355257021208,False,-0.0001556355257021208,measured_local
clearaccept_main,channel,6,6,28,qaoa_warm,nominal,56,1.7479586675785281,1.7479586675785281,True,4.8332964070141315e-05,0.005363791948184371,0.005412124912254512,576,101,0.4917225314520418,5.1582930609583855e-05,8.196200000000001,0.0,0.21282056699618762,True,-2.2128205669961876,modeled_qpu
clearaccept_main,channel,6,6,29,task_specific,local,21,3.5778448023246305,3.5778448023246305,True,6.154191214591265e-05,4.8291985876858234e-05,0.00010983389802277088,576,24,,,4.8291985876858234e-05,0.0,1.3124280622824229e-06,False,-1.3124280622824229e-06,measured_local
clearaccept_main,channel,6,6,29,milp,local,42,3.5778448023246305,3.5778448023246305,True,6.154191214591265e-05,0.012990582967177033,0.013052124879322946,576,1,,,0.012990582967177033,0.0,0.00035304420230316657,False,-0.00035304420230316657,measured_local
clearaccept_main,channel,6,6,29,qaoa_warm,nominal,21,3.5778448023246305,3.5778448023246305,True,6.154191214591265e-05,0.005259374971501529,0.005320916883647442,576,102,0.4026572533575774,5.100003909319639e-05,8.272400000000001,0.0,0.22481846015008908,True,-2.224818460150089,modeled_qpu
clearaccept_main,channel,8,8,0,task_specific,local,198,3.7032723878740432,3.5388414609090275,True,8.837494533509016e-05,6.145797669887543e-05,0.0001498329220339656,2304,32,,,6.145797669887543e-05,0.03622751056215211,1.1504213816159638e-06,False,-0.03622866098353372,measured_local
clearaccept_main,channel,8,8,0,milp,local,165,3.5388414609090275,3.5388414609090275,True,8.837494533509016e-05,0.04582254192791879,0.04591091687325388,2304,1,,,0.04582254192791879,0.0,0.0008577443454111688,False,-0.0008577443454111688,measured_local
clearaccept_main,channel,8,8,0,qaoa_warm,nominal,165,3.5388414609090275,3.5388414609090275,True,8.837494533509016e-05,0.006438583019189537,0.006526957964524627,2304,94,0.01661349210637306,7.220800034701824e-05,7.662800000000001,0.0,0.14343864599122275,True,-2.143438645991223,modeled_qpu
clearaccept_main,channel,8,8,1,task_specific,local,75,3.782517554441484,3.782517554441484,True,7.458298932760954e-05,5.77080063521862e-05,0.00013229099567979574,2304,32,,,5.77080063521862e-05,0.0,1.7235335301964326e-06,False,-1.7235335301964326e-06,measured_local
clearaccept_main,channel,8,8,1,milp,local,75,3.782517554441484,3.782517554441484,True,7.458298932760954e-05,0.016807082924060524,0.016881665913388133,2304,1,,,0.016807082924060524,0.0,0.0005019679728255386,False,-0.0005019679728255386,measured_local
clearaccept_main,channel,8,8,1,qaoa_warm,nominal,75,3.782517554441484,3.782517554441484,True,7.458298932760954e-05,0.006742375087924302,0.006816958077251911,2304,97,0.35045607199061507,6.350001785904169e-05,7.8914,0.0,0.23568813687976012,True,-2.23568813687976,modeled_qpu
clearaccept_main,channel,8,8,2,task_specific,local,198,4.260527091990648,3.2850956013084476,True,8.216698188334703e-05,6.0125021263957024e-05,0.00014229200314730406,2304,32,,,6.0125021263957024e-05,0.2276335422678443,3.93647997637395e-06,False,-0.22763747874782067,measured_local
clearaccept_main,channel,8,8,2,milp,local,138,3.2850956013084476,3.2850956013084476,True,8.216698188334703e-05,0.030091249966062605,0.030173416947945952,2304,1,,,0.030091249966062605,0.0,0.0019701215977195475,False,-0.0019701215977195475,measured_local
clearaccept_main,channel,8,8,2,qaoa_warm,nominal,138,3.2850956013084476,3.2850956013084476,True,8.216698188334703e-05,0.007096750079654157,0.007178917061537504,2304,100,0.02099720238037882,6.995792500674725e-05,8.120000000000001,0.0,0.5316292075445466,True,-2.5316292075445466,modeled_qpu
clearaccept_main,channel,8,8,3,task_specific,local,13,6.44735094148242,6.44735094148242,True,7.958302740007639e-05,5.737494211643934e-05,0.00013695796951651573,2304,32,,,5.737494211643934e-05,0.0,1.6249347011966274e-06,False,-1.6249347011966274e-06,measured_local
clearaccept_main,channel,8,8,3,milp,local,242,6.44735094148242,6.44735094148242,True,7.958302740007639e-05,0.027812208980321884,0.02789179200772196,2304,1,,,0.027812208980321884,0.0,0.0007876787639687845,False,-0.0007876787639687845,measured_local
clearaccept_main,channel,8,8,3,qaoa_warm,nominal,13,6.44735094148242,6.44735094148242,True,7.958302740007639e-05,0.007708874996751547,0.007788458024151623,2304,109,0.21165755658944635,6.850005593150854e-05,8.8058,0.0,0.2493919725924642,True,-2.249391972592464,modeled_qpu
clearaccept_main,channel,8,8,4,task_specific,local,71,2.8739514810231785,2.8739514810231785,True,8.995796088129282e-05,6.287498399615288e-05,0.0001528329448774457,2304,32,,,6.287498399615288e-05,0.0,2.762717224488175e-06,False,-2.762717224488175e-06,measured_local
clearaccept_main,channel,8,8,4,milp,local,71,2.8739514810231785,2.8739514810231785,True,8.995796088129282e-05,0.024325957987457514,0.024415915948338807,2304,1,,,0.024325957987457514,0.0,0.0010688788905017725,False,-0.0010688788905017725,measured_local
clearaccept_main,channel,8,8,4,qaoa_warm,nominal,71,2.8739514810231785,2.8739514810231785,True,8.995796088129282e-05,0.007001542020589113,0.007091499981470406,2304,99,0.30197392318106775,6.683403626084328e-05,8.043800000000001,0.0,0.35344334738435446,True,-2.3534433473843546,modeled_qpu
clearaccept_main,channel,8,8,5,task_specific,local,216,4.220019071875477,4.220019071875477,True,7.354200351983309e-05,5.7333032600581646e-05,0.00013087503612041473,2304,32,,,5.7333032600581646e-05,0.0,3.3718670891889745e-06,False,-3.3718670891889745e-06,measured_local
clearaccept_main,channel,8,8,5,milp,local,216,4.220019071875477,4.220019071875477,True,7.354200351983309e-05,0.02454833302181214,0.024621875025331974,2304,1,,,0.02454833302181214,0.0,0.0014437351812061577,False,-0.0014437351812061577,measured_local
clearaccept_main,channel,8,8,5,qaoa_warm,nominal,216,4.220019071875477,4.220019071875477,True,7.354200351983309e-05,0.006539833033457398,0.0066133750369772315,2304,92,0.2902448250109269,6.962497718632221e-05,7.510400000000001,0.0,0.44170122245352783,True,-2.4417012224535277,modeled_qpu
clearaccept_main,channel,8,8,6,task_specific,local,53,6.248021285446111,6.2155515172527105,True,7.66669400036335e-05,5.76250022277236e-05,0.0001342919422313571,2304,32,,,5.76250022277236e-05,0.004499970392528363,1.4597333905464675e-06,False,-0.00450143012591891,measured_local
clearaccept_main,channel,8,8,6,milp,local,113,6.2155515172527105,6.2155515172527105,True,7.66669400036335e-05,0.027225958998315036,0.02730262593831867,2304,1,,,0.027225958998315036,0.0,0.0006896770482096257,False,-0.0006896770482096257,measured_local
clearaccept_main,channel,8,8,6,qaoa_warm,nominal,113,6.2155515172527105,6.2155515172527105,True,7.66669400036335e-05,0.008227666025049984,0.008304332965053618,2304,101,0.042835406781198536,7.204106077551842e-05,8.196200000000001,0.0,0.20762284343723472,True,-2.207622843437235,modeled_qpu
clearaccept_main,channel,8,8,7,task_specific,local,163,4.665205488258932,4.665205488258932,True,0.00010020798072218895,6.854196544736624e-05,0.0001687499461695552,2304,32,,,6.854196544736624e-05,0.0,1.5461985764526237e-06,False,-1.5461985764526237e-06,measured_local
clearaccept_main,channel,8,8,7,milp,local,163,4.665205488258932,4.665205488258932,True,0.00010020798072218895,0.0195190830854699,0.01961929106619209,2304,1,,,0.0195190830854699,0.0,0.00044031971192290555,False,-0.00044031971192290555,measured_local
clearaccept_main,channel,8,8,7,qaoa_warm,nominal,163,4.665205488258932,4.665205488258932,True,0.00010020798072218895,0.006948459078557789,0.007048667059279978,2304,99,0.3660879945443047,7.716694381088018e-05,8.043800000000001,0.0,0.18145543431812294,True,-2.181455434318123,modeled_qpu
clearaccept_main,channel,8,8,8,task_specific,local,240,4.937076228074866,4.937076228074866,True,8.195801638066769e-05,5.8416975662112236e-05,0.00014037499204277992,2304,32,,,5.8416975662112236e-05,0.0,3.3588917165491587e-06,False,-3.3588917165491587e-06,measured_local
clearaccept_main,channel,8,8,8,milp,local,240,4.937076228074866,4.937076228074866,True,8.195801638066769e-05,0.03255195892415941,0.032633916940540075,2304,1,,,0.03255195892415941,0.0,0.001871690616443906,False,-0.001871690616443906,measured_local
clearaccept_main,channel,8,8,8,qaoa_warm,nominal,240,4.937076228074866,4.937076228074866,True,8.195801638066769e-05,0.007148750009946525,0.007230708026327193,2304,104,0.28265720087504664,7.383304182440042e-05,8.424800000000001,0.0,0.4844138302753101,True,-2.4844138302753103,modeled_qpu
clearaccept_main,channel,8,8,9,task_specific,local,113,4.5395471588175615,3.4526408236197126,True,9.295891504734755e-05,5.987496115267277e-05,0.0001528338762000203,2304,32,,,5.987496115267277e-05,0.244103752863287,1.5889159033795395e-06,False,-0.24410534177919038,measured_local
clearaccept_main,channel,8,8,9,milp,local,153,3.4526408236197126,3.4526408236197126,True,9.295891504734755e-05,0.021290167002007365,0.021383125917054713,2304,1,,,0.021290167002007365,0.0,0.0005649821608875604,False,-0.0005649821608875604,measured_local
clearaccept_main,channel,8,8,9,qaoa_warm,nominal,153,3.4526408236197126,3.4526408236197126,True,9.295891504734755e-05,0.007757749990560114,0.007850708905607462,2304,111,0.013409910501832902,8.725002408027649e-05,8.9582,0.0,0.237725856879645,True,-2.237725856879645,modeled_qpu
clearaccept_main,channel,8,8,10,task_specific,local,211,2.232605181526039,2.232605181526039,True,9.854102972894907e-05,6.466696504503489e-05,0.00016320799477398396,2304,32,,,6.466696504503489e-05,0.0,4.668439066757535e-06,False,-4.668439066757535e-06,measured_local
clearaccept_main,channel,8,8,10,milp,local,44,2.232605181526039,2.232605181526039,True,9.854102972894907e-05,0.01962566701695323,0.01972420804668218,2304,1,,,0.01962566701695323,0.0,0.0014168166164797295,False,-0.0014168166164797295,measured_local
clearaccept_main,channel,8,8,10,qaoa_warm,nominal,211,2.232605181526039,2.232605181526039,True,9.854102972894907e-05,0.007065083016641438,0.007163624046370387,2304,98,0.2612037271112828,7.408298552036285e-05,7.9676,0.0,0.5751971672459562,True,-2.575197167245956,modeled_qpu
clearaccept_main,channel,8,8,11,task_specific,local,195,7.567122038897493,5.328577421532417,True,8.808297570794821e-05,6.0542020946741104e-05,0.0001486249966546893,2304,32,,,6.0542020946741104e-05,0.3537200334704966,1.9412629338256975e-06,False,-0.3537219747334304,measured_local
clearaccept_main,channel,8,8,11,milp,local,94,5.328577421532417,5.328577421532417,True,8.808297570794821e-05,0.0287910409970209,0.02887912397272885,2304,1,,,0.0287910409970209,0.0,0.0009231766604378817,False,-0.0009231766604378817,measured_local
clearaccept_main,channel,8,8,11,qaoa_warm,nominal,161,5.328577421532417,5.328577421532417,True,8.808297570794821e-05,0.007318041054531932,0.00740612403023988,2304,102,0.014152459558789193,7.704203017055988e-05,8.272400000000001,0.0,0.26525218753280044,True,-2.2652521875328,modeled_qpu
clearaccept_main,channel,8,8,12,task_specific,local,156,4.32776847977491,2.693939153313231,True,9.320792742073536e-05,6.1208033002913e-05,0.00015441596042364836,2304,32,,,6.1208033002913e-05,0.4423000105446343,3.5921205154120924e-06,False,-0.44230360266514973,measured_local
clearaccept_main,channel,8,8,12,milp,local,180,2.693939153313231,2.693939153313231,True,9.320792742073536e-05,0.01878637494519353,0.018879582872614264,2304,1,,,0.01878637494519353,0.0,0.0011025174236140175,False,-0.0011025174236140175,measured_local
clearaccept_main,channel,8,8,12,qaoa_warm,nominal,180,2.693939153313231,2.693939153313231,True,9.320792742073536e-05,0.007161207962781191,0.007254415890201926,2304,100,0.0564605276563991,7.362500764429569e-05,8.120000000000001,0.0,0.476539061200644,True,-2.476539061200644,modeled_qpu
clearaccept_main,channel,8,8,13,task_specific,local,27,3.5089522740723535,1.6627452232985958,True,8.683290798217058e-05,6.070802919566631e-05,0.0001475409371778369,2304,32,,,6.070802919566631e-05,0.6933472397658405,3.083194481436411e-06,False,-0.6933503229603218,measured_local
clearaccept_main,channel,8,8,13,milp,local,154,1.6627452232985958,1.6627452232985958,True,8.683290798217058e-05,0.016946083982475102,0.017032916890457273,2304,1,,,0.016946083982475102,0.0,0.0008606451783886103,False,-0.0008606451783886103,measured_local
clearaccept_main,channel,8,8,13,qaoa_warm,nominal,154,1.6627452232985958,1.6627452232985958,True,8.683290798217058e-05,0.007218249957077205,0.007305082865059376,2304,103,0.060833661779438636,7.833295967429876e-05,8.348600000000001,0.0,0.42400252139230243,True,-2.4240025213923024,modeled_qpu
clearaccept_main,channel,8,8,14,task_specific,local,54,1.8205155923427605,1.8205155923427605,True,8.604198228567839e-05,6.037508137524128e-05,0.00014641706366091967,2304,32,,,6.037508137524128e-05,0.0,1.6452478341895018e-06,False,-1.6452478341895018e-06,measured_local
clearaccept_main,channel,8,8,14,milp,local,201,1.8205155923427605,1.8205155923427605,True,8.604198228567839e-05,0.019914750009775162,0.02000079199206084,2304,1,,,0.019914750009775162,0.0,0.0005426857997651354,False,-0.0005426857997651354,measured_local
clearaccept_main,channel,8,8,14,qaoa_warm,nominal,54,1.8205155923427605,1.8205155923427605,True,8.604198228567839e-05,0.006610208074562252,0.00669625005684793,2304,97,0.260611670527347,7.066607940942049e-05,7.8914,0.0,0.2150441616472463,True,-2.2150441616472465,modeled_qpu
clearaccept_main,channel,8,8,15,task_specific,local,174,1.145988538449194,1.145988538449194,True,7.974996697157621e-05,5.7083903811872005e-05,0.00013683387078344822,2304,32,,,5.7083903811872005e-05,0.0,4.5416104067278034e-06,False,-4.5416104067278034e-06,measured_local
clearaccept_main,channel,8,8,15,milp,local,174,1.145988538449194,1.145988538449194,True,7.974996697157621e-05,0.023795417044311762,0.023875167011283338,2304,1,,,0.023795417044311762,0.0,0.0018931696409031985,False,-0.0018931696409031985,measured_local
clearaccept_main,channel,8,8,15,qaoa_warm,nominal,174,1.145988538449194,1.145988538449194,True,7.974996697157621e-05,0.006725416984409094,0.00680516695138067,2304,95,0.4269824211737279,6.720901001244783e-05,7.739000000000001,0.0,0.6157168762231128,True,-2.6157168762231127,modeled_qpu
clearaccept_main,channel,8,8,16,task_specific,local,170,2.1780181326795898,2.1780181326795898,True,7.412501145154238e-05,5.683302879333496e-05,0.00013095804024487734,2304,32,,,5.683302879333496e-05,0.0,4.5022329730087015e-06,False,-4.5022329730087015e-06,measured_local
clearaccept_main,channel,8,8,16,milp,local,170,2.1780181326795898,2.1780181326795898,True,7.412501145154238e-05,0.025159041048027575,0.025233166059479117,2304,1,,,0.025159041048027575,0.0,0.0019930640083886046,False,-0.0019930640083886046,measured_local
clearaccept_main,channel,8,8,16,qaoa_warm,nominal,170,2.1780181326795898,2.1780181326795898,True,7.412501145154238e-05,0.00696429202798754,0.007038417039439082,2304,99,0.34902416611072146,6.93340552970767e-05,8.043800000000001,0.0,0.6372185744310443,True,-2.6372185744310443,modeled_qpu
clearaccept_main,channel,8,8,17,task_specific,local,197,6.073508242933969,4.605624909306815,True,7.645797450095415e-05,5.749997217208147e-05,0.00013395794667303562,2304,32,,,5.749997217208147e-05,0.2618590000893711,2.213348661534435e-06,False,-0.2618612134380326,measured_local
clearaccept_main,channel,8,8,17,milp,local,85,4.605624909306815,4.605624909306815,True,7.645797450095415e-05,0.025254374952055514,0.025330832926556468,2304,1,,,0.025254374952055514,0.0,0.0009721176356527165,False,-0.0009721176356527165,measured_local
clearaccept_main,channel,8,8,17,qaoa_warm,nominal,85,4.605624909306815,4.605624909306815,True,7.645797450095415e-05,0.007666625082492828,0.0077430830569937825,2304,108,0.047864198238481176,7.191603071987629e-05,8.7296,0.0,0.3360288317689384,True,-2.3360288317689384,modeled_qpu
clearaccept_main,channel,8,8,18,task_specific,local,156,3.0350523643965017,3.0350523643965017,True,8.141598664224148e-05,5.733396392315626e-05,0.00013874995056539774,2304,32,,,5.733396392315626e-05,0.0,7.388777486352623e-07,False,-7.388777486352623e-07,measured_local
clearaccept_main,channel,8,8,18,milp,local,99,3.0350523643965017,3.0350523643965017,True,8.141598664224148e-05,0.03151816700119525,0.03159958298783749,2304,1,,,0.03151816700119525,0.0,0.00040618283965444937,False,-0.00040618283965444937,measured_local
clearaccept_main,channel,8,8,18,qaoa_warm,nominal,156,3.0350523643965017,3.0350523643965017,True,8.141598664224148e-05,0.0068590419832617044,0.006940457969903946,2304,99,0.3378284835009905,9.02500469237566e-05,8.043800000000001,0.0,0.1036625488242561,True,-2.103662548824256,modeled_qpu
clearaccept_main,channel,8,8,19,task_specific,local,78,2.698373233250244,2.698373233250244,True,9.145797230303288e-05,6.53750030323863e-05,0.00015683297533541918,2304,32,,,6.53750030323863e-05,0.0,1.6563694492562929e-06,False,-1.6563694492562929e-06,measured_local
clearaccept_main,channel,8,8,19,milp,local,78,2.698373233250244,2.698373233250244,True,9.145797230303288e-05,0.024050167063251138,0.02414162503555417,2304,1,,,0.024050167063251138,0.0,0.0006093454703680041,False,-0.0006093454703680041,measured_local
clearaccept_main,channel,8,8,19,qaoa_warm,nominal,78,2.698373233250244,2.698373233250244,True,9.145797230303288e-05,0.006737083080224693,0.006828541052527726,2304,93,0.3032546665076956,8.062506094574928e-05,7.586600000000001,0.0,0.1922173901468514,True,-2.1922173901468516,modeled_qpu
clearaccept_main,channel,8,8,20,task_specific,local,102,6.295517528052198,6.295517528052198,True,8.39579151943326e-05,5.8124889619648457e-05,0.00014208280481398106,2304,32,,,5.8124889619648457e-05,0.0,2.1858601275761556e-06,False,-2.1858601275761556e-06,measured_local
clearaccept_main,channel,8,8,20,milp,local,153,6.295517528052198,6.295517528052198,True,8.39579151943326e-05,0.02670829207636416,0.026792249991558492,2304,1,,,0.02670829207636416,0.0,0.0010043991671624215,False,-0.0010043991671624215,measured_local
clearaccept_main,channel,8,8,20,qaoa_warm,nominal,102,6.295517528052198,6.295517528052198,True,8.39579151943326e-05,0.006931375013664365,0.007015332928858697,2304,98,0.2685152210358637,7.033394649624825e-05,7.9676,0.0,0.2996316942095057,True,-2.2996316942095056,modeled_qpu
clearaccept_main,channel,8,8,21,task_specific,local,90,4.604656308141162,4.604656308141162,True,8.216698188334703e-05,5.979102570563555e-05,0.00014195800758898258,2304,32,,,5.979102570563555e-05,0.0,3.711345864726697e-06,False,-3.711345864726697e-06,measured_local
clearaccept_main,channel,8,8,21,milp,local,90,4.604656308141162,4.604656308141162,True,8.216698188334703e-05,0.026770791970193386,0.026852958952076733,2304,1,,,0.026770791970193386,0.0,0.0016617153979459364,False,-0.0016617153979459364,measured_local
clearaccept_main,channel,8,8,21,qaoa_warm,nominal,90,4.604656308141162,4.604656308141162,True,8.216698188334703e-05,0.006913958000950515,0.006996124982833862,2304,98,0.29991604650400194,7.079099304974079e-05,7.9676,0.0,0.4945645096870999,True,-2.4945645096871,modeled_qpu
clearaccept_main,channel,8,8,22,task_specific,local,105,3.3479122517929545,3.3479122517929545,True,9.02919564396143e-05,6.304203998297453e-05,0.00015333399642258883,2304,32,,,6.304203998297453e-05,0.0,7.316225300401998e-07,False,-7.316225300401998e-07,measured_local
clearaccept_main,channel,8,8,22,milp,local,105,3.3479122517929545,3.3479122517929545,True,9.02919564396143e-05,0.018761042039841413,0.018851333996281028,2304,1,,,0.018761042039841413,0.0,0.00021772774242531241,False,-0.00021772774242531241,measured_local
clearaccept_main,channel,8,8,22,qaoa_warm,nominal,105,3.3479122517929545,3.3479122517929545,True,9.02919564396143e-05,0.007875957991927862,0.007966249948367476,2304,112,0.3479258329118457,6.958295125514269e-05,9.0344,0.0,0.10484702885852441,True,-2.1048470288585244,modeled_qpu
clearaccept_main,channel,8,8,23,task_specific,local,165,5.614341353171759,3.1968057842168593,True,8.26249597594142e-05,5.7249912060797215e-05,0.0001398748718202114,2304,32,,,5.7249912060797215e-05,0.5760418025648574,3.890164687506342e-06,False,-0.5760456927295449,measured_local
clearaccept_main,channel,8,8,23,milp,local,108,3.1968057842168593,3.1968057842168593,True,8.26249597594142e-05,0.018438291968777776,0.01852091692853719,2304,1,,,0.018438291968777776,0.0,0.0012528926199694194,False,-0.0012528926199694194,measured_local
clearaccept_main,channel,8,8,23,qaoa_warm,nominal,108,3.1968057842168593,3.1968057842168593,True,8.26249597594142e-05,0.00732404098380357,0.0074066659435629845,2304,104,0.017534113282437355,6.458302959799767e-05,8.424800000000001,0.0,0.5724700402072033,True,-2.5724700402072034,modeled_qpu
clearaccept_main,channel,8,8,24,task_specific,local,177,3.7419270507368605,2.7987983199872097,True,8.929194882512093e-05,6.079196464270353e-05,0.00015008391346782446,2304,32,,,6.079196464270353e-05,0.24827028215407504,2.620896037010353e-06,False,-0.24827290305011204,measured_local
clearaccept_main,channel,8,8,24,milp,local,150,2.7987983199872097,2.7987983199872097,True,8.929194882512093e-05,0.021775208064354956,0.021864500013180077,2304,1,,,0.021775208064354956,0.0,0.0009387845393115386,False,-0.0009387845393115386,measured_local
clearaccept_main,channel,8,8,24,qaoa_warm,nominal,150,2.7987983199872097,2.7987983199872097,True,8.929194882512093e-05,0.006860458059236407,0.006949750008061528,2304,98,0.015673864798886362,6.700004450976849e-05,7.9676,0.0,0.34350347759307115,True,-2.343503477593071,modeled_qpu
clearaccept_main,channel,8,8,25,task_specific,local,49,5.846804699275047,5.118707163530018,True,8.200004231184721e-05,6.150000263005495e-05,0.00014350004494190216,2304,32,,,6.150000263005495e-05,0.11899532307818014,2.479259706547037e-06,False,-0.11899780233788669,measured_local
clearaccept_main,channel,8,8,25,milp,local,197,5.118707163530018,5.118707163530018,True,8.200004231184721e-05,0.02454612497240305,0.024628125014714897,2304,1,,,0.02454612497240305,0.0,0.0009895319673727386,False,-0.0009895319673727386,measured_local
clearaccept_main,channel,8,8,25,qaoa_warm,nominal,58,5.118707163530018,5.118707163530018,True,8.200004231184721e-05,0.007345207966864109,0.007427208009175956,2304,104,0.01405296144175202,6.75420742481947e-05,8.424800000000001,0.0,0.3396303460564391,True,-2.339630346056439,modeled_qpu
clearaccept_main,channel,8,8,26,task_specific,local,27,2.782685964343499,2.7181858304502375,True,8.37499974295497e-05,5.77080063521862e-05,0.0001414580037817359,2304,32,,,5.77080063521862e-05,0.017347205555202503,2.3806945710921032e-06,False,-0.017349586249773594,measured_local
clearaccept_main,channel,8,8,26,milp,local,225,2.7181858304502375,2.7181858304502375,True,8.37499974295497e-05,0.024398750043474138,0.024482500040903687,2304,1,,,0.024398750043474138,0.0,0.0010065496183569262,False,-0.0010065496183569262,measured_local
clearaccept_main,channel,8,8,26,qaoa_warm,nominal,30,2.7181858304502375,2.7181858304502375,True,8.37499974295497e-05,0.00731133297085762,0.00739508296828717,2304,101,0.046803019362019395,7.316598203033209e-05,8.196200000000001,0.0,0.3381272387838414,True,-2.338127238783841,modeled_qpu
clearaccept_main,channel,8,8,27,task_specific,local,154,7.186828406841656,7.186828406841656,True,8.579099085181952e-05,6.1208033002913e-05,0.0001469990238547325,2304,32,,,6.1208033002913e-05,0.0,4.427609710302037e-06,False,-4.427609710302037e-06,measured_local
clearaccept_main,channel,8,8,27,milp,local,101,7.186828406841656,7.186828406841656,True,8.579099085181952e-05,0.025335875106975436,0.025421666097827256,2304,1,,,0.025335875106975436,0.0,0.001832722947285455,False,-0.001832722947285455,measured_local
clearaccept_main,channel,8,8,27,qaoa_warm,nominal,154,7.186828406841656,7.186828406841656,True,8.579099085181952e-05,0.007503041997551918,0.0075888329884037375,2304,105,0.2620534923742625,7.37080117687583e-05,8.501000000000001,0.0,0.6149374240712213,True,-2.614937424071221,modeled_qpu
clearaccept_main,channel,8,8,28,task_specific,local,122,1.5889288167696036,1.5889288167696036,True,7.941701915115118e-05,5.825003609061241e-05,0.0001376670552417636,2304,32,,,5.825003609061241e-05,0.0,4.658813932848254e-06,False,-4.658813932848254e-06,measured_local
clearaccept_main,channel,8,8,28,milp,local,133,1.5889288167696036,1.5889288167696036,True,7.941701915115118e-05,0.01661441696342081,0.01669383398257196,2304,1,,,0.01661441696342081,0.0,0.0013288142365255908,False,-0.0013288142365255908,measured_local
clearaccept_main,channel,8,8,28,qaoa_warm,nominal,122,1.5889288167696036,1.5889288167696036,True,7.941701915115118e-05,0.007021833094768226,0.007101250113919377,2304,99,0.2817449960136139,6.470899097621441e-05,8.043800000000001,0.0,0.6433398162148812,True,-2.643339816214881,modeled_qpu
clearaccept_main,channel,8,8,29,task_specific,local,31,2.489361953464548,2.489361953464548,True,6.954104173928499e-05,5.662499461323023e-05,0.00012616603635251522,2304,32,,,5.662499461323023e-05,0.0,2.491952914488165e-06,False,-2.491952914488165e-06,measured_local
clearaccept_main,channel,8,8,29,milp,local,31,2.489361953464548,2.489361953464548,True,6.954104173928499e-05,0.022096166969276965,0.02216570801101625,2304,1,,,0.022096166969276965,0.0,0.000972408175121339,False,-0.000972408175121339,measured_local
clearaccept_main,channel,8,8,29,qaoa_warm,nominal,31,2.489361953464548,2.489361953464548,True,6.954104173928499e-05,0.007254666998051107,0.007324208039790392,2304,103,0.28510820569320516,7.387506775557995e-05,8.348600000000001,0.0,0.3674052111438973,True,-2.3674052111438972,modeled_qpu
clearaccept_main,channel,9,9,0,task_specific,local,170,3.8458900237773843,3.8458900237773843,True,0.00012262503150850534,6.870797369629145e-05,0.0001913330052047968,4608,36,,,6.870797369629145e-05,0.0,3.0382300633323506e-06,False,-3.0382300633323506e-06,measured_local
clearaccept_main,channel,9,9,0,milp,local,170,3.8458900237773843,3.8458900237773843,True,0.00012262503150850534,0.026213958975858986,0.02633658400736749,4608,1,,,0.026213958975858986,0.0,0.001159167327382768,False,-0.001159167327382768,measured_local
clearaccept_main,channel,9,9,0,qaoa_warm,nominal,170,3.8458900237773843,3.8458900237773843,True,0.00012262503150850534,0.008763334015384316,0.008885959046892822,4608,103,0.2995532972887728,7.816695142537355e-05,8.348600000000001,0.0,0.36917065286857026,True,-2.3691706528685703,modeled_qpu
clearaccept_main,channel,9,9,1,task_specific,local,118,2.257003716088396,2.257003716088396,True,0.00011775002349168062,6.212503649294376e-05,0.00017987505998462439,4608,36,,,6.212503649294376e-05,0.0,3.340357842513887e-06,False,-3.340357842513887e-06,measured_local
clearaccept_main,channel,9,9,1,milp,local,393,2.257003716088396,2.257003716088396,True,0.00011775002349168062,0.026136750006116927,0.026254500029608607,4608,1,,,0.026136750006116927,0.0,0.001405328717523955,False,-0.001405328717523955,measured_local
clearaccept_main,channel,9,9,1,qaoa_warm,nominal,118,2.257003716088396,2.257003716088396,True,0.00011775002349168062,0.008906250004656613,0.009024000028148293,4608,104,0.296411838130441,7.37080117687583e-05,8.424800000000001,0.0,0.4529872067730275,True,-2.4529872067730274,modeled_qpu
clearaccept_main,channel,9,9,2,task_specific,local,173,1.247298028759177,1.247298028759177,True,0.00011999998241662979,6.970891263335943e-05,0.00018970889504998922,4608,36,,,6.970891263335943e-05,0.0,1.4446197761370303e-06,False,-1.4446197761370303e-06,measured_local
clearaccept_main,channel,9,9,2,milp,local,338,1.247298028759177,1.247298028759177,True,0.00011999998241662979,0.02858883293811232,0.02870883292052895,4608,1,,,0.02858883293811232,0.0,0.0005924636015525871,False,-0.0005924636015525871,measured_local
clearaccept_main,channel,9,9,2,qaoa_warm,nominal,173,1.247298028759177,1.247298028759177,True,0.00011999998241662979,0.007901375065557659,0.008021375047974288,4608,95,0.2624547497474734,7.30000901967287e-05,7.739000000000001,0.0,0.16037995752890705,True,-2.160379957528907,modeled_qpu
clearaccept_main,channel,9,9,3,task_specific,local,178,0.8597245704202994,0.8597245704202994,True,0.00011849997099488974,6.962497718632221e-05,0.00018812494818121195,4608,36,,,6.962497718632221e-05,0.0,1.5438499332153943e-06,False,-1.5438499332153943e-06,measured_local
clearaccept_main,channel,9,9,3,milp,local,178,0.8597245704202994,0.8597245704202994,True,0.00011849997099488974,0.019574124948121607,0.019692624919116497,4608,1,,,0.019574124948121607,0.0,0.0004340326232788186,False,-0.0004340326232788186,measured_local
clearaccept_main,channel,9,9,3,qaoa_warm,nominal,178,0.8597245704202994,0.8597245704202994,True,0.00011849997099488974,0.009080625022761524,0.009199124993756413,4608,108,0.33129556310461655,7.233303040266037e-05,8.7296,0.0,0.1935683560934034,True,-2.1935683560934036,modeled_qpu
clearaccept_main,channel,9,9,4,task_specific,local,333,1.0657237496377745,1.0657237496377745,True,0.00011254206765443087,6.495800334960222e-05,0.0001775000710040331,4608,36,,,6.495800334960222e-05,0.0,4.6810215252013454e-06,False,-4.6810215252013454e-06,measured_local
clearaccept_main,channel,9,9,4,milp,local,333,1.0657237496377745,1.0657237496377745,True,0.00011254206765443087,0.02721591596491635,0.02732845803257078,4608,1,,,0.02721591596491635,0.0,0.001961240830851746,False,-0.001961240830851746,measured_local
clearaccept_main,channel,9,9,4,qaoa_warm,nominal,333,1.0657237496377745,1.0657237496377745,True,0.00011254206765443087,0.008647208102047443,0.008759750169701874,4608,103,0.31553317826346705,8.666596841067076e-05,8.348600000000001,0.0,0.601619112197285,True,-2.601619112197285,modeled_qpu
clearaccept_main,channel,9,9,5,task_specific,local,389,5.95968574791221,4.996741436435772,True,0.00011108408216387033,6.508396472781897e-05,0.0001761680468916893,4608,36,,,6.508396472781897e-05,0.16057792747668875,2.8861222068285004e-06,False,-0.1605808135988956,measured_local
clearaccept_main,channel,9,9,5,milp,local,197,4.996741436435772,4.996741436435772,True,0.00011108408216387033,0.0415803340729326,0.04169141815509647,4608,1,,,0.0415803340729326,0.0,0.0018438631702463596,False,-0.0018438631702463596,measured_local
clearaccept_main,channel,9,9,5,qaoa_warm,nominal,197,4.996741436435772,4.996741436435772,True,0.00011108408216387033,0.009419959038496017,0.009531043120659888,4608,109,0.04460728662634555,9.712495375424623e-05,8.8058,0.0,0.3904896549430307,True,-2.3904896549430306,modeled_qpu
clearaccept_main,channel,9,9,6,task_specific,local,103,3.1811604756308594,2.949644217807718,True,0.00014887505676597357,6.575009319931269e-05,0.00021462514996528625,4608,36,,,6.575009319931269e-05,0.058616990558113244,3.866043486510059e-06,False,-0.058620856601599755,measured_local
clearaccept_main,channel,9,9,6,milp,local,433,2.949644217807718,2.949644217807718,True,0.00014887505676597357,0.029134916956536472,0.029283792013302445,4608,1,,,0.029134916956536472,0.0,0.0017131056466853302,False,-0.0017131056466853302,measured_local
clearaccept_main,channel,9,9,6,qaoa_warm,nominal,78,2.949644217807718,2.949644217807718,True,0.00014887505676597357,0.008916334016248584,0.009065209073014557,4608,108,0.02192932326895475,8.862500544637442e-05,8.7296,0.0,0.513292249146059,True,-2.513292249146059,modeled_qpu
clearaccept_main,channel,9,9,7,task_specific,local,355,4.923914776955609,4.923914776955609,True,0.00011616700794547796,6.591598503291607e-05,0.00018208299297839403,4608,36,,,6.591598503291607e-05,0.0,4.535798712714626e-06,False,-4.535798712714626e-06,measured_local
clearaccept_main,channel,9,9,7,milp,local,156,4.923914776955609,4.923914776955609,True,0.00011616700794547796,0.028948958031833172,0.02906512503977865,4608,3,,,0.028948958031833172,0.0,0.0019920304082484516,False,-0.0019920304082484516,measured_local
clearaccept_main,channel,9,9,7,qaoa_warm,nominal,355,4.923914776955609,4.923914776955609,True,0.00011616700794547796,0.008316499995999038,0.008432667003944516,4608,99,0.2250506212892942,9.32919792830944e-05,8.043800000000001,0.0,0.553508495202106,True,-2.553508495202106,modeled_qpu
clearaccept_main,channel,9,9,8,task_specific,local,75,10.254072818049218,9.127789688103285,True,0.00011562497820705175,7.01249809935689e-05,0.00018574995920062065,4608,36,,,7.01249809935689e-05,0.11120719965867126,4.594676683568238e-06,False,-0.11121179433535483,measured_local
clearaccept_main,channel,9,9,8,milp,local,89,9.127789688103285,9.127789688103285,True,0.00011562497820705175,0.028981791925616562,0.029097416903823614,4608,3,,,0.028981791925616562,0.0,0.0018989233468864513,False,-0.0018989233468864513,measured_local
clearaccept_main,channel,9,9,8,qaoa_warm,nominal,89,9.127789688103285,9.127789688103285,True,0.00011562497820705175,0.009161958005279303,0.009277582983486354,4608,108,0.03162891761986776,7.512501906603575e-05,8.7296,0.0,0.5719743379403655,True,-2.5719743379403655,modeled_qpu
clearaccept_main,channel,9,9,9,task_specific,local,205,1.685733995782425,1.685733995782425,True,0.00012750003952533007,7.345899939537048e-05,0.00020095903892070055,4608,36,,,7.345899939537048e-05,0.0,5.52555024563721e-06,False,-5.52555024563721e-06,measured_local
clearaccept_main,channel,9,9,9,milp,local,173,1.685733995782425,1.685733995782425,True,0.00012750003952533007,0.026675625005736947,0.026803125045262277,4608,1,,,0.026675625005736947,0.0,0.0020065275530048283,False,-0.0020065275530048283,measured_local
clearaccept_main,channel,9,9,9,qaoa_warm,nominal,205,1.685733995782425,1.685733995782425,True,0.00012750003952533007,0.008610457996837795,0.008737958036363125,4608,102,0.27305787984389995,8.07089963927865e-05,8.272400000000001,0.0,0.6222459089864755,True,-2.6222459089864754,modeled_qpu
clearaccept_main,channel,9,9,10,task_specific,local,110,3.1238716144735923,3.1238716144735923,True,0.00011379097122699022,6.187509279698133e-05,0.00017566606402397156,4608,36,,,6.187509279698133e-05,0.0,4.276727362919947e-06,False,-4.276727362919947e-06,measured_local
clearaccept_main,channel,9,9,10,milp,local,110,3.1238716144735923,3.1238716144735923,True,0.00011379097122699022,0.023477582959458232,0.023591373930685222,4608,1,,,0.023477582959458232,0.0,0.0016227405393537705,False,-0.0016227405393537705,measured_local
clearaccept_main,channel,9,9,10,qaoa_warm,nominal,110,3.1238716144735923,3.1238716144735923,True,0.00011379097122699022,0.009208541014231741,0.009322331985458732,4608,105,0.3074667181862755,8.641695603728294e-05,8.501000000000001,0.0,0.5875782591788885,True,-2.5875782591788887,modeled_qpu
clearaccept_main,channel,9,9,11,task_specific,local,282,6.449989562600643,5.557687653800544,True,0.00012945907656103373,7.14579364284873e-05,0.00020091701298952103,4608,36,,,7.14579364284873e-05,0.13606959585563067,2.79098504905846e-06,False,-0.1360723868406797,measured_local
clearaccept_main,channel,9,9,11,milp,local,330,5.557687653800544,5.557687653800544,True,0.00012945907656103373,0.02930299995932728,0.029432459035888314,4608,7,,,0.02930299995932728,0.0,0.0011445087679083765,False,-0.0011445087679083765,measured_local
clearaccept_main,channel,9,9,11,qaoa_warm,nominal,330,5.557687653800544,5.557687653800544,True,0.00012945907656103373,0.008978041936643422,0.009107501013204455,4608,100,0.0312081058021444,8.291704580187798e-05,8.120000000000001,0.0,0.3171487973352668,True,-2.3171487973352667,modeled_qpu
clearaccept_main,channel,9,9,12,task_specific,local,60,2.1079683476412168,2.1079683476412168,True,0.000132917077280581,7.02498946338892e-05,0.0002031669719144702,4608,36,,,7.02498946338892e-05,0.0,3.5478429780597383e-06,False,-3.5478429780597383e-06,measured_local
clearaccept_main,channel,9,9,12,milp,local,60,2.1079683476412168,2.1079683476412168,True,0.000132917077280581,0.02795120794326067,0.02808412502054125,4608,1,,,0.02795120794326067,0.0,0.001411624847931745,False,-0.001411624847931745,measured_local
clearaccept_main,channel,9,9,12,qaoa_warm,nominal,316,2.1079683476412168,2.1079683476412168,True,0.000132917077280581,0.010612040990963578,0.01074495806824416,4608,112,0.4121427779294468,0.00010191695764660835,9.0344,0.0,0.45626591709534625,True,-2.4562659170953465,modeled_qpu
clearaccept_main,channel,9,9,13,task_specific,local,39,2.7181889000077515,2.4266864015217973,True,0.00014112505596131086,7.358298171311617e-05,0.00021470803767442703,4608,36,,,7.358298171311617e-05,0.08506833258990303,4.301818492102419e-06,False,-0.08507263440839513,measured_local
clearaccept_main,channel,9,9,13,milp,local,387,2.4266864015217973,2.4266864015217973,True,0.00014112505596131086,0.030144541058689356,0.030285666114650667,4608,1,,,0.030144541058689356,0.0,0.0017623143442024407,False,-0.0017623143442024407,measured_local
clearaccept_main,channel,9,9,13,qaoa_warm,nominal,387,2.4266864015217973,2.4266864015217973,True,0.00014112505596131086,0.008958416059613228,0.009099541115574539,4608,107,0.011608408100498086,8.274998981505632e-05,8.6534,0.0,0.5058962721121105,True,-2.5058962721121105,modeled_qpu
clearaccept_main,channel,9,9,14,task_specific,local,453,3.386068694687572,3.1587414097087807,True,0.00011508306488394737,6.283295806497335e-05,0.00017791602294892073,4608,36,,,6.283295806497335e-05,0.05466251987875108,4.204541819763165e-06,False,-0.05466672442057084,measured_local
clearaccept_main,channel,9,9,14,milp,local,306,3.1587414097087807,3.1587414097087807,True,0.00011508306488394737,0.02871933300048113,0.028834416065365076,4608,1,,,0.02871933300048113,0.0,0.0019217881881569577,False,-0.0019217881881569577,measured_local
clearaccept_main,channel,9,9,14,qaoa_warm,nominal,205,3.1587414097087807,3.1587414097087807,True,0.00011508306488394737,0.009000624995678663,0.00911570806056261,4608,108,0.040126342936652105,6.612495053559542e-05,8.7296,0.0,0.5841515249345771,True,-2.584151524934577,modeled_qpu
clearaccept_main,channel,9,9,15,task_specific,local,283,3.6593816689929657,3.6593816689929657,True,0.0001166659640148282,7.412501145154238e-05,0.00019079097546637058,4608,36,,,7.412501145154238e-05,0.0,4.52370091278933e-06,False,-4.52370091278933e-06,measured_local
clearaccept_main,channel,9,9,15,milp,local,283,3.6593816689929657,3.6593816689929657,True,0.0001166659640148282,0.03733720909804106,0.037453875062055886,4608,1,,,0.03733720909804106,0.0,0.0022786150527373704,False,-0.0022786150527373704,measured_local
clearaccept_main,channel,9,9,15,qaoa_warm,nominal,283,3.6593816689929657,3.6593816689929657,True,0.0001166659640148282,0.007749749929644167,0.007866415893658996,4608,95,0.2612184405300937,7.379089947789907e-05,7.739000000000001,0.0,0.47229566213238233,True,-2.472295662132382,modeled_qpu
clearaccept_main,channel,9,9,16,task_specific,local,360,3.741578775564884,3.720977277999353,True,0.00011045800056308508,6.28751004114747e-05,0.00017333310097455978,4608,36,,,6.28751004114747e-05,0.004363820529604742,1.3119041268023206e-06,False,-0.0043651324337315445,measured_local
clearaccept_main,channel,9,9,16,milp,local,211,3.720977277999353,3.720977277999353,True,0.00011045800056308508,0.028476750012487173,0.028587208013050258,4608,1,,,0.028476750012487173,0.0,0.0005941742536363725,False,-0.0005941742536363725,measured_local
clearaccept_main,channel,9,9,16,qaoa_warm,nominal,300,3.720977277999353,3.720977277999353,True,0.00011045800056308508,0.008455249946564436,0.008565707947127521,4608,102,0.03855709687188665,8.324999362230301e-05,8.272400000000001,0.0,0.17260562015069036,True,-2.1726056201506903,modeled_qpu
clearaccept_main,channel,9,9,17,task_specific,local,387,2.7477416978123235,2.7477416978123235,True,0.00012079102452844381,6.533402483910322e-05,0.00018612504936754704,4608,36,,,6.533402483910322e-05,0.0,3.044860720754361e-06,False,-3.044860720754361e-06,measured_local
clearaccept_main,channel,9,9,17,milp,local,387,2.7477416978123235,2.7477416978123235,True,0.00012079102452844381,0.027998417033813894,0.028119208058342338,4608,1,,,0.027998417033813894,0.0,0.001304852723822026,False,-0.001304852723822026,measured_local
clearaccept_main,channel,9,9,17,qaoa_warm,nominal,387,2.7477416978123235,2.7477416978123235,True,0.00012079102452844381,0.00879500003065914,0.008915791055187583,4608,103,0.25685909836692983,8.450006134808064e-05,8.348600000000001,0.0,0.38908247694661363,True,-2.3890824769466135,modeled_qpu
clearaccept_main,channel,9,9,18,task_specific,local,286,1.9684642302727349,1.9684642302727349,True,0.00011391600128263235,6.524997297674417e-05,0.00017916597425937653,4608,36,,,6.524997297674417e-05,0.0,5.200211859260821e-06,False,-5.200211859260821e-06,measured_local
clearaccept_main,channel,9,9,18,milp,local,286,1.9684642302727349,1.9684642302727349,True,0.00011391600128263235,0.027108667069114745,0.027222583070397377,4608,1,,,0.027108667069114745,0.0,0.002160473109035729,False,-0.002160473109035729,measured_local
clearaccept_main,channel,9,9,18,qaoa_warm,nominal,286,1.9684642302727349,1.9684642302727349,True,0.00011391600128263235,0.009372917003929615,0.009486833005212247,4608,107,0.32535081920519177,8.850009180605412e-05,8.6534,0.0,0.689647999072213,True,-2.689647999072213,modeled_qpu
clearaccept_main,channel,9,9,19,task_specific,local,51,3.671498122159152,2.9677756585361585,True,0.00013779208529740572,7.208297029137611e-05,0.00020987505558878183,4608,36,,,7.208297029137611e-05,0.17735943868424744,2.02532406956956e-06,False,-0.177361464008317,measured_local
clearaccept_main,channel,9,9,19,milp,local,436,2.9677756585361585,2.9677756585361585,True,0.00013779208529740572,0.029280874994583428,0.029418667079880834,4608,1,,,0.029280874994583428,0.0,0.0008227083410252063,False,-0.0008227083410252063,measured_local
clearaccept_main,channel,9,9,19,qaoa_warm,nominal,75,2.9677756585361585,2.9677756585361585,True,0.00013779208529740572,0.008362333988770843,0.008500126074068248,4608,98,0.00840487273464306,8.408399298787117e-05,7.9676,0.0,0.22386663578752425,True,-2.223866635787524,modeled_qpu
clearaccept_main,channel,9,9,20,task_specific,local,395,6.846062309312865,5.291246635498655,True,0.00011408398859202862,6.445799954235554e-05,0.00017854198813438416,4608,36,,,6.445799954235554e-05,0.24713952001835213,4.990415910717703e-06,False,-0.24714451043426283,measured_local
clearaccept_main,channel,9,9,20,milp,local,163,5.291246635498655,5.291246635498655,True,0.00011408398859202862,0.027370707946829498,0.027484791935421526,4608,1,,,0.027370707946829498,0.0,0.0021190731545385755,False,-0.0021190731545385755,measured_local
clearaccept_main,channel,9,9,20,qaoa_warm,nominal,348,5.291246635498655,5.291246635498655,True,0.00011408398859202862,0.009573000017553568,0.009687084006145597,4608,109,0.019520586720721093,9.741703979671001e-05,8.8058,0.0,0.6817556352756778,True,-2.6817556352756777,modeled_qpu
clearaccept_main,channel,9,9,21,task_specific,local,177,5.9245650120898565,0.5780119553853942,True,0.00012820807751268148,6.94170594215393e-05,0.0001976251369342208,4608,36,,,6.94170594215393e-05,3.388157509490279,1.9659757688904075e-06,False,-3.388159475466048,measured_local
clearaccept_main,channel,9,9,21,milp,local,277,0.5780119553853942,0.5780119553853942,True,0.00012820807751268148,0.019311957992613316,0.019440166070125997,4608,1,,,0.019311957992613316,0.0,0.0005469381990491885,False,-0.0005469381990491885,measured_local
clearaccept_main,channel,9,9,21,qaoa_warm,nominal,277,0.5780119553853942,0.5780119553853942,True,0.00012820807751268148,0.010139583959244192,0.010267792036756873,4608,113,0.02084420273413547,9.358394891023636e-05,9.1106,0.0,0.25802330132260404,True,-2.258023301322604,modeled_qpu
clearaccept_main,channel,9,9,22,task_specific,local,436,5.744099719082204,4.917235889404069,True,0.00014237500727176666,7.687509059906006e-05,0.00021925009787082672,4608,36,,,7.687509059906006e-05,0.13973818944057828,3.541503131853708e-06,False,-0.13974173094371015,measured_local
clearaccept_main,channel,9,9,22,milp,local,153,4.917235889404069,4.917235889404069,True,0.00014237500727176666,0.0333356250775978,0.033478000084869564,4608,1,,,0.0333356250775978,0.0,0.001535714881044408,False,-0.001535714881044408,measured_local
clearaccept_main,channel,9,9,22,qaoa_warm,nominal,153,4.917235889404069,4.917235889404069,True,0.00014237500727176666,0.009322999976575375,0.009465374983847141,4608,106,0.006966593395216653,8.929194882512093e-05,8.577200000000001,0.0,0.3951368437529625,True,-2.3951368437529625,modeled_qpu
clearaccept_main,channel,9,9,23,task_specific,local,220,3.9523382941272245,2.769744759216313,True,0.00012874999083578587,7.208401802927256e-05,0.00020083400886505842,4608,36,,,7.208401802927256e-05,0.3137065266871699,1.0434502042084758e-06,False,-0.3137075701373741,measured_local
clearaccept_main,channel,9,9,23,milp,local,236,2.769744759216313,2.769744759216313,True,0.00012874999083578587,0.027935917023569345,0.02806466701440513,4608,1,,,0.027935917023569345,0.0,0.0004043855922564842,False,-0.0004043855922564842,measured_local
clearaccept_main,channel,9,9,23,qaoa_warm,nominal,236,2.769744759216313,2.769744759216313,True,0.00012874999083578587,0.009862374980002642,0.009991124970838428,4608,112,0.048374686219322116,9.658397175371647e-05,9.0344,0.0,0.1307772066905714,True,-2.1307772066905715,modeled_qpu
clearaccept_main,channel,9,9,24,task_specific,local,220,5.596740515959794,2.5746361763819685,True,0.00013687496539205313,7.291696965694427e-05,0.0002097919350489974,4608,36,,,7.291696965694427e-05,0.84542990963534,5.023318807020039e-06,False,-0.8454349329541471,measured_local
clearaccept_main,channel,9,9,24,milp,local,226,2.5746361763819685,2.5746361763819685,True,0.00013687496539205313,0.026583458064123988,0.02672033302951604,4608,1,,,0.026583458064123988,0.0,0.001831359496663135,False,-0.001831359496663135,measured_local
clearaccept_main,channel,9,9,24,qaoa_warm,nominal,285,2.5746361763819685,2.5746361763819685,True,0.00013687496539205313,0.009955500019714236,0.01009237498510629,4608,115,0.013736885796001477,8.204206824302673e-05,9.263,0.0,0.6381368058538788,True,-2.638136805853879,modeled_qpu
clearaccept_main,channel,9,9,25,task_specific,local,105,4.162934892421006,4.162934892421006,True,0.00011395802721381187,6.508303340524435e-05,0.00017904106061905622,4608,36,,,6.508303340524435e-05,0.0,3.956043615573063e-06,False,-3.956043615573063e-06,measured_local
clearaccept_main,channel,9,9,25,milp,local,105,4.162934892421006,4.162934892421006,True,0.00011395802721381187,0.028583833016455173,0.028697791043668985,4608,1,,,0.028583833016455173,0.0,0.0017374557422555875,False,-0.0017374557422555875,measured_local
clearaccept_main,channel,9,9,25,qaoa_warm,nominal,105,4.162934892421006,4.162934892421006,True,0.00011395802721381187,0.008990374975837767,0.009104333003051579,4608,106,0.25180051861835867,7.866602391004562e-05,8.577200000000001,0.0,0.5213613368051631,True,-2.521361336805163,modeled_qpu
clearaccept_main,channel,9,9,26,task_specific,local,154,3.644990943026593,3.644990943026593,True,0.00011695793364197016,6.400002166628838e-05,0.00018095795530825853,4608,36,,,6.400002166628838e-05,0.0,1.5332708066832487e-06,False,-1.5332708066832487e-06,measured_local
clearaccept_main,channel,9,9,26,milp,local,357,3.644990943026593,3.644990943026593,True,0.00011695793364197016,0.028698415961116552,0.028815373894758523,4608,1,,,0.028698415961116552,0.0,0.0006875379452318314,False,-0.0006875379452318314,measured_local
clearaccept_main,channel,9,9,26,qaoa_warm,nominal,154,3.644990943026593,3.644990943026593,True,0.00011695793364197016,0.008249832899309695,0.008366790832951665,4608,96,0.2396126087149691,7.091695442795753e-05,7.815200000000001,0.0,0.1872314679965617,True,-2.1872314679965617,modeled_qpu
clearaccept_main,channel,9,9,27,task_specific,local,332,6.881579008497258,6.881579008497258,True,0.0001069169957190752,6.566697265952826e-05,0.00017258396837860346,4608,36,,,6.566697265952826e-05,0.0,1.9085187589663266e-06,False,-1.9085187589663266e-06,measured_local
clearaccept_main,channel,9,9,27,milp,local,179,6.881579008497258,6.881579008497258,True,0.0001069169957190752,0.032710624975152314,0.03281754197087139,4608,2,,,0.032710624975152314,0.0,0.0009506885859695896,False,-0.0009506885859695896,measured_local
clearaccept_main,channel,9,9,27,qaoa_warm,nominal,332,6.881579008497258,6.881579008497258,True,0.0001069169957190752,0.008995624957606196,0.009102541953325272,4608,106,0.22072340811565178,8.341600187122822e-05,8.577200000000001,0.0,0.24928432721088342,True,-2.2492843272108836,modeled_qpu
clearaccept_main,channel,9,9,28,task_specific,local,240,2.0656479068442373,2.0656479068442373,True,0.00013829197268933058,7.17920484021306e-05,0.00021008402109146118,4608,36,,,7.17920484021306e-05,0.0,4.230135611783348e-06,False,-4.230135611783348e-06,measured_local
clearaccept_main,channel,9,9,28,milp,local,271,2.0656479068442373,2.0656479068442373,True,0.00013829197268933058,0.025588833028450608,0.02572712500113994,4608,1,,,0.025588833028450608,0.0,0.0015077468364088974,False,-0.0015077468364088974,measured_local
clearaccept_main,channel,9,9,28,qaoa_warm,nominal,240,2.0656479068442373,2.0656479068442373,True,0.00013829197268933058,0.00947062496561557,0.009608916938304901,4608,109,0.3299800159834407,7.604202255606651e-05,8.8058,0.0,0.5188559039518411,True,-2.5188559039518412,modeled_qpu
clearaccept_main,channel,9,9,29,task_specific,local,171,5.662440694547035,4.702897147549456,True,0.00011695793364197016,7.233303040266037e-05,0.00018929096404463053,4608,36,,,7.233303040266037e-05,0.16825545370564787,4.5074249698209796e-06,False,-0.1682599611306177,measured_local
clearaccept_main,channel,9,9,29,milp,local,440,4.702897147549456,4.702897147549456,True,0.00011695793364197016,0.03154962498228997,0.03166658291593194,4608,3,,,0.03154962498228997,0.0,0.001966011470030036,False,-0.001966011470030036,measured_local
clearaccept_main,channel,9,9,29,qaoa_warm,nominal,71,4.702897147549456,4.702897147549456,True,0.00011695793364197016,0.008907374925911427,0.009024332859553397,4608,105,0.006852084558906499,9.266589768230915e-05,8.501000000000001,0.0,0.5297388959807614,True,-2.5297388959807616,modeled_qpu
clearaccept_main,channel,12,12,0,task_specific,local,1985,5.4590563028202315,3.252763641689329,True,0.0011811660369858146,8.287501987069845e-05,0.001264041056856513,36864,48,,,8.287501987069845e-05,0.5187903318921563,4.139436106467775e-06,False,-0.5187944713282627,measured_local
clearaccept_main,channel,12,12,0,milp,local,849,3.252763641689329,3.252763641689329,True,0.0011811660369858146,0.05328208301216364,0.054463249049149454,36864,5,,,0.05328208301216364,0.0,0.002661330019497763,False,-0.002661330019497763,measured_local
clearaccept_main,channel,12,12,0,qaoa_warm,nominal,849,3.252763641689329,3.252763641689329,True,0.0011811660369858146,0.0272876659873873,0.028468832024373114,36864,115,0.00957445276147041,9.712495375424623e-05,9.263,0.0,0.4626677219991579,True,-2.462667721999158,modeled_qpu
clearaccept_main,channel,12,12,1,task_specific,local,3612,6.09309392039596,4.85959488374486,True,0.0008337920298799872,8.445791900157928e-05,0.0009182499488815665,36864,48,,,8.445791900157928e-05,0.21050926917711626,4.807468503367889e-06,False,-0.21051407664561964,measured_local
clearaccept_main,channel,12,12,1,milp,local,3610,4.85959488374486,4.85959488374486,True,0.0008337920298799872,0.04890900000464171,0.0497427920345217,36864,7,,,0.04890900000464171,0.0,0.0027839719452374657,False,-0.0027839719452374657,measured_local
clearaccept_main,channel,12,12,1,qaoa_warm,nominal,3610,4.85959488374486,4.85959488374486,True,0.0008337920298799872,0.028093165950849652,0.02892695798072964,36864,120,0.020363020462056795,9.462493471801281e-05,9.644,0.0,0.5489506110802111,True,-2.548950611080211,modeled_qpu
clearaccept_main,channel,12,12,2,task_specific,local,819,5.181049896715416,5.174718893802752,True,0.0008523330325260758,8.570903446525335e-05,0.0009380420669913292,36864,48,,,8.570903446525335e-05,0.0010253103050599272,2.9270971375609865e-06,False,-0.0010282374021974882,measured_local
clearaccept_main,channel,12,12,2,milp,local,474,5.174718893802752,5.174718893802752,True,0.0008523330325260758,0.06906150002032518,0.06991383305285126,36864,7,,,0.06906150002032518,0.0,0.002358557884666334,False,-0.002358557884666334,measured_local
clearaccept_main,channel,12,12,2,qaoa_warm,nominal,3621,5.174718893802752,5.174718893802752,True,0.0008523330325260758,0.026475041988305748,0.027327375020831823,36864,113,0.0006701856891131083,0.00010337494313716888,9.1106,0.0,0.31114119238239973,True,-2.3111411923824,modeled_qpu
clearaccept_main,channel,12,12,3,task_specific,local,638,6.713302879957647,4.250866393885196,True,0.0008624580223113298,0.00010450009722262621,0.000966958119533956,36864,48,,,0.00010450009722262621,0.4689581302125756,3.850455259517398e-06,False,-0.4689619806678351,measured_local
clearaccept_main,channel,12,12,3,milp,local,2151,4.250866393885196,4.250866393885196,True,0.0008624580223113298,0.06118070799857378,0.06204316602088511,36864,5,,,0.06118070799857378,0.0,0.002254290523694369,False,-0.002254290523694369,measured_local
clearaccept_main,channel,12,12,3,qaoa_warm,nominal,2151,4.250866393885196,4.250866393885196,True,0.0008624580223113298,0.026873082970269024,0.027735540992580354,36864,115,0.0021237837486562244,9.991694241762161e-05,9.263,0.0,0.3413084582392823,True,-2.3413084582392822,modeled_qpu
clearaccept_main,channel,12,12,4,task_specific,local,3665,1.4895600267967848,1.4895600267967848,True,0.0008402090752497315,8.812500163912773e-05,0.0009283340768888593,36864,48,,,8.812500163912773e-05,0.0,5.382746451649017e-06,False,-5.382746451649017e-06,measured_local
clearaccept_main,channel,12,12,4,milp,local,430,1.4895600267967848,1.4895600267967848,True,0.0008402090752497315,0.042326875030994415,0.04316708410624415,36864,1,,,0.042326875030994415,0.0,0.002585359797387139,False,-0.002585359797387139,measured_local
clearaccept_main,channel,12,12,4,qaoa_warm,nominal,3665,1.4895600267967848,1.4895600267967848,True,0.0008402090752497315,0.02773529093246907,0.0285755000077188,36864,117,0.2223010969138414,9.81249613687396e-05,9.4154,0.0,0.5751002552986483,True,-2.5751002552986484,modeled_qpu
clearaccept_main,channel,12,12,5,task_specific,local,2135,4.5416375412398455,2.2226713268130176,True,0.0008701250189915299,9.641703218221664e-05,0.0009665420511737466,36864,48,,,9.641703218221664e-05,0.719578877043013,1.8459189892808384e-06,False,-0.7195807229620024,measured_local
clearaccept_main,channel,12,12,5,milp,local,1466,2.2226713268130176,2.2226713268130176,True,0.0008701250189915299,0.047170666977763176,0.048040791996754706,36864,5,,,0.047170666977763176,0.0,0.0009030897128915734,False,-0.0009030897128915734,measured_local
clearaccept_main,channel,12,12,5,qaoa_warm,nominal,2629,2.2226713268130176,2.2226713268130176,True,0.0008701250189915299,0.030047417036257684,0.030917542055249214,36864,127,0.015285627373090173,0.00010829104576259851,10.1774,0.0,0.19484789664550425,True,-2.1948478966455043,modeled_qpu
clearaccept_main,channel,12,12,6,task_specific,local,463,3.765917365625168,3.765917365625168,True,0.0008459578966721892,9.362504351884127e-05,0.0009395829401910305,36864,48,,,9.362504351884127e-05,0.0,1.7322588757902482e-06,False,-1.7322588757902482e-06,measured_local
clearaccept_main,channel,12,12,6,milp,local,463,3.765917365625168,3.765917365625168,True,0.0008459578966721892,0.05611733300611377,0.05696329090278596,36864,5,,,0.05611733300611377,0.0,0.0010382878825146284,False,-0.0010382878825146284,measured_local
clearaccept_main,channel,12,12,6,qaoa_warm,nominal,463,3.765917365625168,3.765917365625168,True,0.0008459578966721892,0.02766466699540615,0.02851062489207834,36864,118,0.18439413988965253,9.56669682636857e-05,9.4916,0.0,0.1756144267333977,True,-2.175614426733398,modeled_qpu
clearaccept_main,channel,12,12,7,task_specific,local,3976,2.9370261013478753,2.9370261013478753,True,0.0008372919401153922,8.941697888076305e-05,0.0009267089189961553,36864,48,,,8.941697888076305e-05,0.0,5.578118117689246e-06,False,-5.578118117689246e-06,measured_local
clearaccept_main,channel,12,12,7,milp,local,3976,2.9370261013478753,2.9370261013478753,True,0.0008372919401153922,0.045670874998904765,0.04650816693902016,36864,1,,,0.045670874998904765,0.0,0.0028490957586682613,False,-0.0028490957586682613,measured_local
clearaccept_main,channel,12,12,7,qaoa_warm,nominal,3976,2.9370261013478753,2.9370261013478753,True,0.0008372919401153922,0.027941041043959558,0.02877833298407495,36864,117,0.26262660215814965,0.00010954192839562893,9.4154,0.0,0.5873628698116349,True,-2.587362869811635,modeled_qpu
clearaccept_main,channel,12,12,8,task_specific,local,2613,5.172602575033427,2.348385458934378,True,0.0008471669862046838,9.237497579306364e-05,0.0009395419619977474,36864,48,,,9.237497579306364e-05,0.8434563913671559,1.364435867105974e-06,False,-0.843457755803023,measured_local
clearaccept_main,channel,12,12,8,milp,local,3968,2.348385458934378,2.348385458934378,True,0.0008471669862046838,0.05527074995916337,0.05611791694536805,36864,7,,,0.05527074995916337,0.0,0.0008163833657187413,False,-0.0008163833657187413,measured_local
clearaccept_main,channel,12,12,8,qaoa_warm,nominal,3968,2.348385458934378,2.348385458934378,True,0.0008471669862046838,0.026243624975904822,0.027090791962109506,36864,112,0.0023748174551496627,9.774998761713505e-05,9.0344,0.0,0.1334437090992756,True,-2.1334437090992755,modeled_qpu
clearaccept_main,channel,12,12,9,task_specific,local,1145,5.417230791469721,5.417230791469721,True,0.0008437499636784196,0.00012091698590666056,0.0009646669495850801,36864,48,,,0.00012091698590666056,0.0,5.054416343593016e-06,False,-5.054416343593016e-06,measured_local
clearaccept_main,channel,12,12,9,milp,local,2950,5.417230791469721,5.417230791469721,True,0.0008437499636784196,0.049362707999534905,0.050206457963213325,36864,5,,,0.049362707999534905,0.0,0.0020633964385239905,False,-0.0020633964385239905,measured_local
clearaccept_main,channel,12,12,9,qaoa_warm,nominal,1145,5.417230791469721,5.417230791469721,True,0.0008437499636784196,0.027458291966468096,0.028302041930146515,36864,117,0.20424476229215513,9.887490887194872e-05,9.4154,0.0,0.39357044243727124,True,-2.3935704424372712,modeled_qpu
clearaccept_main,channel,12,12,10,task_specific,local,3417,3.640840510942666,3.108975890358444,True,0.000845917034894228,9.099999442696571e-05,0.0009369170293211937,36864,48,,,9.099999442696571e-05,0.1294397034142308,5.441481728196192e-06,False,-0.129445144895959,measured_local
clearaccept_main,channel,12,12,10,milp,local,1373,3.108975890358444,3.108975890358444,True,0.000845917034894228,0.05366462504025549,0.054510542075149715,36864,5,,,0.05366462504025549,0.0,0.003208957082315142,False,-0.003208957082315142,measured_local
clearaccept_main,channel,12,12,10,qaoa_warm,nominal,1373,3.108975890358444,3.108975890358444,True,0.000845917034894228,0.030297792050987482,0.03114370908588171,36864,129,0.024765658191011685,9.766698349267244e-05,10.3298,0.0,0.6176859494319341,True,-2.6176859494319342,modeled_qpu
clearaccept_main,channel,12,12,11,task_specific,local,2467,7.313975614422789,7.313975614422789,True,0.000838667037896812,8.970801718533039e-05,0.0009283750550821424,36864,48,,,8.970801718533039e-05,0.0,1.1003731300164473e-06,False,-1.1003731300164473e-06,measured_local
clearaccept_main,channel,12,12,11,milp,local,2467,7.313975614422789,7.313975614422789,True,0.000838667037896812,0.05559854197781533,0.05643720901571214,36864,7,,,0.05559854197781533,0.0,0.0006819807591342446,False,-0.0006819807591342446,measured_local
clearaccept_main,channel,12,12,11,qaoa_warm,nominal,2467,7.313975614422789,7.313975614422789,True,0.000838667037896812,0.02715279208496213,0.02799145912285894,36864,116,0.15704170436978068,8.858297951519489e-05,9.3392,0.0,0.11455614624297032,True,-2.1145561462429705,modeled_qpu
clearaccept_main,channel,12,12,12,task_specific,local,446,7.161653378320574,7.161653378320574,True,0.0008287500822916627,9.27080400288105e-05,0.0009214581223204732,36864,48,,,9.27080400288105e-05,0.0,6.695844072343197e-06,False,-6.695844072343197e-06,measured_local
clearaccept_main,channel,12,12,12,milp,local,446,7.161653378320574,7.161653378320574,True,0.0008287500822916627,0.07090154197067022,0.07173029205296189,36864,7,,,0.07090154197067022,0.0,0.005120868366721698,False,-0.005120868366721698,measured_local
clearaccept_main,channel,12,12,12,qaoa_warm,nominal,446,7.161653378320574,7.161653378320574,True,0.0008287500822916627,0.027455874951556325,0.028284625033847988,36864,117,0.14374695384761674,0.00010645808652043343,9.4154,0.0,0.6800278622991942,True,-2.680027862299194,modeled_qpu
clearaccept_main,channel,12,12,13,task_specific,local,2401,0.25,0.25,True,0.0008566250326111913,8.908298332244158e-05,0.0009457080159336329,36864,48,,,8.908298332244158e-05,0.0,4.412110836442993e-06,False,-4.412110836442993e-06,measured_local
clearaccept_main,channel,12,12,13,milp,local,2401,0.25,0.25,True,0.0008566250326111913,0.037251916946843266,0.03810854197945446,36864,1,,,0.037251916946843266,0.0,0.0018450166385260297,False,-0.0018450166385260297,measured_local
clearaccept_main,channel,12,12,13,qaoa_warm,nominal,2401,0.25,0.25,True,0.0008566250326111913,0.027090542018413544,0.027947167051024735,36864,114,0.2507914519315529,9.900005534291267e-05,9.1868,0.0,0.45500474187670653,True,-2.4550047418767065,modeled_qpu
clearaccept_main,channel,12,12,14,task_specific,local,2976,8.315847899020875,5.095919924031611,True,0.0008240420138463378,9.162502828985453e-05,0.0009156670421361923,36864,48,,,9.162502828985453e-05,0.5282103464475508,5.203736085929217e-06,False,-0.5282155501836368,measured_local
clearaccept_main,channel,12,12,14,milp,local,2992,5.095919924031611,5.095919924031611,True,0.0008240420138463378,0.045219041989184916,0.046043084003031254,36864,5,,,0.045219041989184916,0.0,0.002568162487501521,False,-0.002568162487501521,measured_local
clearaccept_main,channel,12,12,14,qaoa_warm,nominal,2992,5.095919924031611,5.095919924031611,True,0.0008240420138463378,0.02728337503504008,0.02810741704888642,36864,115,0.07881118595144943,0.00010083301458507776,9.263,0.0,0.5260812276256583,True,-2.5260812276256583,modeled_qpu
clearaccept_main,channel,12,12,15,task_specific,local,2906,0.8921092044080909,0.8921092044080909,True,0.0008609590586274862,9.737501386553049e-05,0.0009583340724930167,36864,48,,,9.737501386553049e-05,0.0,7.211754421133076e-06,False,-7.211754421133076e-06,measured_local
clearaccept_main,channel,12,12,15,milp,local,2906,0.8921092044080909,0.8921092044080909,True,0.0008609590586274862,0.039482541964389384,0.04034350102301687,36864,1,,,0.039482541964389384,0.0,0.0029241422955016503,False,-0.0029241422955016503,measured_local
clearaccept_main,channel,12,12,15,qaoa_warm,nominal,2906,0.8921092044080909,0.8921092044080909,True,0.0008609590586274862,0.025996249984018505,0.02685720904264599,36864,110,0.17936103205158427,9.708397556096315e-05,8.882,0.0,0.6578155958669246,True,-2.6578155958669245,modeled_qpu
clearaccept_main,channel,12,12,16,task_specific,local,3147,2.64852741614032,2.64852741614032,True,0.0008358340710401535,9.337498340755701e-05,0.0009292090544477105,36864,48,,,9.337498340755701e-05,0.0,6.31820642565397e-06,False,-6.31820642565397e-06,measured_local
clearaccept_main,channel,12,12,16,milp,local,3147,2.64852741614032,2.64852741614032,True,0.0008358340710401535,0.04851762508042157,0.04935345915146172,36864,1,,,0.04851762508042157,0.0,0.003282938955957882,False,-0.003282938955957882,measured_local
clearaccept_main,channel,12,12,16,qaoa_warm,nominal,3147,2.64852741614032,2.64852741614032,True,0.0008358340710401535,0.029810957959853113,0.030646792030893266,36864,125,0.2042591577260466,0.00010079098865389824,10.025,0.0,0.6783403552610947,True,-2.6783403552610947,modeled_qpu
clearaccept_main,channel,12,12,17,task_specific,local,2169,7.004307339588834,7.004307339588834,True,0.0008551670471206307,9.74580179899931e-05,0.0009526250651106238,36864,48,,,9.74580179899931e-05,0.0,6.505115467528349e-06,False,-6.505115467528349e-06,measured_local
clearaccept_main,channel,12,12,17,milp,local,1926,7.004307339588834,7.004307339588834,True,0.0008551670471206307,0.05333145800977945,0.054186625056900084,36864,7,,,0.05333145800977945,0.0,0.0035597614189206797,False,-0.0035597614189206797,measured_local
clearaccept_main,channel,12,12,17,qaoa_warm,nominal,2169,7.004307339588834,7.004307339588834,True,0.0008551670471206307,0.027576375054195523,0.028431542101316154,36864,117,0.1578569935096444,0.00010724994353950024,9.4154,0.0,0.6284579292311827,True,-2.6284579292311827,modeled_qpu
clearaccept_main,channel,12,12,18,task_specific,local,1142,4.445386840825681,3.2346467139553257,True,0.0008438749937340617,9.762495756149292e-05,0.0009414999512955546,36864,48,,,9.762495756149292e-05,0.2859129010409175,6.085880862376501e-06,False,-0.28591898692177986,measured_local
clearaccept_main,channel,12,12,18,milp,local,3441,3.2346467139553257,3.2346467139553257,True,0.0008438749937340617,0.047722707968205214,0.048566582961939275,36864,7,,,0.047722707968205214,0.0,0.0029750047772521787,False,-0.0029750047772521787,measured_local
clearaccept_main,channel,12,12,18,qaoa_warm,nominal,3441,3.2346467139553257,3.2346467139553257,True,0.0008438749937340617,0.02741816604975611,0.02826204104349017,36864,117,0.0015709521395353698,9.112502448260784e-05,9.4154,0.0,0.586950346539474,True,-2.586950346539474,modeled_qpu
clearaccept_main,channel,12,12,19,task_specific,local,254,4.868709694048102,4.722261323128299,True,0.000833541969768703,8.712499402463436e-05,0.0009206669637933373,36864,48,,,8.712499402463436e-05,0.025592744310345656,6.048547029998319e-06,False,-0.025598792857375655,measured_local
clearaccept_main,channel,12,12,19,milp,local,3860,4.722261323128299,4.722261323128299,True,0.000833541969768703,0.06449829100165516,0.06533183297142386,36864,7,,,0.06449829100165516,0.0,0.004477715618180967,False,-0.004477715618180967,measured_local
clearaccept_main,channel,12,12,19,qaoa_warm,nominal,235,4.722261323128299,4.722261323128299,True,0.000833541969768703,0.029993915930390358,0.03082745790015906,36864,128,0.006855637206526107,9.295798372477293e-05,10.2536,0.0,0.7118437426722227,True,-2.711843742672223,modeled_qpu
clearaccept_main,channel,12,12,20,task_specific,local,347,9.280630853554003,7.559376737365809,True,0.0008742919890210032,9.845802560448647e-05,0.0009727500146254897,36864,48,,,9.845802560448647e-05,0.20109573033210343,3.6148364426701805e-06,False,-0.2010993451685461,measured_local
clearaccept_main,channel,12,12,20,milp,local,2740,7.559376737365809,7.559376737365809,True,0.0008742919890210032,0.047747874981723726,0.04862216697074473,36864,3,,,0.047747874981723726,0.0,0.0017530389979314165,False,-0.0017530389979314165,measured_local
clearaccept_main,channel,12,12,20,qaoa_warm,nominal,1355,7.559376737365809,7.559376737365809,True,0.0008742919890210032,0.025953292031772435,0.026827584020793438,36864,110,0.025759720004391196,9.558303281664848e-05,8.882,0.0,0.3260981223894613,True,-2.3260981223894612,modeled_qpu
clearaccept_main,channel,12,12,21,task_specific,local,1374,7.177996707491211,5.501958702391944,True,0.0008600420551374555,9.512505494058132e-05,0.0009551671100780368,36864,48,,,9.512505494058132e-05,0.25777432337161493,6.2016839903664595e-06,False,-0.2577805250556053,measured_local
clearaccept_main,channel,12,12,21,milp,local,881,5.501958702391944,5.501958702391944,True,0.0008600420551374555,0.03968666598666459,0.04054670804180205,36864,1,,,0.03968666598666459,0.0,0.0025873747062144384,False,-0.0025873747062144384,measured_local
clearaccept_main,channel,12,12,21,qaoa_warm,nominal,3214,5.501958702391944,5.501958702391944,True,0.0008600420551374555,0.03020100004505366,0.031061042100191116,36864,129,0.0018897258824690432,0.0001088329590857029,10.3298,0.0,0.6734519661902227,True,-2.673451966190223,modeled_qpu
clearaccept_main,channel,12,12,22,task_specific,local,2865,3.7680967847577573,3.236264003200334,True,0.0008407499408349395,8.733395952731371e-05,0.0009280839003622532,36864,48,,,8.733395952731371e-05,0.12554287956455124,5.250755314807385e-06,False,-0.12554813031986603,measured_local
clearaccept_main,channel,12,12,22,milp,local,2866,3.236264003200334,3.236264003200334,True,0.0008407499408349395,0.057008625008165836,0.057849374949000776,36864,3,,,0.057008625008165836,0.0,0.0034275136770578903,False,-0.0034275136770578903,measured_local
clearaccept_main,channel,12,12,22,qaoa_warm,nominal,2866,3.236264003200334,3.236264003200334,True,0.0008407499408349395,0.025751249981112778,0.026591999921947718,36864,110,0.02781335311951875,9.637500625103712e-05,8.882,0.0,0.5340100112091379,True,-2.534010011209138,modeled_qpu
clearaccept_main,channel,12,12,23,task_specific,local,2651,2.124678330765125,2.124678330765125,True,0.0008475000504404306,9.058299474418163e-05,0.0009380830451846123,36864,48,,,9.058299474418163e-05,0.0,3.855082386968608e-06,False,-3.855082386968608e-06,measured_local
clearaccept_main,channel,12,12,23,milp,local,2651,2.124678330765125,2.124678330765125,True,0.0008475000504404306,0.05626108299475163,0.05710858304519206,36864,5,,,0.05626108299475163,0.0,0.002394391030428783,False,-0.002394391030428783,measured_local
clearaccept_main,channel,12,12,23,qaoa_warm,nominal,2651,2.124678330765125,2.124678330765125,True,0.0008475000504404306,0.03010754194110632,0.03095504199154675,36864,127,0.17474581923297516,9.554100688546896e-05,10.1774,0.0,0.43313555260497116,True,-2.433135552604971,modeled_qpu
clearaccept_main,channel,12,12,24,task_specific,local,3780,5.903096807635313,3.7052698313719747,True,0.0008466250728815794,9.350001346319914e-05,0.0009401250863447785,36864,48,,,9.350001346319914e-05,0.46709903045506956,1.851633599265713e-06,False,-0.46710088208866885,measured_local
clearaccept_main,channel,12,12,24,milp,local,2456,3.7052698313719747,3.7052698313719747,True,0.0008466250728815794,0.05512916704174131,0.05597579211462289,36864,7,,,0.05512916704174131,0.0,0.0010917540459413695,False,-0.0010917540459413695,measured_local
clearaccept_main,channel,12,12,24,qaoa_warm,nominal,1639,3.7052698313719747,3.7052698313719747,True,0.0008466250728815794,0.02723066695034504,0.02807729202322662,36864,116,0.001843956063710216,8.90420051291585e-05,9.3392,0.0,0.18494945476204283,True,-2.1849494547620427,modeled_qpu
clearaccept_main,channel,12,12,25,task_specific,local,2474,10.661227544573666,8.826526641192926,True,0.0008632499957457185,9.579095058143139e-05,0.0009590409463271499,36864,48,,,9.579095058143139e-05,0.18670899396839274,4.422721653041423e-06,False,-0.1867134166900458,measured_local
clearaccept_main,channel,12,12,25,milp,local,3665,8.826526641192926,8.826526641192926,True,0.0008632499957457185,0.053729542065411806,0.054592792061157525,36864,7,,,0.053729542065411806,0.0,0.0024807229457305367,False,-0.0024807229457305367,measured_local
clearaccept_main,channel,12,12,25,qaoa_warm,nominal,430,8.826526641192926,8.826526641192926,True,0.0008632499957457185,0.02811441698577255,0.02897766698151827,36864,119,0.027355062397199585,9.708397556096315e-05,9.5678,0.0,0.4417506661654574,True,-2.4417506661654573,modeled_qpu
clearaccept_main,channel,12,12,26,task_specific,local,2234,8.780382038379315,5.718122651810221,True,0.0008484589634463191,9.133398998528719e-05,0.0009397929534316063,36864,48,,,9.133398998528719e-05,0.4558207024910386,7.227021616134855e-06,False,-0.4558279295126548,measured_local
clearaccept_main,channel,12,12,26,milp,local,2294,5.718122651810221,5.718122651810221,True,0.0008484589634463191,0.06339254102203995,0.06424099998548627,36864,1,,,0.06339254102203995,0.0,0.0050160872676404365,False,-0.0050160872676404365,measured_local
clearaccept_main,channel,12,12,26,qaoa_warm,nominal,2294,5.718122651810221,5.718122651810221,True,0.0008484589634463191,0.02971916599199176,0.030567624955438077,36864,127,0.011317883565975729,0.00010095804464071989,10.1774,0.0,0.8053112516807737,True,-2.8053112516807737,modeled_qpu
clearaccept_main,channel,12,12,27,task_specific,local,2835,5.008466033112291,5.008466033112291,True,0.0009168339893221855,0.00010125001426786184,0.0010180840035900474,36864,48,,,0.00010125001426786184,0.0,7.87566529623484e-06,False,-7.87566529623484e-06,measured_local
clearaccept_main,channel,12,12,27,milp,local,2835,5.008466033112291,5.008466033112291,True,0.0009168339893221855,0.07036174996756017,0.07127858395688236,36864,7,,,0.07036174996756017,0.0,0.00547304211667415,True,-2.005473042116674,measured_local
clearaccept_main,channel,12,12,27,qaoa_warm,nominal,2835,5.008466033112291,5.008466033112291,True,0.0009168339893221855,0.027290416066534817,0.028207250055857003,36864,116,0.17019285922431293,0.00010104093234986067,9.3392,0.0,0.7264434861214926,True,-2.7264434861214926,modeled_qpu
clearaccept_main,channel,12,12,28,task_specific,local,2119,6.153069002536247,6.153069002536247,True,0.0008651249809190631,9.491597302258015e-05,0.0009600409539416432,36864,48,,,9.491597302258015e-05,0.0,3.7966811647046495e-06,False,-3.7966811647046495e-06,measured_local
clearaccept_main,channel,12,12,28,milp,local,2119,6.153069002536247,6.153069002536247,True,0.0008651249809190631,0.05543337494600564,0.056298499926924706,36864,5,,,0.05543337494600564,0.0,0.0022173596693092104,False,-0.0022173596693092104,measured_local
clearaccept_main,channel,12,12,28,qaoa_warm,nominal,2119,6.153069002536247,6.153069002536247,True,0.0008651249809190631,0.026453917031176388,0.02731904201209545,36864,112,0.14120464639814198,0.00010129099246114492,9.0344,0.0,0.36138002089751187,True,-2.3613800208975118,modeled_qpu
clearaccept_main,channel,12,12,29,task_specific,local,1683,7.763051601869748,5.049190018437743,True,0.0010838339803740382,0.00014450005255639553,0.0012283340329304338,36864,48,,,0.00014450005255639553,0.4486322259939329,2.945636590616931e-06,False,-0.44863517163052347,measured_local
clearaccept_main,channel,12,12,29,milp,local,826,5.049190018437743,5.049190018437743,True,0.0010838339803740382,0.05320670804940164,0.05429054202977568,36864,3,,,0.05320670804940164,0.0,0.0010846198553140468,False,-0.0010846198553140468,measured_local
clearaccept_main,channel,12,12,29,qaoa_warm,nominal,3269,5.049190018437743,5.049190018437743,True,0.0010838339803740382,0.030017749988473952,0.03110158396884799,36864,127,0.0014072015118570987,9.895896073430777e-05,10.1774,0.0,0.20746651165157587,True,-2.207466511651576,modeled_qpu
clearaccept_main,placement,6,6,0,task_specific,local,18,1.1818622122001132,1.1818622122001132,True,0.00015854090452194214,2.720800694078207e-05,0.0001857489114627242,576,12,,,2.720800694078207e-05,0.0,2.2693090704339135e-06,False,-2.2693090704339135e-06,measured_local
clearaccept_main,placement,6,6,0,milp,local,18,1.1818622122001132,1.1818622122001132,True,0.00015854090452194214,0.0045569590292871,0.004715499933809042,576,1,,,0.0045569590292871,0.0,0.00038007739711564813,False,-0.00038007739711564813,measured_local
clearaccept_main,placement,6,6,0,qaoa_warm,nominal,18,1.1818622122001132,1.1818622122001132,True,0.00015854090452194214,0.0050027500838041306,0.005161290988326073,576,98,0.40811935938854305,1.916696783155203e-05,7.9676,0.0,0.6645450726671098,True,-2.66454507266711,modeled_qpu
clearaccept_main,placement,6,6,1,task_specific,local,9,0.9097056080047319,0.9097056080047319,True,8.008291479200125e-05,2.037500962615013e-05,0.00010045792441815138,576,12,,,2.037500962615013e-05,0.0,1.1934045441067715e-06,False,-1.1934045441067715e-06,measured_local
clearaccept_main,placement,6,6,1,milp,local,9,0.9097056080047319,0.9097056080047319,True,8.008291479200125e-05,0.004315083031542599,0.0043951659463346004,576,1,,,0.004315083031542599,0.0,0.0002527429332564192,False,-0.0002527429332564192,measured_local
clearaccept_main,placement,6,6,1,qaoa_warm,nominal,9,0.9097056080047319,0.9097056080047319,True,8.008291479200125e-05,0.00530308298766613,0.005383165902458131,576,102,0.4101464123016102,1.8208986148238182e-05,8.272400000000001,0.0,0.4845308017915395,True,-2.4845308017915393,modeled_qpu
clearaccept_main,placement,6,6,2,task_specific,local,9,0.8485033594844218,0.8485033594844218,True,7.575005292892456e-05,1.9582919776439667e-05,9.533297270536423e-05,576,12,,,1.9582919776439667e-05,0.0,1.6291549122662889e-06,False,-1.6291549122662889e-06,measured_local
clearaccept_main,placement,6,6,2,milp,local,9,0.8485033594844218,0.8485033594844218,True,7.575005292892456e-05,0.004254332976415753,0.004330083029344678,576,1,,,0.004254332976415753,0.0,0.0003539292171989019,False,-0.0003539292171989019,measured_local
clearaccept_main,placement,6,6,2,qaoa_warm,nominal,9,0.8485033594844218,0.8485033594844218,True,7.575005292892456e-05,0.005056749912910163,0.005132499965839088,576,97,0.33786527729957877,1.808302477002144e-05,7.8914,0.0,0.6565064465068025,True,-2.6565064465068025,modeled_qpu
clearaccept_main,placement,6,6,3,task_specific,local,9,1.1799209979456753,1.1799209979456753,True,7.520802319049835e-05,2.1124957129359245e-05,9.63329803198576e-05,576,12,,,2.1124957129359245e-05,0.0,2.3177310571861014e-06,False,-2.3177310571861014e-06,measured_local
clearaccept_main,placement,6,6,3,milp,local,9,1.1799209979456753,1.1799209979456753,True,7.520802319049835e-05,0.004167124978266656,0.004242333001457155,576,1,,,0.004167124978266656,0.0,0.00045719737664611003,False,-0.00045719737664611003,measured_local
clearaccept_main,placement,6,6,3,qaoa_warm,nominal,9,1.1799209979456753,1.1799209979456753,True,7.520802319049835e-05,0.004926666966639459,0.0050018749898299575,576,95,0.4082214301579248,1.8333084881305695e-05,7.739000000000001,0.0,0.8490867243765761,True,-2.8490867243765763,modeled_qpu
clearaccept_main,placement,6,6,4,task_specific,local,9,1.3444906723064454,1.3444906723064454,True,6.962509360164404e-05,1.704192254692316e-05,8.66670161485672e-05,576,12,,,1.704192254692316e-05,0.0,1.632845231424544e-06,False,-1.632845231424544e-06,measured_local
clearaccept_main,placement,6,6,4,milp,local,9,1.3444906723064454,1.3444906723064454,True,6.962509360164404e-05,0.004603333072736859,0.004672958166338503,576,0,,,0.004603333072736859,0.0,0.00044106117932300715,False,-0.00044106117932300715,measured_local
clearaccept_main,placement,6,6,4,qaoa_warm,nominal,9,1.3444906723064454,1.3444906723064454,True,6.962509360164404e-05,0.004916375037282705,0.004986000130884349,576,95,0.3186417093647252,1.691700890660286e-05,7.739000000000001,0.0,0.7415002157885071,True,-2.7415002157885073,modeled_qpu
clearaccept_main,placement,6,6,5,task_specific,local,9,2.1800632460358647,2.1800632460358647,True,5.708308890461922e-05,1.6292091459035873e-05,7.337518036365509e-05,576,12,,,1.6292091459035873e-05,0.0,5.928780050784723e-07,False,-5.928780050784723e-07,measured_local
clearaccept_main,placement,6,6,5,milp,local,9,2.1800632460358647,2.1800632460358647,True,5.708308890461922e-05,0.00453337503131479,0.0045904581202194095,576,0,,,0.00453337503131479,0.0,0.00016497196517687137,False,-0.00016497196517687137,measured_local
clearaccept_main,placement,6,6,5,qaoa_warm,nominal,9,2.1800632460358647,2.1800632460358647,True,5.708308890461922e-05,0.005372000043280423,0.005429083132185042,576,103,0.4039591373665605,1.8499908037483692e-05,8.348600000000001,0.0,0.30381006181087605,True,-2.303810061810876,modeled_qpu
clearaccept_main,placement,6,6,6,task_specific,local,18,1.5619595269294149,1.5619595269294149,True,7.445900700986385e-05,1.89170241355896e-05,9.337603114545345e-05,576,12,,,1.89170241355896e-05,0.0,4.6998236176498263e-07,False,-4.6998236176498263e-07,measured_local
clearaccept_main,placement,6,6,6,milp,local,18,1.5619595269294149,1.5619595269294149,True,7.445900700986385e-05,0.004657958052121103,0.004732417059130967,576,0,,,0.004657958052121103,0.0,0.00011572423393061676,False,-0.00011572423393061676,measured_local
clearaccept_main,placement,6,6,6,qaoa_warm,nominal,18,1.5619595269294149,1.5619595269294149,True,7.445900700986385e-05,0.005090875085443258,0.005165334092453122,576,97,0.4093139803039344,2.050003968179226e-05,7.8914,0.0,0.1960572013361545,True,-2.1960572013361546,modeled_qpu
clearaccept_main,placement,6,6,7,task_specific,local,9,1.7225326477862517,1.7225326477862517,True,7.391697727143764e-05,1.7874990589916706e-05,9.179196786135435e-05,576,12,,,1.7874990589916706e-05,0.0,1.1777704608774746e-06,False,-1.1777704608774746e-06,measured_local
clearaccept_main,placement,6,6,7,milp,local,9,1.7225326477862517,1.7225326477862517,True,7.391697727143764e-05,0.004649084061384201,0.004723001038655639,576,0,,,0.004649084061384201,0.0,0.0003063248537161947,False,-0.0003063248537161947,measured_local
clearaccept_main,placement,6,6,7,qaoa_warm,nominal,9,1.7225326477862517,1.7225326477862517,True,7.391697727143764e-05,0.005203041946515441,0.005276958923786879,576,99,0.4048176729266697,1.9332976080477238e-05,8.043800000000001,0.0,0.530000280870099,True,-2.530000280870099,modeled_qpu
clearaccept_main,placement,6,6,8,task_specific,local,36,1.3552020546619976,1.3552020546619976,True,6.912497337907553e-05,1.7583020962774754e-05,8.670799434185028e-05,576,12,,,1.7583020962774754e-05,0.0,1.46980371481181e-06,False,-1.46980371481181e-06,measured_local
clearaccept_main,placement,6,6,8,milp,local,36,1.3552020546619976,1.3552020546619976,True,6.912497337907553e-05,0.004422832978889346,0.004491957952268422,576,1,,,0.004422832978889346,0.0,0.00036971441688697605,False,-0.00036971441688697605,measured_local
clearaccept_main,placement,6,6,8,qaoa_warm,nominal,36,1.3552020546619976,1.3552020546619976,True,6.912497337907553e-05,0.0051735410233959556,0.005242665996775031,576,101,0.4082538589328935,2.2792024537920952e-05,8.196200000000001,0.0,0.6851385340917815,True,-2.6851385340917817,modeled_qpu
clearaccept_main,placement,6,6,9,task_specific,local,9,1.8691217119778392,1.8691217119778392,True,6.745907012373209e-05,1.7583020962774754e-05,8.504209108650684e-05,576,12,,,1.7583020962774754e-05,0.0,4.039605752853847e-07,False,-4.039605752853847e-07,measured_local
clearaccept_main,placement,6,6,9,milp,local,9,1.8691217119778392,1.8691217119778392,True,6.745907012373209e-05,0.004788040998391807,0.004855500068515539,576,0,,,0.004788040998391807,0.0,0.00011000270091784795,False,-0.00011000270091784795,measured_local
clearaccept_main,placement,6,6,9,qaoa_warm,nominal,9,1.8691217119778392,1.8691217119778392,True,6.745907012373209e-05,0.005443459027446806,0.0055109180975705385,576,103,0.3303195769061342,2.2791908122599125e-05,8.348600000000001,0.0,0.19180465438604313,True,-2.191804654386043,modeled_qpu
clearaccept_main,placement,6,6,10,task_specific,local,36,1.3220391894653551,1.3220391894653551,True,7.49579630792141e-05,1.8457998521625996e-05,9.341596160084009e-05,576,12,,,1.8457998521625996e-05,0.0,1.2669201022412576e-06,False,-1.2669201022412576e-06,measured_local
clearaccept_main,placement,6,6,10,milp,local,36,1.3220391894653551,1.3220391894653551,True,7.49579630792141e-05,0.004575290950015187,0.004650248913094401,576,1,,,0.004575290950015187,0.0,0.0003140388201562233,False,-0.0003140388201562233,measured_local
clearaccept_main,placement,6,6,10,qaoa_warm,nominal,36,1.3220391894653551,1.3220391894653551,True,7.49579630792141e-05,0.005012832931242883,0.005087790894322097,576,99,0.4067659630451131,1.937500201165676e-05,8.043800000000001,0.0,0.5521103442753175,True,-2.5521103442753175,modeled_qpu
clearaccept_main,placement,6,6,11,task_specific,local,18,1.267116824754423,1.267116824754423,True,6.65000407025218e-05,1.670804340392351e-05,8.320808410644531e-05,576,12,,,1.670804340392351e-05,0.0,1.9213359135527143e-06,False,-1.9213359135527143e-06,measured_local
clearaccept_main,placement,6,6,11,milp,local,18,1.267116824754423,1.267116824754423,True,6.65000407025218e-05,0.004460749914869666,0.004527249955572188,576,0,,,0.004460749914869666,0.0,0.0005129624579981453,False,-0.0005129624579981453,measured_local
clearaccept_main,placement,6,6,11,qaoa_warm,nominal,18,1.267116824754423,1.267116824754423,True,6.65000407025218e-05,0.00502849998883903,0.005095000029541552,576,98,0.32485651111760977,1.737498678267002e-05,7.9676,0.0,0.9162315212341238,True,-2.9162315212341237,modeled_qpu
clearaccept_main,placement,6,6,12,task_specific,local,9,0.9398736102452181,0.9398736102452181,True,5.7415920309722424e-05,1.5832949429750443e-05,7.324886973947287e-05,576,12,,,1.5832949429750443e-05,0.0,3.259386981411139e-07,False,-3.259386981411139e-07,measured_local
clearaccept_main,placement,6,6,12,milp,local,9,0.9398736102452181,0.9398736102452181,True,5.7415920309722424e-05,0.004083999898284674,0.004141415818594396,576,1,,,0.004083999898284674,0.0,8.407363491947497e-05,False,-8.407363491947497e-05,measured_local
clearaccept_main,placement,6,6,12,qaoa_warm,nominal,9,0.9398736102452181,0.9398736102452181,True,5.7415920309722424e-05,0.005048249964602292,0.005105665884912014,576,98,0.40943955460578385,1.7042038962244987e-05,7.9676,0.0,0.16402181936041665,True,-2.164021819360417,modeled_qpu
clearaccept_main,placement,6,6,13,task_specific,local,9,1.2092464858235128,1.2092464858235128,True,5.733291618525982e-05,1.620908733457327e-05,7.354200351983309e-05,576,12,,,1.620908733457327e-05,0.0,1.464144822329253e-06,False,-1.464144822329253e-06,measured_local
clearaccept_main,placement,6,6,13,milp,local,9,1.2092464858235128,1.2092464858235128,True,5.733291618525982e-05,0.004398958059027791,0.004456290975213051,576,1,,,0.004398958059027791,0.0,0.00039735190099391505,False,-0.00039735190099391505,measured_local
clearaccept_main,placement,6,6,13,qaoa_warm,nominal,9,1.2092464858235128,1.2092464858235128,True,5.733291618525982e-05,0.005024916958063841,0.005082249874249101,576,96,0.40935212439380525,1.808407250791788e-05,7.815200000000001,0.0,0.7059363910675618,True,-2.705936391067562,modeled_qpu
clearaccept_main,placement,6,6,14,task_specific,local,18,1.7627851174262217,1.7627851174262217,True,6.445799954235554e-05,1.7042038962244987e-05,8.150003850460052e-05,576,12,,,1.7042038962244987e-05,0.0,5.187242271078211e-07,False,-5.187242271078211e-07,measured_local
clearaccept_main,placement,6,6,14,milp,local,18,1.7627851174262217,1.7627851174262217,True,6.445799954235554e-05,0.004559332970529795,0.00462379097007215,576,1,,,0.004559332970529795,0.0,0.00013877661449459108,False,-0.00013877661449459108,measured_local
clearaccept_main,placement,6,6,14,qaoa_warm,nominal,18,1.7627851174262217,1.7627851174262217,True,6.445799954235554e-05,0.005271791014820337,0.005336249014362693,576,100,0.4090677804283755,2.0584091544151306e-05,8.120000000000001,0.0,0.2471559144681503,True,-2.2471559144681503,modeled_qpu
clearaccept_main,placement,6,6,15,task_specific,local,9,1.390932972407369,1.390932972407369,True,6.84160040691495e-05,1.6874982975423336e-05,8.529098704457283e-05,576,12,,,1.6874982975423336e-05,0.0,4.6824317128949985e-07,False,-4.6824317128949985e-07,measured_local
clearaccept_main,placement,6,6,15,milp,local,9,1.390932972407369,1.390932972407369,True,6.84160040691495e-05,0.004643165972083807,0.0047115819761529565,576,0,,,0.004643165972083807,0.0,0.00012883750832569203,False,-0.00012883750832569203,measured_local
clearaccept_main,placement,6,6,15,qaoa_warm,nominal,9,1.390932972407369,1.390932972407369,True,6.84160040691495e-05,0.004558458924293518,0.0046268749283626676,576,92,0.3192381508649851,1.60830095410347e-05,7.510400000000001,0.0,0.20839686290494988,True,-2.2083968629049497,modeled_qpu
clearaccept_main,placement,6,6,16,task_specific,local,9,1.1241713979585584,1.1241713979585584,True,5.449994932860136e-05,1.6291975043714046e-05,7.079192437231541e-05,576,12,,,1.6291975043714046e-05,0.0,9.543525433074817e-07,False,-9.543525433074817e-07,measured_local
clearaccept_main,placement,6,6,16,milp,local,9,1.1241713979585584,1.1241713979585584,True,5.449994932860136e-05,0.004429499967955053,0.004483999917283654,576,1,,,0.004429499967955053,0.0,0.00025947158331974857,False,-0.00025947158331974857,measured_local
clearaccept_main,placement,6,6,16,qaoa_warm,nominal,9,1.1241713979585584,1.1241713979585584,True,5.449994932860136e-05,0.005227291956543922,0.005281791905872524,576,104,0.40755497669984614,2.1875021047890186e-05,8.424800000000001,0.0,0.4935085700342418,True,-2.493508570034242,modeled_qpu
clearaccept_main,placement,6,6,17,task_specific,local,9,1.2073302855462769,1.2073302855462769,True,6.77080824971199e-05,1.9459053874015808e-05,8.716713637113571e-05,576,12,,,1.9459053874015808e-05,0.0,2.1102649583928934e-06,False,-2.1102649583928934e-06,measured_local
clearaccept_main,placement,6,6,17,milp,local,9,1.2073302855462769,1.2073302855462769,True,6.77080824971199e-05,0.004374749958515167,0.004442458041012287,576,1,,,0.004374749958515167,0.0,0.00047442602291742963,False,-0.00047442602291742963,measured_local
clearaccept_main,placement,6,6,17,qaoa_warm,nominal,9,1.2073302855462769,1.2073302855462769,True,6.77080824971199e-05,0.005099333007819951,0.0051670410903170705,576,102,0.32599507243895315,1.9417027942836285e-05,8.272400000000001,0.0,0.8971122622318298,True,-2.89711226223183,modeled_qpu
clearaccept_main,placement,6,6,18,task_specific,local,9,1.2975321053570046,1.2975321053570046,True,6.229197606444359e-05,1.7874990589916706e-05,8.01669666543603e-05,576,12,,,1.7874990589916706e-05,0.0,5.047426057890618e-07,False,-5.047426057890618e-07,measured_local
clearaccept_main,placement,6,6,18,milp,local,9,1.2975321053570046,1.2975321053570046,True,6.229197606444359e-05,0.004178582923486829,0.004240874899551272,576,1,,,0.004178582923486829,0.0,0.00011799216467818269,False,-0.00011799216467818269,measured_local
clearaccept_main,placement,6,6,18,qaoa_warm,nominal,9,1.2975321053570046,1.2975321053570046,True,6.229197606444359e-05,0.004888584022410214,0.0049508759984746575,576,100,0.33029818495355645,1.7583020962774754e-05,8.120000000000001,0.0,0.22928739113961574,True,-2.2292873911396156,modeled_qpu
clearaccept_main,placement,6,6,19,task_specific,local,9,1.737848725504364,1.737848725504364,True,5.7124998420476913e-05,1.5749945305287838e-05,7.287494372576475e-05,576,12,,,1.5749945305287838e-05,0.0,1.2887269206140602e-06,False,-1.2887269206140602e-06,measured_local
clearaccept_main,placement,6,6,19,milp,local,9,1.737848725504364,1.737848725504364,True,5.7124998420476913e-05,0.0042710419511422515,0.004328166949562728,576,0,,,0.0042710419511422515,0.0,0.00034947465751903635,False,-0.00034947465751903635,measured_local
clearaccept_main,placement,6,6,19,qaoa_warm,nominal,9,1.737848725504364,1.737848725504364,True,5.7124998420476913e-05,0.004854375030845404,0.004911500029265881,576,92,0.4061784904041348,1.6333069652318954e-05,7.510400000000001,0.0,0.6145325889690735,True,-2.6145325889690736,modeled_qpu
clearaccept_main,placement,6,6,20,task_specific,local,18,1.0440653454179964,1.0440653454179964,True,7.179193198680878e-05,1.9041006453335285e-05,9.083293844014406e-05,576,12,,,1.9041006453335285e-05,0.0,8.864348246821388e-07,False,-8.864348246821388e-07,measured_local
clearaccept_main,placement,6,6,20,milp,local,18,1.0440653454179964,1.0440653454179964,True,7.179193198680878e-05,0.004640583065338433,0.0047123749973252416,576,1,,,0.004640583065338433,0.0,0.00021603765777967207,False,-0.00021603765777967207,measured_local
clearaccept_main,placement,6,6,20,qaoa_warm,nominal,18,1.0440653454179964,1.0440653454179964,True,7.179193198680878e-05,0.005421583075076342,0.00549337500706315,576,103,0.4098696989495377,2.020795363932848e-05,8.348600000000001,0.0,0.3886606412049722,True,-2.388660641204972,modeled_qpu
clearaccept_main,placement,6,6,21,task_specific,local,9,1.686037432772745,1.686037432772745,True,6.720807868987322e-05,1.650000922381878e-05,8.3708087913692e-05,576,12,,,1.650000922381878e-05,0.0,6.817386631175861e-07,False,-6.817386631175861e-07,measured_local
clearaccept_main,placement,6,6,21,milp,local,9,1.686037432772745,1.686037432772745,True,6.720807868987322e-05,0.004410624969750643,0.004477833048440516,576,1,,,0.004410624969750643,0.0,0.00018223587208970836,False,-0.00018223587208970836,measured_local
clearaccept_main,placement,6,6,21,qaoa_warm,nominal,9,1.686037432772745,1.686037432772745,True,6.720807868987322e-05,0.004968249937519431,0.005035458016209304,576,96,0.40797966372126476,1.7000013031065464e-05,7.815200000000001,0.0,0.32290430433853173,True,-2.3229043043385316,modeled_qpu
clearaccept_main,placement,6,6,22,task_specific,local,9,1.8655819807066727,1.8655819807066727,True,6.791600026190281e-05,1.7290934920310974e-05,8.520693518221378e-05,576,12,,,1.7290934920310974e-05,0.0,2.0208332208154407e-06,False,-2.0208332208154407e-06,measured_local
clearaccept_main,placement,6,6,22,milp,local,9,1.8655819807066727,1.8655819807066727,True,6.791600026190281e-05,0.004728790954686701,0.004796706954948604,576,0,,,0.004728790954686701,0.0,0.0005526651913019047,False,-0.0005526651913019047,measured_local
clearaccept_main,placement,6,6,22,qaoa_warm,nominal,9,1.8655819807066727,1.8655819807066727,True,6.791600026190281e-05,0.0046921250177547336,0.004760041018016636,576,91,0.4048507368820001,2.5208108127117157e-05,7.434200000000001,0.0,0.868852864198737,True,-2.868852864198737,modeled_qpu
clearaccept_main,placement,6,6,23,task_specific,local,36,1.9423665961377536,1.9423665961377536,True,6.095890421420336e-05,1.820793841034174e-05,7.91668426245451e-05,576,12,,,1.820793841034174e-05,0.0,8.038116070658298e-07,False,-8.038116070658298e-07,measured_local
clearaccept_main,placement,6,6,23,milp,local,36,1.9423665961377536,1.9423665961377536,True,6.095890421420336e-05,0.004414665978401899,0.004475624882616103,576,1,,,0.004414665978401899,0.0,0.00019489080393322096,False,-0.00019489080393322096,measured_local
clearaccept_main,placement,6,6,23,qaoa_warm,nominal,36,1.9423665961377536,1.9423665961377536,True,6.095890421420336e-05,0.005376333021558821,0.0054372919257730246,576,103,0.41161544267504685,1.7499900422990322e-05,8.348600000000001,0.0,0.36855911040089223,True,-2.3685591104008923,modeled_qpu
clearaccept_main,placement,6,6,24,task_specific,local,9,0.744479806294289,0.744479806294289,True,5.4541975259780884e-05,1.6542035154998302e-05,7.108401041477919e-05,576,12,,,1.6542035154998302e-05,0.0,7.852787272670675e-07,False,-7.852787272670675e-07,measured_local
clearaccept_main,placement,6,6,24,milp,local,9,0.744479806294289,0.744479806294289,True,5.4541975259780884e-05,0.004354791948571801,0.004409333923831582,576,1,,,0.004354791948571801,0.0,0.00020672942880634856,False,-0.00020672942880634856,measured_local
clearaccept_main,placement,6,6,24,qaoa_warm,nominal,9,0.744479806294289,0.744479806294289,True,5.4541975259780884e-05,0.005261041107587516,0.005315583082847297,576,100,0.4146653985763601,1.7208047211170197e-05,8.120000000000001,0.0,0.385470300701295,True,-2.385470300701295,modeled_qpu
clearaccept_main,placement,6,6,25,task_specific,local,18,1.0043648857454464,1.0043648857454464,True,5.383300594985485e-05,1.591700129210949e-05,6.975000724196434e-05,576,12,,,1.591700129210949e-05,0.0,4.853799786356967e-07,False,-4.853799786356967e-07,measured_local
clearaccept_main,placement,6,6,25,milp,local,18,1.0043648857454464,1.0043648857454464,True,5.383300594985485e-05,0.004506582976318896,0.004560415982268751,576,1,,,0.004506582976318896,0.0,0.00013742570655252877,False,-0.00013742570655252877,measured_local
clearaccept_main,placement,6,6,25,qaoa_warm,nominal,18,1.0043648857454464,1.0043648857454464,True,5.383300594985485e-05,0.005340249976143241,0.005394082982093096,576,103,0.408650484232517,1.5915953554213047e-05,8.348600000000001,0.0,0.25458584913521304,True,-2.254585849135213,modeled_qpu
clearaccept_main,placement,6,6,26,task_specific,local,9,1.7730368460158967,1.7730368460158967,True,6.749993190169334e-05,1.6874982975423336e-05,8.437491487711668e-05,576,12,,,1.6874982975423336e-05,0.0,8.801951878423931e-07,False,-8.801951878423931e-07,measured_local
clearaccept_main,placement,6,6,26,milp,local,9,1.7730368460158967,1.7730368460158967,True,6.749993190169334e-05,0.004395166994072497,0.00446266692597419,576,0,,,0.004395166994072497,0.0,0.00022925088834640898,False,-0.00022925088834640898,measured_local
clearaccept_main,placement,6,6,26,qaoa_warm,nominal,9,1.7730368460158967,1.7730368460158967,True,6.749993190169334e-05,0.005328458035364747,0.00539595796726644,576,103,0.32990457766080156,1.629104372113943e-05,8.348600000000001,0.0,0.43546103459323093,True,-2.435461034593231,modeled_qpu
clearaccept_main,placement,6,6,27,task_specific,local,9,1.2682887684690582,1.2682887684690582,True,5.658401641994715e-05,1.5625031664967537e-05,7.220904808491468e-05,576,12,,,1.5625031664967537e-05,0.0,1.3928321968308465e-06,False,-1.3928321968308465e-06,measured_local
clearaccept_main,placement,6,6,27,milp,local,9,1.2682887684690582,1.2682887684690582,True,5.658401641994715e-05,0.004350458038970828,0.004407042055390775,576,1,,,0.004350458038970828,0.0,0.00038780452786063167,False,-0.00038780452786063167,measured_local
clearaccept_main,placement,6,6,27,qaoa_warm,nominal,9,1.2682887684690582,1.2682887684690582,True,5.658401641994715e-05,0.005124457995407283,0.0051810420118272305,576,97,0.4094536230987063,1.6874982975423336e-05,7.8914,0.0,0.7034479182985885,True,-2.7034479182985884,modeled_qpu
clearaccept_main,placement,6,6,28,task_specific,local,18,0.7204835411862138,0.7204835411862138,True,8.283404167741537e-05,1.966592390090227e-05,0.00010249996557831764,576,12,,,1.966592390090227e-05,0.0,4.730341566773548e-07,False,-4.730341566773548e-07,measured_local
clearaccept_main,placement,6,6,28,milp,local,18,0.7204835411862138,0.7204835411862138,True,8.283404167741537e-05,0.004610999953001738,0.004693833994679153,576,1,,,0.004610999953001738,0.0,0.0001109106536361319,False,-0.0001109106536361319,measured_local
clearaccept_main,placement,6,6,28,qaoa_warm,nominal,18,0.7204835411862138,0.7204835411862138,True,8.283404167741537e-05,0.005078500020317733,0.005161334061995149,576,99,0.41234642566434787,1.937500201165676e-05,8.043800000000001,0.0,0.19348148445274593,True,-2.1934814844527457,modeled_qpu
clearaccept_main,placement,6,6,29,task_specific,local,36,0.9812027466485258,0.9812027466485258,True,6.1208033002913e-05,1.6750069335103035e-05,7.795810233801603e-05,576,12,,,1.6750069335103035e-05,0.0,8.218533585764667e-07,False,-8.218533585764667e-07,measured_local
clearaccept_main,placement,6,6,29,milp,local,36,0.9812027466485258,0.9812027466485258,True,6.1208033002913e-05,0.004531541955657303,0.004592749988660216,576,1,,,0.004531541955657303,0.0,0.00022234313788673137,False,-0.00022234313788673137,measured_local
clearaccept_main,placement,6,6,29,qaoa_warm,nominal,36,0.9812027466485258,0.9812027466485258,True,6.1208033002913e-05,0.005409582983702421,0.005470791016705334,576,103,0.4094847629538346,1.9166036508977413e-05,8.348600000000001,0.0,0.409629644638679,True,-2.409629644638679,modeled_qpu
clearaccept_main,placement,8,8,0,task_specific,local,17,1.2416804724726656,1.2416804724726656,True,9.5625058747828e-05,2.720800694078207e-05,0.00012283306568861008,2304,20,,,2.720800694078207e-05,0.0,2.87566513707238e-06,False,-2.87566513707238e-06,measured_local
clearaccept_main,placement,8,8,0,milp,local,17,1.2416804724726656,1.2416804724726656,True,9.5625058747828e-05,0.0044195420341566205,0.0045151670929044485,2304,0,,,0.0044195420341566205,0.0,0.0004671096628691477,False,-0.0004671096628691477,measured_local
clearaccept_main,placement,8,8,0,qaoa_warm,nominal,17,1.2416804724726656,1.2416804724726656,True,9.5625058747828e-05,0.008025375078432262,0.00812100013718009,2304,114,0.2684778056177176,2.5875051505863667e-05,9.1868,0.0,0.9709700728449304,True,-2.9709700728449304,modeled_qpu
clearaccept_main,placement,8,8,1,task_specific,local,68,1.7785185051231522,1.7785185051231522,True,0.00010062498040497303,2.583395689725876e-05,0.0001264589373022318,2304,20,,,2.583395689725876e-05,0.0,1.706927903871963e-06,False,-1.706927903871963e-06,measured_local
clearaccept_main,placement,8,8,1,milp,local,68,1.7785185051231522,1.7785185051231522,True,0.00010062498040497303,0.004370209062471986,0.004470834042876959,2304,0,,,0.004370209062471986,0.0,0.0002887529705245852,False,-0.0002887529705245852,measured_local
clearaccept_main,placement,8,8,1,qaoa_warm,nominal,68,1.7785185051231522,1.7785185051231522,True,0.00010062498040497303,0.007640333962626755,0.007740958943031728,2304,107,0.27837953923578335,2.5499961338937283e-05,8.6534,0.0,0.571756389549948,True,-2.571756389549948,modeled_qpu
clearaccept_main,placement,8,8,2,task_specific,local,17,0.8989638402529665,0.8989638402529665,True,0.00010062509682029486,2.466596197336912e-05,0.00012529105879366398,2304,20,,,2.466596197336912e-05,0.0,1.2322160683254579e-06,False,-1.2322160683254579e-06,measured_local
clearaccept_main,placement,8,8,2,milp,local,17,0.8989638402529665,0.8989638402529665,True,0.00010062509682029486,0.003956291940994561,0.004056917037814856,2304,1,,,0.003956291940994561,0.0,0.0001976410450135035,False,-0.0001976410450135035,measured_local
clearaccept_main,placement,8,8,2,qaoa_warm,nominal,17,0.8989638402529665,0.8989638402529665,True,0.00010062509682029486,0.007690374972298741,0.007791000069119036,2304,110,0.25486891566294184,2.720800694078207e-05,8.882,0.0,0.44371037021313475,True,-2.4437103702131346,modeled_qpu
clearaccept_main,placement,8,8,3,task_specific,local,17,1.0033898523385925,1.0033898523385925,True,9.620795026421547e-05,2.6000081561505795e-05,0.00012220803182572126,2304,20,,,2.6000081561505795e-05,0.0,2.643569156982944e-06,False,-2.643569156982944e-06,measured_local
clearaccept_main,placement,8,8,3,milp,local,17,1.0033898523385925,1.0033898523385925,True,9.620795026421547e-05,0.0041443329537287354,0.004240540903992951,2304,1,,,0.0041443329537287354,0.0,0.0004213767847930859,False,-0.0004213767847930859,measured_local
clearaccept_main,placement,8,8,3,qaoa_warm,nominal,17,1.0033898523385925,1.0033898523385925,True,9.620795026421547e-05,0.008214875007979572,0.008311082958243787,2304,115,0.2722531100950638,2.6916037313640118e-05,9.263,0.0,0.9418193955740354,True,-2.9418193955740355,modeled_qpu
clearaccept_main,placement,8,8,4,task_specific,local,17,1.5873771841242477,1.5873771841242477,True,0.00010254199150949717,2.3124972358345985e-05,0.00012566696386784315,2304,20,,,2.3124972358345985e-05,0.0,9.824792907794261e-07,False,-9.824792907794261e-07,measured_local
clearaccept_main,placement,8,8,4,milp,local,17,1.5873771841242477,1.5873771841242477,True,0.00010254199150949717,0.0039873330388218164,0.004089875030331314,2304,0,,,0.0039873330388218164,0.0,0.00016940440297085092,False,-0.00016940440297085092,measured_local
clearaccept_main,placement,8,8,4,qaoa_warm,nominal,17,1.5873771841242477,1.5873771841242477,True,0.00010254199150949717,0.007612416986376047,0.007714958977885544,2304,109,0.23785607025978586,2.337503246963024e-05,8.8058,0.0,0.3741200640018525,True,-2.3741200640018523,modeled_qpu
clearaccept_main,placement,8,8,5,task_specific,local,136,1.7417029357182396,1.7417029357182396,True,8.766702376306057e-05,2.4416018277406693e-05,0.00011208304204046726,2304,20,,,2.4416018277406693e-05,0.0,1.1221179058226164e-06,False,-1.1221179058226164e-06,measured_local
clearaccept_main,placement,8,8,5,milp,local,136,1.7417029357182396,1.7417029357182396,True,8.766702376306057e-05,0.004560375004075468,0.004648042027838528,2304,1,,,0.004560375004075468,0.0,0.00020958693556001438,False,-0.00020958693556001438,measured_local
clearaccept_main,placement,8,8,5,qaoa_warm,nominal,136,1.7417029357182396,1.7417029357182396,True,8.766702376306057e-05,0.00847908400464803,0.00856675102841109,2304,122,0.27407592303059075,2.4833017960190773e-05,9.7964,0.0,0.4502255743629077,True,-2.4502255743629076,modeled_qpu
clearaccept_main,placement,8,8,6,task_specific,local,136,1.4952036906317896,1.4952036906317896,True,9.091699030250311e-05,2.5166082195937634e-05,0.00011608307249844074,2304,20,,,2.5166082195937634e-05,0.0,2.351981450186744e-06,False,-2.351981450186744e-06,measured_local
clearaccept_main,placement,8,8,6,milp,local,136,1.4952036906317896,1.4952036906317896,True,9.091699030250311e-05,0.0044926670379936695,0.004583584028296173,2304,0,,,0.0044926670379936695,0.0,0.00041987741488550934,False,-0.00041987741488550934,measured_local
clearaccept_main,placement,8,8,6,qaoa_warm,nominal,136,1.4952036906317896,1.4952036906317896,True,9.091699030250311e-05,0.008036250015720725,0.008127167006023228,2304,115,0.2729209973980318,2.575002145022154e-05,9.263,0.0,0.8657050391656362,True,-2.8657050391656362,modeled_qpu
clearaccept_main,placement,8,8,7,task_specific,local,136,1.1798158326905188,1.1798158326905188,True,8.949998300522566e-05,2.5999965146183968e-05,0.00011549994815140963,2304,20,,,2.5999965146183968e-05,0.0,2.7130572368643783e-06,False,-2.7130572368643783e-06,measured_local
clearaccept_main,placement,8,8,7,milp,local,136,1.1798158326905188,1.1798158326905188,True,8.949998300522566e-05,0.004216250032186508,0.004305750015191734,2304,1,,,0.004216250032186508,0.0,0.0004399593460198224,False,-0.0004399593460198224,measured_local
clearaccept_main,placement,8,8,7,qaoa_warm,nominal,136,1.1798158326905188,1.1798158326905188,True,8.949998300522566e-05,0.008574291015975177,0.008663790998980403,2304,120,0.27439834276116976,3.1540985219180584e-05,9.644,0.0,1.0063368871923384,True,-3.0063368871923384,modeled_qpu
clearaccept_main,placement,8,8,8,task_specific,local,68,1.8697318382918118,1.8697318382918118,True,0.00010387494694441557,2.562499139457941e-05,0.00012949993833899498,2304,20,,,2.562499139457941e-05,0.0,8.609082010996351e-07,False,-8.609082010996351e-07,measured_local
clearaccept_main,placement,8,8,8,milp,local,68,1.8697318382918118,1.8697318382918118,True,0.00010387494694441557,0.004779750015586615,0.00488362496253103,2304,0,,,0.004779750015586615,0.0,0.0001605825314928721,False,-0.0001605825314928721,measured_local
clearaccept_main,placement,8,8,8,qaoa_warm,nominal,68,1.8697318382918118,1.8697318382918118,True,0.00010387494694441557,0.007916916045360267,0.008020790992304683,2304,110,0.27784527833950484,2.6791938580572605e-05,8.882,0.0,0.2984034813679774,True,-2.2984034813679775,modeled_qpu
clearaccept_main,placement,8,8,9,task_specific,local,17,0.99326386952637,0.99326386952637,True,0.000100292032584548,2.462498378008604e-05,0.00012491701636463404,2304,20,,,2.462498378008604e-05,0.0,2.482577131228021e-06,False,-2.482577131228021e-06,measured_local
clearaccept_main,placement,8,8,9,milp,local,17,0.99326386952637,0.99326386952637,True,0.000100292032584548,0.004013333003968,0.004113625036552548,2304,1,,,0.004013333003968,0.0,0.00040460569739383614,False,-0.00040460569739383614,measured_local
clearaccept_main,placement,8,8,9,qaoa_warm,nominal,17,0.99326386952637,0.99326386952637,True,0.000100292032584548,0.0075004169484600425,0.0076007089810445905,2304,105,0.25108362674402085,2.3916014470160007e-05,8.501000000000001,0.0,0.8570315570983768,True,-2.857031557098377,modeled_qpu
clearaccept_main,placement,8,8,10,task_specific,local,68,1.5166649963218322,1.5166649963218322,True,8.329097181558609e-05,2.5416957214474678e-05,0.00010870792903006077,2304,20,,,2.5416957214474678e-05,0.0,6.148403845251007e-07,False,-6.148403845251007e-07,measured_local
clearaccept_main,placement,8,8,10,milp,local,68,1.5166649963218322,1.5166649963218322,True,8.329097181558609e-05,0.004320584004744887,0.0044038749765604734,2304,0,,,0.004320584004744887,0.0,0.00010451563924172307,False,-0.00010451563924172307,measured_local
clearaccept_main,placement,8,8,10,qaoa_warm,nominal,68,1.5166649963218322,1.5166649963218322,True,8.329097181558609e-05,0.00833304098341614,0.008416331955231726,2304,119,0.27465331959460504,2.3416010662913322e-05,9.5678,0.0,0.2314466590717296,True,-2.2314466590717297,modeled_qpu
clearaccept_main,placement,8,8,11,task_specific,local,17,0.8401096498767988,0.8401096498767988,True,8.525000885128975e-05,2.4707987904548645e-05,0.0001099579967558384,2304,20,,,2.4707987904548645e-05,0.0,1.9291194300419165e-06,False,-1.9291194300419165e-06,measured_local
clearaccept_main,placement,8,8,11,milp,local,17,0.8401096498767988,0.8401096498767988,True,8.525000885128975e-05,0.004085332970134914,0.004170582978986204,2304,1,,,0.004085332970134914,0.0,0.0003189695268317351,False,-0.0003189695268317351,measured_local
clearaccept_main,placement,8,8,11,qaoa_warm,nominal,17,0.8401096498767988,0.8401096498767988,True,8.525000885128975e-05,0.007948625017888844,0.008033875026740134,2304,112,0.23396956225779852,2.62079993262887e-05,9.0344,0.0,0.70537660314955,True,-2.70537660314955,modeled_qpu
clearaccept_main,placement,8,8,12,task_specific,local,136,1.2744818744761943,1.2744818744761943,True,9.870808571577072e-05,2.3541972041130066e-05,0.0001222500577569008,2304,20,,,2.3541972041130066e-05,0.0,1.3418472655549968e-06,False,-1.3418472655549968e-06,measured_local
clearaccept_main,placement,8,8,12,milp,local,136,1.2744818744761943,1.2744818744761943,True,9.870808571577072e-05,0.00420533400028944,0.004304042086005211,2304,1,,,0.00420533400028944,0.0,0.00023969597445681824,False,-0.00023969597445681824,measured_local
clearaccept_main,placement,8,8,12,qaoa_warm,nominal,136,1.2744818744761943,1.2744818744761943,True,9.870808571577072e-05,0.008840084075927734,0.008938792161643505,2304,126,0.2773923972950673,2.475001383572817e-05,10.1012,0.0,0.5757490313531738,True,-2.575749031353174,modeled_qpu
clearaccept_main,placement,8,8,13,task_specific,local,17,1.2630541843947494,1.2630541843947494,True,8.283404167741537e-05,2.516701351851225e-05,0.00010800105519592762,2304,20,,,2.516701351851225e-05,0.0,1.1379484133892552e-06,False,-1.1379484133892552e-06,measured_local
clearaccept_main,placement,8,8,13,milp,local,17,1.2630541843947494,1.2630541843947494,True,8.283404167741537e-05,0.004245958058163524,0.004328792099840939,2304,0,,,0.004245958058163524,0.0,0.00019198468789514641,False,-0.00019198468789514641,measured_local
clearaccept_main,placement,8,8,13,qaoa_warm,nominal,17,1.2630541843947494,1.2630541843947494,True,8.283404167741537e-05,0.008214542060159147,0.008297376101836562,2304,114,0.28173193334445856,2.587493509054184e-05,9.1868,0.0,0.41538915519056807,True,-2.415389155190568,modeled_qpu
clearaccept_main,placement,8,8,14,task_specific,local,34,1.2074382114012394,1.2074382114012394,True,9.900005534291267e-05,2.6791938580572605e-05,0.00012579199392348528,2304,20,,,2.6791938580572605e-05,0.0,2.0779735193262026e-06,False,-2.0779735193262026e-06,measured_local
clearaccept_main,placement,8,8,14,milp,local,34,1.2074382114012394,1.2074382114012394,True,9.900005534291267e-05,0.004382624989375472,0.004481625044718385,2304,1,,,0.004382624989375472,0.0,0.00033991488319039264,False,-0.00033991488319039264,measured_local
clearaccept_main,placement,8,8,14,qaoa_warm,nominal,34,1.2074382114012394,1.2074382114012394,True,9.900005534291267e-05,0.007929582963697612,0.008028583019040525,2304,115,0.2748762148579966,2.537504769861698e-05,9.263,0.0,0.7184350864209555,True,-2.7184350864209557,modeled_qpu
clearaccept_main,placement,8,8,15,task_specific,local,130,1.2246070669208842,1.2246070669208842,True,8.570903446525335e-05,2.479099202901125e-05,0.0001105000264942646,2304,20,,,2.479099202901125e-05,0.0,9.331085223917567e-07,False,-9.331085223917567e-07,measured_local
clearaccept_main,placement,8,8,15,milp,local,130,1.2246070669208842,1.2246070669208842,True,8.570903446525335e-05,0.003949249978177249,0.004034959012642503,2304,0,,,0.003949249978177249,0.0,0.0001486458794137906,False,-0.0001486458794137906,measured_local
clearaccept_main,placement,8,8,15,qaoa_warm,nominal,130,1.2246070669208842,1.2246070669208842,True,8.570903446525335e-05,0.007855583098717034,0.007941292133182287,2304,109,0.25995089546412214,2.5999965146183968e-05,8.8058,0.0,0.3314416388364691,True,-2.331441638836469,modeled_qpu
clearaccept_main,placement,8,8,16,task_specific,local,34,1.0973484482695692,1.0973484482695692,True,9.920797310769558e-05,2.5707995519042015e-05,0.0001249159686267376,2304,20,,,2.5707995519042015e-05,0.0,1.3657550787206605e-06,False,-1.3657550787206605e-06,measured_local
clearaccept_main,placement,8,8,16,milp,local,34,1.0973484482695692,1.0973484482695692,True,9.920797310769558e-05,0.004216499975882471,0.004315707948990166,2304,1,,,0.004216499975882471,0.0,0.00022400448343868468,False,-0.00022400448343868468,measured_local
clearaccept_main,placement,8,8,16,qaoa_warm,nominal,34,1.0973484482695692,1.0973484482695692,True,9.920797310769558e-05,0.008333583013154566,0.008432790986262262,2304,118,0.2737094269675221,2.5209039449691772e-05,9.4916,0.0,0.5042478280962484,True,-2.5042478280962484,modeled_qpu
clearaccept_main,placement,8,8,17,task_specific,local,68,1.2179980323605906,1.2179980323605906,True,8.287501987069845e-05,2.5333021767437458e-05,0.00010820804163813591,2304,20,,,2.5333021767437458e-05,0.0,2.5569952536354707e-06,False,-2.5569952536354707e-06,measured_local
clearaccept_main,placement,8,8,17,milp,local,68,1.2179980323605906,1.2179980323605906,True,8.287501987069845e-05,0.0043036669958382845,0.004386542015708983,2304,0,,,0.0043036669958382845,0.0,0.00043439176670708184,False,-0.00043439176670708184,measured_local
clearaccept_main,placement,8,8,17,qaoa_warm,nominal,68,1.2179980323605906,1.2179980323605906,True,8.287501987069845e-05,0.008308833930641413,0.008391708950512111,2304,118,0.2453555851521118,2.4458044208586216e-05,9.4916,0.0,0.9580371568859803,True,-2.9580371568859802,modeled_qpu
clearaccept_main,placement,8,8,18,task_specific,local,72,1.449781205641811,1.449781205641811,True,9.212491568177938e-05,2.7333036996424198e-05,0.00011945795267820358,2304,20,,,2.7333036996424198e-05,0.0,1.6569698732281554e-06,False,-1.6569698732281554e-06,measured_local
clearaccept_main,placement,8,8,18,milp,local,72,1.449781205641811,1.449781205641811,True,9.212491568177938e-05,0.004413709044456482,0.004505833960138261,2304,0,,,0.004413709044456482,0.0,0.0002675656904432457,False,-0.0002675656904432457,measured_local
clearaccept_main,placement,8,8,18,qaoa_warm,nominal,72,1.449781205641811,1.449781205641811,True,9.212491568177938e-05,0.0073764590779319406,0.00746858399361372,2304,106,0.2519149235483034,2.775003667920828e-05,8.577200000000001,0.0,0.5199627834445115,True,-2.5199627834445115,modeled_qpu
clearaccept_main,placement,8,8,19,task_specific,local,17,1.7133391310906354,1.7133391310906354,True,9.699992369860411e-05,2.587493509054184e-05,0.00012287485878914595,2304,20,,,2.587493509054184e-05,0.0,8.160138866808478e-07,False,-8.160138866808478e-07,measured_local
clearaccept_main,placement,8,8,19,milp,local,17,1.7133391310906354,1.7133391310906354,True,9.699992369860411e-05,0.0042280410416424274,0.0043250409653410316,2304,0,,,0.0042280410416424274,0.0,0.00013333908631515446,False,-0.00013333908631515446,measured_local
clearaccept_main,placement,8,8,19,qaoa_warm,nominal,17,1.7133391310906354,1.7133391310906354,True,9.699992369860411e-05,0.007737249950878322,0.007834249874576926,2304,108,0.25011966756232373,2.6458059437572956e-05,8.7296,0.0,0.27530406550751113,True,-2.275304065507511,modeled_qpu
clearaccept_main,placement,8,8,20,task_specific,local,17,1.098962068129251,1.098962068129251,True,9.883404709398746e-05,2.5791930966079235e-05,0.0001246259780600667,2304,20,,,2.5791930966079235e-05,0.0,1.333032986563868e-06,False,-1.333032986563868e-06,measured_local
clearaccept_main,placement,8,8,20,milp,local,17,1.098962068129251,1.098962068129251,True,9.883404709398746e-05,0.004413667018525302,0.00451250106561929,2304,0,,,0.004413667018525302,0.0,0.0002281164498750059,False,-0.0002281164498750059,measured_local
clearaccept_main,placement,8,8,20,qaoa_warm,nominal,17,1.098962068129251,1.098962068129251,True,9.883404709398746e-05,0.008461000048555434,0.008559834095649421,2304,119,0.27301565240550213,2.5333021767437458e-05,9.5678,0.0,0.4945032237260445,True,-2.4945032237260447,modeled_qpu
clearaccept_main,placement,8,8,21,task_specific,local,17,1.4462781187118716,1.4462781187118716,True,8.920894470065832e-05,2.3957923986017704e-05,0.00011316686868667603,2304,20,,,2.3957923986017704e-05,0.0,1.251015215068167e-06,False,-1.251015215068167e-06,measured_local
clearaccept_main,placement,8,8,21,milp,local,17,1.4462781187118716,1.4462781187118716,True,8.920894470065832e-05,0.003946666955016553,0.004035875899717212,2304,1,,,0.003946666955016553,0.0,0.00020608381646147585,False,-0.00020608381646147585,measured_local
clearaccept_main,placement,8,8,21,qaoa_warm,nominal,17,1.4462781187118716,1.4462781187118716,True,8.920894470065832e-05,0.008886416908353567,0.008975625853054225,2304,126,0.2768972588442122,2.4416949599981308e-05,10.1012,0.0,0.5274561726559287,True,-2.5274561726559286,modeled_qpu
clearaccept_main,placement,8,8,22,task_specific,local,17,0.8931609629943735,0.8931609629943735,True,8.387502748519182e-05,2.274999860674143e-05,0.00010662502609193325,2304,20,,,2.274999860674143e-05,0.0,2.5431504076976073e-06,False,-2.5431504076976073e-06,measured_local
clearaccept_main,placement,8,8,22,milp,local,17,0.8931609629943735,0.8931609629943735,True,8.387502748519182e-05,0.004265540977939963,0.004349416005425155,2304,0,,,0.004265540977939963,0.0,0.0004768313380856359,False,-0.0004768313380856359,measured_local
clearaccept_main,placement,8,8,22,qaoa_warm,nominal,17,0.8931609629943735,0.8931609629943735,True,8.387502748519182e-05,0.007794917095452547,0.007878792122937739,2304,113,0.2834833484648823,2.2707972675561905e-05,9.1106,0.0,1.0184451658605396,True,-3.0184451658605393,modeled_qpu
clearaccept_main,placement,8,8,23,task_specific,local,34,1.6247808686286,1.6247808686286,True,8.27079638838768e-05,2.9499991796910763e-05,0.00011220795568078756,2304,20,,,2.9499991796910763e-05,0.0,3.211830615182299e-06,False,-3.211830615182299e-06,measured_local
clearaccept_main,placement,8,8,23,milp,local,34,1.6247808686286,1.6247808686286,True,8.27079638838768e-05,0.004334750003181398,0.004417457967065275,2304,1,,,0.004334750003181398,0.0,0.0004719486996887078,False,-0.0004719486996887078,measured_local
clearaccept_main,placement,8,8,23,qaoa_warm,nominal,34,1.6247808686286,1.6247808686286,True,8.27079638838768e-05,0.008426208980381489,0.008508916944265366,2304,118,0.2725761897205135,2.7832924388349056e-05,9.4916,0.0,1.0334040659040706,True,-3.0334040659040706,modeled_qpu
clearaccept_main,placement,8,8,24,task_specific,local,136,0.8955910854219497,0.8955910854219497,True,9.933300316333771e-05,2.6249908842146397e-05,0.0001255829120054841,2304,20,,,2.6249908842146397e-05,0.0,1.6888133934327e-06,False,-1.6888133934327e-06,measured_local
clearaccept_main,placement,8,8,24,milp,local,136,0.8955910854219497,0.8955910854219497,True,9.933300316333771e-05,0.004764790995977819,0.004864123999141157,2304,1,,,0.004764790995977819,0.0,0.0003065474588618382,False,-0.0003065474588618382,measured_local
clearaccept_main,placement,8,8,24,qaoa_warm,nominal,136,0.8955910854219497,0.8955910854219497,True,9.933300316333771e-05,0.008597290958277881,0.008696623961441219,2304,120,0.2735379355386698,2.5833025574684143e-05,9.644,0.0,0.620456111455708,True,-2.620456111455708,modeled_qpu
clearaccept_main,placement,8,8,25,task_specific,local,34,0.9683629886910173,0.9683629886910173,True,9.445799514651299e-05,2.5292043574154377e-05,0.00011975003872066736,2304,20,,,2.5292043574154377e-05,0.0,7.039956175031215e-07,False,-7.039956175031215e-07,measured_local
clearaccept_main,placement,8,8,25,milp,local,34,0.9683629886910173,0.9683629886910173,True,9.445799514651299e-05,0.004082542029209435,0.004177000024355948,2304,0,,,0.004082542029209435,0.0,0.00011363619900500019,False,-0.00011363619900500019,measured_local
clearaccept_main,placement,8,8,25,qaoa_warm,nominal,34,0.9683629886910173,0.9683629886910173,True,9.445799514651299e-05,0.00798283307813108,0.008077291073277593,2304,117,0.27254942646193203,2.479099202901125e-05,9.4154,0.0,0.26207452622817595,True,-2.262074526228176,modeled_qpu
clearaccept_main,placement,8,8,26,task_specific,local,132,1.4483583057397258,1.4483583057397258,True,8.408399298787117e-05,2.4166074581444263e-05,0.00010825006756931543,2304,20,,,2.4166074581444263e-05,0.0,2.612398207509994e-06,False,-2.612398207509994e-06,measured_local
clearaccept_main,placement,8,8,26,milp,local,132,1.4483583057397258,1.4483583057397258,True,8.408399298787117e-05,0.0043288329616189,0.0044129169546067715,2304,0,,,0.0043288329616189,0.0,0.00046795500160487974,False,-0.00046795500160487974,measured_local
clearaccept_main,placement,8,8,26,qaoa_warm,nominal,132,1.4483583057397258,1.4483583057397258,True,8.408399298787117e-05,0.007235459052026272,0.007319543045014143,2304,103,0.25450319331048255,2.916704397648573e-05,8.348600000000001,0.0,0.9024993944181766,True,-2.9024993944181765,modeled_qpu
clearaccept_main,placement,8,8,27,task_specific,local,72,1.2046443492825092,1.2046443492825092,True,0.00010287505574524403,2.4875043891370296e-05,0.00012775009963661432,2304,20,,,2.4875043891370296e-05,0.0,1.990934733298735e-06,False,-1.990934733298735e-06,measured_local
clearaccept_main,placement,8,8,27,milp,local,72,1.2046443492825092,1.2046443492825092,True,0.00010287505574524403,0.004375166026875377,0.004478041082620621,2304,0,,,0.004375166026875377,0.0,0.00035017707083832475,False,-0.00035017707083832475,measured_local
clearaccept_main,placement,8,8,27,qaoa_warm,nominal,72,1.2046443492825092,1.2046443492825092,True,0.00010287505574524403,0.007428750046528876,0.00753162510227412,2304,106,0.2814552435610838,2.4957931600511074e-05,8.577200000000001,0.0,0.686497096006097,True,-2.686497096006097,modeled_qpu
clearaccept_main,placement,8,8,28,task_specific,local,34,0.5359367891053969,0.5359367891053969,True,8.53340607136488e-05,2.5042099878191948e-05,0.00011037616059184074,2304,20,,,2.5042099878191948e-05,0.0,1.6561356654314722e-06,False,-1.6561356654314722e-06,measured_local
clearaccept_main,placement,8,8,28,milp,local,34,0.5359367891053969,0.5359367891053969,True,8.53340607136488e-05,0.004047041991725564,0.004132376052439213,2304,1,,,0.004047041991725564,0.0,0.0002676473065197058,False,-0.0002676473065197058,measured_local
clearaccept_main,placement,8,8,28,qaoa_warm,nominal,34,0.5359367891053969,0.5359367891053969,True,8.53340607136488e-05,0.008366958005353808,0.008452292066067457,2304,120,0.2733795148837275,2.4084001779556274e-05,9.644,0.0,0.6377968475131842,True,-2.6377968475131843,modeled_qpu
clearaccept_main,placement,8,8,29,task_specific,local,68,0.9922105183558239,0.9922105183558239,True,8.245802018791437e-05,2.49580480158329e-05,0.00010741606820374727,2304,20,,,2.49580480158329e-05,0.0,2.620092893830102e-06,False,-2.620092893830102e-06,measured_local
clearaccept_main,placement,8,8,29,milp,local,68,0.9922105183558239,0.9922105183558239,True,8.245802018791437e-05,0.004459624993614852,0.004542083013802767,2304,0,,,0.004459624993614852,0.0,0.0004681708981209142,False,-0.0004681708981209142,measured_local
clearaccept_main,placement,8,8,29,qaoa_warm,nominal,68,0.9922105183558239,0.9922105183558239,True,8.245802018791437e-05,0.008423042017966509,0.008505500038154423,2304,121,0.2753588671086504,2.3541972041130066e-05,9.7202,0.0,1.020425432728195,True,-3.020425432728195,modeled_qpu
clearaccept_main,placement,9,9,0,task_specific,local,73,1.6969481537868196,1.6969481537868196,True,0.0001325419871136546,4.39999857917428e-05,0.00017654197290539742,4608,39,,,4.39999857917428e-05,0.0,5.191078843270126e-06,False,-5.191078843270126e-06,measured_local
clearaccept_main,placement,9,9,0,milp,local,73,1.6969481537868196,1.6969481537868196,True,0.0001325419871136546,0.004724209080450237,0.004856751067563891,4608,1,,,0.004724209080450237,0.0,0.0005573579483589755,False,-0.0005573579483589755,measured_local
clearaccept_main,placement,9,9,0,qaoa_warm,nominal,73,1.6969481537868196,1.6969481537868196,True,0.0001325419871136546,0.010791959008201957,0.010924500995315611,4608,124,0.22933663276501395,4.549999721348286e-05,9.9488,0.0,1.1737504971107906,True,-3.173750497110791,modeled_qpu
clearaccept_main,placement,9,9,1,task_specific,local,73,2.130584783759973,2.130584783759973,True,0.00015924999024719,4.554202314466238e-05,0.00020479201339185238,4608,36,,,4.554202314466238e-05,0.0,3.8748475043905196e-06,False,-3.8748475043905196e-06,measured_local
clearaccept_main,placement,9,9,1,milp,local,73,2.130584783759973,2.130584783759973,True,0.00015924999024719,0.004619083018042147,0.004778333008289337,4608,1,,,0.004619083018042147,0.0,0.0003930049890006029,False,-0.0003930049890006029,measured_local
clearaccept_main,placement,9,9,1,qaoa_warm,nominal,73,2.130584783759973,2.130584783759973,True,0.00015924999024719,0.010888000018894672,0.011047250009141862,4608,125,0.24563092595341204,4.337495192885399e-05,10.025,0.0,0.8529560952556785,True,-2.8529560952556787,modeled_qpu
clearaccept_main,placement,9,9,2,task_specific,local,73,1.9442365391642937,1.9442365391642937,True,0.00014508306048810482,4.112499300390482e-05,0.00018620805349200964,4608,33,,,4.112499300390482e-05,0.0,4.88762964561715e-06,False,-4.88762964561715e-06,measured_local
clearaccept_main,placement,9,9,2,milp,local,73,1.9442365391642937,1.9442365391642937,True,0.00014508306048810482,0.004580583074130118,0.004725666134618223,4608,1,,,0.004580583074130118,0.0,0.0005443938586252099,False,-0.0005443938586252099,measured_local
clearaccept_main,placement,9,9,2,qaoa_warm,nominal,73,1.9442365391642937,1.9442365391642937,True,0.00014508306048810482,0.010637582978233695,0.0107826660387218,4608,125,0.23291267715277478,3.79589619114995e-05,10.025,0.0,1.1914527789137745,True,-3.1914527789137743,modeled_qpu
clearaccept_main,placement,9,9,3,task_specific,local,73,1.682488612239109,1.682488612239109,True,0.00013099994976073503,5.237502045929432e-05,0.00018337497022002935,4608,39,,,5.237502045929432e-05,0.0,5.153410095749483e-06,False,-5.153410095749483e-06,measured_local
clearaccept_main,placement,9,9,3,milp,local,73,1.682488612239109,1.682488612239109,True,0.00013099994976073503,0.00466912507545203,0.004800125025212765,4608,1,,,0.00466912507545203,0.0,0.0004594158835861915,False,-0.0004594158835861915,measured_local
clearaccept_main,placement,9,9,3,qaoa_warm,nominal,73,1.682488612239109,1.682488612239109,True,0.00013099994976073503,0.010569416917860508,0.010700416867621243,4608,123,0.24726321104647916,4.3375068344175816e-05,9.8726,0.0,0.9714088140707879,True,-2.971408814070788,modeled_qpu
clearaccept_main,placement,9,9,4,task_specific,local,73,2.5759727037575337,2.5759727037575337,True,0.00014670798555016518,4.0041981264948845e-05,0.00018674996681511402,4608,33,,,4.0041981264948845e-05,0.0,2.525331601734118e-06,False,-2.525331601734118e-06,measured_local
clearaccept_main,placement,9,9,4,milp,local,73,2.5759727037575337,2.5759727037575337,True,0.00014670798555016518,0.004929792019538581,0.0050765000050887465,4608,0,,,0.004929792019538581,0.0,0.0003109076819786415,False,-0.0003109076819786415,measured_local
clearaccept_main,placement,9,9,4,qaoa_warm,nominal,73,2.5759727037575337,2.5759727037575337,True,0.00014670798555016518,0.009407500037923455,0.00955420802347362,4608,107,0.17226969754849983,4.1166902519762516e-05,8.6534,0.0,0.545744835597708,True,-2.545744835597708,modeled_qpu
clearaccept_main,placement,9,9,5,task_specific,local,73,2.3988783662374282,2.3988783662374282,True,0.00015666696708649397,4.075001925230026e-05,0.00019741698633879423,4608,36,,,4.075001925230026e-05,0.0,2.6002148744592368e-06,False,-2.6002148744592368e-06,measured_local
clearaccept_main,placement,9,9,5,milp,local,73,2.3988783662374282,2.3988783662374282,True,0.00015666696708649397,0.004853249993175268,0.005009916960261762,4608,0,,,0.004853249993175268,0.0,0.00030968065913272356,False,-0.00030968065913272356,measured_local
clearaccept_main,placement,9,9,5,qaoa_warm,nominal,73,2.3988783662374282,2.3988783662374282,True,0.00015666696708649397,0.009103417047299445,0.009260084014385939,4608,107,0.18062626103223395,3.966700751334429e-05,8.6534,0.0,0.5521641414531463,True,-2.5521641414531464,modeled_qpu
clearaccept_main,placement,9,9,6,task_specific,local,76,3.14599654695861,3.14599654695861,True,0.00013229192700237036,4.299997817724943e-05,0.0001752919051796198,4608,39,,,4.299997817724943e-05,0.0,2.8767255713156473e-06,False,-2.8767255713156473e-06,measured_local
clearaccept_main,placement,9,9,6,milp,local,76,3.14599654695861,3.14599654695861,True,0.00013229192700237036,0.004849958000704646,0.0049822499277070165,4608,0,,,0.004849958000704646,0.0,0.00032446523909669645,False,-0.00032446523909669645,measured_local
clearaccept_main,placement,9,9,6,qaoa_warm,nominal,76,3.14599654695861,3.14599654695861,True,0.00013229192700237036,0.010856084059923887,0.010988375986926258,4608,128,0.21800941659457068,4.166702274233103e-05,10.2536,0.0,0.6859722857638189,True,-2.685972285763819,modeled_qpu
clearaccept_main,placement,9,9,7,task_specific,local,265,2.4982371721624568,2.4982371721624568,True,0.0001283750170841813,4.2625004425644875e-05,0.00017100002150982618,4608,39,,,4.2625004425644875e-05,0.0,5.072563119257641e-06,False,-5.072563119257641e-06,measured_local
clearaccept_main,placement,9,9,7,milp,local,265,2.4982371721624568,2.4982371721624568,True,0.0001283750170841813,0.004802207928150892,0.004930582945235074,4608,0,,,0.004802207928150892,0.0,0.000571483877962702,False,-0.000571483877962702,measured_local
clearaccept_main,placement,9,9,7,qaoa_warm,nominal,265,2.4982371721624568,2.4982371721624568,True,0.0001283750170841813,0.010237209033221006,0.010365584050305188,4608,120,0.22014892452498463,4.420895129442215e-05,9.644,0.0,1.1476784432352722,True,-3.1476784432352725,modeled_qpu
clearaccept_main,placement,9,9,8,task_specific,local,73,2.8271839549443123,2.8271839549443123,True,0.0001479999627918005,4.449998959898949e-05,0.00019249995239078999,4608,36,,,4.449998959898949e-05,0.0,4.467896299756501e-06,False,-4.467896299756501e-06,measured_local
clearaccept_main,placement,9,9,8,milp,local,73,2.8271839549443123,2.8271839549443123,True,0.0001479999627918005,0.0048814170295372605,0.005029416992329061,4608,0,,,0.0048814170295372605,0.0,0.0004901049478971823,False,-0.0004901049478971823,measured_local
clearaccept_main,placement,9,9,8,qaoa_warm,nominal,73,2.8271839549443123,2.8271839549443123,True,0.0001479999627918005,0.010450209025293589,0.01059820898808539,4608,121,0.24449257215591547,4.4291955418884754e-05,9.7202,0.0,0.9759293430009999,True,-2.975929343001,modeled_qpu
clearaccept_main,placement,9,9,9,task_specific,local,73,2.5996013325591862,2.5996013325591862,True,0.0001425000373274088,3.574998117983341e-05,0.0001782500185072422,4608,33,,,3.574998117983341e-05,0.0,1.8268756538982108e-06,False,-1.8268756538982108e-06,measured_local
clearaccept_main,placement,9,9,9,milp,local,73,2.5996013325591862,2.5996013325591862,True,0.0001425000373274088,0.0047600839752703905,0.004902584012597799,4608,0,,,0.0047600839752703905,0.0,0.00024324716371705268,False,-0.00024324716371705268,measured_local
clearaccept_main,placement,9,9,9,qaoa_warm,nominal,73,2.5996013325591862,2.5996013325591862,True,0.0001425000373274088,0.008121541002765298,0.008264041040092707,4608,96,0.1258642904400516,3.9917067624628544e-05,7.815200000000001,0.0,0.3993680035389554,True,-2.3993680035389553,modeled_qpu
clearaccept_main,placement,9,9,10,task_specific,local,292,2.1523468012837386,2.1523468012837386,True,0.00015070801600813866,4.716601688414812e-05,0.00019787403289228678,4608,39,,,4.716601688414812e-05,0.0,3.423076926635611e-06,False,-3.423076926635611e-06,measured_local
clearaccept_main,placement,9,9,10,milp,local,292,2.1523468012837386,2.1523468012837386,True,0.00015070801600813866,0.004800749942660332,0.00495145795866847,4608,1,,,0.004800749942660332,0.0,0.00034841475801597406,False,-0.00034841475801597406,measured_local
clearaccept_main,placement,9,9,10,qaoa_warm,nominal,292,2.1523468012837386,2.1523468012837386,True,0.00015070801600813866,0.009833917021751404,0.009984625037759542,4608,114,0.2626794410182157,4.670803900808096e-05,9.1868,0.0,0.6667326432685265,True,-2.6667326432685265,modeled_qpu
clearaccept_main,placement,9,9,11,task_specific,local,73,3.099207347570578,3.099207347570578,True,0.00014074996579438448,3.6291079595685005e-05,0.00017704104539006948,4608,33,,,3.6291079595685005e-05,0.0,3.840241878095806e-06,False,-3.840241878095806e-06,measured_local
clearaccept_main,placement,9,9,11,milp,local,73,3.099207347570578,3.099207347570578,True,0.00014074996579438448,0.0048315420281142,0.004972291993908584,4608,0,,,0.0048315420281142,0.0,0.000511263104841615,False,-0.000511263104841615,measured_local
clearaccept_main,placement,9,9,11,qaoa_warm,nominal,73,3.099207347570578,3.099207347570578,True,0.00014074996579438448,0.00836858304683119,0.008509333012625575,4608,96,0.1259505017034911,3.466603811830282e-05,7.815200000000001,0.0,0.826987200713169,True,-2.826987200713169,modeled_qpu
clearaccept_main,placement,9,9,12,task_specific,local,73,1.1788614111310687,1.1788614111310687,True,0.0001483340747654438,4.633399657905102e-05,0.00019466807134449482,4608,36,,,4.633399657905102e-05,0.0,4.982979243737276e-06,False,-4.982979243737276e-06,measured_local
clearaccept_main,placement,9,9,12,milp,local,73,1.1788614111310687,1.1788614111310687,True,0.0001483340747654438,0.0043665829580277205,0.004514917032793164,4608,1,,,0.0043665829580277205,0.0,0.0004696031823800573,False,-0.0004696031823800573,measured_local
clearaccept_main,placement,9,9,12,qaoa_warm,nominal,73,1.1788614111310687,1.1788614111310687,True,0.0001483340747654438,0.009891874971799552,0.010040209046564996,4608,118,0.25149343416675607,4.145794082432985e-05,9.4916,0.0,1.0207719877814483,True,-3.0207719877814485,modeled_qpu
clearaccept_main,placement,9,9,13,task_specific,local,73,1.5353072848383047,1.5353072848383047,True,0.00013449997641146183,3.479106817394495e-05,0.00016929104458540678,4608,33,,,3.479106817394495e-05,0.0,3.5584518952024815e-06,False,-3.5584518952024815e-06,measured_local
clearaccept_main,placement,9,9,13,milp,local,73,1.5353072848383047,1.5353072848383047,True,0.00013449997641146183,0.004518417059443891,0.004652917035855353,4608,0,,,0.004518417059443891,0.0,0.00046214648162296403,False,-0.00046214648162296403,measured_local
clearaccept_main,placement,9,9,13,qaoa_warm,nominal,73,1.5353072848383047,1.5353072848383047,True,0.00013449997641146183,0.009427416953258216,0.009561916929669678,4608,112,0.15538022408874522,3.3374992199242115e-05,9.0344,0.0,0.9240440000658937,True,-2.924044000065894,modeled_qpu
clearaccept_main,placement,9,9,14,task_specific,local,146,2.438967393061038,2.438967393061038,True,0.00012874999083578587,4.487507976591587e-05,0.00017362507060170174,4608,39,,,4.487507976591587e-05,0.0,2.5896304986245026e-06,False,-2.5896304986245026e-06,measured_local
clearaccept_main,placement,9,9,14,milp,local,146,2.438967393061038,2.438967393061038,True,0.00012874999083578587,0.0048402081010863185,0.004968958091922104,4608,0,,,0.0048402081010863185,0.0,0.0002793165067036333,False,-0.0002793165067036333,measured_local
clearaccept_main,placement,9,9,14,qaoa_warm,nominal,146,2.438967393061038,2.438967393061038,True,0.00012874999083578587,0.009703124989755452,0.009831874980591238,4608,114,0.2629576792602289,4.5749940909445286e-05,9.1868,0.0,0.5301476362574223,True,-2.5301476362574222,modeled_qpu
clearaccept_main,placement,9,9,15,task_specific,local,73,1.8679784384442482,1.8679784384442482,True,0.00014766701497137547,3.600004129111767e-05,0.00018366705626249313,4608,33,,,3.600004129111767e-05,0.0,3.876905058981302e-06,False,-3.876905058981302e-06,measured_local
clearaccept_main,placement,9,9,15,milp,local,73,1.8679784384442482,1.8679784384442482,True,0.00014766701497137547,0.00474629201926291,0.004893959034234285,4608,0,,,0.00474629201926291,0.0,0.0005111361787638569,False,-0.0005111361787638569,measured_local
clearaccept_main,placement,9,9,15,qaoa_warm,nominal,73,1.8679784384442482,1.8679784384442482,True,0.00014766701497137547,0.008596707950346172,0.008744374965317547,4608,99,0.11507716723430018,3.550003748387098e-05,8.043800000000001,0.0,0.8662503651385566,True,-2.8662503651385567,modeled_qpu
clearaccept_main,placement,9,9,16,task_specific,local,73,1.665079175828188,1.665079175828188,True,0.00013462500646710396,4.1082967072725296e-05,0.00017570797353982925,4608,36,,,4.1082967072725296e-05,0.0,8.722217836939857e-07,False,-8.722217836939857e-07,measured_local
clearaccept_main,placement,9,9,16,milp,local,73,1.665079175828188,1.665079175828188,True,0.00013462500646710396,0.004461250035092235,0.004595875041559339,4608,0,,,0.004461250035092235,0.0,9.471563863011116e-05,False,-9.471563863011116e-05,measured_local
clearaccept_main,placement,9,9,16,qaoa_warm,nominal,73,1.665079175828188,1.665079175828188,True,0.00013462500646710396,0.010504291974939406,0.01063891698140651,4608,125,0.24841667763420852,3.9375037886202335e-05,10.025,0.0,0.2128381663878728,True,-2.212838166387873,modeled_qpu
clearaccept_main,placement,9,9,17,task_specific,local,73,1.7238262337688508,1.7238262337688508,True,0.0001330830855295062,3.833300434052944e-05,0.00017141608987003565,4608,36,,,3.833300434052944e-05,0.0,1.773591420489674e-06,False,-1.773591420489674e-06,measured_local
clearaccept_main,placement,9,9,17,milp,local,73,1.7238262337688508,1.7238262337688508,True,0.0001330830855295062,0.004340042010881007,0.004473125096410513,4608,1,,,0.004340042010881007,0.0,0.00020080506100391378,False,-0.00020080506100391378,measured_local
clearaccept_main,placement,9,9,17,qaoa_warm,nominal,73,1.7238262337688508,1.7238262337688508,True,0.0001330830855295062,0.008188624982722104,0.00832170806825161,4608,97,0.10798743769043818,3.7209014408290386e-05,7.8914,0.0,0.36511929018968475,True,-2.3651192901896847,modeled_qpu
clearaccept_main,placement,9,9,18,task_specific,local,73,1.6857556853164173,1.6857556853164173,True,0.00012720900122076273,3.687501884996891e-05,0.00016408402007073164,4608,36,,,3.687501884996891e-05,0.0,1.5319838375391854e-06,False,-1.5319838375391854e-06,measured_local
clearaccept_main,placement,9,9,18,milp,local,73,1.6857556853164173,1.6857556853164173,True,0.00012720900122076273,0.004323291941545904,0.004450500942766666,4608,1,,,0.004323291941545904,0.0,0.00017961247440602496,False,-0.00017961247440602496,measured_local
clearaccept_main,placement,9,9,18,qaoa_warm,nominal,73,1.6857556853164173,1.6857556853164173,True,0.00012720900122076273,0.008288499899208546,0.008415708900429308,4608,98,0.10879986034873987,3.9041973650455475e-05,7.9676,0.0,0.3310163575411299,True,-2.33101635754113,modeled_qpu
clearaccept_main,placement,9,9,19,task_specific,local,73,2.240107396398924,2.240107396398924,True,0.00013187492731958628,3.587501123547554e-05,0.00016774993855506182,4608,33,,,3.587501123547554e-05,0.0,8.992380836009015e-07,False,-8.992380836009015e-07,measured_local
clearaccept_main,placement,9,9,19,milp,local,73,2.240107396398924,2.240107396398924,True,0.00013187492731958628,0.004856250016018748,0.0049881249433383346,4608,0,,,0.004856250016018748,0.0,0.00012172609310776319,False,-0.00012172609310776319,measured_local
clearaccept_main,placement,9,9,19,qaoa_warm,nominal,73,2.240107396398924,2.240107396398924,True,0.00013187492731958628,0.008340165950357914,0.0084720408776775,4608,98,0.12687166552949,3.6125071346759796e-05,7.9676,0.0,0.19971476267618707,True,-2.1997147626761873,modeled_qpu
clearaccept_main,placement,9,9,20,task_specific,local,146,1.4878354706631718,1.4878354706631718,True,0.00013691699132323265,4.52499371021986e-05,0.00018216692842543125,4608,39,,,4.52499371021986e-05,0.0,3.256751643875419e-06,False,-3.256751643875419e-06,measured_local
clearaccept_main,placement,9,9,20,milp,local,146,1.4878354706631718,1.4878354706631718,True,0.00013691699132323265,0.0043964170617982745,0.004533334053121507,4608,1,,,0.0043964170617982745,0.0,0.000316421180008177,False,-0.000316421180008177,measured_local
clearaccept_main,placement,9,9,20,qaoa_warm,nominal,146,1.4878354706631718,1.4878354706631718,True,0.00013691699132323265,0.009850041940808296,0.009986958932131529,4608,116,0.26631505067249905,4.39169816672802e-05,9.3392,0.0,0.6721656846458576,True,-2.6721656846458575,modeled_qpu
clearaccept_main,placement,9,9,21,task_specific,local,73,1.9556736662035266,1.9556736662035266,True,0.00013420800678431988,4.3082982301712036e-05,0.00017729098908603191,4608,39,,,4.3082982301712036e-05,0.0,1.2767270303075515e-06,False,-1.2767270303075515e-06,measured_local
clearaccept_main,placement,9,9,21,milp,local,73,1.9556736662035266,1.9556736662035266,True,0.00013420800678431988,0.004436459043063223,0.004570667049847543,4608,1,,,0.004436459043063223,0.0,0.00013147063820849068,False,-0.00013147063820849068,measured_local
clearaccept_main,placement,9,9,21,qaoa_warm,nominal,73,1.9556736662035266,1.9556736662035266,True,0.00013420800678431988,0.01027633307967335,0.01041054108645767,4608,119,0.24913924899356898,4.2625004425644875e-05,9.5678,0.0,0.28353350274201355,True,-2.2835335027420136,modeled_qpu
clearaccept_main,placement,9,9,22,task_specific,local,73,2.8801971871324987,2.8801971871324987,True,0.0001294170506298542,3.866699989885092e-05,0.00016808405052870512,4608,33,,,3.866699989885092e-05,0.0,3.7766270889379086e-06,False,-3.7766270889379086e-06,measured_local
clearaccept_main,placement,9,9,22,milp,local,73,2.8801971871324987,2.8801971871324987,True,0.0001294170506298542,0.004717375035397708,0.004846792086027563,4608,0,,,0.004717375035397708,0.0,0.00046074860718355986,False,-0.00046074860718355986,measured_local
clearaccept_main,placement,9,9,22,qaoa_warm,nominal,73,2.8801971871324987,2.8801971871324987,True,0.0001294170506298542,0.008527291007339954,0.008656708057969809,4608,100,0.12261691094297758,3.854092210531235e-05,8.120000000000001,0.0,0.793084853813216,True,-2.793084853813216,modeled_qpu
clearaccept_main,placement,9,9,23,task_specific,local,73,3.1851527137633857,3.1851527137633857,True,0.0001354580745100975,4.537496715784073e-05,0.00018083304166793823,4608,39,,,4.537496715784073e-05,0.0,1.6797863319137208e-06,False,-1.6797863319137208e-06,measured_local
clearaccept_main,placement,9,9,23,milp,local,73,3.1851527137633857,3.1851527137633857,True,0.0001354580745100975,0.004470834042876959,0.004606292117387056,4608,0,,,0.004470834042876959,0.0,0.00016551077362447308,False,-0.00016551077362447308,measured_local
clearaccept_main,placement,9,9,23,qaoa_warm,nominal,73,3.1851527137633857,3.1851527137633857,True,0.0001354580745100975,0.009879374993033707,0.010014833067543805,4608,118,0.2595792998797668,4.383292980492115e-05,9.4916,0.0,0.3513800878914178,True,-2.351380087891418,modeled_qpu
clearaccept_main,placement,9,9,24,task_specific,local,73,1.3815672370247982,1.3815672370247982,True,0.00012787501327693462,4.312500823289156e-05,0.00017100002150982618,4608,39,,,4.312500823289156e-05,0.0,2.2683017197985966e-06,False,-2.2683017197985966e-06,measured_local
clearaccept_main,placement,9,9,24,milp,local,73,1.3815672370247982,1.3815672370247982,True,0.00012787501327693462,0.0045718749752268195,0.004699749988503754,4608,1,,,0.0045718749752268195,0.0,0.000240472809025498,False,-0.000240472809025498,measured_local
clearaccept_main,placement,9,9,24,qaoa_warm,nominal,73,1.3815672370247982,1.3815672370247982,True,0.00012787501327693462,0.011002375045791268,0.011130250059068203,4608,126,0.23065790784575585,5.0749978981912136e-05,10.1012,0.0,0.5313058540949821,True,-2.531305854094982,modeled_qpu
clearaccept_main,placement,9,9,25,task_specific,local,73,1.8949823765535299,1.8949823765535299,True,0.00014287489466369152,4.1792052797973156e-05,0.00018466694746166468,4608,36,,,4.1792052797973156e-05,0.0,9.797837434593203e-07,False,-9.797837434593203e-07,measured_local
clearaccept_main,placement,9,9,25,milp,local,73,1.8949823765535299,1.8949823765535299,True,0.00014287489466369152,0.00454679096583277,0.004689665860496461,4608,0,,,0.00454679096583277,0.0,0.00010659614866888527,False,-0.00010659614866888527,measured_local
clearaccept_main,placement,9,9,25,qaoa_warm,nominal,73,1.8949823765535299,1.8949823765535299,True,0.00014287489466369152,0.00980262493249029,0.00994549982715398,4608,112,0.17742752134328912,4.02920413762331e-05,9.0344,0.0,0.2118048207562127,True,-2.2118048207562127,modeled_qpu
clearaccept_main,placement,9,9,26,task_specific,local,73,2.2545837559853537,2.2545837559853537,True,0.00013883307110518217,4.125002305954695e-05,0.00018008309416472912,4608,36,,,4.125002305954695e-05,0.0,2.869949409278722e-06,False,-2.869949409278722e-06,measured_local
clearaccept_main,placement,9,9,26,milp,local,73,2.2545837559853537,2.2545837559853537,True,0.00013883307110518217,0.0046265830751508474,0.00476541614625603,4608,0,,,0.0046265830751508474,0.0,0.00032189216826231614,False,-0.00032189216826231614,measured_local
clearaccept_main,placement,9,9,26,qaoa_warm,nominal,73,2.2545837559853537,2.2545837559853537,True,0.00013883307110518217,0.00963404099456966,0.009772874065674841,4608,112,0.1662909014439146,3.866699989885092e-05,9.0344,0.0,0.6285637926979732,True,-2.6285637926979732,modeled_qpu
clearaccept_main,placement,9,9,27,task_specific,local,73,1.5194292279953245,1.5194292279953245,True,0.00014812499284744263,4.2041996493935585e-05,0.0001901669893413782,4608,36,,,4.2041996493935585e-05,0.0,2.514525943690756e-06,False,-2.514525943690756e-06,measured_local
clearaccept_main,placement,9,9,27,milp,local,73,1.5194292279953245,1.5194292279953245,True,0.00014812499284744263,0.004450000007636845,0.004598125000484288,4608,1,,,0.004450000007636845,0.0,0.00026615387949620745,False,-0.00026615387949620745,measured_local
clearaccept_main,placement,9,9,27,qaoa_warm,nominal,73,1.5194292279953245,1.5194292279953245,True,0.00014812499284744263,0.011049333028495312,0.011197458021342754,4608,128,0.2585452013682121,3.954197745770216e-05,10.2536,0.0,0.6132663851952568,True,-2.613266385195257,modeled_qpu
clearaccept_main,placement,9,9,28,task_specific,local,146,1.5239535910904285,1.5239535910904285,True,0.00012795801740139723,4.033301956951618e-05,0.0001682910369709134,4608,36,,,4.033301956951618e-05,0.0,2.7724319611096642e-06,False,-2.7724319611096642e-06,measured_local
clearaccept_main,placement,9,9,28,milp,local,146,1.5239535910904285,1.5239535910904285,True,0.00012795801740139723,0.0047253340017050505,0.004853292019106448,4608,0,,,0.0047253340017050505,0.0,0.0003248124527514135,False,-0.0003248124527514135,measured_local
clearaccept_main,placement,9,9,28,qaoa_warm,nominal,146,1.5239535910904285,1.5239535910904285,True,0.00012795801740139723,0.0101547910599038,0.010282749077305198,4608,119,0.2522851333058762,4.108401481062174e-05,9.5678,0.0,0.6576763852700365,True,-2.6576763852700367,modeled_qpu
clearaccept_main,placement,9,9,29,task_specific,local,73,1.9625528735971065,1.9625528735971065,True,0.00013479194603860378,4.312500823289156e-05,0.00017791695427149534,4608,39,,,4.312500823289156e-05,0.0,2.0919086583229213e-06,False,-2.0919086583229213e-06,measured_local
clearaccept_main,placement,9,9,29,milp,local,73,1.9625528735971065,1.9625528735971065,True,0.00013479194603860378,0.00475545902736485,0.004890250973403454,4608,1,,,0.00475545902736485,0.0,0.0002306778901912666,False,-0.0002306778901912666,measured_local
clearaccept_main,placement,9,9,29,qaoa_warm,nominal,73,1.9625528735971065,1.9625528735971065,True,0.00013479194603860378,0.011008250061422586,0.01114304200746119,4608,126,0.2501371573282152,4.3665990233421326e-05,10.1012,0.0,0.48998918737214253,True,-2.4899891873721427,modeled_qpu
clearaccept_main,placement,12,12,0,task_specific,local,273,2.1891683698877853,2.1891683698877853,True,0.0007409160025417805,8.962501306086779e-05,0.0008305410156026483,36864,84,,,8.962501306086779e-05,0.0,7.594291915140666e-06,False,-7.594291915140666e-06,measured_local
clearaccept_main,placement,12,12,0,milp,local,273,2.1891683698877853,2.1891683698877853,True,0.0007409160025417805,0.004974208073690534,0.005715124076232314,36864,0,,,0.004974208073690534,0.0,0.00042148488316091616,False,-0.00042148488316091616,measured_local
clearaccept_main,placement,12,12,0,qaoa_warm,nominal,273,2.1891683698877853,2.1891683698877853,True,0.0007409160025417805,0.029731207992881536,0.030472123995423317,36864,127,0.13474552662636702,8.124997839331627e-05,10.1774,0.0,0.8623724995684174,True,-2.8623724995684174,modeled_qpu
clearaccept_main,placement,12,12,1,task_specific,local,273,2.968720818356282,2.968720818356282,True,0.0006953749107196927,7.308402564376593e-05,0.0007684589363634586,36864,76,,,7.308402564376593e-05,0.0,7.39946868125291e-06,False,-7.39946868125291e-06,measured_local
clearaccept_main,placement,12,12,1,milp,local,273,2.968720818356282,2.968720818356282,True,0.0006953749107196927,0.005015208036638796,0.005710582947358489,36864,0,,,0.005015208036638796,0.0,0.0005077699876298774,False,-0.0005077699876298774,measured_local
clearaccept_main,placement,12,12,1,qaoa_warm,nominal,273,2.968720818356282,2.968720818356282,True,0.0006953749107196927,0.028948749997653067,0.02964412490837276,36864,124,0.11627251838349595,7.633294444531202e-05,9.9488,0.0,1.0072766704843987,True,-3.0072766704843987,modeled_qpu
clearaccept_main,placement,12,12,2,task_specific,local,2180,3.459115930844322,3.459115930844322,True,0.0007237920071929693,7.570791058242321e-05,0.0007994999177753925,36864,72,,,7.570791058242321e-05,0.0,2.6807788743473577e-06,False,-2.6807788743473577e-06,measured_local
clearaccept_main,placement,12,12,2,milp,local,2180,3.459115930844322,3.459115930844322,True,0.0007237920071929693,0.005379667039960623,0.006103459047153592,36864,0,,,0.005379667039960623,0.0,0.00019049129266417037,False,-0.00019049129266417037,measured_local
clearaccept_main,placement,12,12,2,qaoa_warm,nominal,2180,3.459115930844322,3.459115930844322,True,0.0007237920071929693,0.02803516702260822,0.02875895902980119,36864,119,0.08161873075615078,7.72910425439477e-05,9.5678,0.0,0.33879096539134324,True,-2.3387909653913432,modeled_qpu
clearaccept_main,placement,12,12,3,task_specific,local,273,2.6827481278458363,2.6827481278458363,True,0.0007050830172374845,8.345802780240774e-05,0.0007885410450398922,36864,84,,,8.345802780240774e-05,0.0,9.289693132211798e-06,False,-9.289693132211798e-06,measured_local
clearaccept_main,placement,12,12,3,milp,local,273,2.6827481278458363,2.6827481278458363,True,0.0007050830172374845,0.005067250109277666,0.00577233312651515,36864,0,,,0.005067250109277666,0.0,0.0005640343988334478,False,-0.0005640343988334478,measured_local
clearaccept_main,placement,12,12,3,qaoa_warm,nominal,273,2.6827481278458363,2.6827481278458363,True,0.0007050830172374845,0.028678374947048724,0.029383457964286208,36864,121,0.1383085639200208,8.475000504404306e-05,9.7202,0.0,1.0819531393374247,True,-3.0819531393374247,modeled_qpu
clearaccept_main,placement,12,12,4,task_specific,local,273,2.485128190494849,2.485128190494849,True,0.000755417044274509,8.104194421321154e-05,0.0008364589884877205,36864,72,,,8.104194421321154e-05,0.0,7.174249042012566e-06,False,-7.174249042012566e-06,measured_local
clearaccept_main,placement,12,12,4,milp,local,273,2.485128190494849,2.485128190494849,True,0.000755417044274509,0.0055296249920502305,0.0062850420363247395,36864,0,,,0.0055296249920502305,0.0,0.0004895107982298125,False,-0.0004895107982298125,measured_local
clearaccept_main,placement,12,12,4,qaoa_warm,nominal,273,2.485128190494849,2.485128190494849,True,0.000755417044274509,0.029707291047088802,0.03046270809136331,36864,125,0.1166492671231908,7.758394349366426e-05,10.025,0.0,0.8874644771225912,True,-2.8874644771225912,modeled_qpu
clearaccept_main,placement,12,12,5,task_specific,local,2084,2.780253963673456,2.780253963673456,True,0.0007390000391751528,7.191707845777273e-05,0.0008109171176329255,36864,76,,,7.191707845777273e-05,0.0,2.167837190312104e-06,False,-2.167837190312104e-06,measured_local
clearaccept_main,placement,12,12,5,milp,local,2084,2.780253963673456,2.780253963673456,True,0.0007390000391751528,0.005627332953736186,0.006366332992911339,36864,0,,,0.005627332953736186,0.0,0.00016962788145712967,False,-0.00016962788145712967,measured_local
clearaccept_main,placement,12,12,5,qaoa_warm,nominal,2084,2.780253963673456,2.780253963673456,True,0.0007390000391751528,0.025855125044472516,0.02659412508364767,36864,111,0.10798041379557118,7.304095197468996e-05,8.9582,0.0,0.2700320916075117,True,-2.270032091607512,modeled_qpu
clearaccept_main,placement,12,12,6,task_specific,local,273,2.6430612490387744,2.6430612490387744,True,0.0007602500263601542,8.879194501787424e-05,0.0008490419713780284,36864,84,,,8.879194501787424e-05,0.0,3.0805556127379403e-06,False,-3.0805556127379403e-06,measured_local
clearaccept_main,placement,12,12,6,milp,local,273,2.6430612490387744,2.6430612490387744,True,0.0007602500263601542,0.00558233296032995,0.006342582986690104,36864,0,,,0.00558233296032995,0.0,0.0001936739546549482,False,-0.0001936739546549482,measured_local
clearaccept_main,placement,12,12,6,qaoa_warm,nominal,273,2.6430612490387744,2.6430612490387744,True,0.0007602500263601542,0.03082662494853139,0.03158687497489154,36864,128,0.13790019144387092,9.041698649525642e-05,10.2536,0.0,0.3557393074834792,True,-2.3557393074834794,modeled_qpu
clearaccept_main,placement,12,12,7,task_specific,local,273,3.0481235735713152,3.0481235735713152,True,0.000759041984565556,8.416606578975916e-05,0.0008432080503553152,36864,80,,,8.416606578975916e-05,0.0,1.698979872090082e-06,False,-1.698979872090082e-06,measured_local
clearaccept_main,placement,12,12,7,milp,local,273,3.0481235735713152,3.0481235735713152,True,0.000759041984565556,0.00719804095569998,0.007957082940265536,36864,0,,,0.00719804095569998,0.0,0.00014529996843101007,False,-0.00014529996843101007,measured_local
clearaccept_main,placement,12,12,7,qaoa_warm,nominal,273,3.0481235735713152,3.0481235735713152,True,0.000759041984565556,0.042392499977722764,0.04315154196228832,36864,127,0.11421134317769639,0.00011608295608311892,10.1774,0.0,0.20544143994328762,True,-2.2054414399432876,modeled_qpu
clearaccept_main,placement,12,12,8,task_specific,local,273,2.912781841718501,2.912781841718501,True,0.0007964170072227716,8.55419784784317e-05,0.0008819589857012033,36864,76,,,8.55419784784317e-05,0.0,9.97525484238694e-06,False,-9.97525484238694e-06,measured_local
clearaccept_main,placement,12,12,8,milp,local,273,2.912781841718501,2.912781841718501,True,0.0007964170072227716,0.005591624998487532,0.006388042005710304,36864,0,,,0.005591624998487532,0.0,0.0006520527737973502,False,-0.0006520527737973502,measured_local
clearaccept_main,placement,12,12,8,qaoa_warm,nominal,273,2.912781841718501,2.912781841718501,True,0.0007964170072227716,0.028118457994423807,0.02891487500164658,36864,119,0.12125821141005247,8.14169179648161e-05,9.5678,0.0,1.1157240571078682,True,-3.115724057107868,modeled_qpu
clearaccept_main,placement,12,12,9,task_specific,local,1096,1.7859511992755568,1.7859511992755568,True,0.0007539170328527689,6.920902524143457e-05,0.0008231260580942035,36864,72,,,6.920902524143457e-05,0.0,5.177184759871873e-06,False,-5.177184759871873e-06,measured_local
clearaccept_main,placement,12,12,9,milp,local,1096,1.7859511992755568,1.7859511992755568,True,0.0007539170328527689,0.006049458053894341,0.00680337508674711,36864,1,,,0.006049458053894341,0.0,0.00045253002672483174,False,-0.00045253002672483174,measured_local
clearaccept_main,placement,12,12,9,qaoa_warm,nominal,1096,1.7859511992755568,1.7859511992755568,True,0.0007539170328527689,0.030100499978289008,0.030854417011141777,36864,110,0.0817484004038454,7.870793342590332e-05,8.882,0.0,0.6644184754339247,True,-2.6644184754339246,modeled_qpu
clearaccept_main,placement,12,12,10,task_specific,local,280,2.176804568749213,2.176804568749213,True,0.0009575830772519112,0.0001360829919576645,0.0010936660692095757,36864,80,,,0.0001360829919576645,0.0,6.3953311180885344e-06,False,-6.3953311180885344e-06,measured_local
clearaccept_main,placement,12,12,10,milp,local,280,2.176804568749213,2.176804568749213,True,0.0009575830772519112,0.006785833043977618,0.007743416121229529,36864,0,,,0.006785833043977618,0.0,0.00031890575452518373,False,-0.00031890575452518373,measured_local
clearaccept_main,placement,12,12,10,qaoa_warm,nominal,280,2.176804568749213,2.176804568749213,True,0.0009575830772519112,0.028158084023743868,0.02911566710099578,36864,120,0.14704243199814437,9.112502448260784e-05,9.644,0.0,0.45322764010092786,True,-2.453227640100928,modeled_qpu
clearaccept_main,placement,12,12,11,task_specific,local,273,1.7007717433712175,1.7007717433712175,True,0.000764791970141232,7.23750563338399e-05,0.0008371670264750719,36864,72,,,7.23750563338399e-05,0.0,7.110725936867239e-06,False,-7.110725936867239e-06,measured_local
clearaccept_main,placement,12,12,11,milp,local,273,1.7007717433712175,1.7007717433712175,True,0.000764791970141232,0.005295417038723826,0.006060209008865058,36864,1,,,0.005295417038723826,0.0,0.000520265699139449,False,-0.000520265699139449,measured_local
clearaccept_main,placement,12,12,11,qaoa_warm,nominal,273,1.7007717433712175,1.7007717433712175,True,0.000764791970141232,0.026869709021411836,0.027634500991553068,36864,114,0.07852210701591177,7.679197005927563e-05,9.1868,0.0,0.9025874430479509,True,-2.902587443047951,modeled_qpu
clearaccept_main,placement,12,12,12,task_specific,local,273,2.0007786780182752,2.0007786780182752,True,0.000757250003516674,8.141703438013792e-05,0.000838667037896812,36864,76,,,8.141703438013792e-05,0.0,3.7135333076587044e-06,False,-3.7135333076587044e-06,measured_local
clearaccept_main,placement,12,12,12,milp,local,273,2.0007786780182752,2.0007786780182752,True,0.000757250003516674,0.005206583999097347,0.005963834002614021,36864,0,,,0.005206583999097347,0.0,0.0002374788426890636,False,-0.0002374788426890636,measured_local
clearaccept_main,placement,12,12,12,qaoa_warm,nominal,273,2.0007786780182752,2.0007786780182752,True,0.000757250003516674,0.028544040978886187,0.02930129098240286,36864,122,0.142902130605468,8.220796007663012e-05,9.7964,0.0,0.446826121488191,True,-2.446826121488191,modeled_qpu
clearaccept_main,placement,12,12,13,task_specific,local,273,3.3770867203775823,3.3770867203775823,True,0.0007299169665202498,7.470801938325167e-05,0.0008046249859035015,36864,72,,,7.470801938325167e-05,0.0,4.281863868574548e-06,False,-4.281863868574548e-06,measured_local
clearaccept_main,placement,12,12,13,milp,local,273,3.3770867203775823,3.3770867203775823,True,0.0007299169665202498,0.005390332895331085,0.006120249861851335,36864,0,,,0.005390332895331085,0.0,0.0003089450350129522,False,-0.0003089450350129522,measured_local
clearaccept_main,placement,12,12,13,qaoa_warm,nominal,273,3.3770867203775823,3.3770867203775823,True,0.0007299169665202498,0.027883000089786947,0.028612917056307197,36864,119,0.10233754466234203,6.779201794415712e-05,9.5678,0.0,0.5483750935971397,True,-2.54837509359714,modeled_qpu
clearaccept_main,placement,12,12,14,task_specific,local,273,1.7690131235454767,1.7690131235454767,True,0.0007285419851541519,9.14169941097498e-05,0.0008199589792639017,36864,84,,,9.14169941097498e-05,0.0,8.604849556212616e-06,False,-8.604849556212616e-06,measured_local
clearaccept_main,placement,12,12,14,milp,local,273,1.7690131235454767,1.7690131235454767,True,0.0007285419851541519,0.005265875020995736,0.005994417006149888,36864,1,,,0.005265875020995736,0.0,0.0004956634461540848,False,-0.0004956634461540848,measured_local
clearaccept_main,placement,12,12,14,qaoa_warm,nominal,273,1.7690131235454767,1.7690131235454767,True,0.0007285419851541519,0.027545833960175514,0.028274375945329666,36864,118,0.1481867315321473,9.095796849578619e-05,9.4916,0.0,0.8934202097007804,True,-2.89342020970078,modeled_qpu
clearaccept_main,placement,12,12,15,task_specific,local,273,2.08402320013393,2.08402320013393,True,0.0007582909893244505,7.087492849677801e-05,0.0008291659178212285,36864,72,,,7.087492849677801e-05,0.0,7.008221407698606e-06,False,-7.008221407698606e-06,measured_local
clearaccept_main,placement,12,12,15,milp,local,273,2.08402320013393,2.08402320013393,True,0.0007582909893244505,0.005020166980102658,0.005778457969427109,36864,1,,,0.005020166980102658,0.0,0.0004964017946314614,False,-0.0004964017946314614,measured_local
clearaccept_main,placement,12,12,15,qaoa_warm,nominal,273,2.08402320013393,2.08402320013393,True,0.0007582909893244505,0.027821084018796682,0.028579375008121133,36864,119,0.060839789926064064,6.816606037318707e-05,9.5678,0.0,0.9460787080388656,True,-2.9460787080388657,modeled_qpu
clearaccept_main,placement,12,12,16,task_specific,local,273,1.8845176531328127,1.8845176531328127,True,0.0007170840399339795,7.750000804662704e-05,0.0007945840479806066,36864,76,,,7.750000804662704e-05,0.0,1.8455022141613506e-06,False,-1.8455022141613506e-06,measured_local
clearaccept_main,placement,12,12,16,milp,local,273,1.8845176531328127,1.8845176531328127,True,0.0007170840399339795,0.005185874993912876,0.005902959033846855,36864,0,,,0.005185874993912876,0.0,0.00012349087470897008,False,-0.00012349087470897008,measured_local
clearaccept_main,placement,12,12,16,qaoa_warm,nominal,273,1.8845176531328127,1.8845176531328127,True,0.0007170840399339795,0.028156958054751158,0.028874042094685137,36864,121,0.14391836441832698,7.987499702721834e-05,9.7202,0.0,0.23146643560731717,True,-2.231466435607317,modeled_qpu
clearaccept_main,placement,12,12,17,task_specific,local,545,2.162632048579826,2.162632048579826,True,0.0007142079994082451,6.937503349035978e-05,0.0007835830328986049,36864,76,,,6.937503349035978e-05,0.0,7.006246879219623e-06,False,-7.006246879219623e-06,measured_local
clearaccept_main,placement,12,12,17,milp,local,545,2.162632048579826,2.162632048579826,True,0.0007142079994082451,0.005229375092312694,0.005943583091720939,36864,0,,,0.005229375092312694,0.0,0.0005281192826505205,False,-0.0005281192826505205,measured_local
clearaccept_main,placement,12,12,17,qaoa_warm,nominal,545,2.162632048579826,2.162632048579826,True,0.0007142079994082451,0.026383457938209176,0.02709766593761742,36864,112,0.07062430262250612,7.220800034701824e-05,9.0344,0.0,0.9123921621517836,True,-2.9123921621517836,modeled_qpu
clearaccept_main,placement,12,12,18,task_specific,local,548,1.7787195357227839,1.7787195357227839,True,0.0007738330168649554,7.770897354930639e-05,0.0008515419904142618,36864,76,,,7.770897354930639e-05,0.0,2.0953541044426e-06,False,-2.0953541044426e-06,measured_local
clearaccept_main,placement,12,12,18,milp,local,548,1.7787195357227839,1.7787195357227839,True,0.0007738330168649554,0.0061554169515147805,0.006929249968379736,36864,1,,,0.0061554169515147805,0.0,0.00016597540264417986,False,-0.00016597540264417986,measured_local
clearaccept_main,placement,12,12,18,qaoa_warm,nominal,548,1.7787195357227839,1.7787195357227839,True,0.0007738330168649554,0.02638133300933987,0.027155166026204824,36864,113,0.0774335923290262,7.700000423938036e-05,9.1106,0.0,0.24565931361610607,True,-2.2456593136161063,modeled_qpu
clearaccept_main,placement,12,12,19,task_specific,local,273,2.469795030984167,2.469795030984167,True,0.0007457500323653221,7.254199590533972e-05,0.0008182920282706618,36864,76,,,7.254199590533972e-05,0.0,3.576065733837341e-06,False,-3.576065733837341e-06,measured_local
clearaccept_main,placement,12,12,19,milp,local,273,2.469795030984167,2.469795030984167,True,0.0007457500323653221,0.005150082986801863,0.005895833019167185,36864,0,,,0.005150082986801863,0.0,0.00025388101148406854,False,-0.00025388101148406854,measured_local
clearaccept_main,placement,12,12,19,qaoa_warm,nominal,273,2.469795030984167,2.469795030984167,True,0.0007457500323653221,0.027497416944243014,0.028243166976608336,36864,118,0.08668979983404985,7.43749551475048e-05,9.4916,0.0,0.4679025590029573,True,-2.4679025590029573,modeled_qpu
clearaccept_main,placement,12,12,20,task_specific,local,2184,2.342114382525379,2.342114382525379,True,0.0007240839768201113,8.770800195634365e-05,0.0008117919787764549,36864,84,,,8.770800195634365e-05,0.0,3.6345031502924727e-06,False,-3.6345031502924727e-06,measured_local
clearaccept_main,placement,12,12,20,milp,local,2184,2.342114382525379,2.342114382525379,True,0.0007240839768201113,0.005840541911311448,0.006564625888131559,36864,1,,,0.005840541911311448,0.0,0.0002420243022597023,False,-0.0002420243022597023,measured_local
clearaccept_main,placement,12,12,20,qaoa_warm,nominal,2184,2.342114382525379,2.342114382525379,True,0.0007240839768201113,0.02881479193456471,0.02953887591138482,36864,122,0.144387107797036,9.420793503522873e-05,9.7964,0.0,0.4059498092231934,True,-2.4059498092231935,modeled_qpu
clearaccept_main,placement,12,12,21,task_specific,local,273,2.4071936657738116,2.4071936657738116,True,0.0007294591050595045,8.3708087913692e-05,0.0008131671929731965,36864,84,,,8.3708087913692e-05,0.0,5.7133486506715735e-06,False,-5.7133486506715735e-06,measured_local
clearaccept_main,placement,12,12,21,milp,local,273,2.4071936657738116,2.4071936657738116,True,0.0007294591050595045,0.004985833074897528,0.005715292179957032,36864,0,,,0.004985833074897528,0.0,0.000340299287451292,False,-0.000340299287451292,measured_local
clearaccept_main,placement,12,12,21,qaoa_warm,nominal,273,2.4071936657738116,2.4071936657738116,True,0.0007294591050595045,0.029097207938320935,0.02982666704338044,36864,124,0.14557803303637412,8.42920271679759e-05,9.9488,0.0,0.6790378859735484,True,-2.6790378859735484,modeled_qpu
clearaccept_main,placement,12,12,22,task_specific,local,273,1.3130171552591334,1.3130171552591334,True,0.0007632089545950294,8.245790377259254e-05,0.0008456668583676219,36864,72,,,8.245790377259254e-05,0.0,7.304475857236162e-06,False,-7.304475857236162e-06,measured_local
clearaccept_main,placement,12,12,22,milp,local,273,1.3130171552591334,1.3130171552591334,True,0.0007632089545950294,0.005123124923557043,0.005886333878152072,36864,1,,,0.005123124923557043,0.0,0.00045382844585682475,False,-0.00045382844585682475,measured_local
clearaccept_main,placement,12,12,22,qaoa_warm,nominal,273,1.3130171552591334,1.3130171552591334,True,0.0007632089545950294,0.026839459082111716,0.027602668036706746,36864,114,0.07598827535986029,7.7791977673769e-05,9.1868,0.0,0.8138062664110743,True,-2.813806266411074,modeled_qpu
clearaccept_main,placement,12,12,23,task_specific,local,273,2.529555448250109,2.529555448250109,True,0.0007634579669684172,8.38330015540123e-05,0.0008472909685224295,36864,84,,,8.38330015540123e-05,0.0,1.7296740794369318e-06,False,-1.7296740794369318e-06,measured_local
clearaccept_main,placement,12,12,23,milp,local,273,2.529555448250109,2.529555448250109,True,0.0007634579669684172,0.005101541988551617,0.005864999955520034,36864,0,,,0.005101541988551617,0.0,0.00010525693675743797,False,-0.00010525693675743797,measured_local
clearaccept_main,placement,12,12,23,qaoa_warm,nominal,273,2.529555448250109,2.529555448250109,True,0.0007634579669684172,0.02976995799690485,0.030533415963873267,36864,128,0.11755481439019265,8.462509140372276e-05,10.2536,0.0,0.2115561391355872,True,-2.2115561391355874,modeled_qpu
clearaccept_main,placement,12,12,24,task_specific,local,1089,3.1942611268949292,3.1942611268949292,True,0.0007610419997945428,8.970801718533039e-05,0.0008507500169798732,36864,84,,,8.970801718533039e-05,0.0,9.041042982416881e-06,False,-9.041042982416881e-06,measured_local
clearaccept_main,placement,12,12,24,milp,local,1089,3.1942611268949292,3.1942611268949292,True,0.0007610419997945428,0.006200207979418337,0.00696124997921288,36864,0,,,0.006200207979418337,0.0,0.0006248755529401222,False,-0.0006248755529401222,measured_local
clearaccept_main,placement,12,12,24,qaoa_warm,nominal,1089,3.1942611268949292,3.1942611268949292,True,0.0007610419997945428,0.028275249991565943,0.029036291991360486,36864,120,0.12013538218510528,8.691695984452963e-05,9.644,0.0,0.9719512397904894,True,-2.9719512397904895,modeled_qpu
clearaccept_main,placement,12,12,25,task_specific,local,273,2.1531180678185367,2.1531180678185367,True,0.000705457990989089,6.979110185056925e-05,0.0007752490928396583,36864,76,,,6.979110185056925e-05,0.0,8.359907938960642e-06,False,-8.359907938960642e-06,measured_local
clearaccept_main,placement,12,12,25,milp,local,273,2.1531180678185367,2.1531180678185367,True,0.000705457990989089,0.005267707980237901,0.00597316597122699,36864,0,,,0.005267707980237901,0.0,0.0006309909515170947,False,-0.0006309909515170947,measured_local
clearaccept_main,placement,12,12,25,qaoa_warm,nominal,273,2.1531180678185367,2.1531180678185367,True,0.000705457990989089,0.02902170899324119,0.02972716698423028,36864,123,0.10491632529614979,7.60830007493496e-05,9.8726,0.0,1.1825866755177137,True,-3.1825866755177135,modeled_qpu
clearaccept_main,placement,12,12,26,task_specific,local,273,2.6889742177015155,2.6889742177015155,True,0.0007334999972954392,8.470797911286354e-05,0.0008182079764083028,36864,80,,,8.470797911286354e-05,0.0,9.13341561394816e-06,False,-9.13341561394816e-06,measured_local
clearaccept_main,placement,12,12,26,milp,local,273,2.6889742177015155,2.6889742177015155,True,0.0007334999972954392,0.005477333092130721,0.00621083308942616,36864,0,,,0.005477333092130721,0.0,0.0005905790707131241,False,-0.0005905790707131241,measured_local
clearaccept_main,placement,12,12,26,qaoa_warm,nominal,273,2.6889742177015155,2.6889742177015155,True,0.0007334999972954392,0.028043208993040025,0.028776708990335464,36864,119,0.11554692274460396,8.425000123679638e-05,9.5678,0.0,1.0316229335928386,True,-3.0316229335928386,modeled_qpu
clearaccept_main,placement,12,12,27,task_specific,local,273,2.2425617039442267,2.2425617039442267,True,0.0007419579196721315,8.208409417420626e-05,0.0008240420138463378,36864,80,,,8.208409417420626e-05,0.0,5.5312906185653805e-06,False,-5.5312906185653805e-06,measured_local
clearaccept_main,placement,12,12,27,milp,local,273,2.2425617039442267,2.2425617039442267,True,0.0007419579196721315,0.0053903330117464066,0.006132290931418538,36864,0,,,0.0053903330117464066,0.0,0.0003632311316677143,False,-0.0003632311316677143,measured_local
clearaccept_main,placement,12,12,27,qaoa_warm,nominal,273,2.2425617039442267,2.2425617039442267,True,0.0007419579196721315,0.028986333985812962,0.029728291905485094,36864,124,0.14455366788999613,8.07089963927865e-05,9.9488,0.0,0.6704064247720669,True,-2.670406424772067,modeled_qpu
clearaccept_main,placement,12,12,28,task_specific,local,273,1.4848811480070365,1.4848811480070365,True,0.0007385420612990856,8.06670868769288e-05,0.0008192091481760144,36864,80,,,8.06670868769288e-05,0.0,2.9388064926908612e-06,False,-2.9388064926908612e-06,measured_local
clearaccept_main,placement,12,12,28,milp,local,273,1.4848811480070365,1.4848811480070365,True,0.0007385420612990856,0.005213750060647726,0.005952292121946812,36864,0,,,0.005213750060647726,0.0,0.0001899436699985894,False,-0.0001899436699985894,measured_local
clearaccept_main,placement,12,12,28,qaoa_warm,nominal,273,1.4848811480070365,1.4848811480070365,True,0.0007385420612990856,0.028453791048377752,0.029192333109676838,36864,121,0.14411221655070056,8.650007657706738e-05,9.7202,0.0,0.3541194801522412,True,-2.3541194801522414,modeled_qpu
clearaccept_main,placement,12,12,29,task_specific,local,273,2.3014685393434764,2.3014685393434764,True,0.0007410410325974226,8.479098323732615e-05,0.0008258320158347487,36864,84,,,8.479098323732615e-05,0.0,5.17681841488183e-06,False,-5.17681841488183e-06,measured_local
clearaccept_main,placement,12,12,29,milp,local,273,2.3014685393434764,2.3014685393434764,True,0.0007410410325974226,0.005131750018335879,0.0058727910509333014,36864,0,,,0.005131750018335879,0.0,0.0003133132437105243,False,-0.0003133132437105243,measured_local
clearaccept_main,placement,12,12,29,qaoa_warm,nominal,273,2.3014685393434764,2.3014685393434764,True,0.0007410410325974226,0.029836958972737193,0.030578000005334616,36864,127,0.14265345984521216,8.691591210663319e-05,10.1774,0.0,0.6213697462164233,True,-2.6213697462164234,modeled_qpu
clearaccept_main,routing,6,6,0,task_specific,local,20,3.547221538095864,3.547221538095864,True,0.00012387498281896114,5.0915987230837345e-05,0.0001747909700497985,576,12,,,5.0915987230837345e-05,0.0,1.531713614429613e-06,False,-1.531713614429613e-06,measured_local
clearaccept_main,routing,6,6,0,milp,local,20,3.547221538095864,3.547221538095864,True,0.00012387498281896114,0.0006362079875543714,0.0007600829703733325,576,0,,,0.0006362079875543714,0.0,1.913914448379184e-05,False,-1.913914448379184e-05,measured_local
clearaccept_main,routing,6,6,0,qaoa_warm,nominal,20,3.547221538095864,3.547221538095864,True,0.00012387498281896114,0.005062374984845519,0.00518624996766448,576,100,0.29754945825198326,3.579095937311649e-05,8.120000000000001,0.0,0.2442752311328191,True,-2.244275231132819,modeled_qpu
clearaccept_main,routing,6,6,1,task_specific,local,12,4.14444535096205,4.14444535096205,True,6.937503349035978e-05,2.0958948880434036e-05,9.033398237079382e-05,576,6,,,2.0958948880434036e-05,0.0,3.0480151682703245e-06,False,-3.0480151682703245e-06,measured_local
clearaccept_main,routing,6,6,1,milp,local,12,4.14444535096205,4.14444535096205,True,6.937503349035978e-05,0.0004414999857544899,0.0005108750192448497,576,0,,,0.0004414999857544899,0.0,6.420639990334045e-05,False,-6.420639990334045e-05,measured_local
clearaccept_main,routing,6,6,1,qaoa_warm,nominal,12,4.14444535096205,4.14444535096205,True,6.937503349035978e-05,0.005055332905612886,0.005124707939103246,576,98,0.28599709657226263,1.9584083929657936e-05,7.9676,0.0,1.1587110495499102,True,-3.15871104954991,modeled_qpu
clearaccept_main,routing,6,6,2,task_specific,local,10,3.381447988861252,3.381447988861252,True,8.237501606345177e-05,4.045793320983648e-05,0.00012283294927328825,576,12,,,4.045793320983648e-05,0.0,3.8952406647700255e-06,False,-3.8952406647700255e-06,measured_local
clearaccept_main,routing,6,6,2,milp,local,10,3.381447988861252,3.381447988861252,True,8.237501606345177e-05,0.0004869590047746897,0.0005693340208381414,576,0,,,0.0004869590047746897,0.0,4.688382146553004e-05,False,-4.688382146553004e-05,measured_local
clearaccept_main,routing,6,6,2,qaoa_warm,nominal,10,3.381447988861252,3.381447988861252,True,8.237501606345177e-05,0.0050322499591857195,0.005114624975249171,576,100,0.3984355143138013,3.4541008062660694e-05,8.120000000000001,0.0,0.7817837365513919,True,-2.7817837365513918,modeled_qpu
clearaccept_main,routing,6,6,3,task_specific,local,12,2.8294887654078402,2.8294887654078402,True,5.9999991208314896e-05,3.5624951124191284e-05,9.562494233250618e-05,576,12,,,3.5624951124191284e-05,0.0,3.0681804829729273e-06,False,-3.0681804829729273e-06,measured_local
clearaccept_main,routing,6,6,3,milp,local,12,2.8294887654078402,2.8294887654078402,True,5.9999991208314896e-05,0.00038479198701679707,0.00044479197822511196,576,0,,,0.00038479198701679707,0.0,3.3140010787765244e-05,False,-3.3140010787765244e-05,measured_local
clearaccept_main,routing,6,6,3,qaoa_warm,nominal,12,2.8294887654078402,2.8294887654078402,True,5.9999991208314896e-05,0.005357458023354411,0.005417458014562726,576,104,0.3077976662530618,3.200001083314419e-05,8.424800000000001,0.0,0.7255815409497522,True,-2.725581540949752,modeled_qpu
clearaccept_main,routing,6,6,4,task_specific,local,9,3.5059989411842394,3.5059989411842394,True,7.308297790586948e-05,3.979192115366459e-05,0.00011287489905953407,576,12,,,3.979192115366459e-05,0.0,2.8372123282604325e-06,False,-2.8372123282604325e-06,measured_local
clearaccept_main,routing,6,6,4,milp,local,9,3.5059989411842394,3.5059989411842394,True,7.308297790586948e-05,0.00043941696640104055,0.00051249994430691,576,0,,,0.00043941696640104055,0.0,3.133096362714866e-05,False,-3.133096362714866e-05,measured_local
clearaccept_main,routing,6,6,4,qaoa_warm,nominal,9,3.5059989411842394,3.5059989411842394,True,7.308297790586948e-05,0.005048499908298254,0.0051215828862041235,576,102,0.2852305016194941,3.416603431105614e-05,8.272400000000001,0.0,0.5898321715522427,True,-2.5898321715522425,modeled_qpu
clearaccept_main,routing,6,6,5,task_specific,local,17,3.469480168937225,3.469480168937225,True,6.329198367893696e-05,3.558304160833359e-05,9.887502528727055e-05,576,12,,,3.558304160833359e-05,0.0,5.001012544098228e-06,False,-5.001012544098228e-06,measured_local
clearaccept_main,routing,6,6,5,milp,local,17,3.469480168937225,3.469480168937225,True,6.329198367893696e-05,0.00036883295979350805,0.000432124943472445,576,0,,,0.00036883295979350805,0.0,5.1837565740086084e-05,False,-5.1837565740086084e-05,measured_local
clearaccept_main,routing,6,6,5,qaoa_warm,nominal,17,3.469480168937225,3.469480168937225,True,6.329198367893696e-05,0.005028791958466172,0.005092083942145109,576,101,0.39487147495039354,3.2916897907853127e-05,8.196200000000001,0.0,1.1519335380351003,True,-3.1519335380351006,modeled_qpu
clearaccept_main,routing,6,6,6,task_specific,local,12,3.326831827137393,3.326831827137393,True,7.837498560547829e-05,3.933394327759743e-05,0.00011770892888307571,576,12,,,3.933394327759743e-05,0.0,4.270016304685735e-06,False,-4.270016304685735e-06,measured_local
clearaccept_main,routing,6,6,6,milp,local,12,3.326831827137393,3.326831827137393,True,7.837498560547829e-05,0.00046099990140646696,0.0005393748870119452,576,0,,,0.00046099990140646696,0.0,5.004525179618267e-05,False,-5.004525179618267e-05,measured_local
clearaccept_main,routing,6,6,6,qaoa_warm,nominal,12,3.326831827137393,3.326831827137393,True,7.837498560547829e-05,0.004687082953751087,0.0047654579393565655,576,96,0.2703780201586595,3.333296626806259e-05,7.815200000000001,0.0,0.8484028969296441,True,-2.848402896929644,modeled_qpu
clearaccept_main,routing,6,6,7,task_specific,local,18,3.0757640987042505,3.0757640987042505,True,6.087496876716614e-05,3.5542063415050507e-05,9.641703218221664e-05,576,12,,,3.5542063415050507e-05,0.0,2.296577917720777e-06,False,-2.296577917720777e-06,measured_local
clearaccept_main,routing,6,6,7,milp,local,18,3.0757640987042505,3.0757640987042505,True,6.087496876716614e-05,0.0003742920234799385,0.00043516699224710464,576,0,,,0.0003742920234799385,0.0,2.4185168594883954e-05,False,-2.4185168594883954e-05,measured_local
clearaccept_main,routing,6,6,7,qaoa_warm,nominal,18,3.0757640987042505,3.0757640987042505,True,6.087496876716614e-05,0.004729999927803874,0.00479087489657104,576,96,0.3315577739023714,3.145902883261442e-05,7.815200000000001,0.0,0.5049851926990581,True,-2.504985192699058,modeled_qpu
clearaccept_main,routing,6,6,8,task_specific,local,17,2.786912410190125,2.786912410190125,True,7.804203778505325e-05,3.9082951843738556e-05,0.00011712498962879181,576,12,,,3.9082951843738556e-05,0.0,4.267230448689162e-06,False,-4.267230448689162e-06,measured_local
clearaccept_main,routing,6,6,8,milp,local,17,2.786912410190125,2.786912410190125,True,7.804203778505325e-05,0.00042879197280853987,0.0005068340105935931,576,0,,,0.00042879197280853987,0.0,4.681719461308396e-05,False,-4.681719461308396e-05,measured_local
clearaccept_main,routing,6,6,8,qaoa_warm,nominal,17,2.786912410190125,2.786912410190125,True,7.804203778505325e-05,0.004620708990842104,0.004698751028627157,576,96,0.30174553000761306,3.329198807477951e-05,7.815200000000001,0.0,0.8532942838077466,True,-2.8532942838077466,modeled_qpu
clearaccept_main,routing,6,6,9,task_specific,local,12,3.458641056788881,3.458641056788881,True,5.9542013332247734e-05,3.50830378010869e-05,9.462505113333464e-05,576,12,,,3.50830378010869e-05,0.0,3.5957612856237915e-06,False,-3.5957612856237915e-06,measured_local
clearaccept_main,routing,6,6,9,milp,local,12,3.458641056788881,3.458641056788881,True,5.9542013332247734e-05,0.00036641594488173723,0.00042595795821398497,576,0,,,0.00036641594488173723,0.0,3.75550223589872e-05,False,-3.75550223589872e-05,measured_local
clearaccept_main,routing,6,6,9,qaoa_warm,nominal,12,3.458641056788881,3.458641056788881,True,5.9542013332247734e-05,0.004930791910737753,0.004990333924070001,576,98,0.28596916700335684,3.162503708153963e-05,7.9676,0.0,0.816622203064996,True,-2.816622203064996,modeled_qpu
clearaccept_main,routing,6,6,10,task_specific,local,18,3.7828047582588638,3.7828047582588638,True,7.499998901039362e-05,4.066608380526304e-05,0.00011566607281565666,576,12,,,4.066608380526304e-05,0.0,3.951186361330328e-06,False,-3.951186361330328e-06,measured_local
clearaccept_main,routing,6,6,10,milp,local,18,3.7828047582588638,3.7828047582588638,True,7.499998901039362e-05,0.004998540971428156,0.0050735409604385495,576,1,,,0.004998540971428156,0.0,0.0004856668030153839,False,-0.0004856668030153839,measured_local
clearaccept_main,routing,6,6,10,qaoa_warm,nominal,18,3.7828047582588638,3.7828047582588638,True,7.499998901039362e-05,0.005138416890986264,0.005213416879996657,576,97,0.4064246099534776,4.379195161163807e-05,7.8914,0.0,0.7667419415431086,True,-2.7667419415431085,modeled_qpu
clearaccept_main,routing,6,6,11,task_specific,local,12,5.274481558153858,5.274481558153858,True,7.337506394833326e-05,3.6958022974431515e-05,0.00011033308692276478,576,12,,,3.6958022974431515e-05,0.0,4.540482482446814e-06,False,-4.540482482446814e-06,measured_local
clearaccept_main,routing,6,6,11,milp,local,12,5.274481558153858,5.274481558153858,True,7.337506394833326e-05,0.0005007080035284162,0.0005740830674767494,576,0,,,0.0005007080035284162,0.0,6.151454368688835e-05,False,-6.151454368688835e-05,measured_local
clearaccept_main,routing,6,6,11,qaoa_warm,nominal,12,5.274481558153858,5.274481558153858,True,7.337506394833326e-05,0.006246207980439067,0.0063195830443874,576,116,0.321628071015607,3.658304922282696e-05,9.3392,0.0,1.1473685708081236,True,-3.1473685708081236,modeled_qpu
clearaccept_main,routing,6,6,12,task_specific,local,36,4.589963925928879,4.589963925928879,True,7.262500002980232e-05,3.5375007428228855e-05,0.00010800000745803118,576,12,,,3.5375007428228855e-05,0.0,1.3562512150926175e-06,False,-1.3562512150926175e-06,measured_local
clearaccept_main,routing,6,6,12,milp,local,36,4.589963925928879,4.589963925928879,True,7.262500002980232e-05,0.0004955829354003072,0.0005682079354301095,576,0,,,0.0004955829354003072,0.0,1.9000277517382986e-05,False,-1.9000277517382986e-05,measured_local
clearaccept_main,routing,6,6,12,qaoa_warm,nominal,36,4.589963925928879,4.589963925928879,True,7.262500002980232e-05,0.0050736250123009086,0.005146250012330711,576,99,0.3163099965348908,3.479095175862312e-05,8.043800000000001,0.0,0.3083932504069642,True,-2.308393250406964,modeled_qpu
clearaccept_main,routing,6,6,13,task_specific,local,10,4.887265975092688,4.887265975092688,True,5.591707304120064e-05,3.27499583363533e-05,8.866703137755394e-05,576,12,,,3.27499583363533e-05,0.0,3.1377512346756004e-06,False,-3.1377512346756004e-06,measured_local
clearaccept_main,routing,6,6,13,milp,local,10,4.887265975092688,4.887265975092688,True,5.591707304120064e-05,0.004464457975700498,0.004520375048741698,576,1,,,0.004464457975700498,0.0,0.00042773668233531543,False,-0.00042773668233531543,measured_local
clearaccept_main,routing,6,6,13,qaoa_warm,nominal,10,4.887265975092688,4.887265975092688,True,5.591707304120064e-05,0.004773958935402334,0.004829876008443534,576,95,0.2953754831130431,3.166601527482271e-05,7.739000000000001,0.0,0.7414683266390496,True,-2.7414683266390494,modeled_qpu
clearaccept_main,routing,6,6,14,task_specific,local,12,3.409886680174465,3.409886680174465,True,5.5999960750341415e-05,3.3708056434988976e-05,8.970801718533039e-05,576,12,,,3.3708056434988976e-05,0.0,3.33505522112197e-06,False,-3.33505522112197e-06,measured_local
clearaccept_main,routing,6,6,14,milp,local,12,3.409886680174465,3.409886680174465,True,5.5999960750341415e-05,0.0003654169850051403,0.0004214169457554817,576,0,,,0.0003654169850051403,0.0,3.6154140956731204e-05,False,-3.6154140956731204e-05,measured_local
clearaccept_main,routing,6,6,14,qaoa_warm,nominal,12,3.409886680174465,3.409886680174465,True,5.5999960750341415e-05,0.005490124924108386,0.0055461248848587275,576,108,0.39070990963009383,3.379106055945158e-05,8.7296,0.0,0.8637014748820201,True,-2.86370147488202,modeled_qpu
clearaccept_main,routing,6,6,15,task_specific,local,18,3.6144509945146384,3.6144509945146384,True,6.429199129343033e-05,3.854196984320879e-05,0.00010283396113663912,576,12,,,3.854196984320879e-05,0.0,5.423107509700534e-06,False,-5.423107509700534e-06,measured_local
clearaccept_main,routing,6,6,15,milp,local,18,3.6144509945146384,3.6144509945146384,True,6.429199129343033e-05,0.00038645905442535877,0.0004507510457187891,576,0,,,0.00038645905442535877,0.0,5.437731929042071e-05,False,-5.437731929042071e-05,measured_local
clearaccept_main,routing,6,6,15,qaoa_warm,nominal,18,3.6144509945146384,3.6144509945146384,True,6.429199129343033e-05,0.004758832976222038,0.004823124967515469,576,95,0.3298297790594935,3.2708048820495605e-05,7.739000000000001,0.0,1.0889279709445774,True,-3.088927970944577,modeled_qpu
clearaccept_main,routing,6,6,16,task_specific,local,34,2.760430191735089,2.760430191735089,True,6.0249934904277325e-05,3.708398435264826e-05,9.733391925692558e-05,576,12,,,3.708398435264826e-05,0.0,4.783591490125175e-06,False,-4.783591490125175e-06,measured_local
clearaccept_main,routing,6,6,16,milp,local,34,2.760430191735089,2.760430191735089,True,6.0249934904277325e-05,0.00035620899870991707,0.0004164589336141944,576,0,,,0.00035620899870991707,0.0,4.5948631590690576e-05,False,-4.5948631590690576e-05,measured_local
clearaccept_main,routing,6,6,16,qaoa_warm,nominal,34,2.760430191735089,2.760430191735089,True,6.0249934904277325e-05,0.005076874978840351,0.005137124913744628,576,98,0.33264245947955395,3.212492447346449e-05,7.9676,0.0,1.0277683000370361,True,-3.027768300037036,modeled_qpu
clearaccept_main,routing,6,6,17,task_specific,local,17,2.8167126421120434,2.8167126421120434,True,8.108292240649462e-05,3.579095937311649e-05,0.00011687388177961111,576,12,,,3.579095937311649e-05,0.0,3.3630233772126136e-06,False,-3.3630233772126136e-06,measured_local
clearaccept_main,routing,6,6,17,milp,local,17,2.8167126421120434,2.8167126421120434,True,8.108292240649462e-05,0.00047987501602619886,0.0005609579384326935,576,0,,,0.00047987501602619886,0.0,4.5090462097212576e-05,False,-4.5090462097212576e-05,measured_local
clearaccept_main,routing,6,6,17,qaoa_warm,nominal,17,2.8167126421120434,2.8167126421120434,True,8.108292240649462e-05,0.0049722089897841215,0.005053291912190616,576,101,0.2894993192544681,3.433297388255596e-05,8.196200000000001,0.0,0.7701389593097653,True,-2.770138959309765,modeled_qpu
clearaccept_main,routing,6,6,18,task_specific,local,17,3.1037011702257606,3.1037011702257606,True,6.270804442465305e-05,3.279093652963638e-05,9.549898095428944e-05,576,12,,,3.279093652963638e-05,0.0,1.233837532361942e-06,False,-1.233837532361942e-06,measured_local
clearaccept_main,routing,6,6,18,milp,local,17,3.1037011702257606,3.1037011702257606,True,6.270804442465305e-05,0.0003813750809058547,0.00044408312533050776,576,0,,,0.0003813750809058547,0.0,1.4350150941981458e-05,False,-1.4350150941981458e-05,measured_local
clearaccept_main,routing,6,6,18,qaoa_warm,nominal,17,3.1037011702257606,3.1037011702257606,True,6.270804442465305e-05,0.0051024159183725715,0.0051651239627972245,576,105,0.4036498139266021,3.15000070258975e-05,8.501000000000001,0.0,0.31987048778338695,True,-2.319870487783387,modeled_qpu
clearaccept_main,routing,6,6,19,task_specific,local,12,3.8885405158236646,3.8885405158236646,True,5.5582961067557335e-05,3.3624935895204544e-05,8.920789696276188e-05,576,12,,,3.3624935895204544e-05,0.0,2.4433148841403645e-06,False,-2.4433148841403645e-06,measured_local
clearaccept_main,routing,6,6,19,milp,local,12,3.8885405158236646,3.8885405158236646,True,5.5582961067557335e-05,0.00033950002398341894,0.0003950829850509763,576,0,,,0.00033950002398341894,0.0,2.4669354444271195e-05,False,-2.4669354444271195e-05,measured_local
clearaccept_main,routing,6,6,19,qaoa_warm,nominal,12,3.8885405158236646,3.8885405158236646,True,5.5582961067557335e-05,0.004802250070497394,0.004857833031564951,576,99,0.3468026838774872,3.0249939300119877e-05,8.043800000000001,0.0,0.5844928991478369,True,-2.584492899147837,modeled_qpu
clearaccept_main,routing,6,6,20,task_specific,local,34,3.1893537307036626,3.1893537307036626,True,5.3333002142608166e-05,3.370898775756359e-05,8.704198990017176e-05,576,12,,,3.370898775756359e-05,0.0,1.102731513957806e-06,False,-1.102731513957806e-06,measured_local
clearaccept_main,routing,6,6,20,milp,local,34,3.1893537307036626,3.1893537307036626,True,5.3333002142608166e-05,0.00034074997529387474,0.0003940829774364829,576,0,,,0.00034074997529387474,0.0,1.1147048936602605e-05,False,-1.1147048936602605e-05,measured_local
clearaccept_main,routing,6,6,20,qaoa_warm,nominal,34,3.1893537307036626,3.1893537307036626,True,5.3333002142608166e-05,0.005019584088586271,0.005072917090728879,576,98,0.2900473704227453,3.162503708153963e-05,7.9676,0.0,0.26064632002006033,True,-2.26064632002006,modeled_qpu
clearaccept_main,routing,6,6,21,task_specific,local,36,3.92770300561512,3.92770300561512,True,5.4292031563818455e-05,3.4542055800557137e-05,8.883408736437559e-05,576,12,,,3.4542055800557137e-05,0.0,4.801677912687216e-06,False,-4.801677912687216e-06,measured_local
clearaccept_main,routing,6,6,21,milp,local,36,3.92770300561512,3.92770300561512,True,5.4292031563818455e-05,0.00038716697599738836,0.0004414590075612068,576,0,,,0.00038716697599738836,0.0,5.3819932661291575e-05,False,-5.3819932661291575e-05,measured_local
clearaccept_main,routing,6,6,21,qaoa_warm,nominal,36,3.92770300561512,3.92770300561512,True,5.4292031563818455e-05,0.00514520809520036,0.005199500126764178,576,100,0.30360277303027977,3.55839729309082e-05,8.120000000000001,0.0,1.1287580819202812,True,-3.128758081920281,modeled_qpu
clearaccept_main,routing,6,6,22,task_specific,local,33,3.106189314607587,3.106189314607587,True,6.01249048486352e-05,3.279105294495821e-05,9.29159577935934e-05,576,12,,,3.279105294495821e-05,0.0,3.3033867674977157e-06,False,-3.3033867674977157e-06,measured_local
clearaccept_main,routing,6,6,22,milp,local,33,3.106189314607587,3.106189314607587,True,6.01249048486352e-05,0.00039670802652835846,0.00045683293137699366,576,0,,,0.00039670802652835846,0.0,3.996456129644977e-05,False,-3.996456129644977e-05,measured_local
clearaccept_main,routing,6,6,22,qaoa_warm,nominal,33,3.106189314607587,3.106189314607587,True,6.01249048486352e-05,0.004973834031261504,0.005033958936110139,576,98,0.23095069886490413,3.233295865356922e-05,7.9676,0.0,0.8026599344917237,True,-2.802659934491724,modeled_qpu
clearaccept_main,routing,6,6,23,task_specific,local,36,3.254243761699889,3.254243761699889,True,5.691696424037218e-05,3.133295103907585e-05,8.824991527944803e-05,576,12,,,3.133295103907585e-05,0.0,2.725223098992164e-06,False,-2.725223098992164e-06,measured_local
clearaccept_main,routing,6,6,23,milp,local,36,3.254243761699889,3.254243761699889,True,5.691696424037218e-05,0.0003670420264825225,0.00042395899072289467,576,0,,,0.0003670420264825225,0.0,3.192394510250913e-05,False,-3.192394510250913e-05,measured_local
clearaccept_main,routing,6,6,23,qaoa_warm,nominal,36,3.254243761699889,3.254243761699889,True,5.691696424037218e-05,0.0048490839544683695,0.004906000918708742,576,95,0.3538736464413984,3.27499583363533e-05,7.739000000000001,0.0,0.6731093262424608,True,-2.673109326242461,modeled_qpu
clearaccept_main,routing,6,6,24,task_specific,local,12,2.3630618469184244,2.3630618469184244,True,6.795802619308233e-05,3.374996595084667e-05,0.000101707992143929,576,12,,,3.374996595084667e-05,0.0,4.861861581174466e-06,False,-4.861861581174466e-06,measured_local
clearaccept_main,routing,6,6,24,milp,local,12,2.3630618469184244,2.3630618469184244,True,6.795802619308233e-05,0.00039599998854100704,0.0004639580147340894,576,0,,,0.00039599998854100704,0.0,5.704589845326205e-05,False,-5.704589845326205e-05,measured_local
clearaccept_main,routing,6,6,24,qaoa_warm,nominal,12,2.3630618469184244,2.3630618469184244,True,6.795802619308233e-05,0.004630291950888932,0.004698249977082014,576,95,0.3394562977808795,3.187498077750206e-05,7.739000000000001,0.0,1.1148439921837991,True,-3.114843992183799,modeled_qpu
clearaccept_main,routing,6,6,25,task_specific,local,17,3.2933191031826143,3.2933191031826143,True,5.741603672504425e-05,3.529200330376625e-05,9.27080400288105e-05,576,12,,,3.529200330376625e-05,0.0,1.6405313518597758e-06,False,-1.6405313518597758e-06,measured_local
clearaccept_main,routing,6,6,25,milp,local,17,3.2933191031826143,3.2933191031826143,True,5.741603672504425e-05,0.0003436249680817127,0.000401041004806757,576,0,,,0.0003436249680817127,0.0,1.597323701258141e-05,False,-1.597323701258141e-05,measured_local
clearaccept_main,routing,6,6,25,qaoa_warm,nominal,17,3.2933191031826143,3.2933191031826143,True,5.741603672504425e-05,0.004933499963954091,0.004990916000679135,576,98,0.3087437256625807,3.087497316300869e-05,7.9676,0.0,0.3703699528352658,True,-2.370369952835266,modeled_qpu
clearaccept_main,routing,6,6,26,task_specific,local,34,3.800725828543417,3.800725828543417,True,5.983305163681507e-05,3.8084108382463455e-05,9.791716001927853e-05,576,12,,,3.8084108382463455e-05,0.0,5.0310393967890255e-06,False,-5.0310393967890255e-06,measured_local
clearaccept_main,routing,6,6,26,milp,local,34,3.800725828543417,3.800725828543417,True,5.983305163681507e-05,0.00038600002881139517,0.00044583308044821024,576,0,,,0.00038600002881139517,0.0,5.099190803180389e-05,False,-5.099190803180389e-05,measured_local
clearaccept_main,routing,6,6,26,qaoa_warm,nominal,34,3.800725828543417,3.800725828543417,True,5.983305163681507e-05,0.00467975006904453,0.0047395831206813455,576,95,0.31445055816117,3.145902883261442e-05,7.739000000000001,0.0,1.022348048712064,True,-3.0223480487120638,modeled_qpu
clearaccept_main,routing,6,6,27,task_specific,local,20,3.4268922748593944,3.4268922748593944,True,5.491706542670727e-05,3.412493970245123e-05,8.90420051291585e-05,576,12,,,3.412493970245123e-05,0.0,2.930032879790033e-06,False,-2.930032879790033e-06,measured_local
clearaccept_main,routing,6,6,27,milp,local,20,3.4268922748593944,3.4268922748593944,True,5.491706542670727e-05,0.00037329201586544514,0.0004282090812921524,576,0,,,0.00037329201586544514,0.0,3.2051569608203326e-05,False,-3.2051569608203326e-05,measured_local
clearaccept_main,routing,6,6,27,qaoa_warm,nominal,20,3.4268922748593944,3.4268922748593944,True,5.491706542670727e-05,0.005073040956631303,0.00512795802205801,576,102,0.3088609739305568,3.1082890927791595e-05,8.272400000000001,0.0,0.7102841559902889,True,-2.710284155990289,modeled_qpu
clearaccept_main,routing,6,6,28,task_specific,local,10,3.053928430780503,3.053928430780503,True,5.77080063521862e-05,3.699993249028921e-05,9.470793884247541e-05,576,12,,,3.699993249028921e-05,0.0,1.6833887271618427e-06,False,-1.6833887271618427e-06,measured_local
clearaccept_main,routing,6,6,28,milp,local,10,3.053928430780503,3.053928430780503,True,5.77080063521862e-05,0.0003622920485213399,0.0004200000548735261,576,0,,,0.0003622920485213399,0.0,1.6483228735113506e-05,False,-1.6483228735113506e-05,measured_local
clearaccept_main,routing,6,6,28,qaoa_warm,nominal,10,3.053928430780503,3.053928430780503,True,5.77080063521862e-05,0.004694249946624041,0.004751957952976227,576,97,0.2832459746914387,3.083306364715099e-05,7.8914,0.0,0.35903562270043293,True,-2.359035622700433,modeled_qpu
clearaccept_main,routing,6,6,29,task_specific,local,18,3.669190692305266,3.669190692305266,True,5.579192657023668e-05,3.3415970392525196e-05,8.920789696276188e-05,576,12,,,3.3415970392525196e-05,0.0,2.328498493834254e-06,False,-2.328498493834254e-06,measured_local
clearaccept_main,routing,6,6,29,milp,local,18,3.669190692305266,3.669190692305266,True,5.579192657023668e-05,0.00035429210402071476,0.00041008403059095144,576,0,,,0.00035429210402071476,0.0,2.4687854965724413e-05,False,-2.4687854965724413e-05,measured_local
clearaccept_main,routing,6,6,29,qaoa_warm,nominal,18,3.669190692305266,3.669190692305266,True,5.579192657023668e-05,0.004969624918885529,0.005025416845455766,576,101,0.38856528897643416,3.0667055398225784e-05,8.196200000000001,0.0,0.5711292873132721,True,-2.571129287313272,modeled_qpu
clearaccept_main,routing,8,8,0,task_specific,local,36,5.146422531836168,5.146422531836168,True,0.00011004204861819744,5.866703577339649e-05,0.00016870908439159393,2304,20,,,5.866703577339649e-05,0.0,3.4100500905302403e-06,False,-3.4100500905302403e-06,measured_local
clearaccept_main,routing,8,8,0,milp,local,36,5.146422531836168,5.146422531836168,True,0.00011004204861819744,0.0004831249825656414,0.0005931670311838388,2304,0,,,0.0004831249825656414,0.0,2.808187543169622e-05,False,-2.808187543169622e-05,measured_local
clearaccept_main,routing,8,8,0,qaoa_warm,nominal,36,5.146422531836168,5.146422531836168,True,0.00011004204861819744,0.007478000014089048,0.007588042062707245,2304,110,0.20765609485931785,4.716601688414812e-05,8.882,0.0,0.5162705854285585,True,-2.5162705854285585,modeled_qpu
clearaccept_main,routing,8,8,1,task_specific,local,36,3.2383704321621387,3.2383704321621387,True,0.00011266698129475117,5.754095036536455e-05,0.00017020793166011572,2304,20,,,5.754095036536455e-05,0.0,4.834585400025149e-06,False,-4.834585400025149e-06,measured_local
clearaccept_main,routing,8,8,1,milp,local,36,3.2383704321621387,3.2383704321621387,True,0.00011266698129475117,0.0004476249450817704,0.0005602919263765216,2304,0,,,0.0004476249450817704,0.0,3.760940704729836e-05,False,-3.760940704729836e-05,measured_local
clearaccept_main,routing,8,8,1,qaoa_warm,nominal,36,3.2383704321621387,3.2383704321621387,True,0.00011266698129475117,0.008189084008336067,0.008301750989630818,2304,119,0.201912651100223,4.866591189056635e-05,9.5678,0.0,0.8038856830943752,True,-2.803885683094375,modeled_qpu
clearaccept_main,routing,8,8,2,task_specific,local,72,3.0535940520612224,3.0535940520612224,True,0.00010766589548438787,5.516607780009508e-05,0.00016283197328448296,2304,20,,,5.516607780009508e-05,0.0,8.035328139965983e-06,False,-8.035328139965983e-06,measured_local
clearaccept_main,routing,8,8,2,milp,local,72,3.0535940520612224,3.0535940520612224,True,0.00010766589548438787,0.000459750066511333,0.0005674159619957209,2304,0,,,0.000459750066511333,0.0,6.696583832145085e-05,False,-6.696583832145085e-05,measured_local
clearaccept_main,routing,8,8,2,qaoa_warm,nominal,72,3.0535940520612224,3.0535940520612224,True,0.00010766589548438787,0.007624333957210183,0.007731999852694571,2304,107,0.22908933686369934,4.737498238682747e-05,8.6534,0.0,1.2604287145145163,True,-3.260428714514516,modeled_qpu
clearaccept_main,routing,8,8,3,task_specific,local,132,2.3749234619441753,2.3749234619441753,True,9.999994654208422e-05,5.36659499630332e-05,0.00015366589650511742,2304,20,,,5.36659499630332e-05,0.0,4.58772829610154e-06,False,-4.58772829610154e-06,measured_local
clearaccept_main,routing,8,8,3,milp,local,132,2.3749234619441753,2.3749234619441753,True,9.999994654208422e-05,0.0004635410150513053,0.0005635409615933895,2304,0,,,0.0004635410150513053,0.0,3.962662046641069e-05,False,-3.962662046641069e-05,measured_local
clearaccept_main,routing,8,8,3,qaoa_warm,nominal,132,2.3749234619441753,2.3749234619441753,True,9.999994654208422e-05,0.006936999969184399,0.007036999915726483,2304,99,0.14871360107701406,5.049991887062788e-05,8.043800000000001,0.0,0.6876384167913057,True,-2.6876384167913057,modeled_qpu
clearaccept_main,routing,8,8,4,task_specific,local,33,4.106122312882555,4.106122312882555,True,0.00010837498120963573,5.64999645575881e-05,0.00016487494576722383,2304,20,,,5.64999645575881e-05,0.0,8.177298593441417e-06,False,-8.177298593441417e-06,measured_local
clearaccept_main,routing,8,8,4,milp,local,33,4.106122312882555,4.106122312882555,True,0.00010837498120963573,0.00043325009755790234,0.0005416250787675381,2304,0,,,0.00043325009755790234,0.0,6.270473691638416e-05,False,-6.270473691638416e-05,measured_local
clearaccept_main,routing,8,8,4,qaoa_warm,nominal,33,4.106122312882555,4.106122312882555,True,0.00010837498120963573,0.007135624997317791,0.007243999978527427,2304,104,0.2079515977594687,4.783296026289463e-05,8.424800000000001,0.0,1.2193300602836017,True,-3.2193300602836015,modeled_qpu
clearaccept_main,routing,8,8,5,task_specific,local,68,3.347437207014564,3.347437207014564,True,0.000106374965980649,5.241704639047384e-05,0.00015879201237112284,2304,20,,,5.241704639047384e-05,0.0,7.281627947116777e-06,False,-7.281627947116777e-06,measured_local
clearaccept_main,routing,8,8,5,milp,local,68,3.347437207014564,3.347437207014564,True,0.000106374965980649,0.00039891700726002455,0.0005052919732406735,2304,0,,,0.00039891700726002455,0.0,5.541642325678019e-05,False,-5.541642325678019e-05,measured_local
clearaccept_main,routing,8,8,5,qaoa_warm,nominal,68,3.347437207014564,3.347437207014564,True,0.000106374965980649,0.007119000074453652,0.007225375040434301,2304,105,0.21960911786476203,4.6459026634693146e-05,8.501000000000001,0.0,1.1809348950590528,True,-3.180934895059053,modeled_qpu
clearaccept_main,routing,8,8,6,task_specific,local,136,3.0504014212835964,3.0504014212835964,True,0.00010233302600681782,5.7416968047618866e-05,0.00015974999405443668,2304,20,,,5.7416968047618866e-05,0.0,5.6811925324739365e-06,False,-5.6811925324739365e-06,measured_local
clearaccept_main,routing,8,8,6,milp,local,136,3.0504014212835964,3.0504014212835964,True,0.00010233302600681782,0.0003992080455645919,0.0005015410715714097,2304,0,,,0.0003992080455645919,0.0,3.950013113691623e-05,False,-3.950013113691623e-05,measured_local
clearaccept_main,routing,8,8,6,qaoa_warm,nominal,136,3.0504014212835964,3.0504014212835964,True,0.00010233302600681782,0.008585958043113351,0.008688291069120169,2304,125,0.20210012303727518,4.6874978579580784e-05,10.025,0.0,0.9919359568205752,True,-2.9919359568205754,modeled_qpu
clearaccept_main,routing,8,8,7,task_specific,local,136,3.489326379030393,3.489326379030393,True,9.766709990799427e-05,5.441601388156414e-05,0.0001520831137895584,2304,20,,,5.441601388156414e-05,0.0,3.9228060681802236e-06,False,-3.9228060681802236e-06,measured_local
clearaccept_main,routing,8,8,7,milp,local,136,3.489326379030393,3.489326379030393,True,9.766709990799427e-05,0.00034837506245821714,0.0004460421623662114,2304,0,,,0.00034837506245821714,0.0,2.5114074176549675e-05,False,-2.5114074176549675e-05,measured_local
clearaccept_main,routing,8,8,7,qaoa_warm,nominal,136,3.489326379030393,3.489326379030393,True,9.766709990799427e-05,0.007521499996073544,0.007619167095981538,2304,111,0.2113917537620831,4.729093052446842e-05,8.9582,0.0,0.645789333199905,True,-2.6457893331999047,modeled_qpu
clearaccept_main,routing,8,8,8,task_specific,local,24,4.0203373615880444,4.0203373615880444,True,9.1959023848176e-05,4.983402322977781e-05,0.00014179304707795382,2304,20,,,4.983402322977781e-05,0.0,6.269090287247384e-06,False,-6.269090287247384e-06,measured_local
clearaccept_main,routing,8,8,8,milp,local,24,4.0203373615880444,4.0203373615880444,True,9.1959023848176e-05,0.0003469589864835143,0.0004389180103316903,2304,0,,,0.0003469589864835143,0.0,4.3647232779256656e-05,False,-4.3647232779256656e-05,measured_local
clearaccept_main,routing,8,8,8,qaoa_warm,nominal,24,4.0203373615880444,4.0203373615880444,True,9.1959023848176e-05,0.008214124944061041,0.008306083967909217,2304,121,0.21611122073374864,4.6166940592229366e-05,9.7202,0.0,1.2227953406276428,True,-3.222795340627643,modeled_qpu
clearaccept_main,routing,8,8,9,task_specific,local,36,3.350347213258153,3.350347213258153,True,0.0001051250146701932,5.5333017371594906e-05,0.0001604580320417881,2304,20,,,5.5333017371594906e-05,0.0,5.699190578371156e-06,False,-5.699190578371156e-06,measured_local
clearaccept_main,routing,8,8,9,milp,local,36,3.350347213258153,3.350347213258153,True,0.0001051250146701932,0.0004379169549793005,0.0005430419696494937,2304,0,,,0.0004379169549793005,0.0,4.510457413096389e-05,False,-4.510457413096389e-05,measured_local
clearaccept_main,routing,8,8,9,qaoa_warm,nominal,36,3.350347213258153,3.350347213258153,True,0.0001051250146701932,0.008781375014223158,0.008886500028893352,2304,129,0.23859607777608058,4.837499000132084e-05,10.3298,0.0,1.0639488253658824,True,-3.063948825365882,modeled_qpu
clearaccept_main,routing,8,8,10,task_specific,local,66,2.9199745465351485,2.9199745465351485,True,9.020906873047352e-05,5.170796066522598e-05,0.0001419170293956995,2304,20,,,5.170796066522598e-05,0.0,7.1491148768729395e-06,False,-7.1491148768729395e-06,measured_local
clearaccept_main,routing,8,8,10,milp,local,66,2.9199745465351485,2.9199745465351485,True,9.020906873047352e-05,0.00038516707718372345,0.00047537614591419697,2304,0,,,0.00038516707718372345,0.0,5.325299327512727e-05,False,-5.325299327512727e-05,measured_local
clearaccept_main,routing,8,8,10,qaoa_warm,nominal,66,2.9199745465351485,2.9199745465351485,True,9.020906873047352e-05,0.008331542019732296,0.00842175108846277,2304,118,0.18727237033757563,4.8999907448887825e-05,9.4916,0.0,1.3123035194648713,True,-3.312303519464871,modeled_qpu
clearaccept_main,routing,8,8,11,task_specific,local,129,7.933356646734364,7.933356646734364,True,0.0001277910778298974,5.2582938224077225e-05,0.00018037401605397463,2304,20,,,5.2582938224077225e-05,0.0,2.3855111616190506e-06,False,-2.3855111616190506e-06,measured_local
clearaccept_main,routing,8,8,11,milp,local,129,7.933356646734364,7.933356646734364,True,0.0001277910778298974,0.00045733293518424034,0.0005851240130141377,2304,0,,,0.00045733293518424034,0.0,2.07476580484896e-05,False,-2.07476580484896e-05,measured_local
clearaccept_main,routing,8,8,11,qaoa_warm,nominal,129,7.933356646734364,7.933356646734364,True,0.0001277910778298974,0.007783832959830761,0.007911624037660658,2304,112,0.21783439664107962,4.775007255375385e-05,9.0344,0.0,0.40986036091575523,True,-2.409860360915755,modeled_qpu
clearaccept_main,routing,8,8,12,task_specific,local,33,5.039696430144922,5.039696430144922,True,0.00010216701775789261,5.195802077651024e-05,0.00015412503853440285,2304,20,,,5.195802077651024e-05,0.0,1.8569136625031731e-06,False,-1.8569136625031731e-06,measured_local
clearaccept_main,routing,8,8,12,milp,local,33,5.039696430144922,5.039696430144922,True,0.00010216701775789261,0.0004349580267444253,0.0005371250445023179,2304,0,,,0.0004349580267444253,0.0,1.5544847367286336e-05,False,-1.5544847367286336e-05,measured_local
clearaccept_main,routing,8,8,12,qaoa_warm,nominal,33,5.039696430144922,5.039696430144922,True,0.00010216701775789261,0.007784124929457903,0.007886291947215796,2304,114,0.19060862488459135,4.575005732476711e-05,9.1868,0.0,0.3283245624012764,True,-2.3283245624012765,modeled_qpu
clearaccept_main,routing,8,8,13,task_specific,local,34,3.7370998973718264,3.7370998973718264,True,0.0001044590026140213,5.666702054440975e-05,0.00016112602315843105,2304,20,,,5.666702054440975e-05,0.0,4.175826659024351e-06,False,-4.175826659024351e-06,measured_local
clearaccept_main,routing,8,8,13,milp,local,34,3.7370998973718264,3.7370998973718264,True,0.0001044590026140213,0.00039737496990710497,0.0005018339725211263,2304,0,,,0.00039737496990710497,0.0,2.928279936063775e-05,False,-2.928279936063775e-05,measured_local
clearaccept_main,routing,8,8,13,qaoa_warm,nominal,34,3.7370998973718264,3.7370998973718264,True,0.0001044590026140213,0.00846979208290577,0.00857425108551979,2304,127,0.25355541057513975,4.691700451076031e-05,10.1774,0.0,0.7499786971550421,True,-2.749978697155042,modeled_qpu
clearaccept_main,routing,8,8,14,task_specific,local,34,2.9585732661401956,2.9585732661401956,True,9.191699791699648e-05,5.358399357646704e-05,0.00014550099149346352,2304,20,,,5.358399357646704e-05,0.0,7.794112928396806e-06,False,-7.794112928396806e-06,measured_local
clearaccept_main,routing,8,8,14,milp,local,34,2.9585732661401956,2.9585732661401956,True,9.191699791699648e-05,0.0003481250023469329,0.00044004200026392937,2304,0,,,0.0003481250023469329,0.0,5.06368674745817e-05,False,-5.06368674745817e-05,measured_local
clearaccept_main,routing,8,8,14,qaoa_warm,nominal,34,2.9585732661401956,2.9585732661401956,True,9.191699791699648e-05,0.00789620797149837,0.007988124969415367,2304,116,0.2174859260447116,4.604097921401262e-05,9.3392,0.0,1.3584425982921071,True,-3.358442598292107,modeled_qpu
clearaccept_main,routing,8,8,15,task_specific,local,66,3.007370637355062,3.007370637355062,True,9.200000204145908e-05,4.8708985559642315e-05,0.0001407089876011014,2304,20,,,4.8708985559642315e-05,0.0,3.5583279674182647e-06,False,-3.5583279674182647e-06,measured_local
clearaccept_main,routing,8,8,15,milp,local,66,3.007370637355062,3.007370637355062,True,9.200000204145908e-05,0.00036758300848305225,0.00045958301052451134,2304,0,,,0.00036758300848305225,0.0,2.685296941426581e-05,False,-2.685296941426581e-05,measured_local
clearaccept_main,routing,8,8,15,qaoa_warm,nominal,66,3.007370637355062,3.007370637355062,True,9.200000204145908e-05,0.00785904098302126,0.007951040985062718,2304,110,0.19110422327261078,4.6792090870440006e-05,8.882,0.0,0.648855003722256,True,-2.648855003722256,modeled_qpu
clearaccept_main,routing,8,8,16,task_specific,local,34,3.449095122354789,3.449095122354789,True,9.637500625103712e-05,5.124998278915882e-05,0.00014762498904019594,2304,20,,,5.124998278915882e-05,0.0,3.4286239577522233e-06,False,-3.4286239577522233e-06,measured_local
clearaccept_main,routing,8,8,16,milp,local,34,3.449095122354789,3.449095122354789,True,9.637500625103712e-05,0.0004004579968750477,0.0004968330031260848,2304,0,,,0.0004004579968750477,0.0,2.6790640843877424e-05,False,-2.6790640843877424e-05,measured_local
clearaccept_main,routing,8,8,16,qaoa_warm,nominal,34,3.449095122354789,3.449095122354789,True,9.637500625103712e-05,0.007476374972611666,0.007572749978862703,2304,110,0.24208951372775253,4.624994471669197e-05,8.882,0.0,0.5942058189177994,True,-2.5942058189177994,modeled_qpu
clearaccept_main,routing,8,8,17,task_specific,local,129,2.993047650677492,2.993047650677492,True,9.941600728780031e-05,5.270808469504118e-05,0.0001521240919828415,2304,20,,,5.270808469504118e-05,0.0,2.7481702837732565e-06,False,-2.7481702837732565e-06,measured_local
clearaccept_main,routing,8,8,17,milp,local,129,2.993047650677492,2.993047650677492,True,9.941600728780031e-05,0.0004236660897731781,0.0005230820970609784,2304,0,,,0.0004236660897731781,0.0,2.2089714792209093e-05,False,-2.2089714792209093e-05,measured_local
clearaccept_main,routing,8,8,17,qaoa_warm,nominal,129,2.993047650677492,2.993047650677492,True,9.941600728780031e-05,0.006722874939441681,0.006822290946729481,2304,99,0.20355698697491137,4.64579788967967e-05,8.043800000000001,0.0,0.41939926780710834,True,-2.4193992678071083,modeled_qpu
clearaccept_main,routing,8,8,18,task_specific,local,68,3.0177344890049427,3.0177344890049427,True,0.00010508298873901367,5.3625088185071945e-05,0.00015870807692408562,2304,20,,,5.3625088185071945e-05,0.0,2.3935301964331154e-06,False,-2.3935301964331154e-06,measured_local
clearaccept_main,routing,8,8,18,milp,local,68,3.0177344890049427,3.0177344890049427,True,0.00010508298873901367,0.0011350830318406224,0.001240166020579636,2304,1,,,0.0011350830318406224,0.0,5.066388893931356e-05,False,-5.066388893931356e-05,measured_local
clearaccept_main,routing,8,8,18,qaoa_warm,nominal,68,3.0177344890049427,3.0177344890049427,True,0.00010508298873901367,0.0073561250464990735,0.007461208035238087,2304,103,0.21740628465976616,5.224999040365219e-05,8.348600000000001,0.0,0.37263577318469077,True,-2.3726357731846908,modeled_qpu
clearaccept_main,routing,8,8,19,task_specific,local,66,3.9038912859779344,3.9038912859779344,True,0.00010158400982618332,5.191704258322716e-05,0.00015350105240941048,2304,20,,,5.191704258322716e-05,0.0,2.9795427396355633e-06,False,-2.9795427396355633e-06,measured_local
clearaccept_main,routing,8,8,19,milp,local,66,3.9038912859779344,3.9038912859779344,True,0.00010158400982618332,0.0004687909968197346,0.0005703750066459179,2304,0,,,0.0004687909968197346,0.0,2.690412900044536e-05,False,-2.690412900044536e-05,measured_local
clearaccept_main,routing,8,8,19,qaoa_warm,nominal,66,3.9038912859779344,3.9038912859779344,True,0.00010158400982618332,0.008337249979376793,0.008438833989202976,2304,118,0.20515685009699863,4.949991125613451e-05,9.4916,0.0,0.5447272506362205,True,-2.5447272506362206,modeled_qpu
clearaccept_main,routing,8,8,20,task_specific,local,17,3.1665401616406443,3.1665401616406443,True,0.00010091601870954037,5.250005051493645e-05,0.00015341606922447681,2304,20,,,5.250005051493645e-05,0.0,6.68462288057081e-06,False,-6.68462288057081e-06,measured_local
clearaccept_main,routing,8,8,20,milp,local,17,3.1665401616406443,3.1665401616406443,True,0.00010091601870954037,0.0003809579648077488,0.00048187398351728916,2304,0,,,0.0003809579648077488,0.0,4.850586433940786e-05,False,-4.850586433940786e-05,measured_local
clearaccept_main,routing,8,8,20,qaoa_warm,nominal,17,3.1665401616406443,3.1665401616406443,True,0.00010091601870954037,0.00859875010792166,0.0086996661266312,2304,129,0.21535831437517092,4.5208027586340904e-05,10.3298,0.0,1.3152523998443613,True,-3.3152523998443613,modeled_qpu
clearaccept_main,routing,8,8,21,task_specific,local,66,2.5960392834733907,2.5960392834733907,True,9.52079426497221e-05,5.237502045929432e-05,0.00014758296310901642,2304,20,,,5.237502045929432e-05,0.0,4.380993737113234e-06,False,-4.380993737113234e-06,measured_local
clearaccept_main,routing,8,8,21,milp,local,66,2.5960392834733907,2.5960392834733907,True,9.52079426497221e-05,0.00037475000135600567,0.00046995794400572777,2304,0,,,0.00037475000135600567,0.0,3.134657312830685e-05,False,-3.134657312830685e-05,measured_local
clearaccept_main,routing,8,8,21,qaoa_warm,nominal,66,2.5960392834733907,2.5960392834733907,True,9.52079426497221e-05,0.007374999928288162,0.007470207870937884,2304,111,0.1667181688470185,4.595797508955002e-05,8.9582,0.0,0.7493232031538676,True,-2.7493232031538675,modeled_qpu
clearaccept_main,routing,8,8,22,task_specific,local,33,3.7456847968415206,3.7456847968415206,True,9.162502828985453e-05,5.020899698138237e-05,0.0001418340252712369,2304,20,,,5.020899698138237e-05,0.0,4.493807223590876e-06,False,-4.493807223590876e-06,measured_local
clearaccept_main,routing,8,8,22,milp,local,33,3.7456847968415206,3.7456847968415206,True,9.162502828985453e-05,0.0003529998939484358,0.0004446249222382903,2304,0,,,0.0003529998939484358,0.0,3.15942075867499e-05,False,-3.15942075867499e-05,measured_local
clearaccept_main,routing,8,8,22,qaoa_warm,nominal,33,3.7456847968415206,3.7456847968415206,True,9.162502828985453e-05,0.007864208077080548,0.007955833105370402,2304,116,0.16940228318841763,4.5042019337415695e-05,9.3392,0.0,0.8358773715022024,True,-2.8358773715022023,modeled_qpu
clearaccept_main,routing,8,8,23,task_specific,local,36,3.4770946878230173,3.4770946878230173,True,9.808305185288191e-05,3.39999096468091e-05,0.000132082961499691,2304,12,,,3.39999096468091e-05,0.0,2.794647368386917e-06,False,-2.794647368386917e-06,measured_local
clearaccept_main,routing,8,8,23,milp,local,36,3.4770946878230173,3.4770946878230173,True,9.808305185288191e-05,0.0003956250147894025,0.0004937080666422844,2304,0,,,0.0003956250147894025,0.0,3.2518686606362866e-05,False,-3.2518686606362866e-05,measured_local
clearaccept_main,routing,8,8,23,qaoa_warm,nominal,36,3.4770946878230173,3.4770946878230173,True,9.808305185288191e-05,0.006772541906684637,0.006870624958537519,2304,97,0.18659016201745185,3.324996214359999e-05,7.8914,0.0,0.6486393779272369,True,-2.648639377927237,modeled_qpu
clearaccept_main,routing,8,8,24,task_specific,local,136,3.5986268483510706,3.5986268483510706,True,0.00012254202738404274,5.8040954172611237e-05,0.00018058298155665398,2304,20,,,5.8040954172611237e-05,0.0,5.431699554770841e-06,False,-5.431699554770841e-06,measured_local
clearaccept_main,routing,8,8,24,milp,local,136,3.5986268483510706,3.5986268483510706,True,0.00012254202738404274,0.0005188339855521917,0.0006413760129362345,2304,0,,,0.0005188339855521917,0.0,4.8554514109860535e-05,False,-4.8554514109860535e-05,measured_local
clearaccept_main,routing,8,8,24,qaoa_warm,nominal,136,3.5986268483510706,3.5986268483510706,True,0.00012254202738404274,0.007987834047526121,0.008110376074910164,2304,114,0.24374434965207958,4.937499761581421e-05,9.1868,0.0,0.8597366838830484,True,-2.8597366838830482,modeled_qpu
clearaccept_main,routing,8,8,25,task_specific,local,33,4.017563694755808,4.017563694755808,True,9.629200212657452e-05,5.2749994210898876e-05,0.0001490419963374734,2304,20,,,5.2749994210898876e-05,0.0,2.8595498412914176e-06,False,-2.8595498412914176e-06,measured_local
clearaccept_main,routing,8,8,25,milp,local,33,4.017563694755808,4.017563694755808,True,9.629200212657452e-05,0.00042866694275289774,0.0005249589448794723,2304,0,,,0.00042866694275289774,0.0,2.3237812751506614e-05,False,-2.3237812751506614e-05,measured_local
clearaccept_main,routing,8,8,25,qaoa_warm,nominal,33,4.017563694755808,4.017563694755808,True,9.629200212657452e-05,0.007710917037911713,0.007807209040038288,2304,108,0.22771000591222332,4.5375083573162556e-05,8.7296,0.0,0.47322709069378277,True,-2.4732270906937828,modeled_qpu
clearaccept_main,routing,8,8,26,task_specific,local,66,2.4972630059293133,2.4972630059293133,True,0.00010070903226733208,5.258398596197367e-05,0.00015329301822930574,2304,20,,,5.258398596197367e-05,0.0,6.5962065907227055e-06,False,-6.5962065907227055e-06,measured_local
clearaccept_main,routing,8,8,26,milp,local,66,2.4972630059293133,2.4972630059293133,True,0.00010070903226733208,0.0004231659695506096,0.0005238750018179417,2304,0,,,0.0004231659695506096,0.0,5.308251373978816e-05,False,-5.308251373978816e-05,measured_local
clearaccept_main,routing,8,8,26,qaoa_warm,nominal,66,2.4972630059293133,2.4972630059293133,True,0.00010070903226733208,0.008469667052850127,0.00857037608511746,2304,125,0.2285016801888534,4.76249260827899e-05,10.025,0.0,1.2575496106326958,True,-3.2575496106326955,modeled_qpu
clearaccept_main,routing,8,8,27,task_specific,local,136,3.662290811014594,3.662290811014594,True,9.1959023848176e-05,5.1582930609583855e-05,0.00014354195445775986,2304,20,,,5.1582930609583855e-05,0.0,6.824223204464597e-06,False,-6.824223204464597e-06,measured_local
clearaccept_main,routing,8,8,27,milp,local,136,3.662290811014594,3.662290811014594,True,9.1959023848176e-05,0.0004153340123593807,0.0005072930362075567,2304,0,,,0.0004153340123593807,0.0,5.494709143608965e-05,False,-5.494709143608965e-05,measured_local
clearaccept_main,routing,8,8,27,qaoa_warm,nominal,136,3.662290811014594,3.662290811014594,True,9.1959023848176e-05,0.00856629095505923,0.008658249978907406,2304,123,0.2140931187221627,5.0749978981912136e-05,9.8726,0.0,1.3061069856290726,True,-3.3061069856290723,modeled_qpu
clearaccept_main,routing,8,8,28,task_specific,local,130,2.7538192660831395,2.7538192660831395,True,0.00011233298573642969,5.00410096719861e-05,0.0001623739954084158,2304,20,,,5.00410096719861e-05,0.0,6.182923733634886e-06,False,-6.182923733634886e-06,measured_local
clearaccept_main,routing,8,8,28,milp,local,130,2.7538192660831395,2.7538192660831395,True,0.00011233298573642969,0.00046420807484537363,0.0005765410605818033,2304,0,,,0.00046420807484537363,0.0,5.7356219271354774e-05,False,-5.7356219271354774e-05,measured_local
clearaccept_main,routing,8,8,28,qaoa_warm,nominal,130,2.7538192660831395,2.7538192660831395,True,0.00011233298573642969,0.008148375083692372,0.008260708069428802,2304,120,0.23682209673357488,7.9666031524539e-05,9.644,0.0,1.1915849995439995,True,-3.1915849995439993,modeled_qpu
clearaccept_main,routing,8,8,29,task_specific,local,136,3.1348383244055498,3.1348383244055498,True,0.00010204105637967587,5.195802077651024e-05,0.0001539990771561861,2304,20,,,5.195802077651024e-05,0.0,2.811579196667432e-06,False,-2.811579196667432e-06,measured_local
clearaccept_main,routing,8,8,29,milp,local,136,3.1348383244055498,3.1348383244055498,True,0.00010204105637967587,0.0004273749655112624,0.0005294160218909383,2304,0,,,0.0004273749655112624,0.0,2.3126334380141724e-05,False,-2.3126334380141724e-05,measured_local
clearaccept_main,routing,8,8,29,qaoa_warm,nominal,136,3.1348383244055498,3.1348383244055498,True,0.00010204105637967587,0.007433999911881983,0.007536040968261659,2304,110,0.17986214866774167,4.812504630535841e-05,8.882,0.0,0.4806273613118449,True,-2.480627361311845,modeled_qpu
clearaccept_main,routing,9,9,0,task_specific,local,290,7.592629869938358,7.592629869938358,True,0.00017087510786950588,6.325007416307926e-05,0.00023412518203258514,4608,24,,,6.325007416307926e-05,0.0,4.385207253992279e-06,False,-4.385207253992279e-06,measured_local
clearaccept_main,routing,9,9,0,milp,local,290,7.592629869938358,7.592629869938358,True,0.00017087510786950588,0.000472458079457283,0.0006433331873267889,4608,0,,,0.000472458079457283,0.0,3.275611332725864e-05,False,-3.275611332725864e-05,measured_local
clearaccept_main,routing,9,9,0,qaoa_warm,nominal,290,7.592629869938358,7.592629869938358,True,0.00017087510786950588,0.009830540977418423,0.010001416085287929,4608,118,0.1543130411704679,6.029102951288223e-05,9.4916,0.0,0.6580645749865277,True,-2.6580645749865277,modeled_qpu
clearaccept_main,routing,9,9,1,task_specific,local,164,5.176014971269157,5.176014971269157,True,0.00018454203382134438,9.033293463289738e-05,0.00027487496845424175,4608,39,,,9.033293463289738e-05,0.0,1.2310414337607837e-05,False,-1.2310414337607837e-05,measured_local
clearaccept_main,routing,9,9,1,milp,local,164,5.176014971269157,5.176014971269157,True,0.00018454203382134438,0.00043579190969467163,0.000620333943516016,4608,0,,,0.00043579190969467163,0.0,5.938895924416303e-05,False,-5.938895924416303e-05,measured_local
clearaccept_main,routing,9,9,1,qaoa_warm,nominal,164,5.176014971269157,5.176014971269157,True,0.00018454203382134438,0.009486083057709038,0.009670625091530383,4608,113,0.16410838038977482,8.170795626938343e-05,9.1106,0.0,1.2415766333729332,True,-3.241576633372933,modeled_qpu
clearaccept_main,routing,9,9,2,task_specific,local,74,4.941903773428905,4.941903773428905,True,0.00019233394414186478,8.233299013227224e-05,0.000274666934274137,4608,33,,,8.233299013227224e-05,0.0,5.509601963342619e-06,False,-5.509601963342619e-06,measured_local
clearaccept_main,routing,9,9,2,milp,local,74,4.941903773428905,4.941903773428905,True,0.00019233394414186478,0.0004767499631270766,0.0006690839072689414,4608,0,,,0.0004767499631270766,0.0,3.190340261720761e-05,False,-3.190340261720761e-05,measured_local
clearaccept_main,routing,9,9,2,qaoa_warm,nominal,74,4.941903773428905,4.941903773428905,True,0.00019233394414186478,0.00972791702952236,0.009920250973664224,4608,112,0.169264177036585,7.891596760600805e-05,9.0344,0.0,0.6045686898733411,True,-2.604568689873341,modeled_qpu
clearaccept_main,routing,9,9,3,task_specific,local,140,5.301097062318508,5.301097062318508,True,0.0001672079088166356,6.841705180704594e-05,0.00023562496062368155,4608,27,,,6.841705180704594e-05,0.0,6.674211950075841e-06,False,-6.674211950075841e-06,measured_local
clearaccept_main,routing,9,9,3,milp,local,140,5.301097062318508,5.301097062318508,True,0.0001672079088166356,0.0004658750258386135,0.0006330829346552491,4608,0,,,0.0004658750258386135,0.0,4.5446984086118555e-05,False,-4.5446984086118555e-05,measured_local
clearaccept_main,routing,9,9,3,qaoa_warm,nominal,140,5.301097062318508,5.301097062318508,True,0.0001672079088166356,0.010609042015857995,0.01077624992467463,4608,123,0.15334121238180876,6.479199510067701e-05,9.8726,0.0,0.9630906792673705,True,-2.9630906792673706,modeled_qpu
clearaccept_main,routing,9,9,4,task_specific,local,74,6.732093310679485,6.732093310679485,True,0.0001622909912839532,6.070802919566631e-05,0.0002229990204796195,4608,24,,,6.070802919566631e-05,0.0,3.1284726471577876e-06,False,-3.1284726471577876e-06,measured_local
clearaccept_main,routing,9,9,4,milp,local,74,6.732093310679485,6.732093310679485,True,0.0001622909912839532,0.0004342499887570739,0.0005965409800410271,4608,0,,,0.0004342499887570739,0.0,2.237824600558871e-05,False,-2.237824600558871e-05,measured_local
clearaccept_main,routing,9,9,4,qaoa_warm,nominal,74,6.732093310679485,6.732093310679485,True,0.0001622909912839532,0.009557166951708496,0.009719457942992449,4608,113,0.16416394768762196,5.579204298555851e-05,9.1106,0.0,0.4694974170110334,True,-2.4694974170110333,modeled_qpu
clearaccept_main,routing,9,9,5,task_specific,local,73,3.8232816528784674,3.8232816528784674,True,0.0001662500435486436,7.333292160183191e-05,0.0002395829651504755,4608,30,,,7.333292160183191e-05,0.0,5.891656420653793e-06,False,-5.891656420653793e-06,measured_local
clearaccept_main,routing,9,9,5,milp,local,73,3.8232816528784674,3.8232816528784674,True,0.0001662500435486436,0.00041366706136614084,0.0005799171049147844,4608,0,,,0.00041366706136614084,0.0,3.3234516570112044e-05,False,-3.3234516570112044e-05,measured_local
clearaccept_main,routing,9,9,5,qaoa_warm,nominal,73,3.8232816528784674,3.8232816528784674,True,0.0001662500435486436,0.008196374983526766,0.00836262502707541,4608,99,0.14508499959617038,6.941601168364286e-05,8.043800000000001,0.0,0.6462487090555399,True,-2.64624870905554,modeled_qpu
clearaccept_main,routing,9,9,6,task_specific,local,140,5.234518360955661,5.234518360955661,True,0.0001558329677209258,4.6874978579580784e-05,0.0002027079463005066,4608,18,,,4.6874978579580784e-05,0.0,1.627181713549652e-06,False,-1.627181713549652e-06,measured_local
clearaccept_main,routing,9,9,6,milp,local,140,5.234518360955661,5.234518360955661,True,0.0001558329677209258,0.00035987503360956907,0.0005157080013304949,4608,0,,,0.00035987503360956907,0.0,1.249242328417069e-05,False,-1.249242328417069e-05,measured_local
clearaccept_main,routing,9,9,6,qaoa_warm,nominal,140,5.234518360955661,5.234518360955661,True,0.0001558329677209258,0.008967124973423779,0.009122957941144705,4608,108,0.16548509607845713,4.312489181756973e-05,8.7296,0.0,0.30303257552400736,True,-2.3030325755240075,modeled_qpu
clearaccept_main,routing,9,9,7,task_specific,local,140,5.188711160282802,5.188711160282802,True,0.00017591705545783043,3.8416008464992046e-05,0.00021433306392282248,4608,12,,,3.8416008464992046e-05,0.0,2.9741083992866725e-06,False,-2.9741083992866725e-06,measured_local
clearaccept_main,routing,9,9,7,milp,local,140,5.188711160282802,5.188711160282802,True,0.00017591705545783043,0.00045354198664426804,0.0006294590421020985,4608,0,,,0.00045354198664426804,0.0,3.5112524330504015e-05,False,-3.5112524330504015e-05,measured_local
clearaccept_main,routing,9,9,7,qaoa_warm,nominal,140,5.188711160282802,5.188711160282802,True,0.00017591705545783043,0.00822095898911357,0.0083968760445714,4608,97,0.1292640995547317,3.3791991882026196e-05,7.8914,0.0,0.6109400731603496,True,-2.6109400731603496,modeled_qpu
clearaccept_main,routing,9,9,8,task_specific,local,268,6.5797429568324715,6.5797429568324715,True,0.00019474991131573915,9.724998380988836e-05,0.0002919998951256275,4608,39,,,9.724998380988836e-05,0.0,7.756061313527187e-06,False,-7.756061313527187e-06,measured_local
clearaccept_main,routing,9,9,8,milp,local,268,6.5797429568324715,6.5797429568324715,True,0.00019474991131573915,0.00047483399976044893,0.0006695839110761881,4608,0,,,0.00047483399976044893,0.0,3.786984297178798e-05,False,-3.786984297178798e-05,measured_local
clearaccept_main,routing,9,9,8,qaoa_warm,nominal,268,6.5797429568324715,6.5797429568324715,True,0.00019474991131573915,0.009775333106517792,0.009970083017833531,4608,118,0.16354466589829578,8.608400821685791e-05,9.4916,0.0,0.7569917102237013,True,-2.7569917102237014,modeled_qpu
clearaccept_main,routing,9,9,9,task_specific,local,164,5.664965787838803,5.664965787838803,True,0.00018408405594527721,6.645801477134228e-05,0.0002505420707166195,4608,27,,,6.645801477134228e-05,0.0,3.2921814221128254e-06,False,-3.2921814221128254e-06,measured_local
clearaccept_main,routing,9,9,9,milp,local,164,5.664965787838803,5.664965787838803,True,0.00018408405594527721,0.00046262505929917097,0.0006467091152444482,4608,0,,,0.00046262505929917097,0.0,2.291741080242643e-05,False,-2.291741080242643e-05,measured_local
clearaccept_main,routing,9,9,9,qaoa_warm,nominal,164,5.664965787838803,5.664965787838803,True,0.00018408405594527721,0.009671167004853487,0.009855251060798764,4608,113,0.18046304555642992,6.445893086493015e-05,9.1106,0.0,0.4513187486490324,True,-2.451318748649032,modeled_qpu
clearaccept_main,routing,9,9,10,task_specific,local,82,5.732781851268748,5.732781851268748,True,0.00018937501590698957,6.341596599668264e-05,0.0002527909819036722,4608,24,,,6.341596599668264e-05,0.0,7.97594176163311e-06,False,-7.97594176163311e-06,measured_local
clearaccept_main,routing,9,9,10,milp,local,82,5.732781851268748,5.732781851268748,True,0.00018937501590698957,0.0004686670145019889,0.0006580420304089785,4608,0,,,0.0004686670145019889,0.0,5.894510561365359e-05,False,-5.894510561365359e-05,measured_local
clearaccept_main,routing,9,9,10,qaoa_warm,nominal,82,5.732781851268748,5.732781851268748,True,0.00018937501590698957,0.00831716600805521,0.0085065410239622,4608,98,0.1473619570752143,5.804200191050768e-05,7.9676,0.0,1.0020995908713632,True,-3.0020995908713632,modeled_qpu
clearaccept_main,routing,9,9,11,task_specific,local,138,10.877048541669744,10.877048541669744,True,0.00017312495037913322,6.741599645465612e-05,0.00024054094683378935,4608,27,,,6.741599645465612e-05,0.0,8.232681848599434e-06,False,-8.232681848599434e-06,measured_local
clearaccept_main,routing,9,9,11,milp,local,138,10.877048541669744,10.877048541669744,True,0.00017312495037913322,0.00041312503162771463,0.0005862499820068479,4608,0,,,0.00041312503162771463,0.0,5.044985059845767e-05,False,-5.044985059845767e-05,measured_local
clearaccept_main,routing,9,9,11,qaoa_warm,nominal,138,10.877048541669744,10.877048541669744,True,0.00017312495037913322,0.00914004200603813,0.009313166956417263,4608,110,0.16618248028097096,5.966704338788986e-05,8.882,0.0,1.0846488077713476,True,-3.0846488077713476,modeled_qpu
clearaccept_main,routing,9,9,12,task_specific,local,290,6.221397552789626,6.221397552789626,True,0.0001687499461695552,9.170908015221357e-05,0.00026045902632176876,4608,39,,,9.170908015221357e-05,0.0,4.006856462232452e-06,False,-4.006856462232452e-06,measured_local
clearaccept_main,routing,9,9,12,milp,local,290,6.221397552789626,6.221397552789626,True,0.0001687499461695552,0.00041129207238554955,0.0005800420185551047,4608,0,,,0.00041129207238554955,0.0,1.7969739696088744e-05,False,-1.7969739696088744e-05,measured_local
clearaccept_main,routing,9,9,12,qaoa_warm,nominal,290,6.221397552789626,6.221397552789626,True,0.0001687499461695552,0.010538582922890782,0.010707332869060338,4608,125,0.1793449348353776,8.995900861918926e-05,10.025,0.0,0.43800173294956746,True,-2.4380017329495676,modeled_qpu
clearaccept_main,routing,9,9,13,task_specific,local,162,5.3378289683868,5.3378289683868,True,0.00017687503714114428,5.012506153434515e-05,0.00022700009867548943,4608,18,,,5.012506153434515e-05,0.0,4.903908807367436e-06,False,-4.903908807367436e-06,measured_local
clearaccept_main,routing,9,9,13,milp,local,162,5.3378289683868,5.3378289683868,True,0.00017687503714114428,0.0004829999525099993,0.0006598749896511436,4608,0,,,0.0004829999525099993,0.0,4.725356236119347e-05,False,-4.725356236119347e-05,measured_local
clearaccept_main,routing,9,9,13,qaoa_warm,nominal,162,5.3378289683868,5.3378289683868,True,0.00017687503714114428,0.009171375073492527,0.009348250110633671,4608,111,0.18376594545071853,4.4208019971847534e-05,8.9582,0.0,0.8764118094510162,True,-2.876411809451016,modeled_qpu
clearaccept_main,routing,9,9,14,task_specific,local,268,5.455132318383378,5.455132318383378,True,0.00017358292825520039,8.175009861588478e-05,0.00025533302687108517,4608,33,,,8.175009861588478e-05,0.0,8.632222908152677e-06,False,-8.632222908152677e-06,measured_local
clearaccept_main,routing,9,9,14,milp,local,268,5.455132318383378,5.455132318383378,True,0.00017358292825520039,0.00046195799950510263,0.000635540927760303,4608,0,,,0.00046195799950510263,0.0,4.877944483797209e-05,False,-4.877944483797209e-05,measured_local
clearaccept_main,routing,9,9,14,qaoa_warm,nominal,268,5.455132318383378,5.455132318383378,True,0.00017358292825520039,0.009019667049869895,0.009193249978125095,4608,110,0.16499197646423258,7.487495895475149e-05,8.882,0.0,0.9378753685725112,True,-2.937875368572511,modeled_qpu
clearaccept_main,routing,9,9,15,task_specific,local,74,5.55850565935004,5.55850565935004,True,0.00016262498684227467,5.433394107967615e-05,0.00021695892792195082,4608,21,,,5.433394107967615e-05,0.0,2.7132567126576622e-06,False,-2.7132567126576622e-06,measured_local
clearaccept_main,routing,9,9,15,milp,local,74,5.55850565935004,5.55850565935004,True,0.00016262498684227467,0.00036708300467580557,0.0005297079915180802,4608,0,,,0.00036708300467580557,0.0,1.8330907104247e-05,False,-1.8330907104247e-05,measured_local
clearaccept_main,routing,9,9,15,qaoa_warm,nominal,74,5.55850565935004,5.55850565935004,True,0.00016262498684227467,0.010377666912972927,0.010540291899815202,4608,125,0.16797123923895427,4.9042049795389175e-05,10.025,0.0,0.5006152324659456,True,-2.500615232465946,modeled_qpu
clearaccept_main,routing,9,9,16,task_specific,local,162,6.116511011175708,6.116511011175708,True,0.0001783749321475625,6.595905870199203e-05,0.00024433399084955454,4608,27,,,6.595905870199203e-05,0.0,7.173752706667057e-06,False,-7.173752706667057e-06,measured_local
clearaccept_main,routing,9,9,16,milp,local,162,6.116511011175708,6.116511011175708,True,0.0001783749321475625,0.00038604100700467825,0.0005644159391522408,4608,0,,,0.00038604100700467825,0.0,4.198608611739708e-05,False,-4.198608611739708e-05,measured_local
clearaccept_main,routing,9,9,16,qaoa_warm,nominal,162,6.116511011175708,6.116511011175708,True,0.0001783749321475625,0.010047000017948449,0.010225374950096011,4608,115,0.19116254356924894,6.470899097621441e-05,9.263,0.0,1.0074502673254504,True,-3.00745026732545,modeled_qpu
clearaccept_main,routing,9,9,17,task_specific,local,273,3.5301294554937996,3.5301294554937996,True,0.00016508297994732857,6.704102270305157e-05,0.00023212400265038013,4608,27,,,6.704102270305157e-05,0.0,4.0104040855349835e-06,False,-4.0104040855349835e-06,measured_local
clearaccept_main,routing,9,9,17,milp,local,273,3.5301294554937996,3.5301294554937996,True,0.00016508297994732857,0.0004193340428173542,0.0005844170227646828,4608,0,,,0.0004193340428173542,0.0,2.5084625662222656e-05,False,-2.5084625662222656e-05,measured_local
clearaccept_main,routing,9,9,17,qaoa_warm,nominal,273,3.5301294554937996,3.5301294554937996,True,0.00016508297994732857,0.009345375001430511,0.00951045798137784,4608,107,0.19385824327490955,6.383401341736317e-05,8.6534,0.0,0.5176476926296769,True,-2.517647692629677,modeled_qpu
clearaccept_main,routing,9,9,18,task_specific,local,73,4.889839052340906,4.889839052340906,True,0.00016529194545000792,8.262507617473602e-05,0.00024791702162474394,4608,33,,,8.262507617473602e-05,0.0,2.6946018290960834e-06,False,-2.6946018290960834e-06,measured_local
clearaccept_main,routing,9,9,18,milp,local,73,4.889839052340906,4.889839052340906,True,0.00016529194545000792,0.0004123750841245055,0.0005776670295745134,4608,0,,,0.0004123750841245055,0.0,1.3448540169640502e-05,False,-1.3448540169640502e-05,measured_local
clearaccept_main,routing,9,9,18,qaoa_warm,nominal,73,4.889839052340906,4.889839052340906,True,0.00016529194545000792,0.010840832954272628,0.011006124899722636,4608,128,0.2279116317954727,7.716706022620201e-05,10.2536,0.0,0.33439447918194765,True,-2.3343944791819475,modeled_qpu
clearaccept_main,routing,9,9,19,task_specific,local,265,6.927346274945821,6.927346274945821,True,0.00018908304627984762,6.970798131078482e-05,0.00025879102759063244,4608,27,,,6.970798131078482e-05,0.0,6.888704049606356e-06,False,-6.888704049606356e-06,measured_local
clearaccept_main,routing,9,9,19,milp,local,265,6.927346274945821,6.927346274945821,True,0.00018908304627984762,0.00046662508975714445,0.0006557081360369921,4608,0,,,0.00046662508975714445,0.0,4.611297135584459e-05,False,-4.611297135584459e-05,measured_local
clearaccept_main,routing,9,9,19,qaoa_warm,nominal,265,6.927346274945821,6.927346274945821,True,0.00018908304627984762,0.009237124933861196,0.009426207980141044,4608,112,0.17822017715671737,5.99580816924572e-05,9.0344,0.0,0.8928003177755912,True,-2.892800317775591,modeled_qpu
clearaccept_main,routing,9,9,20,task_specific,local,81,4.728484856680911,4.728484856680911,True,0.00017812498845160007,8.766702376306057e-05,0.00026579201221466064,4608,36,,,8.766702376306057e-05,0.0,1.119020805029351e-05,False,-1.119020805029351e-05,measured_local
clearaccept_main,routing,9,9,20,milp,local,81,4.728484856680911,4.728484856680911,True,0.00017812498845160007,0.00043279107194393873,0.0006109160603955388,4608,0,,,0.00043279107194393873,0.0,5.524337349984133e-05,False,-5.524337349984133e-05,measured_local
clearaccept_main,routing,9,9,20,qaoa_warm,nominal,81,4.728484856680911,4.728484856680911,True,0.00017812498845160007,0.010469208005815744,0.010647332994267344,4608,125,0.17114396355455486,8.204206824302673e-05,10.025,0.0,1.2796354990604966,True,-3.279635499060497,modeled_qpu
clearaccept_main,routing,9,9,21,task_specific,local,74,5.107257367467323,5.107257367467323,True,0.00017245800700038671,6.512494292110205e-05,0.00023758294992148876,4608,27,,,6.512494292110205e-05,0.0,8.36402786695798e-06,False,-8.36402786695798e-06,measured_local
clearaccept_main,routing,9,9,21,milp,local,74,5.107257367467323,5.107257367467323,True,0.00017245800700038671,0.00042329193092882633,0.000595749937929213,4608,0,,,0.00042329193092882633,0.0,5.436358708884139e-05,False,-5.436358708884139e-05,measured_local
clearaccept_main,routing,9,9,21,qaoa_warm,nominal,74,5.107257367467323,5.107257367467323,True,0.00017245800700038671,0.009347332990728319,0.009519790997728705,4608,112,0.15205365034346272,6.212492007762194e-05,9.0344,0.0,1.1602923545405615,True,-3.1602923545405615,modeled_qpu
clearaccept_main,routing,9,9,22,task_specific,local,289,5.44136881724763,5.44136881724763,True,0.00018408300820738077,9.32919792830944e-05,0.0002773749874904752,4608,39,,,9.32919792830944e-05,0.0,1.2542676174928879e-05,False,-1.2542676174928879e-05,measured_local
clearaccept_main,routing,9,9,22,milp,local,289,5.44136881724763,5.44136881724763,True,0.00018408300820738077,0.00045570801012218,0.0006397910183295608,4608,0,,,0.00045570801012218,0.0,6.12678393706187e-05,False,-6.12678393706187e-05,measured_local
clearaccept_main,routing,9,9,22,qaoa_warm,nominal,289,5.44136881724763,5.44136881724763,True,0.00018408300820738077,0.010617082938551903,0.010801165946759284,4608,129,0.15309160037545816,8.645805064588785e-05,10.3298,0.0,1.3887939493557162,True,-3.3887939493557164,modeled_qpu
clearaccept_main,routing,9,9,23,task_specific,local,276,5.813695543607096,5.813695543607096,True,0.00016604200936853886,5.795806646347046e-05,0.00022400007583200932,4608,24,,,5.795806646347046e-05,0.0,4.566490829793572e-06,False,-4.566490829793572e-06,measured_local
clearaccept_main,routing,9,9,23,milp,local,276,5.813695543607096,5.813695543607096,True,0.00016604200936853886,0.000370750087313354,0.0005367920966818929,4608,0,,,0.000370750087313354,0.0,2.921123800651063e-05,False,-2.921123800651063e-05,measured_local
clearaccept_main,routing,9,9,23,qaoa_warm,nominal,276,5.813695543607096,5.813695543607096,True,0.00016604200936853886,0.008831541985273361,0.0089975839946419,4608,102,0.1734808566904111,5.500006955116987e-05,8.272400000000001,0.0,0.6517787953501439,True,-2.651778795350144,modeled_qpu
clearaccept_main,routing,9,9,24,task_specific,local,138,6.4016021439551976,6.4016021439551976,True,0.00017633393872529268,9.724998380988836e-05,0.00027358392253518105,4608,39,,,9.724998380988836e-05,0.0,1.116880498454153e-05,False,-1.116880498454153e-05,measured_local
clearaccept_main,routing,9,9,24,milp,local,138,6.4016021439551976,6.4016021439551976,True,0.00017633393872529268,0.00043545791413635015,0.0006117918528616428,4608,0,,,0.00043545791413635015,0.0,5.0010748911503684e-05,False,-5.0010748911503684e-05,measured_local
clearaccept_main,routing,9,9,24,qaoa_warm,nominal,138,6.4016021439551976,6.4016021439551976,True,0.00017633393872529268,0.01068116701208055,0.010857500950805843,4608,126,0.23447848961506332,8.866703137755394e-05,10.1012,0.0,1.16008587857862,True,-3.16008587857862,modeled_qpu
clearaccept_main,routing,9,9,25,task_specific,local,97,7.466149845372773,7.466149845372773,True,0.0001784160267561674,9.191699791699648e-05,0.0002703330246731639,4608,36,,,9.191699791699648e-05,0.0,6.690081644302598e-06,False,-6.690081644302598e-06,measured_local
clearaccept_main,routing,9,9,25,milp,local,97,7.466149845372773,7.466149845372773,True,0.0001784160267561674,0.0004724169848486781,0.0006508330116048455,4608,0,,,0.0004724169848486781,0.0,3.4384371448324974e-05,False,-3.4384371448324974e-05,measured_local
clearaccept_main,routing,9,9,25,qaoa_warm,nominal,97,7.466149845372773,7.466149845372773,True,0.0001784160267561674,0.010325707960873842,0.01050412398763001,4608,124,0.1619960957006472,8.020794484764338e-05,9.9488,0.0,0.7241129037193056,True,-2.7241129037193055,modeled_qpu
clearaccept_main,routing,9,9,26,task_specific,local,138,5.3496847312022116,5.3496847312022116,True,0.00016679195687174797,4.158297087997198e-05,0.00020837492775171995,4608,15,,,4.158297087997198e-05,0.0,4.645386528554416e-06,False,-4.645386528554416e-06,measured_local
clearaccept_main,routing,9,9,26,milp,local,138,5.3496847312022116,5.3496847312022116,True,0.00016679195687174797,0.0004001249326393008,0.0005669168895110488,4608,0,,,0.0004001249326393008,0.0,4.469942701271958e-05,False,-4.469942701271958e-05,measured_local
clearaccept_main,routing,9,9,26,qaoa_warm,nominal,138,5.3496847312022116,5.3496847312022116,True,0.00016679195687174797,0.00908937503118068,0.009256166988052428,4608,109,0.184674337093016,3.724999260157347e-05,8.8058,0.0,0.9837282865435332,True,-2.983728286543533,modeled_qpu
clearaccept_main,routing,9,9,27,task_specific,local,266,6.637668284924448,6.637668284924448,True,0.0001812500413507223,9.966699872165918e-05,0.0002809170400723815,4608,39,,,9.966699872165918e-05,0.0,1.2064881158293178e-05,False,-1.2064881158293178e-05,measured_local
clearaccept_main,routing,9,9,27,milp,local,266,6.637668284924448,6.637668284924448,True,0.0001812500413507223,0.0004567090654745698,0.0006379591068252921,4608,0,,,0.0004567090654745698,0.0,5.52855074351545e-05,False,-5.52855074351545e-05,measured_local
clearaccept_main,routing,9,9,27,qaoa_warm,nominal,266,6.637668284924448,6.637668284924448,True,0.0001812500413507223,0.010228416067548096,0.010409666108898818,4608,123,0.2293110053669602,8.608296047896147e-05,9.8726,0.0,1.1950971460072712,True,-3.1950971460072712,modeled_qpu
clearaccept_main,routing,9,9,28,task_specific,local,162,5.438017542246594,5.438017542246594,True,0.0001736249541863799,6.524997297674417e-05,0.00023887492716312408,4608,27,,,6.524997297674417e-05,0.0,4.2884087412599855e-06,False,-4.2884087412599855e-06,measured_local
clearaccept_main,routing,9,9,28,milp,local,162,5.438017542246594,5.438017542246594,True,0.0001736249541863799,0.00035337498411536217,0.0005269999383017421,4608,0,,,0.00035337498411536217,0.0,2.3224781585166928e-05,False,-2.3224781585166928e-05,measured_local
clearaccept_main,routing,9,9,28,qaoa_warm,nominal,162,5.438017542246594,5.438017542246594,True,0.0001736249541863799,0.00917104200925678,0.00934466696344316,4608,111,0.17616650982487742,5.929102189838886e-05,8.9582,0.0,0.5887576872966254,True,-2.588757687296625,modeled_qpu
clearaccept_main,routing,9,9,29,task_specific,local,273,5.647547221245621,5.647547221245621,True,0.00016187503933906555,6.699992809444666e-05,0.0002288749674335122,4608,27,,,6.699992809444666e-05,0.0,8.895054948969734e-06,False,-8.895054948969734e-06,measured_local
clearaccept_main,routing,9,9,29,milp,local,273,5.647547221245621,5.647547221245621,True,0.00016187503933906555,0.0003692921018227935,0.000531167141161859,4608,0,,,0.0003692921018227935,0.0,4.9028015870460964e-05,False,-4.9028015870460964e-05,measured_local
clearaccept_main,routing,9,9,29,qaoa_warm,nominal,273,5.647547221245621,5.647547221245621,True,0.00016187503933906555,0.009195292019285262,0.009357167058624327,4608,112,0.14981476999435753,6.116705480962992e-05,9.0344,0.0,1.1994264280058682,True,-3.199426428005868,modeled_qpu
clearaccept_main,routing,12,12,0,task_specific,local,1090,5.141467545520397,5.141467545520397,True,0.0010567500721663237,0.00016099994536489248,0.0012177500175312161,36864,76,,,0.00016099994536489248,0.0,1.4238834207552543e-05,False,-1.4238834207552543e-05,measured_local
clearaccept_main,routing,12,12,0,milp,local,1090,5.141467545520397,5.141467545520397,True,0.0010567500721663237,0.00047641596756875515,0.0015331660397350788,36864,0,,,0.00047641596756875515,0.0,4.2134225329504126e-05,False,-4.2134225329504126e-05,measured_local
clearaccept_main,routing,12,12,0,qaoa_warm,nominal,1090,5.141467545520397,5.141467545520397,True,0.0010567500721663237,0.029287499957717955,0.03034425002988428,36864,124,0.08992581158300986,0.0001579589443281293,9.9488,0.0,0.8798718126458995,True,-2.8798718126458995,modeled_qpu
clearaccept_main,routing,12,12,1,task_specific,local,648,5.658852760668616,5.658852760668616,True,0.0010462499922141433,0.00012624997179955244,0.0011724999640136957,36864,60,,,0.00012624997179955244,0.0,1.1256044762749634e-05,False,-1.1256044762749634e-05,measured_local
clearaccept_main,routing,12,12,1,milp,local,648,5.658852760668616,5.658852760668616,True,0.0010462499922141433,0.0004990000743418932,0.0015452500665560365,36864,0,,,0.0004990000743418932,0.0,4.4489254875442726e-05,False,-4.4489254875442726e-05,measured_local
clearaccept_main,routing,12,12,1,qaoa_warm,nominal,648,5.658852760668616,5.658852760668616,True,0.0010462499922141433,0.02685004100203514,0.027896290994249284,36864,115,0.08934360838350676,0.00011962500866502523,9.263,0.0,0.8258595320947191,True,-2.825859532094719,modeled_qpu
clearaccept_main,routing,12,12,2,task_specific,local,1060,5.655901377967366,5.655901377967366,True,0.0010737089905887842,0.00011170795187354088,0.001185416942462325,36864,48,,,0.00011170795187354088,0.0,1.359168475953471e-05,False,-1.359168475953471e-05,measured_local
clearaccept_main,routing,12,12,2,milp,local,1060,5.655901377967366,5.655901377967366,True,0.0010737089905887842,0.00045312498696148396,0.0015268339775502682,36864,0,,,0.00045312498696148396,0.0,5.513244022610642e-05,False,-5.513244022610642e-05,measured_local
clearaccept_main,routing,12,12,2,qaoa_warm,nominal,1060,5.655901377967366,5.655901377967366,True,0.0010737089905887842,0.02899974992033094,0.030073458910919726,36864,124,0.09542557478991776,9.708397556096315e-05,9.9488,0.0,1.210486371540819,True,-3.210486371540819,modeled_qpu
clearaccept_main,routing,12,12,3,task_specific,local,1058,6.359414036823093,6.359414036823093,True,0.0010660829721018672,0.00011704093776643276,0.0011831239098683,36864,52,,,0.00011704093776643276,0.0,1.7409958686347842e-05,False,-1.7409958686347842e-05,measured_local
clearaccept_main,routing,12,12,3,milp,local,1058,6.359414036823093,6.359414036823093,True,0.0010660829721018672,0.000561708933673799,0.0016277919057756662,36864,0,,,0.000561708933673799,0.0,8.355477592403609e-05,False,-8.355477592403609e-05,measured_local
clearaccept_main,routing,12,12,3,qaoa_warm,nominal,1058,6.359414036823093,6.359414036823093,True,0.0010660829721018672,0.03061416605487466,0.031680249026976526,36864,128,0.10716359755992758,0.0001127920113503933,10.2536,0.0,1.5252334421873894,True,-3.5252334421873894,modeled_qpu
clearaccept_main,routing,12,12,4,task_specific,local,641,7.421794964224064,7.421794964224064,True,0.0010585000272840261,0.000140791991725564,0.0011992920190095901,36864,64,,,0.000140791991725564,0.0,1.8099425996084552e-05,False,-1.8099425996084552e-05,measured_local
clearaccept_main,routing,12,12,4,milp,local,641,7.421794964224064,7.421794964224064,True,0.0010585000272840261,0.0005684579955413938,0.00162695802282542,36864,0,,,0.0005684579955413938,0.0,7.307776029079258e-05,False,-7.307776029079258e-05,measured_local
clearaccept_main,routing,12,12,4,qaoa_warm,nominal,641,7.421794964224064,7.421794964224064,True,0.0010585000272840261,0.027886500000022352,0.028945000027306378,36864,120,0.10929074643063014,0.00012629199773073196,9.644,0.0,1.239778357894668,True,-3.239778357894668,modeled_qpu
clearaccept_main,routing,12,12,5,task_specific,local,545,9.086867136014991,9.086867136014991,True,0.0010697919642552733,0.00010662502609193325,0.0011764169903472066,36864,48,,,0.00010662502609193325,0.0,3.309453620764025e-06,False,-3.309453620764025e-06,measured_local
clearaccept_main,routing,12,12,5,milp,local,545,9.086867136014991,9.086867136014991,True,0.0010697919642552733,0.0005510839400812984,0.0016208759043365717,36864,0,,,0.0005510839400812984,0.0,1.7104678026286897e-05,False,-1.7104678026286897e-05,measured_local
clearaccept_main,routing,12,12,5,qaoa_warm,nominal,545,9.086867136014991,9.086867136014991,True,0.0010697919642552733,0.029767624917440116,0.03083741688169539,36864,127,0.11731200759058183,0.00010316702537238598,10.1774,0.0,0.3158886287251468,True,-2.315888628725147,modeled_qpu
clearaccept_main,routing,12,12,6,task_specific,local,2068,7.027176444739847,7.027176444739847,True,0.0010696250246837735,0.0001509999856352806,0.0012206250103190541,36864,52,,,0.0001509999856352806,0.0,1.1626941654881628e-05,False,-1.1626941654881628e-05,measured_local
clearaccept_main,routing,12,12,6,milp,local,2068,7.027176444739847,7.027176444739847,True,0.0010696250246837735,0.0005824998952448368,0.0016521249199286103,36864,0,,,0.0005824998952448368,0.0,4.485227112766004e-05,False,-4.485227112766004e-05,measured_local
clearaccept_main,routing,12,12,6,qaoa_warm,nominal,2068,7.027176444739847,7.027176444739847,True,0.0010696250246837735,0.029099834035150707,0.03016945905983448,36864,125,0.10790918787138443,0.00010662490967661142,10.025,0.0,0.7719211998584089,True,-2.771921199858409,modeled_qpu
clearaccept_main,routing,12,12,7,task_specific,local,324,5.832297591103469,5.832297591103469,True,0.0010573329636827111,0.0001410829136148095,0.0011984158772975206,36864,64,,,0.0001410829136148095,0.0,5.525934798500112e-06,False,-5.525934798500112e-06,measured_local
clearaccept_main,routing,12,12,7,milp,local,324,5.832297591103469,5.832297591103469,True,0.0010573329636827111,0.0007511250441893935,0.0018084580078721046,36864,1,,,0.0007511250441893935,0.0,2.942006167411195e-05,False,-2.942006167411195e-05,measured_local
clearaccept_main,routing,12,12,7,qaoa_warm,nominal,324,5.832297591103469,5.832297591103469,True,0.0010573329636827111,0.029028958990238607,0.030086291953921318,36864,125,0.10524749973031734,0.00013399997260421515,10.025,0.0,0.3926591458566853,True,-2.3926591458566855,modeled_qpu
clearaccept_main,routing,12,12,8,task_specific,local,386,6.65825470071696,6.65825470071696,True,0.001043915981426835,0.00010025000665336847,0.0011441659880802035,36864,44,,,0.00010025000665336847,0.0,1.060057141840356e-05,False,-1.060057141840356e-05,measured_local
clearaccept_main,routing,12,12,8,milp,local,386,6.65825470071696,6.65825470071696,True,0.001043915981426835,0.0006323750130832195,0.0016762909945100546,36864,0,,,0.0006323750130832195,0.0,6.686818997011318e-05,False,-6.686818997011318e-05,measured_local
clearaccept_main,routing,12,12,8,qaoa_warm,nominal,386,6.65825470071696,6.65825470071696,True,0.001043915981426835,0.028185167000629008,0.029229082982055843,36864,119,0.09781570942219088,9.516696445643902e-05,9.5678,0.0,1.011712124545716,True,-3.011712124545716,modeled_qpu
clearaccept_main,routing,12,12,9,task_specific,local,280,6.987478034577821,6.987478034577821,True,0.0010416669538244605,8.041597902774811e-05,0.0011220829328522086,36864,36,,,8.041597902774811e-05,0.0,1.103134891264968e-05,False,-1.103134891264968e-05,measured_local
clearaccept_main,routing,12,12,9,milp,local,280,6.987478034577821,6.987478034577821,True,0.0010416669538244605,0.0005162089364603162,0.0015578758902847767,36864,0,,,0.0005162089364603162,0.0,7.081280311163824e-05,False,-7.081280311163824e-05,measured_local
clearaccept_main,routing,12,12,9,qaoa_warm,nominal,280,6.987478034577821,6.987478034577821,True,0.0010416669538244605,0.02871033304836601,0.02975200000219047,36864,123,0.09658048918095716,7.53339845687151e-05,9.8726,0.0,1.3543091384542583,True,-3.3543091384542585,modeled_qpu
clearaccept_main,routing,12,12,10,task_specific,local,642,6.78545546569819,6.78545546569819,True,0.0013064169324934483,0.00017720903269946575,0.001483625965192914,36864,80,,,0.00017720903269946575,0.0,1.8649621067889405e-05,False,-1.8649621067889405e-05,measured_local
clearaccept_main,routing,12,12,10,milp,local,642,6.78545546569819,6.78545546569819,True,0.0013064169324934483,0.005221333005465567,0.006527749937959015,36864,1,,,0.005221333005465567,0.0,0.0005494972831680635,False,-0.0005494972831680635,measured_local
clearaccept_main,routing,12,12,10,qaoa_warm,nominal,642,6.78545546569819,6.78545546569819,True,0.0013064169324934483,0.02792033297009766,0.02922674990259111,36864,119,0.09417987158588512,0.00018212501890957355,9.5678,0.0,1.0069229640001878,True,-3.0069229640001875,modeled_qpu
clearaccept_main,routing,12,12,11,task_specific,local,2120,10.752149566024771,10.752149566024771,True,0.0010842910269275308,0.00010945799294859171,0.0011937490198761225,36864,48,,,0.00010945799294859171,0.0,1.2880704515720097e-05,False,-1.2880704515720097e-05,measured_local
clearaccept_main,routing,12,12,11,milp,local,2120,10.752149566024771,10.752149566024771,True,0.0010842910269275308,0.000572292017750442,0.0016565830446779728,36864,0,,,0.000572292017750442,0.0,6.734569288887666e-05,False,-6.734569288887666e-05,measured_local
clearaccept_main,routing,12,12,11,qaoa_warm,nominal,2120,10.752149566024771,10.752149566024771,True,0.0010842910269275308,0.029060708009637892,0.030144999036565423,36864,124,0.10107664262480116,0.00010495795868337154,9.9488,0.0,1.170746417268789,True,-3.1707464172687887,modeled_qpu
clearaccept_main,routing,12,12,12,task_specific,local,328,5.521451379521242,5.521451379521242,True,0.0010784160112962127,9.674998000264168e-05,0.0011751659912988544,36864,44,,,9.674998000264168e-05,0.0,4.276286907893107e-06,False,-4.276286907893107e-06,measured_local
clearaccept_main,routing,12,12,12,milp,local,328,5.521451379521242,5.521451379521242,True,0.0010784160112962127,0.0005920419935137033,0.001670458004809916,36864,0,,,0.0005920419935137033,0.0,2.6167875442624984e-05,False,-2.6167875442624984e-05,measured_local
clearaccept_main,routing,12,12,12,qaoa_warm,nominal,328,5.521451379521242,5.521451379521242,True,0.0010784160112962127,0.028657165938057005,0.029735581949353218,36864,123,0.09168146123914922,9.049999061971903e-05,9.8726,0.0,0.43636257212366103,True,-2.4363625721236613,modeled_qpu
clearaccept_main,routing,12,12,13,task_specific,local,1064,5.8380962747206455,5.8380962747206455,True,0.001052666106261313,7.158296648412943e-05,0.0011242490727454424,36864,28,,,7.158296648412943e-05,0.0,3.4891385454451896e-06,False,-3.4891385454451896e-06,measured_local
clearaccept_main,routing,12,12,13,milp,local,1064,5.8380962747206455,5.8380962747206455,True,0.001052666106261313,0.0004992500180378556,0.0015519161242991686,36864,0,,,0.0004992500180378556,0.0,2.4334734466980972e-05,False,-2.4334734466980972e-05,measured_local
clearaccept_main,routing,12,12,13,qaoa_warm,nominal,1064,5.8380962747206455,5.8380962747206455,True,0.001052666106261313,0.02863966696895659,0.029692333075217903,36864,120,0.09456497748617812,6.470899097621441e-05,9.644,0.0,0.47007345161832237,True,-2.4700734516183225,modeled_qpu
clearaccept_main,routing,12,12,14,task_specific,local,1092,5.777781796552276,5.777781796552276,True,0.001088000019080937,0.0001354169799014926,0.0012234169989824295,36864,60,,,0.0001354169799014926,0.0,4.495810219692487e-06,False,-4.495810219692487e-06,measured_local
clearaccept_main,routing,12,12,14,milp,local,1092,5.777781796552276,5.777781796552276,True,0.001088000019080937,0.0005613340763375163,0.0016493340954184532,36864,0,,,0.0005613340763375163,0.0,1.8636152415270576e-05,False,-1.8636152415270576e-05,measured_local
clearaccept_main,routing,12,12,14,qaoa_warm,nominal,1092,5.777781796552276,5.777781796552276,True,0.001088000019080937,0.028425666969269514,0.02951366698835045,36864,121,0.107438978535847,0.00012812495697289705,9.7202,0.0,0.322708234441826,True,-2.322708234441826,modeled_qpu
clearaccept_main,routing,12,12,15,task_specific,local,1042,5.4444217906487005,5.4444217906487005,True,0.0010443750070407987,0.00013041694182902575,0.0011747919488698244,36864,60,,,0.00013041694182902575,0.0,1.0247119191224385e-05,False,-1.0247119191224385e-05,measured_local
clearaccept_main,routing,12,12,15,milp,local,1042,5.4444217906487005,5.4444217906487005,True,0.0010443750070407987,0.004201125004328787,0.005245500011369586,36864,1,,,0.004201125004328787,0.0,0.00033009076928845,False,-0.00033009076928845,measured_local
clearaccept_main,routing,12,12,15,qaoa_warm,nominal,1042,5.4444217906487005,5.4444217906487005,True,0.0010443750070407987,0.02891854103654623,0.02996291604358703,36864,123,0.09636483660541081,0.00013866694644093513,9.8726,0.0,0.7757098695038278,True,-2.775709869503828,modeled_qpu
clearaccept_main,routing,12,12,16,task_specific,local,2072,6.065167946315393,6.065167946315393,True,0.0010544589022174478,0.00015287497080862522,0.001207333873026073,36864,68,,,0.00015287497080862522,0.0,1.2882415172453143e-05,False,-1.2882415172453143e-05,measured_local
clearaccept_main,routing,12,12,16,milp,local,2072,6.065167946315393,6.065167946315393,True,0.0010544589022174478,0.005005417042411864,0.0060598759446293116,36864,1,,,0.005005417042411864,0.0,0.0004217947523427037,False,-0.0004217947523427037,measured_local
clearaccept_main,routing,12,12,16,qaoa_warm,nominal,2072,6.065167946315393,6.065167946315393,True,0.0010544589022174478,0.02859666699077934,0.029651125892996788,36864,121,0.09328525464355715,0.0001520839286968112,9.7202,0.0,0.8190984521333701,True,-2.81909845213337,modeled_qpu
clearaccept_main,routing,12,12,17,task_specific,local,2120,5.072353322148093,5.072353322148093,True,0.001078000059351325,0.00012500002048909664,0.0012030000798404217,36864,56,,,0.00012500002048909664,0.0,5.316904819475582e-06,False,-5.316904819475582e-06,measured_local
clearaccept_main,routing,12,12,17,milp,local,2120,5.072353322148093,5.072353322148093,True,0.001078000059351325,0.000598000013269484,0.001676000072620809,36864,0,,,0.000598000013269484,0.0,2.543606905149524e-05,False,-2.543606905149524e-05,measured_local
clearaccept_main,routing,12,12,17,qaoa_warm,nominal,2120,5.072353322148093,5.072353322148093,True,0.001078000059351325,0.029268375015817583,0.030346375075168908,36864,125,0.07661097893741835,0.00012708292342722416,10.025,0.0,0.4264156966269624,True,-2.4264156966269623,modeled_qpu
clearaccept_main,routing,12,12,18,task_specific,local,292,6.449074310128199,6.449074310128199,True,0.0010787079809233546,0.00014166696928441525,0.0012203749502077699,36864,64,,,0.00014166696928441525,0.0,6.060497312851282e-06,False,-6.060497312851282e-06,measured_local
clearaccept_main,routing,12,12,18,milp,local,292,6.449074310128199,6.449074310128199,True,0.0010787079809233546,0.000536833074875176,0.0016155410557985306,36864,0,,,0.000536833074875176,0.0,2.2965659702925606e-05,False,-2.2965659702925606e-05,measured_local
clearaccept_main,routing,12,12,18,qaoa_warm,nominal,292,6.449074310128199,6.449074310128199,True,0.0010787079809233546,0.027879708097316325,0.02895841607823968,36864,120,0.06492269713446218,0.00013587507419288158,9.644,0.0,0.412569255771942,True,-2.412569255771942,modeled_qpu
clearaccept_main,routing,12,12,19,task_specific,local,584,5.973443594900447,5.973443594900447,True,0.0010627079755067825,8.27079638838768e-05,0.0011454159393906593,36864,36,,,8.27079638838768e-05,0.0,2.6653804797117215e-06,False,-2.6653804797117215e-06,measured_local
clearaccept_main,routing,12,12,19,milp,local,584,5.973443594900447,5.973443594900447,True,0.0010627079755067825,0.0005644590128213167,0.0016271669883280993,36864,0,,,0.0005644590128213167,0.0,1.8190485700792045e-05,False,-1.8190485700792045e-05,measured_local
clearaccept_main,routing,12,12,19,qaoa_warm,nominal,584,5.973443594900447,5.973443594900447,True,0.0010627079755067825,0.029276042012497783,0.030338749988004565,36864,126,0.10003872760169205,7.970794104039669e-05,10.1012,0.0,0.3255253791456539,True,-2.325525379145654,modeled_qpu
clearaccept_main,routing,12,12,20,task_specific,local,2072,4.151950195058666,4.151950195058666,True,0.0010454589501023293,0.0001117499778047204,0.0011572089279070497,36864,52,,,0.0001117499778047204,0.0,6.288314303989991e-06,False,-6.288314303989991e-06,measured_local
clearaccept_main,routing,12,12,20,milp,local,2072,4.151950195058666,4.151950195058666,True,0.0010454589501023293,0.0005396250635385513,0.0015850840136408806,36864,0,,,0.0005396250635385513,0.0,3.036539310791383e-05,False,-3.036539310791383e-05,measured_local
clearaccept_main,routing,12,12,20,qaoa_warm,nominal,2072,4.151950195058666,4.151950195058666,True,0.0010454589501023293,0.028497541905380785,0.029543000855483115,36864,121,0.08534673957836876,0.00011354207526892424,9.7202,0.0,0.546968096982133,True,-2.546968096982133,modeled_qpu
clearaccept_main,routing,12,12,21,task_specific,local,392,8.479639683257494,8.479639683257494,True,0.0010938749182969332,6.433390080928802e-05,0.0011582088191062212,36864,24,,,6.433390080928802e-05,0.0,5.01030865013331e-06,False,-5.01030865013331e-06,measured_local
clearaccept_main,routing,12,12,21,milp,local,392,8.479639683257494,8.479639683257494,True,0.0010938749182969332,0.0006377500249072909,0.0017316249432042241,36864,0,,,0.0006377500249072909,0.0,4.966781784129617e-05,False,-4.966781784129617e-05,measured_local
clearaccept_main,routing,12,12,21,qaoa_warm,nominal,392,8.479639683257494,8.479639683257494,True,0.0010938749182969332,0.02906079194508493,0.030154666863381863,36864,124,0.09241210731506858,6.195798050612211e-05,9.9488,0.0,0.7748101400879118,True,-2.774810140087912,modeled_qpu
clearaccept_main,routing,12,12,22,task_specific,local,328,5.903359879922351,5.903359879922351,True,0.0010896249441429973,0.0001450419658794999,0.0012346669100224972,36864,68,,,0.0001450419658794999,0.0,7.903931344728505e-06,False,-7.903931344728505e-06,measured_local
clearaccept_main,routing,12,12,22,milp,local,328,5.903359879922351,5.903359879922351,True,0.0010896249441429973,0.0005691250553354621,0.0016587499994784594,36864,0,,,0.0005691250553354621,0.0,3.101395748919653e-05,False,-3.101395748919653e-05,measured_local
clearaccept_main,routing,12,12,22,qaoa_warm,nominal,328,5.903359879922351,5.903359879922351,True,0.0010896249441429973,0.028867249959148467,0.029956874903291464,36864,123,0.0716027357285903,0.00013524992391467094,9.8726,0.0,0.53799844838559,True,-2.53799844838559,modeled_qpu
clearaccept_main,routing,12,12,23,task_specific,local,530,3.946681767835954,3.946681767835954,True,0.001068208017386496,0.00012287497520446777,0.0011910829925909638,36864,56,,,0.00012287497520446777,0.0,1.59885769623978e-05,False,-1.59885769623978e-05,measured_local
clearaccept_main,routing,12,12,23,milp,local,530,3.946681767835954,3.946681767835954,True,0.001068208017386496,0.0004806669894605875,0.0015488750068470836,36864,0,,,0.0004806669894605875,0.0,6.254472191336173e-05,False,-6.254472191336173e-05,measured_local
clearaccept_main,routing,12,12,23,qaoa_warm,nominal,530,3.946681767835954,3.946681767835954,True,0.001068208017386496,0.02913158293813467,0.030199790955521166,36864,124,0.08406723791261755,0.00011954107321798801,9.9488,0.0,1.2945447534683978,True,-3.294544753468398,modeled_qpu
clearaccept_main,routing,12,12,24,task_specific,local,276,5.069363213760779,5.069363213760779,True,0.001029666978865862,0.00011254206765443087,0.0011422090465202928,36864,52,,,0.00011254206765443087,0.0,1.5613479876783128e-05,False,-1.5613479876783128e-05,measured_local
clearaccept_main,routing,12,12,24,milp,local,276,5.069363213760779,5.069363213760779,True,0.001029666978865862,0.004533374914899468,0.00556304189376533,36864,1,,,0.004533374914899468,0.0,0.0006289360012918648,False,-0.0006289360012918648,measured_local
clearaccept_main,routing,12,12,24,qaoa_warm,nominal,276,5.069363213760779,5.069363213760779,True,0.001029666978865862,0.028362291981466115,0.029391958960331976,36864,120,0.08766201819040126,0.0001229170011356473,9.644,0.0,1.337956579881338,True,-3.3379565798813378,modeled_qpu
clearaccept_main,routing,12,12,25,task_specific,local,1156,6.8447769173922035,6.8447769173922035,True,0.0010941659566015005,0.0001402080524712801,0.0012343740090727806,36864,60,,,0.0001402080524712801,0.0,2.0832810026568478e-05,False,-2.0832810026568478e-05,measured_local
clearaccept_main,routing,12,12,25,milp,local,1156,6.8447769173922035,6.8447769173922035,True,0.0010941659566015005,0.0006249999860301614,0.001719165942631662,36864,0,,,0.0006249999860301614,0.0,9.286560754591036e-05,False,-9.286560754591036e-05,measured_local
clearaccept_main,routing,12,12,25,qaoa_warm,nominal,1156,6.8447769173922035,6.8447769173922035,True,0.0010941659566015005,0.030050290981307626,0.031144456937909126,36864,127,0.10110387156902434,0.00012512505054473877,10.1774,0.0,1.5122087285808963,True,-3.5122087285808963,modeled_qpu
clearaccept_main,routing,12,12,26,task_specific,local,545,4.967402280510866,4.967402280510866,True,0.0010874579893425107,9.591691195964813e-05,0.0011833749013021588,36864,44,,,9.591691195964813e-05,0.0,1.1430748942878195e-05,False,-1.1430748942878195e-05,measured_local
clearaccept_main,routing,12,12,26,milp,local,545,4.967402280510866,4.967402280510866,True,0.0010874579893425107,0.005008624983020127,0.0060960829723626375,36864,1,,,0.005008624983020127,0.0,0.000596895099729821,False,-0.000596895099729821,measured_local
clearaccept_main,routing,12,12,26,qaoa_warm,nominal,545,4.967402280510866,4.967402280510866,True,0.0010874579893425107,0.02778524998575449,0.028872707975097,36864,119,0.08901748548111285,0.00010754202958196402,9.5678,0.0,1.140227698131903,True,-3.140227698131903,modeled_qpu
clearaccept_main,routing,12,12,27,task_specific,local,1154,10.286059532813173,10.286059532813173,True,0.00105329102370888,0.0001294170506298542,0.0011827080743387341,36864,60,,,0.0001294170506298542,0.0,9.44903602962818e-06,False,-9.44903602962818e-06,measured_local
clearaccept_main,routing,12,12,27,milp,local,1154,10.286059532813173,10.286059532813173,True,0.00105329102370888,0.0005000000819563866,0.0015532911056652665,36864,0,,,0.0005000000819563866,0.0,3.6506154067253e-05,False,-3.6506154067253e-05,measured_local
clearaccept_main,routing,12,12,27,qaoa_warm,nominal,1154,10.286059532813173,10.286059532813173,True,0.00105329102370888,0.027569541009142995,0.028622832032851875,36864,117,0.09131367349950072,0.0001265419414266944,9.4154,0.0,0.6874399733294354,True,-2.687439973329435,modeled_qpu
clearaccept_main,routing,12,12,28,task_specific,local,322,8.336936641128187,8.336936641128187,True,0.0010545420227572322,0.00012466695625334978,0.001179208979010582,36864,60,,,0.00012466695625334978,0.0,1.0948886812986854e-05,False,-1.0948886812986854e-05,measured_local
clearaccept_main,routing,12,12,28,milp,local,322,8.336936641128187,8.336936641128187,True,0.0010545420227572322,0.0006156250601634383,0.0016701670829206705,36864,0,,,0.0006156250601634383,0.0,5.406732710526567e-05,False,-5.406732710526567e-05,measured_local
clearaccept_main,routing,12,12,28,qaoa_warm,nominal,322,8.336936641128187,8.336936641128187,True,0.0010545420227572322,0.029442334081977606,0.030496876104734838,36864,125,0.09685984012069992,0.00011849997099488974,10.025,0.0,0.8804465401171122,True,-2.880446540117112,modeled_qpu
clearaccept_main,routing,12,12,29,task_specific,local,580,6.090002020028917,6.090002020028917,True,0.0010652500204741955,0.0001170419855043292,0.0011822920059785247,36864,52,,,0.0001170419855043292,0.0,1.634488350889436e-05,False,-1.634488350889436e-05,measured_local
clearaccept_main,routing,12,12,29,milp,local,580,6.090002020028917,6.090002020028917,True,0.0010652500204741955,0.0005854999180883169,0.0016507499385625124,36864,0,,,0.0005854999180883169,0.0,8.176491465335533e-05,False,-8.176491465335533e-05,measured_local
clearaccept_main,routing,12,12,29,qaoa_warm,nominal,580,6.090002020028917,6.090002020028917,True,0.0010652500204741955,0.028333250083960593,0.029398500104434788,36864,122,0.09149680126350622,0.00010587496217340231,9.7964,0.0,1.3680647685236855,True,-3.3680647685236855,modeled_qpu
