task,size_label,n_vars,seed,algorithm,profile,cost,optimum,feasible,runtime_s,evals,deadline_s,volatility,delay_s,gap,staleness_loss,deadline_miss,utility,timing_evidence,shots,success_prob,gamma,beta,expected_norm_cost
channel,6,6,0,exact,local,1.9464826652816702,1.9464826652816702,True,7.750000804662704e-06,64,0.47956572216083176,0.04082640083010488,7.750000804662704e-06,0.0,3.164046392847949e-07,False,-3.164046392847949e-07,measured_local,,,,,
channel,6,6,0,local_search,local,1.9464826652816702,1.9464826652816702,True,0.0001141249667853117,372,0.47956572216083176,0.04082640083010488,0.0001141249667853117,0.0,4.659311638699541e-06,False,-4.659311638699541e-06,measured_local,,,,,
channel,6,6,0,annealing,local,1.9464826652816702,1.9464826652816702,True,0.0011637919815257192,960,0.47956572216083176,0.04082640083010488,0.0011637919815257192,0.0,4.751343792063102e-05,False,-4.751343792063102e-05,measured_local,,,,,
channel,6,6,0,random,local,1.9464826652816702,1.9464826652816702,True,1.4625024050474167e-05,256,0.47956572216083176,0.04082640083010488,1.4625024050474167e-05,0.0,5.970870940345824e-07,False,-5.970870940345824e-07,measured_local,,,,,
channel,6,6,0,qaoa,optimistic,1.9464826652816702,1.9464826652816702,True,0.0026071249740198255,107,0.47956572216083176,0.04082640083010488,1.37318,0.0,0.05606199709188342,True,-2.0560619970918834,modeled_qpu,1024.0,0.08072715048382634,2.9581390359779283,1.267976721405291,0.151514020444223
channel,6,6,0,qaoa,nominal,1.9464826652816702,1.9464826652816702,True,0.0026071249740198255,107,0.47956572216083176,0.04082640083010488,8.6534,0.0,0.35328717694322953,True,-2.3532871769432298,modeled_qpu,1024.0,0.08072715048382634,2.9581390359779283,1.267976721405291,0.151514020444223
channel,6,6,0,qaoa,stressed,1.9464826652816702,1.9464826652816702,True,0.0026071249740198255,107,0.47956572216083176,0.04082640083010488,39.753600000000006,0.0,1.6229964080396575,True,-3.6229964080396577,modeled_qpu,1024.0,0.08072715048382634,2.9581390359779283,1.267976721405291,0.151514020444223
channel,6,6,0,mean_field,local,1.9464826652816702,1.9464826652816702,True,0.002530583064071834,116,0.47956572216083176,0.04082640083010488,0.002530583064071834,0.0,0.00010331459850767168,False,-0.00010331459850767168,measured_local,,,,,
channel,6,6,1,exact,local,3.7552144525142617,3.7552144525142617,True,4.458939656615257e-06,64,0.2402226081254468,0.07263011035373215,4.458939656615257e-06,0.0,3.238532793205987e-07,False,-3.238532793205987e-07,measured_local,,,,,
channel,6,6,1,local_search,local,3.7552144525142617,3.7552144525142617,True,8.066603913903236e-05,300,0.2402226081254468,0.07263011035373215,8.066603913903236e-05,0.0,5.858783324466397e-06,False,-5.858783324466397e-06,measured_local,,,,,
channel,6,6,1,annealing,local,3.7552144525142617,3.7552144525142617,True,0.0011123340809717774,960,0.2402226081254468,0.07263011035373215,0.0011123340809717774,0.0,8.078894705119743e-05,False,-8.078894705119743e-05,measured_local,,,,,
channel,6,6,1,random,local,3.7552144525142617,3.7552144525142617,True,1.0582967661321163e-05,256,0.2402226081254468,0.07263011035373215,1.0582967661321163e-05,0.0,7.686421091117348e-07,False,-7.686421091117348e-07,measured_local,,,,,
channel,6,6,1,qaoa,optimistic,3.7552144525142617,3.7552144525142617,True,0.002503874944522977,108,0.2402226081254468,0.07263011035373215,1.3859200000000003,0.0,0.10065952254144449,True,-2.1006595225414446,modeled_qpu,1024.0,0.12055422018182138,3.8411268995415666,1.2692066603042274,0.14552765246076055
channel,6,6,1,qaoa,nominal,3.7552144525142617,3.7552144525142617,True,0.002503874944522977,108,0.2402226081254468,0.07263011035373215,8.7296,0.0,0.6340318113439402,True,-2.6340318113439403,modeled_qpu,1024.0,0.12055422018182138,3.8411268995415666,1.2692066603042274,0.14552765246076055
channel,6,6,1,qaoa,stressed,3.7552144525142617,3.7552144525142617,True,0.002503874944522977,108,0.2402226081254468,0.07263011035373215,40.0784,0.0,2.910898614801019,True,-4.9108986148010185,modeled_qpu,1024.0,0.12055422018182138,3.8411268995415666,1.2692066603042274,0.14552765246076055
channel,6,6,1,mean_field,local,4.326195927798301,3.7552144525142617,True,0.002371374983340502,104,0.2402226081254468,0.07263011035373215,0.002371374983340502,0.1200748107127197,0.0001722332267301004,False,-0.12024704393944981,measured_local,,,,,
channel,6,6,2,exact,local,0.8243350865285217,0.8243350865285217,True,4.500034265220165e-06,64,0.3085099240473346,0.0625277616054293,4.500034265220165e-06,0.0,2.8137706975194974e-07,False,-2.8137706975194974e-07,measured_local,,,,,
channel,6,6,2,local_search,local,0.8243350865285217,0.8243350865285217,True,0.00010029191616922617,426,0.3085099240473346,0.0625277616054293,0.00010029191616922617,0.0,6.271029025181075e-06,False,-6.271029025181075e-06,measured_local,,,,,
channel,6,6,2,annealing,local,0.8243350865285217,0.8243350865285217,True,0.0010924999369308352,960,0.3085099240473346,0.0625277616054293,0.0010924999369308352,0.0,6.831157561035782e-05,False,-6.831157561035782e-05,measured_local,,,,,
channel,6,6,2,random,local,0.8243350865285217,0.8243350865285217,True,8.29098280519247e-06,256,0.3085099240473346,0.0625277616054293,8.29098280519247e-06,0.0,5.184165963177883e-07,False,-5.184165963177883e-07,measured_local,,,,,
channel,6,6,2,qaoa,optimistic,0.8243350865285217,0.8243350865285217,True,0.0024091670056805015,104,0.3085099240473346,0.0625277616054293,1.3349600000000001,0.0,0.08347206063278391,True,-2.083472060632784,modeled_qpu,1024.0,0.14784372106421642,4.035088166848001,1.242611904530612,0.1898401007230619
channel,6,6,2,qaoa,nominal,0.8243350865285217,0.8243350865285217,True,0.0024091670056805015,104,0.3085099240473346,0.0625277616054293,8.424800000000001,0.0,0.5267838859734209,True,-2.526783885973421,modeled_qpu,1024.0,0.14784372106421642,4.035088166848001,1.242611904530612,0.1898401007230619
channel,6,6,2,qaoa,stressed,0.8243350865285217,0.8243350865285217,True,0.0024091670056805015,104,0.3085099240473346,0.0625277616054293,38.7792,0.0,2.4247765728492645,True,-4.4247765728492645,modeled_qpu,1024.0,0.14784372106421642,4.035088166848001,1.242611904530612,0.1898401007230619
channel,6,6,2,mean_field,local,0.8243350865285217,0.8243350865285217,True,0.0024476670660078526,122,0.3085099240473346,0.0625277616054293,0.0024476670660078526,0.0,0.0001530471427927996,False,-0.0001530471427927996,measured_local,,,,,
channel,6,6,3,exact,local,3.2992732967356995,3.2992732967356995,True,2.6669586077332497e-06,64,0.40546286423984945,0.06509228996521398,2.6669586077332497e-06,0.0,1.7359844301979604e-07,False,-1.7359844301979604e-07,measured_local,,,,,
channel,6,6,3,local_search,local,3.2992732967356995,3.2992732967356995,True,9.066599886864424e-05,372,0.40546286423984945,0.06509228996521398,9.066599886864424e-05,0.0,5.901657488343553e-06,False,-5.901657488343553e-06,measured_local,,,,,
channel,6,6,3,annealing,local,3.2992732967356995,3.2992732967356995,True,0.001219166093505919,960,0.40546286423984945,0.06509228996521398,0.001219166093505919,0.0,7.935831287424445e-05,False,-7.935831287424445e-05,measured_local,,,,,
channel,6,6,3,random,local,3.2992732967356995,3.2992732967356995,True,1.6417005099356174e-05,256,0.40546286423984945,0.06509228996521398,1.6417005099356174e-05,0.0,1.0686204562876885e-06,False,-1.0686204562876885e-06,measured_local,,,,,
channel,6,6,3,qaoa,optimistic,3.2992732967356995,3.2992732967356995,True,0.002207416924647987,102,0.40546286423984945,0.06509228996521398,1.3094800000000002,0.0,0.08523705186364841,True,-2.0852370518636483,modeled_qpu,1024.0,0.10624783743469218,3.4924333098584697,1.2815411707659115,0.1649024338966958
channel,6,6,3,qaoa,nominal,3.2992732967356995,3.2992732967356995,True,0.002207416924647987,102,0.40546286423984945,0.06509228996521398,8.272400000000001,0.0,0.5384694595082362,True,-2.538469459508236,modeled_qpu,1024.0,0.10624783743469218,3.4924333098584697,1.2815411707659115,0.1649024338966958
channel,6,6,3,qaoa,stressed,3.2992732967356995,3.2992732967356995,True,0.002207416924647987,102,0.40546286423984945,0.06509228996521398,38.1296,0.0,2.481942979457623,True,-4.481942979457623,modeled_qpu,1024.0,0.10624783743469218,3.4924333098584697,1.2815411707659115,0.1649024338966958
channel,6,6,3,mean_field,local,3.2992732967356995,3.2992732967356995,True,0.0021901249419897795,108,0.40546286423984945,0.06509228996521398,0.0021901249419897795,0.0,0.00014256024778404617,False,-0.00014256024778404617,measured_local,,,,,
channel,6,6,4,exact,local,2.4120404538070277,2.4120404538070277,True,2.666027285158634e-06,64,0.32980012942821063,0.06514092489207436,2.666027285158634e-06,0.0,1.736674831427395e-07,False,-1.736674831427395e-07,measured_local,,,,,
channel,6,6,4,local_search,local,2.4120404538070277,2.4120404538070277,True,8.820800576359034e-05,348,0.32980012942821063,0.06514092489207436,8.820800576359034e-05,0.0,5.745951078325701e-06,False,-5.745951078325701e-06,measured_local,,,,,
channel,6,6,4,annealing,local,2.4120404538070277,2.4120404538070277,True,0.001179583021439612,960,0.32980012942821063,0.06514092489207436,0.001179583021439612,0.0,7.68391290035639e-05,False,-7.68391290035639e-05,measured_local,,,,,
channel,6,6,4,random,local,2.4120404538070277,2.4120404538070277,True,7.750000804662704e-06,256,0.32980012942821063,0.06514092489207436,7.750000804662704e-06,0.0,5.048422203300491e-07,False,-5.048422203300491e-07,measured_local,,,,,
channel,6,6,4,qaoa,optimistic,2.4120404538070277,2.4120404538070277,True,0.002373749972321093,101,0.32980012942821063,0.06514092489207436,1.2967400000000002,0.0,0.08447084294454853,True,-2.0844708429445484,modeled_qpu,1024.0,0.09677179615102893,3.066274076701072,1.2729976679948092,0.15085716817045347
channel,6,6,4,qaoa,nominal,2.4120404538070277,2.4120404538070277,True,0.002373749972321093,101,0.32980012942821063,0.06514092489207436,8.196200000000001,0.0,0.53390804860042,True,-2.53390804860042,modeled_qpu,1024.0,0.09677179615102893,3.066274076701072,1.2729976679948092,0.15085716817045347
channel,6,6,4,qaoa,stressed,2.4120404538070277,2.4120404538070277,True,0.002373749972321093,101,0.32980012942821063,0.06514092489207436,37.8048,0.0,2.4626396373598927,True,-4.462639637359892,modeled_qpu,1024.0,0.09677179615102893,3.066274076701072,1.2729976679948092,0.15085716817045347
channel,6,6,4,mean_field,local,2.4120404538070277,2.4120404538070277,True,0.0023550830082967877,115,0.32980012942821063,0.06514092489207436,0.0023550830082967877,0.0,0.0001534122853580616,False,-0.0001534122853580616,measured_local,,,,,
channel,6,6,5,exact,local,3.6045215374057715,3.6045215374057715,True,3.208988346159458e-06,64,0.3709660388560035,0.036633275945032656,3.208988346159458e-06,0.0,1.1755575558925341e-07,False,-1.1755575558925341e-07,measured_local,,,,,
channel,6,6,5,local_search,local,3.6045215374057715,3.6045215374057715,True,8.687505032867193e-05,348,0.3709660388560035,0.036633275945032656,8.687505032867193e-05,0.0,3.1825176914288387e-06,False,-3.1825176914288387e-06,measured_local,,,,,
channel,6,6,5,annealing,local,3.6045215374057715,3.6045215374057715,True,0.0011272080009803176,960,0.3709660388560035,0.036633275945032656,0.0011272080009803176,0.0,4.129332174736061e-05,False,-4.129332174736061e-05,measured_local,,,,,
channel,6,6,5,random,local,3.6045215374057715,3.6045215374057715,True,7.750000804662704e-06,256,0.3709660388560035,0.036633275945032656,7.750000804662704e-06,0.0,2.83907918051434e-07,False,-2.83907918051434e-07,measured_local,,,,,
channel,6,6,5,qaoa,optimistic,3.6045215374057715,3.6045215374057715,True,0.002326208050362766,100,0.3709660388560035,0.036633275945032656,1.284,0.0,0.04703712631342193,True,-2.047037126313422,modeled_qpu,1024.0,0.10567898526011846,3.528709695283532,1.2803453545788779,0.14437928852571374
channel,6,6,5,qaoa,nominal,3.6045215374057715,3.6045215374057715,True,0.002326208050362766,100,0.3709660388560035,0.036633275945032656,8.120000000000001,0.0,0.2974622006736652,True,-2.297462200673665,modeled_qpu,1024.0,0.10567898526011846,3.528709695283532,1.2803453545788779,0.14437928852571374
channel,6,6,5,qaoa,stressed,3.6045215374057715,3.6045215374057715,True,0.002326208050362766,100,0.3709660388560035,0.036633275945032656,37.480000000000004,0.0,1.373015182419824,True,-3.373015182419824,modeled_qpu,1024.0,0.10567898526011846,3.528709695283532,1.2803453545788779,0.14437928852571374
channel,6,6,5,mean_field,local,3.6045215374057715,3.6045215374057715,True,0.002417874988168478,123,0.3709660388560035,0.036633275945032656,0.002417874988168478,0.0,8.857468164216842e-05,False,-8.857468164216842e-05,measured_local,,,,,
channel,6,6,6,exact,local,3.141942958411521,3.141942958411521,True,2.584070898592472e-06,64,0.33389710980504245,0.07082060394447476,2.584070898592472e-06,0.0,1.8300546167366046e-07,False,-1.8300546167366046e-07,measured_local,,,,,
channel,6,6,6,local_search,local,3.141942958411521,3.141942958411521,True,9.233399759978056e-05,384,0.33389710980504245,0.07082060394447476,9.233399759978056e-05,0.0,6.539149474624142e-06,False,-6.539149474624142e-06,measured_local,,,,,
channel,6,6,6,annealing,local,3.141942958411521,3.141942958411521,True,0.0011433339677751064,960,0.33389710980504245,0.07082060394447476,0.0011433339677751064,0.0,8.097160210806568e-05,False,-8.097160210806568e-05,measured_local,,,,,
channel,6,6,6,random,local,3.141942958411521,3.141942958411521,True,6.749993190169334e-06,256,0.33389710980504245,0.07082060394447476,6.749993190169334e-06,0.0,4.780385943488841e-07,False,-4.780385943488841e-07,measured_local,,,,,
channel,6,6,6,qaoa,optimistic,3.141942958411521,3.141942958411521,True,0.002394417067989707,102,0.33389710980504245,0.07082060394447476,1.3094800000000002,0.0,0.09273816445321081,True,-2.092738164453211,modeled_qpu,1024.0,0.0880464878782234,3.8636876180618027,1.2598078498475682,0.14383908517232769
channel,6,6,6,qaoa,nominal,3.141942958411521,3.141942958411521,True,0.002394417067989707,102,0.33389710980504245,0.07082060394447476,8.272400000000001,0.0,0.5858563640702731,True,-2.585856364070273,modeled_qpu,1024.0,0.0880464878782234,3.8636876180618027,1.2598078498475682,0.14383908517232769
channel,6,6,6,qaoa,stressed,3.141942958411521,3.141942958411521,True,0.002394417067989707,102,0.33389710980504245,0.07082060394447476,38.1296,0.0,2.700361300161245,True,-4.700361300161245,modeled_qpu,1024.0,0.0880464878782234,3.8636876180618027,1.2598078498475682,0.14383908517232769
channel,6,6,6,mean_field,local,3.141942958411521,3.141942958411521,True,0.002221958013251424,107,0.33389710980504245,0.07082060394447476,0.002221958013251424,0.0,0.0001573604084377311,False,-0.0001573604084377311,measured_local,,,,,
channel,6,6,7,exact,local,1.5617157320647332,1.5617157320647332,True,2.708984538912773e-06,64,0.3479966322523042,0.07118539183046532,2.708984538912773e-06,0.0,1.928401258651782e-07,False,-1.928401258651782e-07,measured_local,,,,,
channel,6,6,7,local_search,local,1.5617157320647332,1.5617157320647332,True,9.900005534291267e-05,378,0.3479966322523042,0.07118539183046532,9.900005534291267e-05,0.0,7.047357730822991e-06,False,-7.047357730822991e-06,measured_local,,,,,
channel,6,6,7,annealing,local,1.5617157320647332,1.5617157320647332,True,0.0010967499110847712,960,0.3479966322523042,0.07118539183046532,0.0010967499110847712,0.0,7.807257216059743e-05,False,-7.807257216059743e-05,measured_local,,,,,
channel,6,6,7,random,local,1.5617157320647332,1.5617157320647332,True,7.3750270530581474e-06,256,0.3479966322523042,0.07118539183046532,7.3750270530581474e-06,0.0,5.249941905322262e-07,False,-5.249941905322262e-07,measured_local,,,,,
channel,6,6,7,qaoa,optimistic,1.5617157320647332,1.5617157320647332,True,0.002262125024572015,99,0.3479966322523042,0.07118539183046532,1.27126,0.0,0.09049514121839734,True,-2.090495141218397,modeled_qpu,1024.0,0.09699238263591825,3.5985612189664034,1.2638574387924726,0.18387256638061328
channel,6,6,7,qaoa,nominal,1.5617157320647332,1.5617157320647332,True,0.002262125024572015,99,0.3479966322523042,0.07118539183046532,8.043800000000001,0.0,0.5726010548058971,True,-2.5726010548058973,modeled_qpu,1024.0,0.09699238263591825,3.5985612189664034,1.2638574387924726,0.18387256638061328
channel,6,6,7,qaoa,stressed,1.5617157320647332,1.5617157320647332,True,0.002262125024572015,99,0.3479966322523042,0.07118539183046532,37.1552,0.0,2.644907470539305,True,-4.644907470539305,modeled_qpu,1024.0,0.09699238263591825,3.5985612189664034,1.2638574387924726,0.18387256638061328
channel,6,6,7,mean_field,local,1.5617157320647332,1.5617157320647332,True,0.0021497089182958007,111,0.3479966322523042,0.07118539183046532,0.0021497089182958007,0.0,0.00015302787167033235,False,-0.00015302787167033235,measured_local,,,,,
channel,6,6,8,exact,local,4.761995095013317,4.761995095013317,True,2.125045284628868e-06,64,0.1472886792472789,0.047199570904209565,2.125045284628868e-06,0.0,1.0030122558649645e-07,False,-1.0030122558649645e-07,measured_local,,,,,
channel,6,6,8,local_search,local,4.761995095013317,4.761995095013317,True,8.933304343372583e-05,342,0.1472886792472789,0.047199570904209565,8.933304343372583e-05,0.0,4.2164813176389755e-06,False,-4.2164813176389755e-06,measured_local,,,,,
channel,6,6,8,annealing,local,4.761995095013317,4.761995095013317,True,0.0011317910393700004,960,0.1472886792472789,0.047199570904209565,0.0011317910393700004,0.0,5.342005141149337e-05,False,-5.342005141149337e-05,measured_local,,,,,
channel,6,6,8,random,local,4.761995095013317,4.761995095013317,True,6.249989382922649e-06,256,0.1472886792472789,0.047199570904209565,6.249989382922649e-06,0.0,2.949968170298146e-07,False,-2.949968170298146e-07,measured_local,,,,,
channel,6,6,8,qaoa,optimistic,4.761995095013317,4.761995095013317,True,0.0022678329842165112,99,0.1472886792472789,0.047199570904209565,1.27126,0.0,0.060002926507685454,True,-2.0600029265076856,modeled_qpu,1024.0,0.08972968598304124,3.501591522646467,1.291849901584377,0.10322905239080304
channel,6,6,8,qaoa,nominal,4.761995095013317,4.761995095013317,True,0.0022678329842165112,99,0.1472886792472789,0.047199570904209565,8.043800000000001,0.0,0.37966390843928094,True,-2.379663908439281,modeled_qpu,1024.0,0.08972968598304124,3.501591522646467,1.291849901584377,0.10322905239080304
channel,6,6,8,qaoa,stressed,4.761995095013317,4.761995095013317,True,0.0022678329842165112,99,0.1472886792472789,0.047199570904209565,37.1552,0.0,1.7537094968600873,True,-3.753709496860087,modeled_qpu,1024.0,0.08972968598304124,3.501591522646467,1.291849901584377,0.10322905239080304
channel,6,6,8,mean_field,local,4.761995095013317,4.761995095013317,True,0.0022762089502066374,105,0.1472886792472789,0.047199570904209565,0.0022762089502066374,0.0,0.0001074360857380746,False,-0.0001074360857380746,measured_local,,,,,
channel,6,6,9,exact,local,1.2314461765864597,1.2314461765864597,True,3.125052899122238e-06,64,0.4059189296340998,0.052178151759344094,3.125052899122238e-06,0.0,1.6305948442637837e-07,False,-1.6305948442637837e-07,measured_local,,,,,
channel,6,6,9,local_search,local,1.2314461765864597,1.2314461765864597,True,8.662499021738768e-05,354,0.4059189296340998,0.052178151759344094,8.662499021738768e-05,0.0,4.519931885714552e-06,False,-4.519931885714552e-06,measured_local,,,,,
channel,6,6,9,annealing,local,1.2314461765864597,1.2314461765864597,True,0.001094167004339397,960,0.4059189296340998,0.052178151759344094,0.001094167004339397,0.0,5.709161200248796e-05,False,-5.709161200248796e-05,measured_local,,,,,
channel,6,6,9,random,local,1.2314461765864597,1.2314461765864597,True,7.792026735842228e-06,256,0.4059189296340998,0.052178151759344094,7.792026735842228e-06,0.0,4.0657355353564235e-07,False,-4.0657355353564235e-07,measured_local,,,,,
channel,6,6,9,qaoa,optimistic,1.2314461765864597,1.2314461765864597,True,0.002335833036340773,101,0.4059189296340998,0.052178151759344094,1.2967400000000002,0.0,0.06766149651241188,True,-2.067661496512412,modeled_qpu,1024.0,0.13368789230541817,3.8205428993248507,1.248309611993121,0.20746833943254545
channel,6,6,9,qaoa,nominal,1.2314461765864597,1.2314461765864597,True,0.002335833036340773,101,0.4059189296340998,0.052178151759344094,8.196200000000001,0.0,0.42766256744993614,True,-2.427662567449936,modeled_qpu,1024.0,0.13368789230541817,3.8205428993248507,1.248309611993121,0.20746833943254545
channel,6,6,9,qaoa,stressed,1.2314461765864597,1.2314461765864597,True,0.002335833036340773,101,0.4059189296340998,0.052178151759344094,37.8048,0.0,1.9725845916316516,True,-3.9725845916316516,modeled_qpu,1024.0,0.13368789230541817,3.8205428993248507,1.248309611993121,0.20746833943254545
channel,6,6,9,mean_field,local,1.2314461765864597,1.2314461765864597,True,0.00231608294416219,115,0.4059189296340998,0.052178151759344094,0.00231608294416219,0.0,0.00012084892734772322,False,-0.00012084892734772322,measured_local,,,,,
channel,6,6,10,exact,local,2.533522420217089,2.533522420217089,True,2.7919886633753777e-06,64,0.25590151957744756,0.029426719161685898,2.7919886633753777e-06,0.0,8.215906629975803e-08,False,-8.215906629975803e-08,measured_local,,,,,
channel,6,6,10,local_search,local,2.533522420217089,2.533522420217089,True,0.00010025000665336847,396,0.25590151957744756,0.029426719161685898,0.00010025000665336847,0.0,2.950028791745817e-06,False,-2.950028791745817e-06,measured_local,,,,,
channel,6,6,10,annealing,local,2.533522420217089,2.533522420217089,True,0.00123774993699044,960,0.25590151957744756,0.029426719161685898,0.00123774993699044,0.0,3.642291978821209e-05,False,-3.642291978821209e-05,measured_local,,,,,
channel,6,6,10,random,local,2.533522420217089,2.533522420217089,True,1.166702713817358e-05,256,0.25590151957744756,0.029426719161685898,1.166702713817358e-05,0.0,3.4332233104680187e-07,False,-3.4332233104680187e-07,measured_local,,,,,
channel,6,6,10,qaoa,optimistic,2.533522420217089,2.533522420217089,True,0.0021334169432520866,95,0.25590151957744756,0.029426719161685898,1.2203000000000002,0.0,0.035909425393005304,True,-2.0359094253930055,modeled_qpu,1024.0,0.09769776532930345,3.745718395967785,1.2488092068270873,0.13460953191144315
channel,6,6,10,qaoa,nominal,2.533522420217089,2.533522420217089,True,0.0021334169432520866,95,0.25590151957744756,0.029426719161685898,7.739000000000001,0.0,0.22773337959228718,True,-2.227733379592287,modeled_qpu,1024.0,0.09769776532930345,3.745718395967785,1.2488092068270873,0.13460953191144315
channel,6,6,10,qaoa,stressed,2.533522420217089,2.533522420217089,True,0.0021334169432520866,95,0.25590151957744756,0.029426719161685898,35.856,0.0,1.0551244422614097,True,-3.05512444226141,modeled_qpu,1024.0,0.09769776532930345,3.745718395967785,1.2488092068270873,0.13460953191144315
channel,6,6,10,mean_field,local,2.533522420217089,2.533522420217089,True,0.002188374986872077,112,0.25590151957744756,0.029426719161685898,0.002188374986872077,0.0,6.439669615914267e-05,False,-6.439669615914267e-05,measured_local,,,,,
channel,6,6,11,exact,local,1.3430912759841245,1.3430912759841245,True,2.499902620911598e-06,64,0.058082916043650276,0.0165030995145583,2.499902620911598e-06,0.0,4.125614172960922e-08,False,-4.125614172960922e-08,measured_local,,,,,
channel,6,6,11,local_search,local,1.3430912759841245,1.3430912759841245,True,8.975004311650991e-05,360,0.058082916043650276,0.0165030995145583,8.975004311650991e-05,0.0,1.481153892987661e-06,False,-1.481153892987661e-06,measured_local,,,,,
channel,6,6,11,annealing,local,1.3430912759841245,1.3430912759841245,True,0.0011695000575855374,960,0.058082916043650276,0.0165030995145583,0.0011695000575855374,0.0,1.9300375832615786e-05,False,-1.9300375832615786e-05,measured_local,,,,,
channel,6,6,11,random,local,1.3430912759841245,1.3430912759841245,True,7.207971066236496e-06,256,0.058082916043650276,0.0165030995145583,7.207971066236496e-06,0.0,1.1895386380415778e-07,False,-1.1895386380415778e-07,measured_local,,,,,
channel,6,6,11,qaoa,optimistic,1.3430912759841245,1.3430912759841245,True,0.0020719999447464943,94,0.058082916043650276,0.0165030995145583,1.2075600000000002,0.0,0.019928482849800023,True,-2.0199284828498,modeled_qpu,1024.0,0.10505975098417075,3.665380830603843,1.2827355646282306,0.16595572593580338
channel,6,6,11,qaoa,nominal,1.3430912759841245,1.3430912759841245,True,0.0020719999447464943,94,0.058082916043650276,0.0165030995145583,7.662800000000001,0.0,0.12645995096015736,True,-2.1264599509601574,modeled_qpu,1024.0,0.10505975098417075,3.665380830603843,1.2827355646282306,0.16595572593580338
channel,6,6,11,qaoa,stressed,1.3430912759841245,1.3430912759841245,True,0.0020719999447464943,94,0.058082916043650276,0.0165030995145583,35.5312,0.0,0.5863749294716738,True,-2.586374929471674,modeled_qpu,1024.0,0.10505975098417075,3.665380830603843,1.2827355646282306,0.16595572593580338
channel,6,6,11,mean_field,local,1.3430912759841245,1.3430912759841245,True,0.002262708032503724,114,0.058082916043650276,0.0165030995145583,0.002262708032503724,0.0,3.734169583279937e-05,False,-3.734169583279937e-05,measured_local,,,,,
channel,6,6,12,exact,local,1.857436276698151,1.857436276698151,True,2.084067091345787e-06,64,0.4830032430289091,0.07153415425348202,2.084067091345787e-06,0.0,1.4908197678693512e-07,False,-1.4908197678693512e-07,measured_local,,,,,
channel,6,6,12,local_search,local,1.857436276698151,1.857436276698151,True,0.0001015419838950038,444,0.4830032430289091,0.07153415425348202,0.0001015419838950038,0.0,7.2637199391497885e-06,False,-7.2637199391497885e-06,measured_local,,,,,
channel,6,6,12,annealing,local,1.857436276698151,1.857436276698151,True,0.0011870830785483122,960,0.4830032430289091,0.07153415425348202,0.0011870830785483122,0.0,8.491698405257327e-05,False,-8.491698405257327e-05,measured_local,,,,,
channel,6,6,12,random,local,1.857436276698151,1.857436276698151,True,8.292030543088913e-06,256,0.4830032430289091,0.07153415425348202,8.292030543088913e-06,0.0,5.931633919439066e-07,False,-5.931633919439066e-07,measured_local,,,,,
channel,6,6,12,qaoa,optimistic,1.857436276698151,1.857436276698151,True,0.0022446250077337027,101,0.4830032430289091,0.07153415425348202,1.2967400000000002,0.0,0.09276119918666029,True,-2.0927611991866604,modeled_qpu,1024.0,0.13274252328405048,3.8800928020460645,1.2710129951768123,0.1867806203481901
channel,6,6,12,qaoa,nominal,1.857436276698151,1.857436276698151,True,0.0022446250077337027,101,0.4830032430289091,0.07153415425348202,8.196200000000001,0.0,0.5863082350923894,True,-2.5863082350923894,modeled_qpu,1024.0,0.13274252328405048,3.8800928020460645,1.2710129951768123,0.1867806203481901
channel,6,6,12,qaoa,stressed,1.857436276698151,1.857436276698151,True,0.0022446250077337027,101,0.4830032430289091,0.07153415425348202,37.8048,0.0,2.704334394722037,True,-4.7043343947220375,modeled_qpu,1024.0,0.13274252328405048,3.8800928020460645,1.2710129951768123,0.1867806203481901
channel,6,6,12,mean_field,local,1.857436276698151,1.857436276698151,True,0.0020368749974295497,102,0.4830032430289091,0.07153415425348202,0.0020368749974295497,0.0,0.0001457061302611862,False,-0.0001457061302611862,measured_local,,,,,
channel,6,6,13,exact,local,1.1516551113882172,1.1516551113882172,True,2.458924427628517e-06,64,0.25741634710658745,0.039766471058892555,2.458924427628517e-06,0.0,9.778274708729337e-08,False,-9.778274708729337e-08,measured_local,,,,,
channel,6,6,13,local_search,local,1.1516551113882172,1.1516551113882172,True,9.787501767277718e-05,432,0.25741634710658745,0.039766471058892555,9.787501767277718e-05,0.0,3.892144057673091e-06,False,-3.892144057673091e-06,measured_local,,,,,
channel,6,6,13,annealing,local,1.1516551113882172,1.1516551113882172,True,0.0012250000145286322,960,0.25741634710658745,0.039766471058892555,0.0012250000145286322,0.0,4.871392762489581e-05,False,-4.871392762489581e-05,measured_local,,,,,
channel,6,6,13,random,local,1.1516551113882172,1.1516551113882172,True,8.665956556797028e-06,256,0.25741634710658745,0.039766471058892555,8.665956556797028e-06,0.0,3.446145106134892e-07,False,-3.446145106134892e-07,measured_local,,,,,
channel,6,6,13,qaoa,optimistic,1.1516551113882172,1.1516551113882172,True,0.0021882089786231518,98,0.25741634710658745,0.039766471058892555,1.25852,0.0,0.050046899157037465,True,-2.0500468991570373,modeled_qpu,1024.0,0.1464911649626977,4.339281652779122,1.2359883902011841,0.21204927699742385
channel,6,6,13,qaoa,nominal,1.1516551113882172,1.1516551113882172,True,0.0021882089786231518,98,0.25741634710658745,0.039766471058892555,7.9676,0.0,0.3168433348088323,True,-2.316843334808832,modeled_qpu,1024.0,0.1464911649626977,4.339281652779122,1.2359883902011841,0.21204927699742385
channel,6,6,13,qaoa,stressed,1.1516551113882172,1.1516551113882172,True,0.0021882089786231518,98,0.25741634710658745,0.039766471058892555,36.830400000000004,0.0,1.4646150356874366,True,-3.4646150356874363,modeled_qpu,1024.0,0.1464911649626977,4.339281652779122,1.2359883902011841,0.21204927699742385
channel,6,6,13,mean_field,local,1.1516551113882172,1.1516551113882172,True,0.002431458095088601,116,0.25741634710658745,0.039766471058892555,0.002431458095088601,0.0,9.669050796925087e-05,False,-9.669050796925087e-05,measured_local,,,,,
channel,6,6,14,exact,local,2.876227444841448,2.876227444841448,True,3.374996595084667e-06,64,0.11644638036648361,0.01034250834369676,3.374996595084667e-06,0.0,3.4905930444611325e-08,False,-3.4905930444611325e-08,measured_local,,,,,
channel,6,6,14,local_search,local,2.876227444841448,2.876227444841448,True,0.00013412500265985727,444,0.11644638036648361,0.01034250834369676,0.00013412500265985727,0.0,1.387188959107924e-06,False,-1.387188959107924e-06,measured_local,,,,,
channel,6,6,14,annealing,local,2.876227444841448,2.876227444841448,True,0.0011002919636666775,960,0.11644638036648361,0.01034250834369676,0.0011002919636666775,0.0,1.1379778814725105e-05,False,-1.1379778814725105e-05,measured_local,,,,,
channel,6,6,14,random,local,2.876227444841448,2.876227444841448,True,8.542090654373169e-06,256,0.11644638036648361,0.01034250834369676,8.542090654373169e-06,0.0,8.834664386546862e-08,False,-8.834664386546862e-08,measured_local,,,,,
channel,6,6,14,qaoa,optimistic,2.876227444841448,2.876227444841448,True,0.0022562920348718762,96,0.11644638036648361,0.01034250834369676,1.2330400000000001,0.0,0.012752726488111855,True,-2.0127527264881118,modeled_qpu,1024.0,0.09667865382101547,3.6091779236313375,1.268431249406044,0.14791482327742306
channel,6,6,14,qaoa,nominal,2.876227444841448,2.876227444841448,True,0.0022562920348718762,96,0.11644638036648361,0.01034250834369676,7.815200000000001,0.0,0.08082877120765893,True,-2.080828771207659,modeled_qpu,1024.0,0.09667865382101547,3.6091779236313375,1.268431249406044,0.14791482327742306
channel,6,6,14,qaoa,stressed,2.876227444841448,2.876227444841448,True,0.0022562920348718762,96,0.11644638036648361,0.01034250834369676,36.180800000000005,0.0,0.3742002258816238,True,-2.3742002258816237,modeled_qpu,1024.0,0.09667865382101547,3.6091779236313375,1.268431249406044,0.14791482327742306
channel,6,6,14,mean_field,local,2.876227444841448,2.876227444841448,True,0.0021023330045863986,109,0.11644638036648361,0.01034250834369676,0.0021023330045863986,0.0,2.174339664116391e-05,False,-2.174339664116391e-05,measured_local,,,,,
channel,6,6,15,exact,local,1.5739490431701018,1.5739490431701018,True,3.625056706368923e-06,64,0.2338871130567523,0.0247375817279673,3.625056706368923e-06,0.0,8.967513654231719e-08,False,-8.967513654231719e-08,measured_local,,,,,
channel,6,6,15,local_search,local,1.5739490431701018,1.5739490431701018,True,0.0001050831051543355,378,0.2338871130567523,0.0247375817279673,0.0001050831051543355,0.0,2.599501901983956e-06,False,-2.599501901983956e-06,measured_local,,,,,
channel,6,6,15,annealing,local,1.5739490431701018,1.5739490431701018,True,0.00115687504876405,960,0.2338871130567523,0.0247375817279673,0.00115687504876405,0.0,2.8618291067846843e-05,False,-2.8618291067846843e-05,measured_local,,,,,
channel,6,6,15,random,local,1.5739490431701018,1.5739490431701018,True,7.292022928595543e-06,256,0.2338871130567523,0.0247375817279673,7.292022928595543e-06,0.0,1.8038701315834368e-07,False,-1.8038701315834368e-07,measured_local,,,,,
channel,6,6,15,qaoa,optimistic,1.5739490431701018,1.5739490431701018,True,0.002470624982379377,107,0.2338871130567523,0.0247375817279673,1.37318,0.0,0.033969152477210135,True,-2.0339691524772103,modeled_qpu,1024.0,0.11211046836597093,3.9023558967574017,1.2606992009835178,0.1722893969852114
channel,6,6,15,qaoa,nominal,1.5739490431701018,1.5739490431701018,True,0.002470624982379377,107,0.2338871130567523,0.0247375817279673,8.6534,0.0,0.21406418972479221,True,-2.2140641897247924,modeled_qpu,1024.0,0.11211046836597093,3.9023558967574017,1.2606992009835178,0.1722893969852114
channel,6,6,15,qaoa,stressed,1.5739490431701018,1.5739490431701018,True,0.002470624982379377,107,0.2338871130567523,0.0247375817279673,39.753600000000006,0.0,0.983407928980921,True,-2.983407928980921,modeled_qpu,1024.0,0.11211046836597093,3.9023558967574017,1.2606992009835178,0.1722893969852114
channel,6,6,15,mean_field,local,1.5739490431701018,1.5739490431701018,True,0.0021579168969765306,103,0.2338871130567523,0.0247375817279673,0.0021579168969765306,0.0,5.3381645601118514e-05,False,-5.3381645601118514e-05,measured_local,,,,,
channel,6,6,16,exact,local,2.744888058863449,2.744888058863449,True,2.00001522898674e-06,64,0.4453532206893916,0.01984985579331936,2.00001522898674e-06,0.0,3.9700013879829394e-08,False,-3.9700013879829394e-08,measured_local,,,,,
channel,6,6,16,local_search,local,2.744888058863449,2.744888058863449,True,8.104194421321154e-05,342,0.4453532206893916,0.01984985579331936,8.104194421321154e-05,0.0,1.6086709058424816e-06,False,-1.6086709058424816e-06,measured_local,,,,,
channel,6,6,16,annealing,local,2.744888058863449,2.744888058863449,True,0.0010708749759942293,960,0.4453532206893916,0.01984985579331936,0.0010708749759942293,0.0,2.1256713846159783e-05,False,-2.1256713846159783e-05,measured_local,,,,,
channel,6,6,16,random,local,2.744888058863449,2.744888058863449,True,5.875015631318092e-06,256,0.4453532206893916,0.01984985579331936,5.875015631318092e-06,0.0,1.1661821306516124e-07,False,-1.1661821306516124e-07,measured_local,,,,,
channel,6,6,16,qaoa,optimistic,2.744888058863449,2.744888058863449,True,0.002361833001486957,106,0.4453532206893916,0.01984985579331936,1.36044,0.0,0.027004537815463393,True,-2.0270045378154635,modeled_qpu,1024.0,0.1314936221370604,4.07991401260563,1.2507388171162432,0.17821083829002637
channel,6,6,16,qaoa,nominal,2.744888058863449,2.744888058863449,True,0.002361833001486957,106,0.4453532206893916,0.01984985579331936,8.577200000000001,0.0,0.17025618311045884,True,-2.170256183110459,modeled_qpu,1024.0,0.1314936221370604,4.07991401260563,1.2507388171162432,0.17821083829002637
channel,6,6,16,qaoa,stressed,2.744888058863449,2.744888058863449,True,0.002361833001486957,106,0.4453532206893916,0.01984985579331936,39.4288,0.0,0.7826559941036305,True,-2.7826559941036306,modeled_qpu,1024.0,0.1314936221370604,4.07991401260563,1.2507388171162432,0.17821083829002637
channel,6,6,16,mean_field,local,2.744888058863449,2.744888058863449,True,0.0024260840145871043,126,0.4453532206893916,0.01984985579331936,0.0024260840145871043,0.0,4.8157417832031324e-05,False,-4.8157417832031324e-05,measured_local,,,,,
channel,6,6,17,exact,local,3.324205311790928,3.324205311790928,True,2.750079147517681e-06,64,0.36469492589427205,0.05152941670352942,2.750079147517681e-06,0.0,1.4170997436012554e-07,False,-1.4170997436012554e-07,measured_local,,,,,
channel,6,6,17,local_search,local,3.324205311790928,3.324205311790928,True,0.00010191695764660835,396,0.36469492589427205,0.05152941670352942,0.00010191695764660835,0.0,5.251721379728041e-06,False,-5.251721379728041e-06,measured_local,,,,,
channel,6,6,17,annealing,local,3.324205311790928,3.324205311790928,True,0.0011174579849466681,960,0.36469492589427205,0.05152941670352942,0.0011174579849466681,0.0,5.7581958155003164e-05,False,-5.7581958155003164e-05,measured_local,,,,,
channel,6,6,17,random,local,3.324205311790928,3.324205311790928,True,6.832997314631939e-06,256,0.36469492589427205,0.05152941670352942,6.832997314631939e-06,0.0,3.5210036595976666e-07,False,-3.5210036595976666e-07,measured_local,,,,,
channel,6,6,17,qaoa,optimistic,3.324205311790928,3.324205311790928,True,0.0023329589748755097,100,0.36469492589427205,0.05152941670352942,1.284,0.0,0.06616377104733177,True,-2.0661637710473317,modeled_qpu,1024.0,0.09447433652004984,3.534528814622109,1.2875875545325952,0.1524435551685146
channel,6,6,17,qaoa,nominal,3.324205311790928,3.324205311790928,True,0.0023329589748755097,100,0.36469492589427205,0.05152941670352942,8.120000000000001,0.0,0.4184188636326589,True,-2.4184188636326587,modeled_qpu,1024.0,0.09447433652004984,3.534528814622109,1.2875875545325952,0.1524435551685146
channel,6,6,17,qaoa,stressed,3.324205311790928,3.324205311790928,True,0.0023329589748755097,100,0.36469492589427205,0.05152941670352942,37.480000000000004,0.0,1.9313225380482828,True,-3.931322538048283,modeled_qpu,1024.0,0.09447433652004984,3.534528814622109,1.2875875545325952,0.1524435551685146
channel,6,6,17,mean_field,local,3.324205311790928,3.324205311790928,True,0.0018958750879392028,93,0.36469492589427205,0.05152941670352942,0.0018958750879392028,0.0,9.769333742425966e-05,False,-9.769333742425966e-05,measured_local,,,,,
channel,6,6,18,exact,local,2.153379216578286,2.153379216578286,True,2.4579931050539017e-06,64,0.16355664281053567,0.02088300203323386,2.4579931050539017e-06,0.0,5.133027501051544e-08,False,-5.133027501051544e-08,measured_local,,,,,
channel,6,6,18,local_search,local,2.153379216578286,2.153379216578286,True,0.00010066607501357794,420,0.16355664281053567,0.02088300203323386,0.00010066607501357794,0.0,2.1022098491862206e-06,False,-2.1022098491862206e-06,measured_local,,,,,
channel,6,6,18,annealing,local,2.153379216578286,2.153379216578286,True,0.0011309999972581863,960,0.16355664281053567,0.02088300203323386,0.0011309999972581863,0.0,2.3618675242330197e-05,False,-2.3618675242330197e-05,measured_local,,,,,
channel,6,6,18,random,local,2.153379216578286,2.153379216578286,True,7.3750270530581474e-06,256,0.16355664281053567,0.02088300203323386,7.3750270530581474e-06,0.0,1.5401270494416801e-07,False,-1.5401270494416801e-07,measured_local,,,,,
channel,6,6,18,qaoa,optimistic,2.153379216578286,2.153379216578286,True,0.0023495000787079334,103,0.16355664281053567,0.02088300203323386,1.3222200000000002,0.0,0.02761192294838248,True,-2.0276119229483824,modeled_qpu,1024.0,0.13221770649366632,3.8904710242876153,1.2610177140934793,0.18276857652233705
channel,6,6,18,qaoa,nominal,2.153379216578286,2.153379216578286,True,0.0023495000787079334,103,0.16355664281053567,0.02088300203323386,8.348600000000001,0.0,0.17434383077465623,True,-2.174343830774656,modeled_qpu,1024.0,0.13221770649366632,3.8904710242876153,1.2610177140934793,0.18276857652233705
channel,6,6,18,qaoa,stressed,2.153379216578286,2.153379216578286,True,0.0023495000787079334,103,0.16355664281053567,0.02088300203323386,38.45440000000001,0.0,0.8030433133867884,True,-2.8030433133867882,modeled_qpu,1024.0,0.13221770649366632,3.8904710242876153,1.2610177140934793,0.18276857652233705
channel,6,6,18,mean_field,local,2.153379216578286,2.153379216578286,True,0.002146290964446962,99,0.16355664281053567,0.02088300203323386,0.002146290964446962,0.0,4.482099857445737e-05,False,-4.482099857445737e-05,measured_local,,,,,
channel,6,6,19,exact,local,1.5875851971350665,1.5875851971350665,True,2.666027285158634e-06,64,0.3218442135706413,0.07654877537211006,2.666027285158634e-06,0.0,2.040811237875247e-07,False,-2.040811237875247e-07,measured_local,,,,,
channel,6,6,19,local_search,local,1.5875851971350665,1.5875851971350665,True,0.00012812495697289705,522,0.3218442135706413,0.07654877537211006,0.00012812495697289705,0.0,9.807808550879564e-06,False,-9.807808550879564e-06,measured_local,,,,,
channel,6,6,19,annealing,local,1.5875851971350665,1.5875851971350665,True,0.001115957973524928,960,0.3218442135706413,0.07654877537211006,0.001115957973524928,0.0,8.542521624007487e-05,False,-8.542521624007487e-05,measured_local,,,,,
channel,6,6,19,random,local,1.5875851971350665,1.5875851971350665,True,7.00005330145359e-06,256,0.3218442135706413,0.07654877537211006,7.00005330145359e-06,0.0,5.358455077657683e-07,False,-5.358455077657683e-07,measured_local,,,,,
channel,6,6,19,qaoa,optimistic,1.5875851971350665,1.5875851971350665,True,0.002175500034354627,96,0.3218442135706413,0.07654877537211006,1.2330400000000001,0.0,0.0943877019848266,True,-2.0943877019848265,modeled_qpu,1024.0,0.08934141769339185,3.5943696124279407,1.257624182802954,0.17125488210044187
channel,6,6,19,qaoa,nominal,1.5875851971350665,1.5875851971350665,True,0.002175500034354627,96,0.3218442135706413,0.07654877537211006,7.815200000000001,0.0,0.5982439892881146,True,-2.5982439892881146,modeled_qpu,1024.0,0.08934141769339185,3.5943696124279407,1.257624182802954,0.17125488210044187
channel,6,6,19,qaoa,stressed,1.5875851971350665,1.5875851971350665,True,0.002175500034354627,96,0.3218442135706413,0.07654877537211006,36.180800000000005,0.0,2.76959593198324,True,-4.76959593198324,modeled_qpu,1024.0,0.08934141769339185,3.5943696124279407,1.257624182802954,0.17125488210044187
channel,6,6,19,mean_field,local,1.5875851971350665,1.5875851971350665,True,0.001875333022326231,92,0.3218442135706413,0.07654877537211006,0.001875333022326231,0.0,0.00014355444627395093,False,-0.00014355444627395093,measured_local,,,,,
channel,6,6,20,exact,local,2.994929204737875,2.994929204737875,True,2.8329668566584587e-06,64,0.22660022581475103,0.04720565411666313,2.8329668566584587e-06,0.0,1.337320535593896e-07,False,-1.337320535593896e-07,measured_local,,,,,
channel,6,6,20,local_search,local,2.994929204737875,2.994929204737875,True,8.933304343372583e-05,342,0.22660022581475103,0.04720565411666313,8.933304343372583e-05,0.0,4.217024749521306e-06,False,-4.217024749521306e-06,measured_local,,,,,
channel,6,6,20,annealing,local,2.994929204737875,2.994929204737875,True,0.0011690830579027534,960,0.22660022581475103,0.04720565411666313,0.0011690830579027534,0.0,5.518733046500823e-05,False,-5.518733046500823e-05,measured_local,,,,,
channel,6,6,20,random,local,2.994929204737875,2.994929204737875,True,1.1791009455919266e-05,256,0.22660022581475103,0.04720565411666313,1.1791009455919266e-05,0.0,5.566023140624292e-07,False,-5.566023140624292e-07,measured_local,,,,,
channel,6,6,20,qaoa,optimistic,2.994929204737875,2.994929204737875,True,0.0020862920209765434,91,0.22660022581475103,0.04720565411666313,1.16934,0.0,0.055199459584778864,True,-2.0551994595847787,modeled_qpu,1024.0,0.09838206614263514,3.79523721932693,1.2820905015491308,0.1394230084717994
channel,6,6,20,qaoa,nominal,2.994929204737875,2.994929204737875,True,0.0020862920209765434,91,0.22660022581475103,0.04720565411666313,7.434200000000001,0.0,0.3509362738340971,True,-2.350936273834097,modeled_qpu,1024.0,0.09838206614263514,3.79523721932693,1.2820905015491308,0.1394230084717994
channel,6,6,20,qaoa,stressed,2.994929204737875,2.994929204737875,True,0.0020862920209765434,91,0.22660022581475103,0.04720565411666313,34.5568,0.0,1.6312763481787045,True,-3.6312763481787043,modeled_qpu,1024.0,0.09838206614263514,3.79523721932693,1.2820905015491308,0.1394230084717994
channel,6,6,20,mean_field,local,2.994929204737875,2.994929204737875,True,0.002151833032257855,108,0.22660022581475103,0.04720565411666313,0.002151833032257855,0.0,0.00010157868583757472,False,-0.00010157868583757472,measured_local,,,,,
channel,6,6,21,exact,local,0.7622211228284784,0.7622211228284784,True,2.625049091875553e-06,64,0.1651422600792,0.03951216106514597,2.625049091875553e-06,0.0,1.0372136252210201e-07,False,-1.0372136252210201e-07,measured_local,,,,,
channel,6,6,21,local_search,local,0.7622211228284784,0.7622211228284784,True,9.020895231515169e-05,366,0.1651422600792,0.03951216106514597,9.020895231515169e-05,0.0,3.564350653394346e-06,False,-3.564350653394346e-06,measured_local,,,,,
channel,6,6,21,annealing,local,0.7622211228284784,0.7622211228284784,True,0.001157292048446834,960,0.1651422600792,0.03951216106514597,0.001157292048446834,0.0,4.572710981764402e-05,False,-4.572710981764402e-05,measured_local,,,,,
channel,6,6,21,random,local,0.7622211228284784,0.7622211228284784,True,6.166053935885429e-06,256,0.1651422600792,0.03951216106514597,6.166053935885429e-06,0.0,2.4363411625108234e-07,False,-2.4363411625108234e-07,measured_local,,,,,
channel,6,6,21,qaoa,optimistic,0.7622211228284784,0.7622211228284784,True,0.0022529170382767916,100,0.1651422600792,0.03951216106514597,1.284,0.0,0.050733614807647424,True,-2.0507336148076476,modeled_qpu,1024.0,0.13774447346039637,3.9492822802296317,1.2476368698169125,0.18663729529652123
channel,6,6,21,qaoa,nominal,0.7622211228284784,0.7622211228284784,True,0.0022529170382767916,100,0.1651422600792,0.03951216106514597,8.120000000000001,0.0,0.3208387478489853,True,-2.320838747848985,modeled_qpu,1024.0,0.13774447346039637,3.9492822802296317,1.2476368698169125,0.18663729529652123
channel,6,6,21,qaoa,stressed,0.7622211228284784,0.7622211228284784,True,0.0022529170382767916,100,0.1651422600792,0.03951216106514597,37.480000000000004,0.0,1.480915796721671,True,-3.4809157967216713,modeled_qpu,1024.0,0.13774447346039637,3.9492822802296317,1.2476368698169125,0.18663729529652123
channel,6,6,21,mean_field,local,0.7622211228284784,0.7622211228284784,True,0.002435707952827215,117,0.1651422600792,0.03951216106514597,0.002435707952827215,0.0,9.624008493976589e-05,False,-9.624008493976589e-05,measured_local,,,,,
channel,6,6,22,exact,local,3.486335946599789,3.486335946599789,True,3.0829105526208878e-06,64,0.360828951511683,0.03348647638886858,3.0829105526208878e-06,0.0,1.0323581142933313e-07,False,-1.0323581142933313e-07,measured_local,,,,,
channel,6,6,22,local_search,local,3.486335946599789,3.486335946599789,True,0.00010204210411757231,444,0.360828951511683,0.03348647638886858,0.00010204210411757231,0.0,3.4170305102035543e-06,False,-3.4170305102035543e-06,measured_local,,,,,
channel,6,6,22,annealing,local,3.486335946599789,3.486335946599789,True,0.0011139999842271209,960,0.360828951511683,0.03348647638886858,0.0011139999842271209,0.0,3.7303934169021454e-05,False,-3.7303934169021454e-05,measured_local,,,,,
channel,6,6,22,random,local,3.486335946599789,3.486335946599789,True,7.333001121878624e-06,256,0.360828951511683,0.03348647638886858,7.333001121878624e-06,0.0,2.455563689273353e-07,False,-2.455563689273353e-07,measured_local,,,,,
channel,6,6,22,qaoa,optimistic,3.486335946599789,3.486335946599789,True,0.0023752920096740127,105,0.360828951511683,0.03348647638886858,1.3477000000000001,0.0,0.04512972422927818,True,-2.045129724229278,modeled_qpu,1024.0,0.08818623243101846,3.8960944911328896,1.271583940531305,0.16797109449929698
channel,6,6,22,qaoa,nominal,3.486335946599789,3.486335946599789,True,0.0023752920096740127,105,0.360828951511683,0.03348647638886858,8.501000000000001,0.0,0.2846685357817718,True,-2.2846685357817718,modeled_qpu,1024.0,0.08818623243101846,3.8960944911328896,1.271583940531305,0.16797109449929698
channel,6,6,22,qaoa,stressed,3.486335946599789,3.486335946599789,True,0.0023752920096740127,105,0.360828951511683,0.03348647638886858,39.104000000000006,0.0,1.309455172710317,True,-3.309455172710317,modeled_qpu,1024.0,0.08818623243101846,3.8960944911328896,1.271583940531305,0.16797109449929698
channel,6,6,22,mean_field,local,3.486335946599789,3.486335946599789,True,0.002209416008554399,112,0.360828951511683,0.03348647638886858,0.002209416008554399,0.0,7.398555700364514e-05,False,-7.398555700364514e-05,measured_local,,,,,
channel,6,6,23,exact,local,2.2875847316059312,2.2875847316059312,True,2.334010787308216e-06,64,0.19258061213708288,0.06479416174351756,2.334010787308216e-06,0.0,1.512302724639633e-07,False,-1.512302724639633e-07,measured_local,,,,,
channel,6,6,23,local_search,local,2.2875847316059312,2.2875847316059312,True,0.00010854203719645739,486,0.19258061213708288,0.06479416174351756,0.00010854203719645739,0.0,7.0328903140781585e-06,False,-7.0328903140781585e-06,measured_local,,,,,
channel,6,6,23,annealing,local,2.2875847316059312,2.2875847316059312,True,0.0012262919917702675,960,0.19258061213708288,0.06479416174351756,0.0012262919917702675,0.0,7.9456561659543e-05,False,-7.9456561659543e-05,measured_local,,,,,
channel,6,6,23,random,local,2.2875847316059312,2.2875847316059312,True,9.25001222640276e-06,256,0.19258061213708288,0.06479416174351756,9.25001222640276e-06,0.0,5.993467883270553e-07,False,-5.993467883270553e-07,measured_local,,,,,
channel,6,6,23,qaoa,optimistic,2.2875847316059312,2.2875847316059312,True,0.002066542045213282,94,0.19258061213708288,0.06479416174351756,1.2075600000000002,0.0,0.07824283795500207,True,-2.078242837955002,modeled_qpu,1024.0,0.09072125028706306,3.6851545966488137,1.2545202221204916,0.15552078542690279
channel,6,6,23,qaoa,nominal,2.2875847316059312,2.2875847316059312,True,0.002066542045213282,94,0.19258061213708288,0.06479416174351756,7.662800000000001,0.0,0.4965047026082264,True,-2.4965047026082265,modeled_qpu,1024.0,0.09072125028706306,3.6851545966488137,1.2545202221204916,0.15552078542690279
channel,6,6,23,qaoa,stressed,2.2875847316059312,2.2875847316059312,True,0.002066542045213282,94,0.19258061213708288,0.06479416174351756,35.5312,0.0,2.302214319741271,True,-4.302214319741271,modeled_qpu,1024.0,0.09072125028706306,3.6851545966488137,1.2545202221204916,0.15552078542690279
channel,6,6,23,mean_field,local,2.2875847316059312,2.2875847316059312,True,0.002201958908699453,110,0.19258061213708288,0.06479416174351756,0.002201958908699453,0.0,0.00014267408168285175,False,-0.00014267408168285175,measured_local,,,,,
channel,6,6,24,exact,local,2.724683588651197,2.724683588651197,True,2.7919886633753777e-06,64,0.2965821600549718,0.061139376627150153,2.7919886633753777e-06,0.0,1.7070044642884075e-07,False,-1.7070044642884075e-07,measured_local,,,,,
channel,6,6,24,local_search,local,2.724683588651197,2.724683588651197,True,0.00010149995796382427,408,0.2965821600549718,0.061139376627150153,0.00010149995796382427,0.0,6.20564415759016e-06,False,-6.20564415759016e-06,measured_local,,,,,
channel,6,6,24,annealing,local,2.724683588651197,2.724683588651197,True,0.0011379159986972809,960,0.2965821600549718,0.061139376627150153,0.0011379159986972809,0.0,6.957147481441276e-05,False,-6.957147481441276e-05,measured_local,,,,,
channel,6,6,24,random,local,2.724683588651197,2.724683588651197,True,6.958958692848682e-06,256,0.2965821600549718,0.061139376627150153,6.958958692848682e-06,0.0,4.254663964548561e-07,False,-4.254663964548561e-07,measured_local,,,,,
channel,6,6,24,qaoa,optimistic,2.724683588651197,2.724683588651197,True,0.0023818749468773603,105,0.2965821600549718,0.061139376627150153,1.3477000000000001,0.0,0.08239753788041027,True,-2.0823975378804103,modeled_qpu,1024.0,0.10567253082726356,3.9065385529181467,1.2702942795279113,0.17658975379767627
channel,6,6,24,qaoa,nominal,2.724683588651197,2.724683588651197,True,0.0023818749468773603,105,0.2965821600549718,0.061139376627150153,8.501000000000001,0.0,0.5197458407074035,True,-2.5197458407074036,modeled_qpu,1024.0,0.10567253082726356,3.9065385529181467,1.2702942795279113,0.17658975379767627
channel,6,6,24,qaoa,stressed,2.724683588651197,2.724683588651197,True,0.0023818749468773603,105,0.2965821600549718,0.061139376627150153,39.104000000000006,0.0,2.39079418362808,True,-4.3907941836280795,modeled_qpu,1024.0,0.10567253082726356,3.9065385529181467,1.2702942795279113,0.17658975379767627
channel,6,6,24,mean_field,local,2.724683588651197,2.724683588651197,True,0.0021744580008089542,110,0.2965821600549718,0.061139376627150153,0.0021744580008089542,0.0,0.00013294500667137863,False,-0.00013294500667137863,measured_local,,,,,
channel,6,6,25,exact,local,3.513161712562085,3.513161712562085,True,2.249958924949169e-06,64,0.33878750514949985,0.07608380502290002,2.249958924949169e-06,0.0,1.7118543615536633e-07,False,-1.7118543615536633e-07,measured_local,,,,,
channel,6,6,25,local_search,local,3.513161712562085,3.513161712562085,True,8.949998300522566e-05,342,0.33878750514949985,0.07608380502290002,8.949998300522566e-05,0.0,6.809499256522455e-06,False,-6.809499256522455e-06,measured_local,,,,,
channel,6,6,25,annealing,local,3.513161712562085,3.513161712562085,True,0.0011348329717293382,960,0.33878750514949985,0.07608380502290002,0.0011348329717293382,0.0,8.634241055461318e-05,False,-8.634241055461318e-05,measured_local,,,,,
channel,6,6,25,random,local,3.513161712562085,3.513161712562085,True,6.124959327280521e-06,256,0.33878750514949985,0.07608380502290002,6.124959327280521e-06,0.0,4.6601021123000407e-07,False,-4.6601021123000407e-07,measured_local,,,,,
channel,6,6,25,qaoa,optimistic,3.513161712562085,3.513161712562085,True,0.0021396250231191516,95,0.33878750514949985,0.07608380502290002,1.2203000000000002,0.0,0.0928450672694449,True,-2.0928450672694447,modeled_qpu,1024.0,0.11720896959199778,3.7820527772179133,1.2753136573241632,0.173518393039773
channel,6,6,25,qaoa,nominal,3.513161712562085,3.513161712562085,True,0.0021396250231191516,95,0.33878750514949985,0.07608380502290002,7.739000000000001,0.0,0.5888125670722233,True,-2.5888125670722233,modeled_qpu,1024.0,0.11720896959199778,3.7820527772179133,1.2753136573241632,0.173518393039773
channel,6,6,25,qaoa,stressed,3.513161712562085,3.513161712562085,True,0.0021396250231191516,95,0.33878750514949985,0.07608380502290002,35.856,0.0,2.7280609129011033,True,-4.728060912901103,modeled_qpu,1024.0,0.11720896959199778,3.7820527772179133,1.2753136573241632,0.173518393039773
channel,6,6,25,mean_field,local,3.513161712562085,3.513161712562085,True,0.0018605409422889352,89,0.33878750514949985,0.07608380502290002,0.0018605409422889352,0.0,0.000141557034290234,False,-0.000141557034290234,measured_local,,,,,
channel,6,6,26,exact,local,2.511581232196857,2.511581232196857,True,2.374988980591297e-06,64,0.42442756771632917,0.04458250079174823,2.374988980591297e-06,0.0,1.0588294810760482e-07,False,-1.0588294810760482e-07,measured_local,,,,,
channel,6,6,26,local_search,local,2.511581232196857,2.511581232196857,True,0.000147333019413054,462,0.42442756771632917,0.04458250079174823,0.000147333019413054,0.0,6.5684744546331365e-06,False,-6.5684744546331365e-06,measured_local,,,,,
channel,6,6,26,annealing,local,2.511581232196857,2.511581232196857,True,0.0011682080803439021,960,0.42442756771632917,0.04458250079174823,0.0011682080803439021,0.0,5.208163766685869e-05,False,-5.208163766685869e-05,measured_local,,,,,
channel,6,6,26,random,local,2.511581232196857,2.511581232196857,True,9.167008101940155e-06,256,0.42442756771632917,0.04458250079174823,9.167008101940155e-06,0.0,4.0868814596270936e-07,False,-4.0868814596270936e-07,measured_local,,,,,
channel,6,6,26,qaoa,optimistic,2.511581232196857,2.511581232196857,True,0.002065042033791542,92,0.42442756771632917,0.04458250079174823,1.1820800000000002,0.0,0.052700082535909756,True,-2.05270008253591,modeled_qpu,1024.0,0.11621728905738701,3.7903291055657604,1.2731661587345942,0.18698248001252324
channel,6,6,26,qaoa,nominal,2.511581232196857,2.511581232196857,True,0.002065042033791542,92,0.42442756771632917,0.04458250079174823,7.510400000000001,0.0,0.3348324139463459,True,-2.334832413946346,modeled_qpu,1024.0,0.11621728905738701,3.7903291055657604,1.2731661587345942,0.18698248001252324
channel,6,6,26,qaoa,stressed,2.511581232196857,2.511581232196857,True,0.002065042033791542,92,0.42442756771632917,0.04458250079174823,34.881600000000006,0.0,1.5551089596174452,True,-3.555108959617445,modeled_qpu,1024.0,0.11621728905738701,3.7903291055657604,1.2731661587345942,0.18698248001252324
channel,6,6,26,mean_field,local,2.511581232196857,2.511581232196857,True,0.0026952080661430955,143,0.42442756771632917,0.04458250079174823,0.0026952080661430955,0.0,0.00012015911574275076,False,-0.00012015911574275076,measured_local,,,,,
channel,6,6,27,exact,local,2.1305622466023038,2.1305622466023038,True,3.500026650726795e-06,64,0.32257807048731324,0.048933633430026165,3.500026650726795e-06,0.0,1.7126902112198722e-07,False,-1.7126902112198722e-07,measured_local,,,,,
channel,6,6,27,local_search,local,2.1305622466023038,2.1305622466023038,True,0.00010079098865389824,432,0.32257807048731324,0.048933633430026165,0.00010079098865389824,0.0,4.932069291839783e-06,False,-4.932069291839783e-06,measured_local,,,,,
channel,6,6,27,annealing,local,2.1305622466023038,2.1305622466023038,True,0.0011651249369606376,960,0.32257807048731324,0.048933633430026165,0.0011651249369606376,0.0,5.701379656541418e-05,False,-5.701379656541418e-05,measured_local,,,,,
channel,6,6,27,random,local,2.1305622466023038,2.1305622466023038,True,7.3749106377363205e-06,256,0.32257807048731324,0.048933633430026165,7.3749106377363205e-06,0.0,3.6088117372618957e-07,False,-3.6088117372618957e-07,measured_local,,,,,
channel,6,6,27,qaoa,optimistic,2.1305622466023038,2.1305622466023038,True,0.0023577080573886633,102,0.32257807048731324,0.048933633430026165,1.3094800000000002,0.0,0.06407761430395068,True,-2.0640776143039505,modeled_qpu,1024.0,0.1444018218467842,4.159730915099177,1.2661644698956194,0.2165880612917928
channel,6,6,27,qaoa,nominal,2.1305622466023038,2.1305622466023038,True,0.0023577080573886633,102,0.32257807048731324,0.048933633430026165,8.272400000000001,0.0,0.4047985891865485,True,-2.4047985891865484,modeled_qpu,1024.0,0.1444018218467842,4.159730915099177,1.2661644698956194,0.2165880612917928
channel,6,6,27,qaoa,stressed,2.1305622466023038,2.1305622466023038,True,0.0023577080573886633,102,0.32257807048731324,0.048933633430026165,38.1296,0.0,1.8658198692335257,True,-3.8658198692335257,modeled_qpu,1024.0,0.1444018218467842,4.159730915099177,1.2661644698956194,0.2165880612917928
channel,6,6,27,mean_field,local,2.1305622466023038,2.1305622466023038,True,0.0020833330927416682,109,0.32257807048731324,0.048933633430026165,0.0020833330927416682,0.0,0.0001019450578728635,False,-0.0001019450578728635,measured_local,,,,,
channel,6,6,28,exact,local,1.7479586675785281,1.7479586675785281,True,2.084067091345787e-06,64,0.38989065232131975,0.025965760595908785,2.084067091345787e-06,0.0,5.411438715969667e-08,False,-5.411438715969667e-08,measured_local,,,,,
channel,6,6,28,local_search,local,1.7479586675785281,1.7479586675785281,True,9.570899419486523e-05,396,0.38989065232131975,0.025965760595908785,9.570899419486523e-05,0.0,2.485156830139094e-06,False,-2.485156830139094e-06,measured_local,,,,,
channel,6,6,28,annealing,local,1.7479586675785281,1.7479586675785281,True,0.0011391249718144536,960,0.38989065232131975,0.025965760595908785,0.0011391249718144536,0.0,2.9578246306955443e-05,False,-2.9578246306955443e-05,measured_local,,,,,
channel,6,6,28,random,local,1.7479586675785281,1.7479586675785281,True,6.041955202817917e-06,256,0.38989065232131975,0.025965760595908785,6.041955202817917e-06,0.0,1.5688396232757552e-07,False,-1.5688396232757552e-07,measured_local,,,,,
channel,6,6,28,qaoa,optimistic,1.7479586675785281,1.7479586675785281,True,0.0020964579889550805,94,0.38989065232131975,0.025965760595908785,1.2075600000000002,0.0,0.031355213865195616,True,-2.031355213865196,modeled_qpu,1024.0,0.15909429795154956,4.377001941327485,1.2425028556405329,0.19765336993551413
channel,6,6,28,qaoa,nominal,1.7479586675785281,1.7479586675785281,True,0.0020964579889550805,94,0.38989065232131975,0.025965760595908785,7.662800000000001,0.0,0.19897043029432987,True,-2.19897043029433,modeled_qpu,1024.0,0.15909429795154956,4.377001941327485,1.2425028556405329,0.19765336993551413
channel,6,6,28,qaoa,stressed,1.7479586675785281,1.7479586675785281,True,0.0020964579889550805,94,0.38989065232131975,0.025965760595908785,35.5312,0.0,0.9225946328853541,True,-2.922594632885354,modeled_qpu,1024.0,0.15909429795154956,4.377001941327485,1.2425028556405329,0.19765336993551413
channel,6,6,28,mean_field,local,1.7479586675785281,1.7479586675785281,True,0.0021299159852787852,97,0.38989065232131975,0.025965760595908785,0.0021299159852787852,0.0,5.530488856314812e-05,False,-5.530488856314812e-05,measured_local,,,,,
channel,6,6,29,exact,local,3.5778448023246305,3.5778448023246305,True,2.334010787308216e-06,64,0.09606158553558247,0.02717693295175391,2.334010787308216e-06,0.0,6.343125467534574e-08,False,-6.343125467534574e-08,measured_local,,,,,
channel,6,6,29,local_search,local,3.5778448023246305,3.5778448023246305,True,8.133391384035349e-05,342,0.09606158553558247,0.02717693295175391,8.133391384035349e-05,0.0,2.2104063231430162e-06,False,-2.2104063231430162e-06,measured_local,,,,,
channel,6,6,29,annealing,local,3.5778448023246305,3.5778448023246305,True,0.0011064999271184206,960,0.09606158553558247,0.02717693295175391,0.0011064999271184206,0.0,3.0071274330417903e-05,False,-3.0071274330417903e-05,measured_local,,,,,
channel,6,6,29,random,local,3.5778448023246305,3.5778448023246305,True,7.875030860304832e-06,256,0.09606158553558247,0.02717693295175391,7.875030860304832e-06,0.0,2.1401918568349734e-07,False,-2.1401918568349734e-07,measured_local,,,,,
channel,6,6,29,qaoa,optimistic,3.5778448023246305,3.5778448023246305,True,0.002184665994718671,100,0.09606158553558247,0.02717693295175391,1.284,0.0,0.03489518191005202,True,-2.034895181910052,modeled_qpu,1024.0,0.1082093141021202,3.6802377309384386,1.2900383150799564,0.15736249217130055
channel,6,6,29,qaoa,nominal,3.5778448023246305,3.5778448023246305,True,0.002184665994718671,100,0.09606158553558247,0.02717693295175391,8.120000000000001,0.0,0.22067669556824177,True,-2.2206766955682418,modeled_qpu,1024.0,0.1082093141021202,3.6802377309384386,1.2900383150799564,0.15736249217130055
channel,6,6,29,qaoa,stressed,3.5778448023246305,3.5778448023246305,True,0.002184665994718671,100,0.09606158553558247,0.02717693295175391,37.480000000000004,0.0,1.0185914470317365,True,-3.0185914470317368,modeled_qpu,1024.0,0.1082093141021202,3.6802377309384386,1.2900383150799564,0.15736249217130055
channel,6,6,29,mean_field,local,3.5778448023246305,3.5778448023246305,True,0.0020292080007493496,100,0.09606158553558247,0.02717693295175391,0.0020292080007493496,0.0,5.514764978152767e-05,False,-5.514764978152767e-05,measured_local,,,,,
channel,8,8,0,exact,local,3.5388414609090275,3.5388414609090275,True,3.4999102354049683e-06,256,0.17974884065340993,0.018718829408469844,3.4999102354049683e-06,0.0,6.551422264150314e-08,False,-6.551422264150314e-08,measured_local,,,,,
channel,8,8,0,local_search,local,3.5388414609090275,3.5388414609090275,True,0.00012541702017188072,736,0.17974884065340993,0.018718829408469844,0.00012541702017188072,0.0,2.3476598055160567e-06,False,-2.3476598055160567e-06,measured_local,,,,,
channel,8,8,0,annealing,local,3.5388414609090275,3.5388414609090275,True,0.0011342089856043458,960,0.17974884065340993,0.018718829408469844,0.0011342089856043458,0.0,2.1231064515081378e-05,False,-2.1231064515081378e-05,measured_local,,,,,
channel,8,8,0,random,local,3.5388414609090275,3.5388414609090275,True,7.958966307342052e-06,256,0.17974884065340993,0.018718829408469844,7.958966307342052e-06,0.0,1.4898253257489505e-07,False,-1.4898253257489505e-07,measured_local,,,,,
channel,8,8,0,qaoa,optimistic,3.5388414609090275,3.5388414609090275,True,0.0033508340129628778,97,0.17974884065340993,0.018718829408469844,1.24578,0.0,0.023319543300483563,True,-2.0233195433004836,modeled_qpu,1024.0,0.055002121010658676,5.826010525346458,1.247991999106289,0.17143415814901053
channel,8,8,0,qaoa,nominal,3.5388414609090275,3.5388414609090275,True,0.0033508340129628778,97,0.17974884065340993,0.018718829408469844,7.8914,0.0,0.14771777039399892,True,-2.147717770393999,modeled_qpu,1024.0,0.055002121010658676,5.826010525346458,1.247991999106289,0.17143415814901053
channel,8,8,0,qaoa,stressed,3.5388414609090275,3.5388414609090275,True,0.0033508340129628778,97,0.17974884065340993,0.018718829408469844,36.5056,0.0,0.6833420988538368,True,-2.683342098853837,modeled_qpu,1024.0,0.055002121010658676,5.826010525346458,1.247991999106289,0.17143415814901053
channel,8,8,0,mean_field,local,3.5388414609090275,3.5388414609090275,True,0.0034622499952092767,134,0.17974884065340993,0.018718829408469844,0.0034622499952092767,0.0,6.480926702979798e-05,False,-6.480926702979798e-05,measured_local,,,,,
channel,8,8,1,exact,local,3.782517554441484,3.782517554441484,True,3.1660310924053192e-06,256,0.191360253021036,0.029866454226089176,3.1660310924053192e-06,0.0,9.455812269969858e-08,False,-9.455812269969858e-08,measured_local,,,,,
channel,8,8,1,local_search,local,3.782517554441484,3.782517554441484,True,0.00011699995957314968,656,0.191360253021036,0.029866454226089176,0.00011699995957314968,0.0,3.494373937045759e-06,False,-3.494373937045759e-06,measured_local,,,,,
channel,8,8,1,annealing,local,3.782517554441484,3.782517554441484,True,0.0011466669384390116,960,0.191360253021036,0.029866454226089176,0.0011466669384390116,0.0,3.424687562945855e-05,False,-3.424687562945855e-05,measured_local,,,,,
channel,8,8,1,random,local,3.782517554441484,3.782517554441484,True,7.790978997945786e-06,256,0.191360253021036,0.029866454226089176,7.790978997945786e-06,0.0,2.3268891761856991e-07,False,-2.3268891761856991e-07,measured_local,,,,,
channel,8,8,1,qaoa,optimistic,3.782517554441484,3.782517554441484,True,0.004120166995562613,99,0.191360253021036,0.029866454226089176,1.27126,0.0,0.03796802859945813,True,-2.037968028599458,modeled_qpu,1024.0,0.0558007368593444,5.791419537636486,1.2734324206336347,0.2056213572642374
channel,8,8,1,qaoa,nominal,3.782517554441484,3.782517554441484,True,0.004120166995562613,99,0.191360253021036,0.029866454226089176,8.043800000000001,0.0,0.24023978450381614,True,-2.240239784503816,modeled_qpu,1024.0,0.0558007368593444,5.791419537636486,1.2734324206336347,0.2056213572642374
channel,8,8,1,qaoa,stressed,3.782517554441484,3.782517554441484,True,0.004120166995562613,99,0.191360253021036,0.029866454226089176,37.1552,0.0,1.1096940800611885,True,-3.1096940800611885,modeled_qpu,1024.0,0.0558007368593444,5.791419537636486,1.2734324206336347,0.2056213572642374
channel,8,8,1,mean_field,local,3.782517554441484,3.782517554441484,True,0.003248375025577843,120,0.191360253021036,0.029866454226089176,0.003248375025577843,0.0,9.701744401059191e-05,False,-9.701744401059191e-05,measured_local,,,,,
channel,8,8,2,exact,local,3.2850956013084476,3.2850956013084476,True,3.915978595614433e-06,256,0.2327022180918745,0.06547157728381114,3.915978595614433e-06,0.0,2.563852952645206e-07,False,-2.563852952645206e-07,measured_local,,,,,
channel,8,8,2,local_search,local,3.2850956013084476,3.2850956013084476,True,0.00011137500405311584,672,0.2327022180918745,0.06547157728381114,0.00011137500405311584,0.0,7.291897185348353e-06,False,-7.291897185348353e-06,measured_local,,,,,
channel,8,8,2,annealing,local,3.2850956013084476,3.2850956013084476,True,0.0011250419775024056,960,0.2327022180918745,0.06547157728381114,0.0011250419775024056,0.0,7.365827277758046e-05,False,-7.365827277758046e-05,measured_local,,,,,
channel,8,8,2,random,local,3.2850956013084476,3.2850956013084476,True,8.25000461190939e-06,256,0.2327022180918745,0.06547157728381114,8.25000461190939e-06,0.0,5.401408145404239e-07,False,-5.401408145404239e-07,measured_local,,,,,
channel,8,8,2,qaoa,optimistic,3.2850956013084476,3.2850956013084476,True,0.0034344589803367853,99,0.2327022180918745,0.06547157728381114,1.27126,0.0,0.08323139733781776,True,-2.083231397337818,modeled_qpu,1024.0,0.04862095588297763,5.549490807936753,1.2685472476846953,0.18980624131825657
channel,8,8,2,qaoa,nominal,3.2850956013084476,3.2850956013084476,True,0.0034344589803367853,99,0.2327022180918745,0.06547157728381114,8.043800000000001,0.0,0.5266402733555201,True,-2.52664027335552,modeled_qpu,1024.0,0.04862095588297763,5.549490807936753,1.2685472476846953,0.18980624131825657
channel,8,8,2,qaoa,stressed,3.2850956013084476,3.2850956013084476,True,0.0034344589803367853,99,0.2327022180918745,0.06547157728381114,37.1552,0.0,2.43260954829546,True,-4.43260954829546,modeled_qpu,1024.0,0.04862095588297763,5.549490807936753,1.2685472476846953,0.18980624131825657
channel,8,8,2,mean_field,local,3.2850956013084476,3.2850956013084476,True,0.0029872499871999025,113,0.2327022180918745,0.06547157728381114,0.0029872499871999025,0.0,0.00019557996840302227,False,-0.00019557996840302227,measured_local,,,,,
channel,8,8,3,exact,local,6.44735094148242,6.44735094148242,True,3.334018401801586e-06,256,0.30719821240518375,0.028321330554005795,3.334018401801586e-06,0.0,9.442383723056084e-08,False,-9.442383723056084e-08,measured_local,,,,,
channel,8,8,3,local_search,local,6.44735094148242,6.44735094148242,True,0.0001152500044554472,624,0.30719821240518375,0.028321330554005795,0.0001152500044554472,0.0,3.264033472533361e-06,False,-3.264033472533361e-06,measured_local,,,,,
channel,8,8,3,annealing,local,6.44735094148242,6.44735094148242,True,0.001182834035716951,960,0.30719821240518375,0.028321330554005795,0.001182834035716951,0.0,3.3499433716068464e-05,False,-3.3499433716068464e-05,measured_local,,,,,
channel,8,8,3,random,local,6.44735094148242,6.44735094148242,True,1.066701952368021e-05,256,0.30719821240518375,0.028321330554005795,1.066701952368021e-05,0.0,3.021041859561807e-07,False,-3.021041859561807e-07,measured_local,,,,,
channel,8,8,3,qaoa,optimistic,6.44735094148242,6.44735094148242,True,0.0034867919748649,101,0.30719821240518375,0.028321330554005795,1.2967400000000002,0.0,0.03672540218260148,True,-2.0367254021826016,modeled_qpu,1024.0,0.026718754060610164,4.9655268891922155,1.2882021559738652,0.13934507898070017
channel,8,8,3,qaoa,nominal,6.44735094148242,6.44735094148242,True,0.0034867919748649,101,0.30719821240518375,0.028321330554005795,8.196200000000001,0.0,0.23212728948674233,True,-2.2321272894867423,modeled_qpu,1024.0,0.026718754060610164,4.9655268891922155,1.2882021559738652,0.13934507898070017
channel,8,8,3,qaoa,stressed,6.44735094148242,6.44735094148242,True,0.0034867919748649,101,0.30719821240518375,0.028321330554005795,37.8048,0.0,1.0706822373280782,True,-3.070682237328078,modeled_qpu,1024.0,0.026718754060610164,4.9655268891922155,1.2882021559738652,0.13934507898070017
channel,8,8,3,mean_field,local,6.44735094148242,6.44735094148242,True,0.0030896669486537576,109,0.30719821240518375,0.028321330554005795,0.0030896669486537576,0.0,8.750347895460951e-05,False,-8.750347895460951e-05,measured_local,,,,,
channel,8,8,4,exact,local,2.8739514810231785,2.8739514810231785,True,3.958004526793957e-06,256,0.10083764988544912,0.04393984775657704,3.958004526793957e-06,0.0,1.739141163271692e-07,False,-1.739141163271692e-07,measured_local,,,,,
channel,8,8,4,local_search,local,2.8739514810231785,2.8739514810231785,True,0.00011554104276001453,704,0.10083764988544912,0.04393984775657704,0.00011554104276001453,0.0,5.076855828511197e-06,False,-5.076855828511197e-06,measured_local,,,,,
channel,8,8,4,annealing,local,2.8739514810231785,2.8739514810231785,True,0.0011261249892413616,960,0.10083764988544912,0.04393984775657704,0.0011261249892413616,0.0,4.948176058214239e-05,False,-4.948176058214239e-05,measured_local,,,,,
channel,8,8,4,random,local,2.8739514810231785,2.8739514810231785,True,9.916955605149269e-06,256,0.10083764988544912,0.04393984775657704,9.916955605149269e-06,0.0,4.357495194989922e-07,False,-4.357495194989922e-07,measured_local,,,,,
channel,8,8,4,qaoa,optimistic,2.8739514810231785,2.8739514810231785,True,0.003380332957021892,99,0.10083764988544912,0.04393984775657704,1.27126,0.0,0.05585897085902613,True,-2.0558589708590262,modeled_qpu,1024.0,0.04525826551221557,5.788168071911561,1.2584159716189114,0.1722262879709495
channel,8,8,4,qaoa,nominal,2.8739514810231785,2.8739514810231785,True,0.003380332957021892,99,0.10083764988544912,0.04393984775657704,8.043800000000001,0.0,0.35344334738435446,True,-2.3534433473843546,modeled_qpu,1024.0,0.04525826551221557,5.788168071911561,1.2584159716189114,0.1722262879709495
channel,8,8,4,qaoa,stressed,2.8739514810231785,2.8739514810231785,True,0.003380332957021892,99,0.10083764988544912,0.04393984775657704,37.1552,0.0,1.6325938313651713,True,-3.6325938313651713,modeled_qpu,1024.0,0.04525826551221557,5.788168071911561,1.2584159716189114,0.1722262879709495
channel,8,8,4,mean_field,local,2.8739514810231785,2.8739514810231785,True,0.0030123329488560557,117,0.10083764988544912,0.04393984775657704,0.0030123329488560557,0.0,0.00013236145116485586,False,-0.00013236145116485586,measured_local,,,,,
channel,8,8,5,exact,local,4.220019071875477,4.220019071875477,True,2.749962732195854e-06,256,0.05257071046756318,0.05881194376511608,2.749962732195854e-06,0.0,1.6173065356206755e-07,False,-1.6173065356206755e-07,measured_local,,,,,
channel,8,8,5,local_search,local,4.220019071875477,4.220019071875477,True,0.0001247910549864173,712,0.05257071046756318,0.05881194376511608,0.0001247910549864173,0.0,7.339204508250683e-06,False,-7.339204508250683e-06,measured_local,,,,,
channel,8,8,5,annealing,local,4.220019071875477,4.220019071875477,True,0.0011847499990835786,960,0.05257071046756318,0.05881194376511608,0.0011847499990835786,0.0,6.967745032182476e-05,False,-6.967745032182476e-05,measured_local,,,,,
channel,8,8,5,random,local,4.678316761854631,4.220019071875477,True,8.790986612439156e-06,256,0.05257071046756318,0.05881194376511608,8.790986612439156e-06,0.0877961715596748,5.170150102906599e-07,False,-0.08779668857468509,measured_local,,,,,
channel,8,8,5,qaoa,optimistic,4.220019071875477,4.220019071875477,True,0.0033880420960485935,97,0.05257071046756318,0.05881194376511608,1.24578,0.0,0.07326674330370632,True,-2.0732667433037064,modeled_qpu,1024.0,0.042386208055622814,5.698310298643847,1.2607166867482786,0.16366816361966047
channel,8,8,5,qaoa,nominal,4.220019071875477,4.220019071875477,True,0.0033880420960485935,97,0.05257071046756318,0.05881194376511608,7.8914,0.0,0.46410857302803704,True,-2.464108573028037,modeled_qpu,1024.0,0.042386208055622814,5.698310298643847,1.2607166867482786,0.16366816361966047
channel,8,8,5,qaoa,stressed,4.220019071875477,4.220019071875477,True,0.0033880420960485935,97,0.05257071046756318,0.05881194376511608,36.5056,0.0,2.146965294311822,True,-4.146965294311822,modeled_qpu,1024.0,0.042386208055622814,5.698310298643847,1.2607166867482786,0.16366816361966047
channel,8,8,5,mean_field,local,4.220019071875477,4.220019071875477,True,0.00303612498100847,112,0.05257071046756318,0.05881194376511608,0.00303612498100847,0.0,0.00017856041164693426,False,-0.00017856041164693426,measured_local,,,,,
channel,8,8,6,exact,local,6.2155515172527105,6.2155515172527105,True,3.1659146770834923e-06,256,0.29954222721871265,0.025331597988974733,3.1659146770834923e-06,0.0,8.019767786727379e-08,False,-8.019767786727379e-08,measured_local,,,,,
channel,8,8,6,local_search,local,6.2155515172527105,6.2155515172527105,True,0.00010695797391235828,624,0.29954222721871265,0.025331597988974733,0.00010695797391235828,0.0,2.709416396863107e-06,False,-2.709416396863107e-06,measured_local,,,,,
channel,8,8,6,annealing,local,6.2155515172527105,6.2155515172527105,True,0.0011719580506905913,960,0.29954222721871265,0.025331597988974733,0.0011719580506905913,0.0,2.9687570200036532e-05,False,-2.9687570200036532e-05,measured_local,,,,,
channel,8,8,6,random,local,6.2155515172527105,6.2155515172527105,True,8.458038792014122e-06,256,0.29954222721871265,0.025331597988974733,8.458038792014122e-06,0.0,2.1425563845445522e-07,False,-2.1425563845445522e-07,measured_local,,,,,
channel,8,8,6,qaoa,optimistic,6.2155515172527105,6.2155515172527105,True,0.0034279170213267207,99,0.29954222721871265,0.025331597988974733,1.27126,0.0,0.03220304725946402,True,-2.032203047259464,modeled_qpu,1024.0,0.041330893841610886,5.471658579444107,1.2883429921553595,0.14765096810439832
channel,8,8,6,qaoa,nominal,6.2155515172527105,6.2155515172527105,True,0.0034279170213267207,99,0.29954222721871265,0.025331597988974733,8.043800000000001,0.0,0.20376230790371497,True,-2.203762307903715,modeled_qpu,1024.0,0.041330893841610886,5.471658579444107,1.2883429921553595,0.14765096810439832
channel,8,8,6,qaoa,stressed,6.2155515172527105,6.2155515172527105,True,0.0034279170213267207,99,0.29954222721871265,0.025331597988974733,37.1552,0.0,0.941200589599954,True,-2.941200589599954,modeled_qpu,1024.0,0.041330893841610886,5.471658579444107,1.2883429921553595,0.14765096810439832
channel,8,8,6,mean_field,local,6.2155515172527105,6.2155515172527105,True,0.002871041069738567,107,0.29954222721871265,0.025331597988974733,0.002871041069738567,0.0,7.272805818845335e-05,False,-7.272805818845335e-05,measured_local,,,,,
channel,8,8,7,exact,local,4.665205488258932,4.665205488258932,True,2.4168984964489937e-06,256,0.2057276476006153,0.022558421929700256,2.4168984964489937e-06,0.0,5.452141604415456e-08,False,-5.452141604415456e-08,measured_local,,,,,
channel,8,8,7,local_search,local,4.665205488258932,4.665205488258932,True,0.00010862492490559816,592,0.2057276476006153,0.022558421929700256,0.00010862492490559816,0.0,2.450406888102489e-06,False,-2.450406888102489e-06,measured_local,,,,,
channel,8,8,7,annealing,local,4.665205488258932,4.665205488258932,True,0.0011624170001596212,960,0.2057276476006153,0.022558421929700256,0.0011624170001596212,0.0,2.6222293147857186e-05,False,-2.6222293147857186e-05,measured_local,,,,,
channel,8,8,7,random,local,4.665205488258932,4.665205488258932,True,6.707967258989811e-06,256,0.2057276476006153,0.022558421929700256,6.707967258989811e-06,0.0,1.5132115571890708e-07,False,-1.5132115571890708e-07,measured_local,,,,,
channel,8,8,7,qaoa,optimistic,4.665205488258932,4.665205488258932,True,0.003516457974910736,99,0.2057276476006153,0.022558421929700256,1.27126,0.0,0.02867761946235075,True,-2.028677619462351,modeled_qpu,1024.0,0.06079133438592523,6.067769985385796,1.262836947674963,0.19170295287114242
channel,8,8,7,qaoa,nominal,4.665205488258932,4.665205488258932,True,0.003516457974910736,99,0.2057276476006153,0.022558421929700256,8.043800000000001,0.0,0.18145543431812294,True,-2.181455434318123,modeled_qpu,1024.0,0.06079133438592523,6.067769985385796,1.262836947674963,0.19170295287114242
channel,8,8,7,qaoa,stressed,4.665205488258932,4.665205488258932,True,0.003516457974910736,99,0.2057276476006153,0.022558421929700256,37.1552,0.0,0.838162678482399,True,-2.838162678482399,modeled_qpu,1024.0,0.06079133438592523,6.067769985385796,1.262836947674963,0.19170295287114242
channel,8,8,7,mean_field,local,4.665205488258932,4.665205488258932,True,0.004111959016881883,156,0.2057276476006153,0.022558421929700256,0.004111959016881883,0.0,9.275930646045698e-05,False,-9.275930646045698e-05,measured_local,,,,,
channel,8,8,8,exact,local,4.937076228074866,4.937076228074866,True,2.7919886633753777e-06,256,0.3758403129377756,0.0574985554880009,2.7919886633753777e-06,0.0,1.6053531508295862e-07,False,-1.6053531508295862e-07,measured_local,,,,,
channel,8,8,8,local_search,local,4.937076228074866,4.937076228074866,True,0.0001189160393550992,672,0.3758403129377756,0.0574985554880009,0.0001189160393550992,0.0,6.837500487272471e-06,False,-6.837500487272471e-06,measured_local,,,,,
channel,8,8,8,annealing,local,4.937076228074866,4.937076228074866,True,0.0011735829757526517,960,0.3758403129377756,0.0574985554880009,0.0011735829757526517,0.0,6.747932585108706e-05,False,-6.747932585108706e-05,measured_local,,,,,
channel,8,8,8,random,local,4.937076228074866,4.937076228074866,True,1.4708959497511387e-05,256,0.3758403129377756,0.0574985554880009,1.4708959497511387e-05,0.0,8.457439238384164e-07,False,-8.457439238384164e-07,measured_local,,,,,
channel,8,8,8,qaoa,optimistic,4.937076228074866,4.937076228074866,True,0.003403541981242597,97,0.3758403129377756,0.0574985554880009,1.24578,0.0,0.07163055045584177,True,-2.0716305504558417,modeled_qpu,1024.0,0.038645987149319036,5.112827428043071,1.2901566259568136,0.16713723350150334
channel,8,8,8,qaoa,nominal,4.937076228074866,4.937076228074866,True,0.003403541981242597,97,0.3758403129377756,0.0574985554880009,7.8914,0.0,0.4537441007780103,True,-2.4537441007780103,modeled_qpu,1024.0,0.038645987149319036,5.112827428043071,1.2901566259568136,0.16713723350150334
channel,8,8,8,qaoa,stressed,4.937076228074866,4.937076228074866,True,0.003403541981242597,97,0.3758403129377756,0.0574985554880009,36.5056,0.0,2.099019267222766,True,-4.099019267222766,modeled_qpu,1024.0,0.038645987149319036,5.112827428043071,1.2901566259568136,0.16713723350150334
channel,8,8,8,mean_field,local,4.937076228074866,4.937076228074866,True,0.0032064999686554074,128,0.3758403129377756,0.0574985554880009,0.0032064999686554074,0.0,0.0001843691163700061,False,-0.0001843691163700061,measured_local,,,,,
channel,8,8,9,exact,local,3.4526408236197126,3.4526408236197126,True,3.250082954764366e-06,256,0.39372582503634,0.026537234810524994,3.250082954764366e-06,0.0,8.624821452426686e-08,False,-8.624821452426686e-08,measured_local,,,,,
channel,8,8,9,local_search,local,3.4526408236197126,3.4526408236197126,True,0.0001169170718640089,664,0.39372582503634,0.026537234810524994,0.0001169170718640089,0.0,3.1026557894142296e-06,False,-3.1026557894142296e-06,measured_local,,,,,
channel,8,8,9,annealing,local,3.4526408236197126,3.4526408236197126,True,0.0011940409895032644,960,0.39372582503634,0.026537234810524994,0.0011940409895032644,0.0,3.168654611183974e-05,False,-3.168654611183974e-05,measured_local,,,,,
channel,8,8,9,random,local,3.4526408236197126,3.4526408236197126,True,1.3999990187585354e-05,256,0.39372582503634,0.026537234810524994,1.3999990187585354e-05,0.0,3.715210269529984e-07,False,-3.715210269529984e-07,measured_local,,,,,
channel,8,8,9,qaoa,optimistic,3.4526408236197126,3.4526408236197126,True,0.003644124954007566,103,0.39372582503634,0.026537234810524994,1.3222200000000002,0.0,0.03508806261117236,True,-2.0350880626111723,modeled_qpu,1024.0,0.04328534359756611,5.150090079609344,1.2671424374152394,0.15113133573218218
channel,8,8,9,qaoa,nominal,3.4526408236197126,3.4526408236197126,True,0.003644124954007566,103,0.39372582503634,0.026537234810524994,8.348600000000001,0.0,0.221548758539149,True,-2.221548758539149,modeled_qpu,1024.0,0.04328534359756611,5.150090079609344,1.2671424374152394,0.15113133573218218
channel,8,8,9,qaoa,stressed,3.4526408236197126,3.4526408236197126,True,0.003644124954007566,103,0.39372582503634,0.026537234810524994,38.45440000000001,0.0,1.0204734422978525,True,-3.0204734422978525,modeled_qpu,1024.0,0.04328534359756611,5.150090079609344,1.2671424374152394,0.15113133573218218
channel,8,8,9,mean_field,local,3.4526408236197126,3.4526408236197126,True,0.002785417018458247,103,0.39372582503634,0.026537234810524994,0.002785417018458247,0.0,7.391726546405894e-05,False,-7.391726546405894e-05,measured_local,,,,,
channel,8,8,10,exact,local,2.232605181526039,2.232605181526039,True,2.625049091875553e-06,256,0.21901177384993706,0.07219202360132991,2.625049091875553e-06,0.0,1.8950760599532957e-07,False,-1.8950760599532957e-07,measured_local,,,,,
channel,8,8,10,local_search,local,2.232605181526039,2.232605181526039,True,0.00011870800517499447,664,0.21901177384993706,0.07219202360132991,0.00011870800517499447,0.0,8.569771111259995e-06,False,-8.569771111259995e-06,measured_local,,,,,
channel,8,8,10,annealing,local,2.232605181526039,2.232605181526039,True,0.0011758330510929227,960,0.21901177384993706,0.07219202360132991,0.0011758330510929227,0.0,8.488576737572404e-05,False,-8.488576737572404e-05,measured_local,,,,,
channel,8,8,10,random,local,2.232605181526039,2.232605181526039,True,8.33394005894661e-06,256,0.21901177384993706,0.07219202360132991,8.33394005894661e-06,0.0,6.016439974275424e-07,False,-6.016439974275424e-07,measured_local,,,,,
channel,8,8,10,qaoa,optimistic,2.232605181526039,2.232605181526039,True,0.0033341660164296627,94,0.21901177384993706,0.07219202360132991,1.2075600000000002,0.0,0.08717620002002197,True,-2.087176200020022,modeled_qpu,1024.0,0.040928901504244684,5.656035940966759,1.2576381793082505,0.17147388247176565
channel,8,8,10,qaoa,nominal,2.232605181526039,2.232605181526039,True,0.0033341660164296627,94,0.21901177384993706,0.07219202360132991,7.662800000000001,0.0,0.5531930384522709,True,-2.553193038452271,modeled_qpu,1024.0,0.040928901504244684,5.656035940966759,1.2576381793082505,0.17147388247176565
channel,8,8,10,qaoa,stressed,2.232605181526039,2.232605181526039,True,0.0033341660164296627,94,0.21901177384993706,0.07219202360132991,35.5312,0.0,2.5650692289835733,True,-4.565069228983573,modeled_qpu,1024.0,0.040928901504244684,5.656035940966759,1.2576381793082505,0.17147388247176565
channel,8,8,10,mean_field,local,2.232605181526039,2.232605181526039,True,0.00326187489554286,120,0.21901177384993706,0.07219202360132991,0.00326187489554286,0.0,0.00023548134944361568,False,-0.00023548134944361568,measured_local,,,,,
channel,8,8,11,exact,local,5.328577421532417,5.328577421532417,True,3.291061148047447e-06,256,0.22787070181421878,0.032064719734635705,3.291061148047447e-06,0.0,1.0552695334168983e-07,False,-1.0552695334168983e-07,measured_local,,,,,
channel,8,8,11,local_search,local,5.328577421532417,5.328577421532417,True,0.00012266705743968487,696,0.22787070181421878,0.032064719734635705,0.00012266705743968487,0.0,3.933284817475955e-06,False,-3.933284817475955e-06,measured_local,,,,,
channel,8,8,11,annealing,local,5.328577421532417,5.328577421532417,True,0.001145959016866982,960,0.22787070181421878,0.032064719734635705,0.001145959016866982,0.0,3.674485470321845e-05,False,-3.674485470321845e-05,measured_local,,,,,
channel,8,8,11,random,local,5.328577421532417,5.328577421532417,True,7.792026735842228e-06,256,0.22787070181421878,0.032064719734635705,7.792026735842228e-06,0.0,2.4984915344956933e-07,False,-2.4984915344956933e-07,measured_local,,,,,
channel,8,8,11,qaoa,optimistic,5.328577421532417,5.328577421532417,True,0.003490666043944657,98,0.22787070181421878,0.032064719734635705,1.25852,0.0,0.04035409108043373,True,-2.0403540910804336,modeled_qpu,1024.0,0.03318520678126672,5.53018483448416,1.2776847205505046,0.15189052343443255
channel,8,8,11,qaoa,nominal,5.328577421532417,5.328577421532417,True,0.003490666043944657,98,0.22787070181421878,0.032064719734635705,7.9676,0.0,0.25547886095768346,True,-2.2554788609576835,modeled_qpu,1024.0,0.03318520678126672,5.53018483448416,1.2776847205505046,0.15189052343443255
channel,8,8,11,qaoa,stressed,5.328577421532417,5.328577421532417,True,0.003490666043944657,98,0.22787070181421878,0.032064719734635705,36.830400000000004,0.0,1.180956453714527,True,-3.180956453714527,modeled_qpu,1024.0,0.03318520678126672,5.53018483448416,1.2776847205505046,0.15189052343443255
channel,8,8,11,mean_field,local,5.328577421532417,5.328577421532417,True,0.002956041949801147,107,0.22787070181421878,0.032064719734635705,0.002956041949801147,0.0,9.478465664419985e-05,False,-9.478465664419985e-05,measured_local,,,,,
channel,8,8,12,exact,local,2.693939153313231,2.693939153313231,True,2.7919886633753777e-06,256,0.23226286811389346,0.05868707650254235,2.7919886633753777e-06,0.0,1.6385365228174175e-07,False,-1.6385365228174175e-07,measured_local,,,,,
channel,8,8,12,local_search,local,2.693939153313231,2.693939153313231,True,0.00010962504893541336,592,0.23226286811389346,0.05868707650254235,0.00010962504893541336,0.0,6.433573633467553e-06,False,-6.433573633467553e-06,measured_local,,,,,
channel,8,8,12,annealing,local,2.693939153313231,2.693939153313231,True,0.0011411249870434403,960,0.23226286811389346,0.05868707650254235,0.0011411249870434403,0.0,6.696928941358103e-05,False,-6.696928941358103e-05,measured_local,,,,,
channel,8,8,12,random,local,2.693939153313231,2.693939153313231,True,7.1249669417738914e-06,256,0.23226286811389346,0.05868707650254235,7.1249669417738914e-06,0.0,4.181434799899696e-07,False,-4.181434799899696e-07,measured_local,,,,,
channel,8,8,12,qaoa,optimistic,2.693939153313231,2.693939153313231,True,0.00333370896987617,99,0.23226286811389346,0.05868707650254235,1.27126,0.0,0.07460653287462199,True,-2.074606532874622,modeled_qpu,1024.0,0.062201040264116596,5.876857918140221,1.2655323657331279,0.21471282664898111
channel,8,8,12,qaoa,nominal,2.693939153313231,2.693939153313231,True,0.00333370896987617,99,0.23226286811389346,0.05868707650254235,8.043800000000001,0.0,0.47206710597115026,True,-2.47206710597115,modeled_qpu,1024.0,0.062201040264116596,5.876857918140221,1.2655323657331279,0.21471282664898111
channel,8,8,12,qaoa,stressed,2.693939153313231,2.693939153313231,True,0.00333370896987617,99,0.23226286811389346,0.05868707650254235,37.1552,0.0,2.180530064867262,True,-4.180530064867262,modeled_qpu,1024.0,0.062201040264116596,5.876857918140221,1.2655323657331279,0.21471282664898111
channel,8,8,12,mean_field,local,2.693939153313231,2.693939153313231,True,0.00278058391995728,95,0.23226286811389346,0.05868707650254235,0.00278058391995728,0.0,0.00016318434123227201,False,-0.00016318434123227201,measured_local,,,,,
channel,8,8,13,exact,local,1.6627452232985958,1.6627452232985958,True,3.2499665394425392e-06,256,0.3130807924106179,0.050787260306195334,3.2499665394425392e-06,0.0,1.6505689662509307e-07,False,-1.6505689662509307e-07,measured_local,,,,,
channel,8,8,13,local_search,local,1.6627452232985958,1.6627452232985958,True,0.00013983296230435371,896,0.3130807924106179,0.050787260306195334,0.00013983296230435371,0.0,7.1017330559376115e-06,False,-7.1017330559376115e-06,measured_local,,,,,
channel,8,8,13,annealing,local,1.6627452232985958,1.6627452232985958,True,0.001147083006799221,960,0.3130807924106179,0.050787260306195334,0.001147083006799221,0.0,5.825720325912527e-05,False,-5.825720325912527e-05,measured_local,,,,,
channel,8,8,13,random,local,1.6627452232985958,1.6627452232985958,True,7.999944500625134e-06,256,0.3130807924106179,0.050787260306195334,7.999944500625134e-06,0.0,4.062952637883645e-07,False,-4.062952637883645e-07,measured_local,,,,,
channel,8,8,13,qaoa,optimistic,1.6627452232985958,1.6627452232985958,True,0.0033649589167907834,99,0.3130807924106179,0.050787260306195334,1.27126,0.0,0.06456381253685388,True,-2.064563812536854,modeled_qpu,1024.0,0.07126707776008612,6.402556693248718,1.243803003081627,0.2386715653713518
channel,8,8,13,qaoa,nominal,1.6627452232985958,1.6627452232985958,True,0.0033649589167907834,99,0.3130807924106179,0.050787260306195334,8.043800000000001,0.0,0.40852256445097407,True,-2.408522564450974,modeled_qpu,1024.0,0.07126707776008612,6.402556693248718,1.243803003081627,0.2386715653713518
channel,8,8,13,qaoa,stressed,1.6627452232985958,1.6627452232985958,True,0.0033649589167907834,99,0.3130807924106179,0.050787260306195334,37.1552,0.0,1.887010814128749,True,-3.887010814128749,modeled_qpu,1024.0,0.07126707776008612,6.402556693248718,1.243803003081627,0.2386715653713518
channel,8,8,13,mean_field,local,1.6627452232985958,1.6627452232985958,True,0.0028871670365333557,96,0.3130807924106179,0.050787260306195334,0.0028871670365333557,0.0,0.00014663130383188612,False,-0.00014663130383188612,measured_local,,,,,
channel,8,8,14,exact,local,1.8205155923427605,1.8205155923427605,True,3.334018401801586e-06,256,0.4580292893146079,0.027250444996736484,3.334018401801586e-06,0.0,9.08534850764014e-08,False,-9.08534850764014e-08,measured_local,,,,,
channel,8,8,14,local_search,local,1.8205155923427605,1.8205155923427605,True,0.00012995791621506214,840,0.4580292893146079,0.027250444996736484,0.00012995791621506214,0.0,3.5414110477090395e-06,False,-3.5414110477090395e-06,measured_local,,,,,
channel,8,8,14,annealing,local,1.8205155923427605,1.8205155923427605,True,0.0011322080390527844,960,0.4580292893146079,0.027250444996736484,0.0011322080390527844,0.0,3.0853172893070775e-05,False,-3.0853172893070775e-05,measured_local,,,,,
channel,8,8,14,random,local,1.8205155923427605,1.8205155923427605,True,7.207971066236496e-06,256,0.4580292893146079,0.027250444996736484,7.207971066236496e-06,0.0,1.9642041907854565e-07,False,-1.9642041907854565e-07,measured_local,,,,,
channel,8,8,14,qaoa,optimistic,1.8205155923427605,1.8205155923427605,True,0.003274249960668385,96,0.4580292893146079,0.027250444996736484,1.2330400000000001,0.0,0.033600888698775956,True,-2.0336008886987758,modeled_qpu,1024.0,0.037541995423511526,5.466810355615961,1.2493100907165446,0.16661818776284298
channel,8,8,14,qaoa,nominal,1.8205155923427605,1.8205155923427605,True,0.003274249960668385,96,0.4580292893146079,0.027250444996736484,7.815200000000001,0.0,0.21296767773849498,True,-2.212967677738495,modeled_qpu,1024.0,0.037541995423511526,5.466810355615961,1.2493100907165446,0.16661818776284298
channel,8,8,14,qaoa,stressed,1.8205155923427605,1.8205155923427605,True,0.003274249960668385,96,0.4580292893146079,0.027250444996736484,36.180800000000005,0.0,0.9859429003379235,True,-2.9859429003379234,modeled_qpu,1024.0,0.037541995423511526,5.466810355615961,1.2493100907165446,0.16661818776284298
channel,8,8,14,mean_field,local,1.8205155923427605,1.8205155923427605,True,0.0032947079744189978,119,0.4580292893146079,0.027250444996736484,0.0032947079744189978,0.0,8.978225843721397e-05,False,-8.978225843721397e-05,measured_local,,,,,
channel,8,8,15,exact,local,1.145988538449194,1.145988538449194,True,2.5419285520911217e-06,256,0.1821532822162765,0.07956026311191533,2.5419285520911217e-06,0.0,2.022365044160596e-07,False,-2.022365044160596e-07,measured_local,,,,,
channel,8,8,15,local_search,local,1.145988538449194,1.145988538449194,True,0.00011475000064820051,704,0.1821532822162765,0.07956026311191533,0.00011475000064820051,0.0,9.129540243663287e-06,False,-9.129540243663287e-06,measured_local,,,,,
channel,8,8,15,annealing,local,1.145988538449194,1.145988538449194,True,0.0011215410195291042,960,0.1821532822162765,0.07956026311191533,0.0011215410195291042,0.0,8.92300986045413e-05,False,-8.92300986045413e-05,measured_local,,,,,
channel,8,8,15,random,local,1.145988538449194,1.145988538449194,True,6.624963134527206e-06,256,0.1821532822162765,0.07956026311191533,6.624963134527206e-06,0.0,5.270838100897239e-07,False,-5.270838100897239e-07,measured_local,,,,,
channel,8,8,15,qaoa,optimistic,1.145988538449194,1.145988538449194,True,0.0034331249771639705,100,0.1821532822162765,0.07956026311191533,1.284,0.0,0.1021553778356993,True,-2.1021553778356994,modeled_qpu,1024.0,0.08389263585218235,6.4290674347938,1.2547333246244952,0.2789971295642716
channel,8,8,15,qaoa,nominal,1.145988538449194,1.145988538449194,True,0.0034331249771639705,100,0.1821532822162765,0.07956026311191533,8.120000000000001,0.0,0.6460293364687526,True,-2.646029336468753,modeled_qpu,1024.0,0.08389263585218235,6.4290674347938,1.2547333246244952,0.2789971295642716
channel,8,8,15,qaoa,stressed,1.145988538449194,1.145988538449194,True,0.0034331249771639705,100,0.1821532822162765,0.07956026311191533,37.480000000000004,0.0,2.981918661434587,True,-4.981918661434587,modeled_qpu,1024.0,0.08389263585218235,6.4290674347938,1.2547333246244952,0.2789971295642716
channel,8,8,15,mean_field,local,1.145988538449194,1.145988538449194,True,0.0031636249041184783,113,0.1821532822162765,0.07956026311191533,0.0031636249041184783,0.0,0.000251698829759074,False,-0.000251698829759074,measured_local,,,,,
channel,8,8,16,exact,local,2.1780181326795898,2.1780181326795898,True,3.2919924706220627e-06,256,0.20943840551099058,0.07921859996904998,3.2919924706220627e-06,0.0,2.607870346313337e-07,False,-2.607870346313337e-07,measured_local,,,,,
channel,8,8,16,local_search,local,2.1780181326795898,2.1780181326795898,True,0.00010791700333356857,648,0.20943840551099058,0.07921859996904998,0.00010791700333356857,0.0,8.549033916940602e-06,False,-8.549033916940602e-06,measured_local,,,,,
channel,8,8,16,annealing,local,2.1780181326795898,2.1780181326795898,True,0.0010984160471707582,960,0.20943840551099058,0.07921859996904998,0.0010984160471707582,0.0,8.701498144040543e-05,False,-8.701498144040543e-05,measured_local,,,,,
channel,8,8,16,random,local,2.9105998024386706,2.1780181326795898,True,7.709022611379623e-06,256,0.20943840551099058,0.07921859996904998,7.709022611379623e-06,0.2305152579923748,6.106979784032434e-07,False,-0.2305158686903532,measured_local,,,,,
channel,8,8,16,qaoa,optimistic,2.1780181326795898,2.1780181326795898,True,0.0035027909325435758,103,0.20943840551099058,0.07921859996904998,1.3222200000000002,0.0,0.10474441725107728,True,-2.1047444172510774,modeled_qpu,1024.0,0.05866887428531948,6.105555779487219,1.2512397248261422,0.18847289403033118
channel,8,8,16,qaoa,nominal,2.1780181326795898,2.1780181326795898,True,0.0035027909325435758,103,0.20943840551099058,0.07921859996904998,8.348600000000001,0.0,0.6613644037016108,True,-2.6613644037016106,modeled_qpu,1024.0,0.05866887428531948,6.105555779487219,1.2512397248261422,0.18847289403033118
channel,8,8,16,qaoa,stressed,2.1780181326795898,2.1780181326795898,True,0.0035027909325435758,103,0.20943840551099058,0.07921859996904998,38.45440000000001,0.0,3.046303730649836,True,-5.046303730649836,modeled_qpu,1024.0,0.05866887428531948,6.105555779487219,1.2512397248261422,0.18847289403033118
channel,8,8,16,mean_field,local,2.1780181326795898,2.1780181326795898,True,0.0026347499806433916,95,0.20943840551099058,0.07921859996904998,0.0026347499806433916,0.0,0.00020872120473505103,False,-0.00020872120473505103,measured_local,,,,,
channel,8,8,17,exact,local,4.605624909306815,4.605624909306815,True,3.6249402910470963e-06,256,0.2595566276516636,0.038493038829836235,3.6249402910470963e-06,0.0,1.3953496737911373e-07,False,-1.3953496737911373e-07,measured_local,,,,,
channel,8,8,17,local_search,local,4.605624909306815,4.605624909306815,True,0.00011670798994600773,640,0.2595566276516636,0.038493038829836235,0.00011670798994600773,0.0,4.492445188743812e-06,False,-4.492445188743812e-06,measured_local,,,,,
channel,8,8,17,annealing,local,4.605624909306815,4.605624909306815,True,0.0011154580861330032,960,0.2595566276516636,0.038493038829836235,0.0011154580861330032,0.0,4.293737142257251e-05,False,-4.293737142257251e-05,measured_local,,,,,
channel,8,8,17,random,local,4.605624909306815,4.605624909306815,True,7.1660615503787994e-06,256,0.2595566276516636,0.038493038829836235,7.1660615503787994e-06,0.0,2.7584348551572755e-07,False,-2.7584348551572755e-07,measured_local,,,,,
channel,8,8,17,qaoa,optimistic,4.605624909306815,4.605624909306815,True,0.003197917016223073,95,0.2595566276516636,0.038493038829836235,1.2203000000000002,0.0,0.046973055284049166,True,-2.0469730552840493,modeled_qpu,1024.0,0.04878905489355541,5.872512931437838,1.284168287173814,0.18298185532355524
channel,8,8,17,qaoa,nominal,4.605624909306815,4.605624909306815,True,0.003197917016223073,95,0.2595566276516636,0.038493038829836235,7.739000000000001,0.0,0.29789762750410265,True,-2.2978976275041028,modeled_qpu,1024.0,0.04878905489355541,5.872512931437838,1.284168287173814,0.18298185532355524
channel,8,8,17,qaoa,stressed,4.605624909306815,4.605624909306815,True,0.003197917016223073,95,0.2595566276516636,0.038493038829836235,35.856,0.0,1.380206400282608,True,-3.380206400282608,modeled_qpu,1024.0,0.04878905489355541,5.872512931437838,1.284168287173814,0.18298185532355524
channel,8,8,17,mean_field,local,4.605624909306815,4.605624909306815,True,0.003037167014554143,119,0.2595566276516636,0.038493038829836235,0.003037167014554143,0.0,0.00011690978782393042,False,-0.00011690978782393042,measured_local,,,,,
channel,8,8,18,exact,local,3.0350523643965017,3.0350523643965017,True,4.041939973831177e-06,256,0.08568875193608598,0.012887260849878924,4.041939973831177e-06,0.0,5.2089534782315166e-08,False,-5.2089534782315166e-08,measured_local,,,,,
channel,8,8,18,local_search,local,3.0350523643965017,3.0350523643965017,True,0.00021766696590930223,688,0.08568875193608598,0.012887260849878924,0.00021766696590930223,0.0,2.805130968074881e-06,False,-2.805130968074881e-06,measured_local,,,,,
channel,8,8,18,annealing,local,3.0350523643965017,3.0350523643965017,True,0.0011739160399883986,960,0.08568875193608598,0.012887260849878924,0.0011739160399883986,0.0,1.512856222318739e-05,False,-1.512856222318739e-05,measured_local,,,,,
channel,8,8,18,random,local,3.0350523643965017,3.0350523643965017,True,1.0457937605679035e-05,256,0.08568875193608598,0.012887260849878924,1.0457937605679035e-05,0.0,1.3477416987614395e-07,False,-1.3477416987614395e-07,measured_local,,,,,
channel,8,8,18,qaoa,optimistic,3.0350523643965017,3.0350523643965017,True,0.0033463749568909407,100,0.08568875193608598,0.012887260849878924,1.284,0.0,0.016547242931244537,True,-2.0165472429312445,modeled_qpu,1024.0,0.05191752771217749,5.466261238298611,1.2563430989557718,0.15900171501469906
channel,8,8,18,qaoa,nominal,3.0350523643965017,3.0350523643965017,True,0.0033463749568909407,100,0.08568875193608598,0.012887260849878924,8.120000000000001,0.0,0.10464455810101687,True,-2.104644558101017,modeled_qpu,1024.0,0.05191752771217749,5.466261238298611,1.2563430989557718,0.15900171501469906
channel,8,8,18,qaoa,stressed,3.0350523643965017,3.0350523643965017,True,0.0033463749568909407,100,0.08568875193608598,0.012887260849878924,37.480000000000004,0.0,0.4830145366534621,True,-2.483014536653462,modeled_qpu,1024.0,0.05191752771217749,5.466261238298611,1.2563430989557718,0.15900171501469906
channel,8,8,18,mean_field,local,3.948153545234681,3.0350523643965017,True,0.0027245410019531846,98,0.08568875193608598,0.012887260849878924,0.0027245410019531846,0.22629227538531493,3.511187058836117e-05,False,-0.2263273872559033,measured_local,,,,,
channel,8,8,19,exact,local,2.698373233250244,2.698373233250244,True,2.958928234875202e-06,256,0.3233116134644368,0.02533643399505067,2.958928234875202e-06,0.0,7.496868991900735e-08,False,-7.496868991900735e-08,measured_local,,,,,
channel,8,8,19,local_search,local,2.698373233250244,2.698373233250244,True,0.00010108400601893663,584,0.3233116134644368,0.02533643399505067,0.00010108400601893663,0.0,2.5611082464540926e-06,False,-2.5611082464540926e-06,measured_local,,,,,
channel,8,8,19,annealing,local,2.698373233250244,2.698373233250244,True,0.0012467920314520597,960,0.3233116134644368,0.02533643399505067,0.0012467920314520597,0.0,3.158926401044025e-05,False,-3.158926401044025e-05,measured_local,,,,,
channel,8,8,19,random,local,3.2179917153119186,2.698373233250244,True,1.1082971468567848e-05,256,0.3233116134644368,0.02533643399505067,1.1082971468567848e-05,0.14049920040250177,2.8080297508239907e-07,False,-0.14049948120547687,measured_local,,,,,
channel,8,8,19,qaoa,optimistic,2.698373233250244,2.698373233250244,True,0.0033665000228211284,98,0.3233116134644368,0.02533643399505067,1.25852,0.0,0.03188640891145117,True,-2.031886408911451,modeled_qpu,1024.0,0.04518576428630012,5.594923588340215,1.2679117021432638,0.1654907683409501
channel,8,8,19,qaoa,nominal,2.698373233250244,2.698373233250244,True,0.0033665000228211284,98,0.3233116134644368,0.02533643399505067,7.9676,0.0,0.2018705714989657,True,-2.201870571498966,modeled_qpu,1024.0,0.04518576428630012,5.594923588340215,1.2679117021432638,0.1654907683409501
channel,8,8,19,qaoa,stressed,2.698373233250244,2.698373233250244,True,0.0033665000228211284,98,0.3233116134644368,0.02533643399505067,36.830400000000004,0.0,0.9331509986113142,True,-2.933150998611314,modeled_qpu,1024.0,0.04518576428630012,5.594923588340215,1.2679117021432638,0.1654907683409501
channel,8,8,19,mean_field,local,2.698373233250244,2.698373233250244,True,0.0033217499731108546,127,0.3233116134644368,0.02533643399505067,0.0033217499731108546,0.0,8.41612989417845e-05,False,-8.41612989417845e-05,measured_local,,,,,
channel,8,8,20,exact,local,6.295517528052198,6.295517528052198,True,3.7079444155097008e-06,256,0.46091924665964407,0.03760626715817884,3.7079444155097008e-06,0.0,1.394419482973351e-07,False,-1.394419482973351e-07,measured_local,,,,,
channel,8,8,20,local_search,local,6.295517528052198,6.295517528052198,True,0.00011399993672966957,616,0.46091924665964407,0.03760626715817884,0.00011399993672966957,0.0,4.287112076671438e-06,False,-4.287112076671438e-06,measured_local,,,,,
channel,8,8,20,annealing,local,6.295517528052198,6.295517528052198,True,0.0011758330510929227,960,0.46091924665964407,0.03760626715817884,0.0011758330510929227,0.0,4.4218691852816996e-05,False,-4.4218691852816996e-05,measured_local,,,,,
channel,8,8,20,random,local,6.295517528052198,6.295517528052198,True,1.2082979083061218e-05,256,0.46091924665964407,0.03760626715817884,1.2082979083061218e-05,0.0,4.543957394642869e-07,False,-4.543957394642869e-07,measured_local,,,,,
channel,8,8,20,qaoa,optimistic,6.295517528052198,6.295517528052198,True,0.003303749952465296,98,0.46091924665964407,0.03760626715817884,1.25852,0.0,0.047328239343911234,True,-2.047328239343911,modeled_qpu,1024.0,0.036285042233011953,5.5197939618810565,1.2815640931053718,0.13653184528388462
channel,8,8,20,qaoa,nominal,6.295517528052198,6.295517528052198,True,0.003303749952465296,98,0.46091924665964407,0.03760626715817884,7.9676,0.0,0.2996316942095057,True,-2.2996316942095056,modeled_qpu,1024.0,0.036285042233011953,5.5197939618810565,1.2815640931053718,0.13653184528388462
channel,8,8,20,qaoa,stressed,6.295517528052198,6.295517528052198,True,0.003303749952465296,98,0.46091924665964407,0.03760626715817884,36.830400000000004,0.0,1.38505386194259,True,-3.3850538619425903,modeled_qpu,1024.0,0.036285042233011953,5.5197939618810565,1.2815640931053718,0.13653184528388462
channel,8,8,20,mean_field,local,6.295517528052198,6.295517528052198,True,0.0030319159850478172,113,0.46091924665964407,0.03760626715817884,0.0030319159850478172,0.0,0.00011401904253486117,False,-0.00011401904253486117,measured_local,,,,,
channel,8,8,21,exact,local,4.604656308141162,4.604656308141162,True,2.833898179233074e-06,256,0.2544334136101991,0.06207195512916059,2.833898179233074e-06,0.0,1.7590560062196527e-07,False,-1.7590560062196527e-07,measured_local,,,,,
channel,8,8,21,local_search,local,4.604656308141162,4.604656308141162,True,0.00011983304284512997,680,0.2544334136101991,0.06207195512916059,0.00011983304284512997,0.0,7.4382712584736855e-06,False,-7.4382712584736855e-06,measured_local,,,,,
channel,8,8,21,annealing,local,4.604656308141162,4.604656308141162,True,0.0011235830606892705,960,0.2544334136101991,0.06207195512916059,0.0011235830606892705,0.0,6.974299732698932e-05,False,-6.974299732698932e-05,measured_local,,,,,
channel,8,8,21,random,local,4.604656308141162,4.604656308141162,True,8.291099220514297e-06,256,0.2544334136101991,0.06207195512916059,8.291099220514297e-06,0.0,5.146447387871818e-07,False,-5.146447387871818e-07,measured_local,,,,,
channel,8,8,21,qaoa,optimistic,4.604656308141162,4.604656308141162,True,0.003416083985939622,97,0.2544334136101991,0.06207195512916059,1.24578,0.0,0.07732800026080569,True,-2.0773280002608057,modeled_qpu,1024.0,0.04307588001713625,5.381785546176181,1.2815718656914987,0.18668201579480936
channel,8,8,21,qaoa,nominal,4.604656308141162,4.604656308141162,True,0.003416083985939622,97,0.2544334136101991,0.06207195512916059,7.8914,0.0,0.4898346267062579,True,-2.4898346267062577,modeled_qpu,1024.0,0.04307588001713625,5.381785546176181,1.2815718656914987,0.18668201579480936
channel,8,8,21,qaoa,stressed,4.604656308141162,4.604656308141162,True,0.003416083985939622,97,0.2544334136101991,0.06207195512916059,36.5056,0.0,2.265973965163085,True,-4.265973965163084,modeled_qpu,1024.0,0.04307588001713625,5.381785546176181,1.2815718656914987,0.18668201579480936
channel,8,8,21,mean_field,local,4.604656308141162,4.604656308141162,True,0.00312437501270324,116,0.2544334136101991,0.06207195512916059,0.00312437501270324,0.0,0.00019393606559518607,False,-0.00019393606559518607,measured_local,,,,,
channel,8,8,22,exact,local,3.3479122517929545,3.3479122517929545,True,3.7499703466892242e-06,256,0.11728832057680014,0.011605311792540115,3.7499703466892242e-06,0.0,4.35195750861082e-08,False,-4.35195750861082e-08,measured_local,,,,,
channel,8,8,22,local_search,local,3.3479122517929545,3.3479122517929545,True,0.00012454204261302948,736,0.11728832057680014,0.011605311792540115,0.00012454204261302948,0.0,1.4453492358040246e-06,False,-1.4453492358040246e-06,measured_local,,,,,
channel,8,8,22,annealing,local,3.3479122517929545,3.3479122517929545,True,0.0011333340080454946,960,0.11728832057680014,0.011605311792540115,0.0011333340080454946,0.0,1.3152694528457133e-05,False,-1.3152694528457133e-05,measured_local,,,,,
channel,8,8,22,random,local,3.3479122517929545,3.3479122517929545,True,7.875030860304832e-06,256,0.11728832057680014,0.011605311792540115,7.875030860304832e-06,0.0,9.1392188509713e-08,False,-9.1392188509713e-08,measured_local,,,,,
channel,8,8,22,qaoa,optimistic,3.3479122517929545,3.3479122517929545,True,0.0032154578948393464,92,0.11728832057680014,0.011605311792540115,1.1820800000000002,0.0,0.013718406963725822,True,-2.0137184069637257,modeled_qpu,1024.0,0.05493008424284306,5.793486598915028,1.2671052581757993,0.20582799422433617
channel,8,8,22,qaoa,nominal,3.3479122517929545,3.3479122517929545,True,0.0032154578948393464,92,0.11728832057680014,0.011605311792540115,7.510400000000001,0.0,0.08716053368669328,True,-2.0871605336866934,modeled_qpu,1024.0,0.05493008424284306,5.793486598915028,1.2671052581757993,0.20582799422433617
channel,8,8,22,qaoa,stressed,3.3479122517929545,3.3479122517929545,True,0.0032154578948393464,92,0.11728832057680014,0.011605311792540115,34.881600000000006,0.0,0.4048118438226673,True,-2.4048118438226673,modeled_qpu,1024.0,0.05493008424284306,5.793486598915028,1.2671052581757993,0.20582799422433617
channel,8,8,22,mean_field,local,3.3479122517929545,3.3479122517929545,True,0.002760958974249661,104,0.11728832057680014,0.011605311792540115,0.002760958974249661,0.0,3.204178974257905e-05,False,-3.204178974257905e-05,measured_local,,,,,
channel,8,8,23,exact,local,3.1968057842168593,3.1968057842168593,True,3.0829105526208878e-06,256,0.10682012968434126,0.06795057926683164,3.0829105526208878e-06,0.0,2.0948555787841735e-07,False,-2.0948555787841735e-07,measured_local,,,,,
channel,8,8,23,local_search,local,3.1968057842168593,3.1968057842168593,True,0.0001282090088352561,728,0.10682012968434126,0.06795057926683164,0.0001282090088352561,0.0,8.711876417581988e-06,False,-8.711876417581988e-06,measured_local,,,,,
channel,8,8,23,annealing,local,3.1968057842168593,3.1968057842168593,True,0.0011630000080913305,960,0.10682012968434126,0.06795057926683164,0.0011630000080913305,0.0,7.90265242371358e-05,False,-7.90265242371358e-05,measured_local,,,,,
channel,8,8,23,random,local,3.285915027540143,3.1968057842168593,True,8.124974556267262e-06,256,0.10682012968434126,0.06795057926683164,8.124974556267262e-06,0.02123263450941702,5.520967276266288e-07,False,-0.021233186606144646,measured_local,,,,,
channel,8,8,23,qaoa,optimistic,3.1968057842168593,3.1968057842168593,True,0.003346332930959761,98,0.10682012968434126,0.06795057926683164,1.25852,0.0,0.08551716301889296,True,-2.085517163018893,modeled_qpu,1024.0,0.05541165477756886,6.076786856127635,1.2657162209049027,0.19529844398402124
channel,8,8,23,qaoa,nominal,3.1968057842168593,3.1968057842168593,True,0.003346332930959761,98,0.10682012968434126,0.06795057926683164,7.9676,0.0,0.5414030353664078,True,-2.541403035366408,modeled_qpu,1024.0,0.05541165477756886,6.076786856127635,1.2657162209049027,0.19529844398402124
channel,8,8,23,qaoa,stressed,3.1968057842168593,3.1968057842168593,True,0.003346332930959761,98,0.10682012968434126,0.06795057926683164,36.830400000000004,0.0,2.502647014629116,True,-4.502647014629116,modeled_qpu,1024.0,0.05541165477756886,6.076786856127635,1.2657162209049027,0.19529844398402124
channel,8,8,23,mean_field,local,3.1968057842168593,3.1968057842168593,True,0.003229458932764828,108,0.10682012968434126,0.06795057926683164,0.003229458932764828,0.0,0.00021944360519981395,False,-0.00021944360519981395,measured_local,,,,,
channel,8,8,24,exact,local,2.7987983199872097,2.7987983199872097,True,2.791057340800762e-06,256,0.25550905966693693,0.043112540488110744,2.791057340800762e-06,0.0,1.2032957260991155e-07,False,-1.2032957260991155e-07,measured_local,,,,,
channel,8,8,24,local_search,local,2.7987983199872097,2.7987983199872097,True,0.00011004193220287561,560,0.25550905966693693,0.043112540488110744,0.00011004193220287561,0.0,4.744187257486412e-06,False,-4.744187257486412e-06,measured_local,,,,,
channel,8,8,24,annealing,local,2.7987983199872097,2.7987983199872097,True,0.001162166940048337,960,0.25550905966693693,0.043112540488110744,0.001162166940048337,0.0,5.01039692567777e-05,False,-5.01039692567777e-05,measured_local,,,,,
channel,8,8,24,random,local,2.7987983199872097,2.7987983199872097,True,7.916009053587914e-06,256,0.25550905966693693,0.043112540488110744,7.916009053587914e-06,0.0,3.4127926082706013e-07,False,-3.4127926082706013e-07,measured_local,,,,,
channel,8,8,24,qaoa,optimistic,2.7987983199872097,2.7987983199872097,True,0.003520375001244247,99,0.25550905966693693,0.043112540488110744,1.27126,0.0,0.054807248220915664,True,-2.0548072482209156,modeled_qpu,1024.0,0.05042420895050022,5.726834438523621,1.244051299356572,0.14517481891740086
channel,8,8,24,qaoa,nominal,2.7987983199872097,2.7987983199872097,True,0.003520375001244247,99,0.25550905966693693,0.043112540488110744,8.043800000000001,0.0,0.34678865317826524,True,-2.3467886531782653,modeled_qpu,1024.0,0.05042420895050022,5.726834438523621,1.244051299356572,0.14517481891740086
channel,8,8,24,qaoa,stressed,2.7987983199872097,2.7987983199872097,True,0.003520375001244247,99,0.25550905966693693,0.043112540488110744,37.1552,0.0,1.6018550643438523,True,-3.6018550643438525,modeled_qpu,1024.0,0.05042420895050022,5.726834438523621,1.244051299356572,0.14517481891740086
channel,8,8,24,mean_field,local,2.7987983199872097,2.7987983199872097,True,0.0033657089807093143,137,0.25550905966693693,0.043112540488110744,0.0033657089807093143,0.0,0.00014510426470202827,False,-0.00014510426470202827,measured_local,,,,,
channel,8,8,25,exact,local,5.118707163530018,5.118707163530018,True,3.2919924706220627e-06,256,0.09871562234134221,0.04031316423611707,3.2919924706220627e-06,0.0,1.3271063313224802e-07,False,-1.3271063313224802e-07,measured_local,,,,,
channel,8,8,25,local_search,local,5.118707163530018,5.118707163530018,True,0.0001272499794140458,736,0.09871562234134221,0.04031316423611707,0.0001272499794140458,0.0,5.129849319160945e-06,False,-5.129849319160945e-06,measured_local,,,,,
channel,8,8,25,annealing,local,5.118707163530018,5.118707163530018,True,0.0011986250756308436,960,0.09871562234134221,0.04031316423611707,0.0011986250756308436,0.0,4.832036953143444e-05,False,-4.832036953143444e-05,measured_local,,,,,
channel,8,8,25,random,local,5.118707163530018,5.118707163530018,True,1.808302477002144e-05,256,0.09871562234134221,0.04031316423611707,1.808302477002144e-05,0.0,7.289839474396473e-07,False,-7.289839474396473e-07,measured_local,,,,,
channel,8,8,25,qaoa,optimistic,5.118707163530018,5.118707163530018,True,0.0037094169529154897,107,0.09871562234134221,0.04031316423611707,1.37318,0.0,0.05535723086575124,True,-2.0553572308657513,modeled_qpu,1024.0,0.03157973088951296,5.294314028954021,1.2783535179100278,0.15573310414558234
channel,8,8,25,qaoa,nominal,5.118707163530018,5.118707163530018,True,0.0037094169529154897,107,0.09871562234134221,0.04031316423611707,8.6534,0.0,0.34884593540081543,True,-2.3488459354008153,modeled_qpu,1024.0,0.03157973088951296,5.294314028954021,1.2783535179100278,0.15573310414558234
channel,8,8,25,qaoa,stressed,5.118707163530018,5.118707163530018,True,0.0037094169529154897,107,0.09871562234134221,0.04031316423611707,39.753600000000006,0.0,1.6025934057769038,True,-3.602593405776904,modeled_qpu,1024.0,0.03157973088951296,5.294314028954021,1.2783535179100278,0.15573310414558234
channel,8,8,25,mean_field,local,5.118707163530018,5.118707163530018,True,0.002721416996791959,98,0.09871562234134221,0.04031316423611707,0.002721416996791959,0.0,0.00010970893034663472,False,-0.00010970893034663472,measured_local,,,,,
channel,8,8,26,exact,local,2.7181858304502375,2.7181858304502375,True,2.9999064281582832e-06,256,0.2042745485164602,0.041254146895371185,2.9999064281582832e-06,0.0,1.237585804596101e-07,False,-1.237585804596101e-07,measured_local,,,,,
channel,8,8,26,local_search,local,2.7181858304502375,2.7181858304502375,True,0.00012083398178219795,696,0.2042745485164602,0.041254146895371185,0.00012083398178219795,0.0,4.9849028343954e-06,False,-4.9849028343954e-06,measured_local,,,,,
channel,8,8,26,annealing,local,2.7181858304502375,2.7181858304502375,True,0.001189041999168694,960,0.2042745485164602,0.041254146895371185,0.001189041999168694,0.0,4.905291329847113e-05,False,-4.905291329847113e-05,measured_local,,,,,
channel,8,8,26,random,local,2.7181858304502375,2.7181858304502375,True,8.041970431804657e-06,256,0.2042745485164602,0.041254146895371185,8.041970431804657e-06,0.0,3.3176462952190095e-07,False,-3.3176462952190095e-07,measured_local,,,,,
channel,8,8,26,qaoa,optimistic,2.7181858304502375,2.7181858304502375,True,0.0035880838986486197,103,0.2042745485164602,0.041254146895371185,1.3222200000000002,0.0,0.0545470581079977,True,-2.054547058107998,modeled_qpu,1024.0,0.0574959397323723,5.781879262150044,1.2543189282129354,0.18114159428572923
channel,8,8,26,qaoa,nominal,2.7181858304502375,2.7181858304502375,True,0.0035880838986486197,103,0.2042745485164602,0.041254146895371185,8.348600000000001,0.0,0.3444143707706959,True,-2.344414370770696,modeled_qpu,1024.0,0.0574959397323723,5.781879262150044,1.2543189282129354,0.18114159428572923
channel,8,8,26,qaoa,stressed,2.7181858304502375,2.7181858304502375,True,0.0035880838986486197,103,0.2042745485164602,0.041254146895371185,38.45440000000001,0.0,1.586403466373362,True,-3.586403466373362,modeled_qpu,1024.0,0.0574959397323723,5.781879262150044,1.2543189282129354,0.18114159428572923
channel,8,8,26,mean_field,local,2.7181858304502375,2.7181858304502375,True,0.0027890000492334366,109,0.2042745485164602,0.041254146895371185,0.0027890000492334366,0.0,0.00011505781772227366,False,-0.00011505781772227366,measured_local,,,,,
channel,8,8,27,exact,local,7.186828406841656,7.186828406841656,True,3.1670788303017616e-06,256,0.21311296506489888,0.0723370690590779,3.1670788303017616e-06,0.0,2.2909720006308218e-07,False,-2.2909720006308218e-07,measured_local,,,,,
channel,8,8,27,local_search,local,7.186828406841656,7.186828406841656,True,0.00010345899499952793,552,0.21311296506489888,0.0723370690590779,0.00010345899499952793,0.0,7.483920466063647e-06,False,-7.483920466063647e-06,measured_local,,,,,
channel,8,8,27,annealing,local,7.186828406841656,7.186828406841656,True,0.0011523750144988298,960,0.21311296506489888,0.0723370690590779,0.0011523750144988298,0.0,8.335943100575775e-05,False,-8.335943100575775e-05,measured_local,,,,,
channel,8,8,27,random,local,7.186828406841656,7.186828406841656,True,7.833004929125309e-06,256,0.21311296506489888,0.0723370690590779,7.833004929125309e-06,0.0,5.666166184982351e-07,False,-5.666166184982351e-07,measured_local,,,,,
channel,8,8,27,qaoa,optimistic,7.186828406841656,7.186828406841656,True,0.0038785410579293966,100,0.21311296506489888,0.0723370690590779,1.284,0.0,0.09288079667185603,True,-2.092880796671856,modeled_qpu,1024.0,0.03373644222689961,4.86411433829641,1.3019728285477747,0.1450898711046283
channel,8,8,27,qaoa,nominal,7.186828406841656,7.186828406841656,True,0.0038785410579293966,100,0.21311296506489888,0.0723370690590779,8.120000000000001,0.0,0.5873770007597127,True,-2.5873770007597128,modeled_qpu,1024.0,0.03373644222689961,4.86411433829641,1.3019728285477747,0.1450898711046283
channel,8,8,27,qaoa,stressed,7.186828406841656,7.186828406841656,True,0.0038785410579293966,100,0.21311296506489888,0.0723370690590779,37.480000000000004,0.0,2.71119334833424,True,-4.711193348334239,modeled_qpu,1024.0,0.03373644222689961,4.86411433829641,1.3019728285477747,0.1450898711046283
channel,8,8,27,mean_field,local,7.262863305557402,7.186828406841656,True,0.002760250004939735,105,0.21311296506489888,0.0723370690590779,0.002760250004939735,0.009287467006417839,0.0001996683952276457,False,-0.009487135401645485,measured_local,,,,,
channel,8,8,28,exact,local,1.5889288167696036,1.5889288167696036,True,3.4170225262641907e-06,256,0.3789569523126244,0.07997958877829896,3.4170225262641907e-06,0.0,2.732920564967942e-07,False,-2.732920564967942e-07,measured_local,,,,,
channel,8,8,28,local_search,local,1.5889288167696036,1.5889288167696036,True,0.00010933296289294958,592,0.3789569523126244,0.07997958877829896,0.00010933296289294958,0.0,8.744405412091127e-06,False,-8.744405412091127e-06,measured_local,,,,,
channel,8,8,28,annealing,local,1.5889288167696036,1.5889288167696036,True,0.001429750001989305,960,0.3789569523126244,0.07997958877829896,0.001429750001989305,0.0,0.00011435081721487673,False,-0.00011435081721487673,measured_local,,,,,
channel,8,8,28,random,local,1.5889288167696036,1.5889288167696036,True,2.233404666185379e-05,256,0.3789569523126244,0.07997958877829896,2.233404666185379e-05,0.0,1.7862678677704067e-06,False,-1.7862678677704067e-06,measured_local,,,,,
channel,8,8,28,qaoa,optimistic,1.5889288167696036,1.5889288167696036,True,0.0035400830674916506,98,0.3789569523126244,0.07997958877829896,1.25852,0.0,0.10065591206926482,True,-2.1006559120692647,modeled_qpu,1024.0,0.047804213495412654,5.479134372194025,1.2511110726780188,0.18972462885309582
channel,8,8,28,qaoa,nominal,1.5889288167696036,1.5889288167696036,True,0.0035400830674916506,98,0.3789569523126244,0.07997958877829896,7.9676,0.0,0.6372453715499747,True,-2.637245371549975,modeled_qpu,1024.0,0.047804213495412654,5.479134372194025,1.2511110726780188,0.18972462885309582
channel,8,8,28,qaoa,stressed,1.5889288167696036,1.5889288167696036,True,0.0035400830674916506,98,0.3789569523126244,0.07997958877829896,36.830400000000004,0.0,2.9456802465402623,True,-4.945680246540262,modeled_qpu,1024.0,0.047804213495412654,5.479134372194025,1.2511110726780188,0.18972462885309582
channel,8,8,28,mean_field,local,1.5889288167696036,1.5889288167696036,True,0.0031798749696463346,114,0.3789569523126244,0.07997958877829896,0.0031798749696463346,0.0,0.0002543250924387197,False,-0.0002543250924387197,measured_local,,,,,
channel,8,8,29,exact,local,2.489361953464548,2.489361953464548,True,2.874992787837982e-06,256,0.49139054102970714,0.044008002676364566,2.874992787837982e-06,0.0,1.2652269030170275e-07,False,-1.2652269030170275e-07,measured_local,,,,,
channel,8,8,29,local_search,local,2.489361953464548,2.489361953464548,True,0.00012070802040398121,728,0.49139054102970714,0.044008002676364566,0.00012070802040398121,0.0,5.312118884997074e-06,False,-5.312118884997074e-06,measured_local,,,,,
channel,8,8,29,annealing,local,2.489361953464548,2.489361953464548,True,0.001148125040344894,960,0.49139054102970714,0.044008002676364566,0.001148125040344894,0.0,5.052668984829927e-05,False,-5.052668984829927e-05,measured_local,,,,,
channel,8,8,29,random,local,2.489361953464548,2.489361953464548,True,7.750000804662704e-06,256,0.49139054102970714,0.044008002676364566,7.750000804662704e-06,0.0,3.410620561534238e-07,False,-3.410620561534238e-07,measured_local,,,,,
channel,8,8,29,qaoa,optimistic,2.489361953464548,2.489361953464548,True,0.0032718749716877937,95,0.49139054102970714,0.044008002676364566,1.2203000000000002,0.0,0.05370296566596769,True,-2.0537029656659676,modeled_qpu,1024.0,0.045532378187563866,5.855193596216212,1.2720562789029917,0.20483051207363537
channel,8,8,29,qaoa,nominal,2.489361953464548,2.489361953464548,True,0.0032718749716877937,95,0.49139054102970714,0.044008002676364566,7.739000000000001,0.0,0.3405779327123854,True,-2.3405779327123852,modeled_qpu,1024.0,0.045532378187563866,5.855193596216212,1.2720562789029917,0.20483051207363537
channel,8,8,29,qaoa,stressed,2.489361953464548,2.489361953464548,True,0.0032718749716877937,95,0.49139054102970714,0.044008002676364566,35.856,0.0,1.577950943963728,True,-3.577950943963728,modeled_qpu,1024.0,0.045532378187563866,5.855193596216212,1.2720562789029917,0.20483051207363537
channel,8,8,29,mean_field,local,2.489361953464548,2.489361953464548,True,0.0032762499758973718,122,0.49139054102970714,0.044008002676364566,0.0032762499758973718,0.0,0.0001441812177077309,False,-0.0001441812177077309,measured_local,,,,,
channel,9,9,0,exact,local,3.8458900237773843,3.8458900237773843,True,2.834014594554901e-06,512,0.4894080448712201,0.0442194682783425,2.834014594554901e-06,0.0,1.2531861846428012e-07,False,-1.2531861846428012e-07,measured_local,,,,,
channel,9,9,0,local_search,local,3.8458900237773843,3.8458900237773843,True,0.0001366250216960907,801,0.4894080448712201,0.0442194682783425,0.0001366250216960907,0.0,6.041485812918138e-06,False,-6.041485812918138e-06,measured_local,,,,,
channel,9,9,0,annealing,local,3.8458900237773843,3.8458900237773843,True,0.0011382910888642073,960,0.4894080448712201,0.0442194682783425,0.0011382910888642073,0.0,5.0334626695550756e-05,False,-5.0334626695550756e-05,measured_local,,,,,
channel,9,9,0,random,local,4.583163487035335,3.8458900237773843,True,7.792026735842228e-06,256,0.4894080448712201,0.0442194682783425,7.792026735842228e-06,0.15214407665885155,3.4455927906957205e-07,False,-0.15214442121813063,measured_local,,,,,
channel,9,9,0,qaoa,optimistic,3.8458900237773843,3.8458900237773843,True,0.005298958974890411,119,0.4894080448712201,0.0442194682783425,1.5260600000000002,0.0,0.06748156176084737,True,-2.0674815617608475,modeled_qpu,1024.0,0.03713149696453155,7.218444691668633,1.2586636848288912,0.19934420801661862
channel,9,9,0,qaoa,nominal,3.8458900237773843,3.8458900237773843,True,0.005298958974890411,119,0.4894080448712201,0.0442194682783425,9.5678,0.0,0.42308302859352537,True,-2.4230830285935254,modeled_qpu,1024.0,0.03713149696453155,7.218444691668633,1.2586636848288912,0.19934420801661862
channel,9,9,0,qaoa,stressed,3.8458900237773843,3.8458900237773843,True,0.005298958974890411,119,0.4894080448712201,0.0442194682783425,43.6512,0.0,1.9302328537115843,True,-3.9302328537115843,modeled_qpu,1024.0,0.03713149696453155,7.218444691668633,1.2586636848288912,0.19934420801661862
channel,9,9,0,mean_field,local,3.8458900237773843,3.8458900237773843,True,0.0035247079795226455,110,0.4894080448712201,0.0442194682783425,0.0035247079795226455,0.0,0.0001558607126909223,False,-0.0001558607126909223,measured_local,,,,,
channel,9,9,1,exact,local,2.257003716088396,2.257003716088396,True,3.834022209048271e-06,512,0.36213027561631184,0.05376830390905748,3.834022209048271e-06,0.0,2.0614887133018335e-07,False,-2.0614887133018335e-07,measured_local,,,,,
channel,9,9,1,local_search,local,2.257003716088396,2.257003716088396,True,0.00012495811097323895,684,0.36213027561631184,0.05376830390905748,0.00012495811097323895,0.0,6.718785686710842e-06,False,-6.718785686710842e-06,measured_local,,,,,
channel,9,9,1,annealing,local,2.257003716088396,2.257003716088396,True,0.001133000012487173,960,0.36213027561631184,0.05376830390905748,0.001133000012487173,0.0,6.091948900037624e-05,False,-6.091948900037624e-05,measured_local,,,,,
channel,9,9,1,random,local,2.257003716088396,2.257003716088396,True,8.416944183409214e-06,256,0.36213027561631184,0.05376830390905748,8.416944183409214e-06,0.0,4.5256481283912024e-07,False,-4.5256481283912024e-07,measured_local,,,,,
channel,9,9,1,qaoa,optimistic,2.257003716088396,2.257003716088396,True,0.0048994169337674975,110,0.36213027561631184,0.05376830390905748,1.4114000000000002,0.0,0.07588858413724374,True,-2.075888584137244,modeled_qpu,1024.0,0.03396627845194658,6.331285746861439,1.266750369878808,0.18696925487373706
channel,9,9,1,qaoa,nominal,2.257003716088396,2.257003716088396,True,0.0048994169337674975,110,0.36213027561631184,0.05376830390905748,8.882,0.0,0.47757007532024853,True,-2.4775700753202488,modeled_qpu,1024.0,0.03396627845194658,6.331285746861439,1.266750369878808,0.18696925487373706
channel,9,9,1,qaoa,stressed,2.257003716088396,2.257003716088396,True,0.0048994169337674975,110,0.36213027561631184,0.05376830390905748,40.728,0.0,2.189875481608093,True,-4.189875481608093,modeled_qpu,1024.0,0.03396627845194658,6.331285746861439,1.266750369878808,0.18696925487373706
channel,9,9,1,mean_field,local,2.257003716088396,2.257003716088396,True,0.003941375063732266,125,0.36213027561631184,0.05376830390905748,0.003941375063732266,0.0,0.00021192105224633728,False,-0.00021192105224633728,measured_local,,,,,
channel,9,9,2,exact,local,1.247298028759177,1.247298028759177,True,3.125052899122238e-06,512,0.2257731217458391,0.020723602213323044,3.125052899122238e-06,0.0,6.476235317700121e-08,False,-6.476235317700121e-08,measured_local,,,,,
channel,9,9,2,local_search,local,1.247298028759177,1.247298028759177,True,0.00012779200915247202,819,0.2257731217458391,0.020723602213323044,0.00012779200915247202,0.0,2.648310763717168e-06,False,-2.648310763717168e-06,measured_local,,,,,
channel,9,9,2,annealing,local,1.247298028759177,1.247298028759177,True,0.0012111249379813671,960,0.2257731217458391,0.020723602213323044,0.0012111249379813671,0.0,2.5098871445361394e-05,False,-2.5098871445361394e-05,measured_local,,,,,
channel,9,9,2,random,local,1.247298028759177,1.247298028759177,True,9.95793379843235e-06,256,0.2257731217458391,0.020723602213323044,9.95793379843235e-06,0.0,2.06364258905317e-07,False,-2.06364258905317e-07,measured_local,,,,,
channel,9,9,2,qaoa,optimistic,1.247298028759177,1.247298028759177,True,0.004426667001098394,103,0.2257731217458391,0.020723602213323044,1.3222200000000002,0.0,0.027401161318499997,True,-2.0274011613185,modeled_qpu,1024.0,0.03237796641457552,6.298683306095733,1.2462462226912043,0.19921134863688963
channel,9,9,2,qaoa,nominal,1.247298028759177,1.247298028759177,True,0.004426667001098394,103,0.2257731217458391,0.020723602213323044,8.348600000000001,0.0,0.1730130654381488,True,-2.1730130654381488,modeled_qpu,1024.0,0.03237796641457552,6.298683306095733,1.2462462226912043,0.19921134863688963
channel,9,9,2,qaoa,stressed,1.247298028759177,1.247298028759177,True,0.004426667001098394,103,0.2257731217458391,0.020723602213323044,38.45440000000001,0.0,0.7969136889520098,True,-2.7969136889520096,modeled_qpu,1024.0,0.03237796641457552,6.298683306095733,1.2462462226912043,0.19921134863688963
channel,9,9,2,mean_field,local,1.247298028759177,1.247298028759177,True,0.004319875035434961,133,0.2257731217458391,0.020723602213323044,0.004319875035434961,0.0,8.952337184561893e-05,False,-8.952337184561893e-05,measured_local,,,,,
channel,9,9,3,exact,local,0.8597245704202994,0.8597245704202994,True,3.0829105526208878e-06,512,0.39552361797444296,0.022173794457180557,3.0829105526208878e-06,0.0,6.835982492368848e-08,False,-6.835982492368848e-08,measured_local,,,,,
channel,9,9,3,local_search,local,0.8597245704202994,0.8597245704202994,True,0.0001330419909209013,873,0.39552361797444296,0.022173794457180557,0.0001330419909209013,0.0,2.9500457608541473e-06,False,-2.9500457608541473e-06,measured_local,,,,,
channel,9,9,3,annealing,local,0.8597245704202994,0.8597245704202994,True,0.0011069999309256673,960,0.39552361797444296,0.022173794457180557,0.0011069999309256673,0.0,2.4546388932458822e-05,False,-2.4546388932458822e-05,measured_local,,,,,
channel,9,9,3,random,local,0.8597245704202994,0.8597245704202994,True,1.0874937288463116e-05,256,0.39552361797444296,0.022173794457180557,1.0874937288463116e-05,0.0,2.411386241691096e-07,False,-2.411386241691096e-07,measured_local,,,,,
channel,9,9,3,qaoa,optimistic,0.8597245704202994,0.8597245704202994,True,0.005003250087611377,114,0.39552361797444296,0.022173794457180557,1.46236,0.0,0.032426070062402564,True,-2.0324260700624026,modeled_qpu,1024.0,0.04368791599812551,7.227795294826126,1.2565386198262045,0.2346066358065002
channel,9,9,3,qaoa,nominal,0.8597245704202994,0.8597245704202994,True,0.005003250087611377,114,0.39552361797444296,0.022173794457180557,9.1868,0.0,0.20370621491922633,True,-2.2037062149192264,modeled_qpu,1024.0,0.04368791599812551,7.227795294826126,1.2565386198262045,0.2346066358065002
channel,9,9,3,qaoa,stressed,0.8597245704202994,0.8597245704202994,True,0.005003250087611377,114,0.39552361797444296,0.022173794457180557,42.0272,0.0,0.9319024944108187,True,-2.931902494410819,modeled_qpu,1024.0,0.04368791599812551,7.227795294826126,1.2565386198262045,0.2346066358065002
channel,9,9,3,mean_field,local,0.8597245704202994,0.8597245704202994,True,0.00406850001309067,125,0.39552361797444296,0.022173794457180557,0.00406850001309067,0.0,9.021408303930892e-05,False,-9.021408303930892e-05,measured_local,,,,,
channel,9,9,4,exact,local,1.0657237496377745,1.0657237496377745,True,3.2919924706220627e-06,512,0.23691065367234573,0.07206227537518685,3.2919924706220627e-06,0.0,2.372284679510088e-07,False,-2.372284679510088e-07,measured_local,,,,,
channel,9,9,4,local_search,local,1.0657237496377745,1.0657237496377745,True,0.00013333396054804325,792,0.23691065367234573,0.07206227537518685,0.00013333396054804325,0.0,9.608348581877391e-06,False,-9.608348581877391e-06,measured_local,,,,,
channel,9,9,4,annealing,local,1.0657237496377745,1.0657237496377745,True,0.0011131661012768745,960,0.23691065367234573,0.07206227537518685,0.0011131661012768745,0.0,8.021728212853727e-05,False,-8.021728212853727e-05,measured_local,,,,,
channel,9,9,4,random,local,2.177737708727223,1.0657237496377745,True,8.458970114588737e-06,256,0.23691065367234573,0.07206227537518685,8.458970114588737e-06,0.5383168776969529,6.095726337879694e-07,False,-0.5383174872695867,measured_local,,,,,
channel,9,9,4,qaoa,optimistic,1.0657237496377745,1.0657237496377745,True,0.0053990420419722795,119,0.23691065367234573,0.07206227537518685,1.5260600000000002,0.0,0.10997135595905766,True,-2.1099713559590576,modeled_qpu,1024.0,0.042656139542880764,7.105664397799874,2.8114172123724757,0.1991581123147103
channel,9,9,4,qaoa,nominal,1.0657237496377745,1.0657237496377745,True,0.0053990420419722795,119,0.23691065367234573,0.07206227537518685,9.5678,0.0,0.6894774383347128,True,-2.6894774383347126,modeled_qpu,1024.0,0.042656139542880764,7.105664397799874,2.8114172123724757,0.1991581123147103
channel,9,9,4,qaoa,stressed,1.0657237496377745,1.0657237496377745,True,0.0053990420419722795,119,0.23691065367234573,0.07206227537518685,43.6512,0.0,3.1456047948573564,True,-5.1456047948573564,modeled_qpu,1024.0,0.042656139542880764,7.105664397799874,2.8114172123724757,0.1991581123147103
channel,9,9,4,mean_field,local,1.0657237496377745,1.0657237496377745,True,0.0036662910133600235,113,0.23691065367234573,0.07206227537518685,0.0036662910133600235,0.0,0.00026420127261032287,False,-0.00026420127261032287,measured_local,,,,,
channel,9,9,5,exact,local,4.996741436435772,4.996741436435772,True,3.4999102354049683e-06,512,0.3190987118977959,0.044344597304393774,3.4999102354049683e-06,0.0,1.5520210999055933e-07,False,-1.5520210999055933e-07,measured_local,,,,,
channel,9,9,5,local_search,local,4.996741436435772,4.996741436435772,True,0.0001275839749723673,801,0.3190987118977959,0.044344597304393774,0.0001275839749723673,0.0,5.657659992643481e-06,False,-5.657659992643481e-06,measured_local,,,,,
channel,9,9,5,annealing,local,4.996741436435772,4.996741436435772,True,0.001153457909822464,960,0.3190987118977959,0.044344597304393774,0.001153457909822464,0.0,5.1149626518644914e-05,False,-5.1149626518644914e-05,measured_local,,,,,
channel,9,9,5,random,local,6.5006049572276865,4.996741436435772,True,1.1582975275814533e-05,256,0.3190987118977959,0.044344597304393774,1.1582975275814533e-05,0.25078011729079186,5.136423741927449e-07,False,-0.25078063093316605,measured_local,,,,,
channel,9,9,5,qaoa,optimistic,4.996741436435772,4.996741436435772,True,0.004913709009997547,105,0.3190987118977959,0.044344597304393774,1.3477000000000001,0.0,0.059763213787131494,True,-2.0597632137871313,modeled_qpu,1024.0,0.032895709156886846,6.787805252164077,1.2804697265315492,0.18156649436490954
channel,9,9,5,qaoa,nominal,4.996741436435772,4.996741436435772,True,0.004913709009997547,105,0.3190987118977959,0.044344597304393774,8.501000000000001,0.0,0.37697342168465153,True,-2.3769734216846516,modeled_qpu,1024.0,0.032895709156886846,6.787805252164077,1.2804697265315492,0.18156649436490954
channel,9,9,5,qaoa,stressed,4.996741436435772,4.996741436435772,True,0.004913709009997547,105,0.3190987118977959,0.044344597304393774,39.104000000000006,0.0,1.7340511329910144,True,-3.7340511329910147,modeled_qpu,1024.0,0.032895709156886846,6.787805252164077,1.2804697265315492,0.18156649436490954
channel,9,9,5,mean_field,local,4.996741436435772,4.996741436435772,True,0.003695958061143756,109,0.3190987118977959,0.044344597304393774,0.003695958061143756,0.0,0.00016389577187534785,False,-0.00016389577187534785,measured_local,,,,,
channel,9,9,6,exact,local,2.949644217807718,2.949644217807718,True,3.958004526793957e-06,512,0.2918957119795001,0.05879905713275053,3.958004526793957e-06,0.0,2.327269343026431e-07,False,-2.327269343026431e-07,measured_local,,,,,
channel,9,9,6,local_search,local,2.949644217807718,2.949644217807718,True,0.00013041705824434757,783,0.2918957119795001,0.05879905713275053,0.00013041705824434757,0.0,7.668400058794647e-06,False,-7.668400058794647e-06,measured_local,,,,,
channel,9,9,6,annealing,local,2.949644217807718,2.949644217807718,True,0.0012494580587372184,960,0.2918957119795001,0.05879905713275053,0.0012494580587372184,0.0,7.346695578066527e-05,False,-7.346695578066527e-05,measured_local,,,,,
channel,9,9,6,random,local,3.1811604756308594,2.949644217807718,True,1.295795664191246e-05,256,0.2918957119795001,0.05879905713275053,1.295795664191246e-05,0.058616990558113244,7.619156329115149e-07,False,-0.058617752473746156,measured_local,,,,,
channel,9,9,6,qaoa,optimistic,2.949644217807718,2.949644217807718,True,0.004864041926339269,108,0.2918957119795001,0.05879905713275053,1.3859200000000003,0.0,0.08149078926142163,True,-2.0814907892614216,modeled_qpu,1024.0,0.036684637805752644,6.832367551525813,1.2536051003370168,0.16310334887898637
channel,9,9,6,qaoa,nominal,2.949644217807718,2.949644217807718,True,0.004864041926339269,108,0.2918957119795001,0.05879905713275053,8.7296,0.0,0.513292249146059,True,-2.513292249146059,modeled_qpu,1024.0,0.036684637805752644,6.832367551525813,1.2536051003370168,0.16310334887898637
channel,9,9,6,qaoa,stressed,2.949644217807718,2.949644217807718,True,0.004864041926339269,108,0.2918957119795001,0.05879905713275053,40.0784,0.0,2.3565721313892287,True,-4.356572131389228,modeled_qpu,1024.0,0.036684637805752644,6.832367551525813,1.2536051003370168,0.16310334887898637
channel,9,9,6,mean_field,local,2.949644217807718,2.949644217807718,True,0.0032956250943243504,94,0.2918957119795001,0.05879905713275053,0.0032956250943243504,0.0,0.00019377964820930382,False,-0.00019377964820930382,measured_local,,,,,
channel,9,9,7,exact,local,4.923914776955609,4.923914776955609,True,4.292000085115433e-06,512,0.10058258367166055,0.06881181720108728,4.292000085115433e-06,0.0,2.9534032528401423e-07,False,-2.9534032528401423e-07,measured_local,,,,,
channel,9,9,7,local_search,local,4.923914776955609,4.923914776955609,True,0.00014370889402925968,738,0.10058258367166055,0.06881181720108728,0.00014370889402925968,0.0,9.88887014611184e-06,False,-9.88887014611184e-06,measured_local,,,,,
channel,9,9,7,annealing,local,4.923914776955609,4.923914776955609,True,0.0010882080532610416,960,0.10058258367166055,0.06881181720108728,0.0010882080532610416,0.0,7.488157363774985e-05,False,-7.488157363774985e-05,measured_local,,,,,
channel,9,9,7,random,local,4.95897494694021,4.923914776955609,True,9.040930308401585e-06,256,0.10058258367166055,0.06881181720108728,9.040930308401585e-06,0.00591841228388149,6.221228437094995e-07,False,-0.0059190344067252,measured_local,,,,,
channel,9,9,7,qaoa,optimistic,4.923914776955609,4.923914776955609,True,0.004305541981011629,98,0.10058258367166055,0.06881181720108728,1.25852,0.0,0.08660104818391237,True,-2.0866010481839123,modeled_qpu,1024.0,0.022888656843596936,5.766436631985288,1.2731399060913522,0.14563957254097532
channel,9,9,7,qaoa,nominal,4.923914776955609,4.923914776955609,True,0.004305541981011629,98,0.10058258367166055,0.06881181720108728,7.9676,0.0,0.548265034731383,True,-2.548265034731383,modeled_qpu,1024.0,0.022888656843596936,5.766436631985288,1.2731399060913522,0.14563957254097532
channel,9,9,7,qaoa,stressed,4.923914776955609,4.923914776955609,True,0.004305541981011629,98,0.10058258367166055,0.06881181720108728,36.830400000000004,0.0,2.534366752242925,True,-4.534366752242925,modeled_qpu,1024.0,0.022888656843596936,5.766436631985288,1.2731399060913522,0.14563957254097532
channel,9,9,7,mean_field,local,4.95897494694021,4.923914776955609,True,0.003963708993978798,115,0.10058258367166055,0.06881181720108728,0.003963708993978798,0.00591841228388149,0.0002727500187319747,False,-0.006191162302613465,measured_local,,,,,
channel,9,9,8,exact,local,9.127789688103285,9.127789688103285,True,3.750086762011051e-06,512,0.2713590615022752,0.06552125388796343,3.750086762011051e-06,0.0,2.4571038683561676e-07,False,-2.4571038683561676e-07,measured_local,,,,,
channel,9,9,8,local_search,local,9.127789688103285,9.127789688103285,True,0.0001557499635964632,765,0.2713590615022752,0.06552125388796343,0.0001557499635964632,0.0,1.0204932907844928e-05,False,-1.0204932907844928e-05,measured_local,,,,,
channel,9,9,8,annealing,local,9.127789688103285,9.127789688103285,True,0.0011023750994354486,960,0.2713590615022752,0.06552125388796343,0.0011023750994354486,0.0,7.222899876987896e-05,False,-7.222899876987896e-05,measured_local,,,,,
channel,9,9,8,random,local,9.922843291432997,9.127789688103285,True,8.66700429469347e-06,256,0.2713590615022752,0.06552125388796343,8.66700429469347e-06,0.07850218338001537,5.678729888406803e-07,False,-0.07850275125300421,measured_local,,,,,
channel,9,9,8,qaoa,optimistic,9.127789688103285,9.127789688103285,True,0.004290292039513588,100,0.2713590615022752,0.06552125388796343,1.284,0.0,0.08412928999214504,True,-2.084129289992145,modeled_qpu,1024.0,0.01920477281555913,6.064340534920075,1.3040408212590737,0.14412298001042512
channel,9,9,8,qaoa,nominal,9.127789688103285,9.127789688103285,True,0.004290292039513588,100,0.2713590615022752,0.06552125388796343,8.120000000000001,0.0,0.5320325815702631,True,-2.532032581570263,modeled_qpu,1024.0,0.01920477281555913,6.064340534920075,1.3040408212590737,0.14412298001042512
channel,9,9,8,qaoa,stressed,9.127789688103285,9.127789688103285,True,0.004290292039513588,100,0.2713590615022752,0.06552125388796343,37.480000000000004,0.0,2.4557365957208694,True,-4.45573659572087,modeled_qpu,1024.0,0.01920477281555913,6.064340534920075,1.3040408212590737,0.14412298001042512
channel,9,9,8,mean_field,local,9.127789688103285,9.127789688103285,True,0.003835708019323647,120,0.2713590615022752,0.06552125388796343,0.003835708019323647,0.0,0.000251320398974202,False,-0.000251320398974202,measured_local,,,,,
channel,9,9,9,exact,local,1.685733995782425,1.685733995782425,True,3.2919924706220627e-06,512,0.44861300874530996,0.07521951416595854,3.2919924706220627e-06,0.0,2.476220742781851e-07,False,-2.476220742781851e-07,measured_local,,,,,
channel,9,9,9,local_search,local,1.685733995782425,1.685733995782425,True,0.0001249168999493122,729,0.44861300874530996,0.07521951416595854,0.0001249168999493122,0.0,9.396188525304915e-06,False,-9.396188525304915e-06,measured_local,,,,,
channel,9,9,9,annealing,local,1.685733995782425,1.685733995782425,True,0.001102917012758553,960,0.44861300874530996,0.07521951416595854,0.001102917012758553,0.0,8.296088186506866e-05,False,-8.296088186506866e-05,measured_local,,,,,
channel,9,9,9,random,local,1.685733995782425,1.685733995782425,True,7.333001121878624e-06,256,0.44861300874530996,0.07521951416595854,7.333001121878624e-06,0.0,5.51584781766139e-07,False,-5.51584781766139e-07,measured_local,,,,,
channel,9,9,9,qaoa,optimistic,1.685733995782425,1.685733995782425,True,0.004800833994522691,106,0.44861300874530996,0.07521951416595854,1.36044,0.0,0.10233163585193664,True,-2.102331635851937,modeled_qpu,1024.0,0.058388665347982344,5.966355620982288,1.2464778473108908,0.18375045568207626
channel,9,9,9,qaoa,nominal,1.685733995782425,1.685733995782425,True,0.004800833994522691,106,0.44861300874530996,0.07521951416595854,8.577200000000001,0.0,0.6451728169042596,True,-2.6451728169042594,modeled_qpu,1024.0,0.058388665347982344,5.966355620982288,1.2464778473108908,0.18375045568207626
channel,9,9,9,qaoa,stressed,1.685733995782425,1.685733995782425,True,0.004800833994522691,106,0.44861300874530996,0.07521951416595854,39.4288,0.0,2.965815180146746,True,-4.9658151801467465,modeled_qpu,1024.0,0.058388665347982344,5.966355620982288,1.2464778473108908,0.18375045568207626
channel,9,9,9,mean_field,local,1.685733995782425,1.685733995782425,True,0.004104834049940109,133,0.44861300874530996,0.07521951416595854,0.004104834049940109,0.0,0.000308763622968379,False,-0.000308763622968379,measured_local,,,,,
channel,9,9,10,exact,local,3.1238716144735923,3.1238716144735923,True,3.208988346159458e-06,512,0.11114009403291877,0.06911872240664492,3.208988346159458e-06,0.0,2.2180117470435418e-07,False,-2.2180117470435418e-07,measured_local,,,,,
channel,9,9,10,local_search,local,3.1238716144735923,3.1238716144735923,True,0.00015570793766528368,783,0.11114009403291877,0.06911872240664492,0.00015570793766528368,0.0,1.0762333719997913e-05,False,-1.0762333719997913e-05,measured_local,,,,,
channel,9,9,10,annealing,local,3.1238716144735923,3.1238716144735923,True,0.0011059580137953162,960,0.11114009403291877,0.06911872240664492,0.0011059580137953162,0.0,7.644240494892283e-05,False,-7.644240494892283e-05,measured_local,,,,,
channel,9,9,10,random,local,3.436840901128325,3.1238716144735923,True,9.041046723723412e-06,256,0.11114009403291877,0.06911872240664492,9.041046723723412e-06,0.07589210235262935,6.24905598762545e-07,False,-0.07589272725822811,measured_local,,,,,
channel,9,9,10,qaoa,optimistic,3.1238716144735923,3.1238716144735923,True,0.0050816250732168555,109,0.11114009403291877,0.06911872240664492,1.3986600000000002,0.0,0.096673592281278,True,-2.096673592281278,modeled_qpu,1024.0,0.03615369807639421,6.818887391955796,1.2642865372943322,0.18946975883716488
channel,9,9,10,qaoa,nominal,3.1238716144735923,3.1238716144735923,True,0.0050816250732168555,109,0.11114009403291877,0.06911872240664492,8.8058,0.0,0.6086456457684338,True,-2.608645645768434,modeled_qpu,1024.0,0.03615369807639421,6.818887391955796,1.2642865372943322,0.18946975883716488
channel,9,9,10,qaoa,stressed,3.1238716144735923,3.1238716144735923,True,0.0050816250732168555,109,0.11114009403291877,0.06911872240664492,40.403200000000005,0.0,2.7926175651401564,True,-4.792617565140157,modeled_qpu,1024.0,0.03615369807639421,6.818887391955796,1.2642865372943322,0.18946975883716488
channel,9,9,10,mean_field,local,3.1238716144735923,3.1238716144735923,True,0.003315957961603999,96,0.11114009403291877,0.06911872240664492,0.003315957961603999,0.0,0.00022919477786021095,False,-0.00022919477786021095,measured_local,,,,,
channel,9,9,11,exact,local,5.557687653800544,5.557687653800544,True,2.959044650197029e-06,512,0.2989581054918677,0.039057733661978664,2.959044650197029e-06,0.0,1.1557357784129839e-07,False,-1.1557357784129839e-07,measured_local,,,,,
channel,9,9,11,local_search,local,5.557687653800544,5.557687653800544,True,0.00012800004333257675,801,0.2989581054918677,0.039057733661978664,0.00012800004333257675,0.0,4.999391601205511e-06,False,-4.999391601205511e-06,measured_local,,,,,
channel,9,9,11,annealing,local,5.557687653800544,5.557687653800544,True,0.001036916975863278,960,0.2989581054918677,0.039057733661978664,0.001036916975863278,0.0,4.049962707285227e-05,False,-4.049962707285227e-05,measured_local,,,,,
channel,9,9,11,random,local,5.557687653800544,5.557687653800544,True,7.082941010594368e-06,256,0.2989581054918677,0.039057733661978664,7.082941010594368e-06,0.0,2.766436235353008e-07,False,-2.766436235353008e-07,measured_local,,,,,
channel,9,9,11,qaoa,optimistic,5.557687653800544,5.557687653800544,True,0.0043087920639663935,93,0.2989581054918677,0.039057733661978664,1.1948200000000002,0.0,0.04666696133400536,True,-2.0466669613340054,modeled_qpu,1024.0,0.020624842966131797,5.997381438454735,1.2809079830601626,0.13947366112682774
channel,9,9,11,qaoa,nominal,5.557687653800544,5.557687653800544,True,0.0043087920639663935,93,0.2989581054918677,0.039057733661978664,7.586600000000001,0.0,0.2963154021999674,True,-2.2963154021999674,modeled_qpu,1024.0,0.020624842966131797,5.997381438454735,1.2809079830601626,0.13947366112682774
channel,9,9,11,qaoa,stressed,5.557687653800544,5.557687653800544,True,0.0043087920639663935,93,0.2989581054918677,0.039057733661978664,35.2064,0.0,1.3750821943970857,True,-3.375082194397086,modeled_qpu,1024.0,0.020624842966131797,5.997381438454735,1.2809079830601626,0.13947366112682774
channel,9,9,11,mean_field,local,5.557687653800544,5.557687653800544,True,0.0034160829382017255,102,0.2989581054918677,0.039057733661978664,0.0034160829382017255,0.0,0.00013342445756751251,False,-0.00013342445756751251,measured_local,,,,,
channel,9,9,12,exact,local,2.1079683476412168,2.1079683476412168,True,2.959044650197029e-06,512,0.20390045923042788,0.05050317863890754,2.959044650197029e-06,0.0,1.4944116056940423e-07,False,-1.4944116056940423e-07,measured_local,,,,,
channel,9,9,12,local_search,local,2.1079683476412168,2.1079683476412168,True,0.00012800004333257675,819,0.20390045923042788,0.05050317863890754,0.00012800004333257675,0.0,6.46440905421303e-06,False,-6.46440905421303e-06,measured_local,,,,,
channel,9,9,12,annealing,local,2.1079683476412168,2.1079683476412168,True,0.0012195410672575235,960,0.20390045923042788,0.05050317863890754,0.0012195410672575235,0.0,6.159070037719066e-05,False,-6.159070037719066e-05,measured_local,,,,,
channel,9,9,12,random,local,2.1079683476412168,2.1079683476412168,True,1.1709053069353104e-05,256,0.20390045923042788,0.05050317863890754,1.1709053069353104e-05,0.0,5.913443988539884e-07,False,-5.913443988539884e-07,measured_local,,,,,
channel,9,9,12,qaoa,optimistic,2.1079683476412168,2.1079683476412168,True,0.004827124997973442,114,0.20390045923042788,0.05050317863890754,1.46236,0.0,0.07385382831439284,True,-2.073853828314393,modeled_qpu,1024.0,0.0725532908960291,6.582808958246497,1.2653252297835071,0.2255634511259687
channel,9,9,12,qaoa,nominal,2.1079683476412168,2.1079683476412168,True,0.004827124997973442,114,0.20390045923042788,0.05050317863890754,9.1868,0.0,0.4639626015199158,True,-2.4639626015199156,modeled_qpu,1024.0,0.0725532908960291,6.582808958246497,1.2653252297835071,0.2255634511259687
channel,9,9,12,qaoa,stressed,2.1079683476412168,2.1079683476412168,True,0.004827124997973442,114,0.20390045923042788,0.05050317863890754,42.0272,0.0,2.122507189293095,True,-4.122507189293096,modeled_qpu,1024.0,0.0725532908960291,6.582808958246497,1.2653252297835071,0.2255634511259687
channel,9,9,12,mean_field,local,2.1079683476412168,2.1079683476412168,True,0.004442500066943467,139,0.20390045923042788,0.05050317863890754,0.004442500066943467,0.0,0.0002243603744842046,False,-0.0002243603744842046,measured_local,,,,,
channel,9,9,13,exact,local,2.4266864015217973,2.4266864015217973,True,2.874992787837982e-06,512,0.2435576637231429,0.058462138825445556,2.874992787837982e-06,0.0,1.6807822748473886e-07,False,-1.6807822748473886e-07,measured_local,,,,,
channel,9,9,13,local_search,local,2.4266864015217973,2.4266864015217973,True,0.00012354191858321428,801,0.2435576637231429,0.058462138825445556,0.00012354191858321428,0.0,7.222524794973766e-06,False,-7.222524794973766e-06,measured_local,,,,,
channel,9,9,13,annealing,local,2.4266864015217973,2.4266864015217973,True,0.0010932920267805457,960,0.2435576637231429,0.058462138825445556,0.0010932920267805457,0.0,6.391619024639701e-05,False,-6.391619024639701e-05,measured_local,,,,,
channel,9,9,13,random,local,2.4266864015217973,2.4266864015217973,True,6.834045052528381e-06,256,0.2435576637231429,0.058462138825445556,6.834045052528381e-06,0.0,3.995328906002636e-07,False,-3.995328906002636e-07,measured_local,,,,,
channel,9,9,13,qaoa,optimistic,2.4266864015217973,2.4266864015217973,True,0.004714416107162833,107,0.2435576637231429,0.058462138825445556,1.37318,0.0,0.08027903979232533,True,-2.0802790397923254,modeled_qpu,1024.0,0.04273962007858543,7.03283459175681,2.8119940673816712,0.15898478897022006
channel,9,9,13,qaoa,nominal,2.4266864015217973,2.4266864015217973,True,0.004714416107162833,107,0.2435576637231429,0.058462138825445556,8.6534,0.0,0.5058962721121105,True,-2.5058962721121105,modeled_qpu,1024.0,0.04273962007858543,7.03283459175681,2.8119940673816712,0.15898478897022006
channel,9,9,13,qaoa,stressed,2.4266864015217973,2.4266864015217973,True,0.004714416107162833,107,0.2435576637231429,0.058462138825445556,39.753600000000006,0.0,2.3240804820112326,True,-4.324080482011233,modeled_qpu,1024.0,0.04273962007858543,7.03283459175681,2.8119940673816712,0.15898478897022006
channel,9,9,13,mean_field,local,2.4870195894958154,2.4266864015217973,True,0.0038765829522162676,113,0.2435576637231429,0.058462138825445556,0.0038765829522162676,0.01760686006960661,0.00022663333072082302,False,-0.017833493400327433,measured_local,,,,,
channel,9,9,14,exact,local,3.1587414097087807,3.1587414097087807,True,3.7919962778687477e-06,512,0.42711361203658915,0.06691618458286487,3.7919962778687477e-06,0.0,2.537459228674017e-07,False,-2.537459228674017e-07,measured_local,,,,,
channel,9,9,14,local_search,local,3.1587414097087807,3.1587414097087807,True,0.0001383339986205101,774,0.42711361203658915,0.06691618458286487,0.0001383339986205101,0.0,9.256783385775829e-06,False,-9.256783385775829e-06,measured_local,,,,,
channel,9,9,14,annealing,local,3.1587414097087807,3.1587414097087807,True,0.001126333954744041,960,0.42711361203658915,0.06691618458286487,0.001126333954744041,0.0,7.536997081760041e-05,False,-7.536997081760041e-05,measured_local,,,,,
channel,9,9,14,random,local,3.1849015193616586,3.1587414097087807,True,8.041970431804657e-06,256,0.42711361203658915,0.06691618458286487,8.041970431804657e-06,0.006290391028354353,5.381379778245819e-07,False,-0.006290929166332178,measured_local,,,,,
channel,9,9,14,qaoa,optimistic,3.1587414097087807,3.1587414097087807,True,0.004444250022061169,100,0.42711361203658915,0.06691618458286487,1.284,0.0,0.0859203810043985,True,-2.0859203810043985,modeled_qpu,1024.0,0.027572029800266788,6.098992207184903,1.272529607550295,0.15403063947968715
channel,9,9,14,qaoa,nominal,3.1587414097087807,3.1587414097087807,True,0.004444250022061169,100,0.42711361203658915,0.06691618458286487,8.120000000000001,0.0,0.5433594188128629,True,-2.5433594188128628,modeled_qpu,1024.0,0.027572029800266788,6.098992207184903,1.272529607550295,0.15403063947968715
channel,9,9,14,qaoa,stressed,3.1587414097087807,3.1587414097087807,True,0.004444250022061169,100,0.42711361203658915,0.06691618458286487,37.480000000000004,0.0,2.5080185981657754,True,-4.508018598165775,modeled_qpu,1024.0,0.027572029800266788,6.098992207184903,1.272529607550295,0.15403063947968715
channel,9,9,14,mean_field,local,3.386068694687572,3.1587414097087807,True,0.0032807920360937715,101,0.42711361203658915,0.06691618458286487,0.0032807920360937715,0.05466251987875108,0.00021953808546524387,False,-0.05488205796421632,measured_local,,,,,
channel,9,9,15,exact,local,3.6593816689929657,3.6593816689929657,True,3.4580007195472717e-06,512,0.21801141682348554,0.06102799614063604,3.4580007195472717e-06,0.0,2.1103485456684753e-07,False,-2.1103485456684753e-07,measured_local,,,,,
channel,9,9,15,local_search,local,3.6593816689929657,3.6593816689929657,True,0.00013291696086525917,801,0.21801141682348554,0.06102799614063604,0.00013291696086525917,0.0,8.111655774710109e-06,False,-8.111655774710109e-06,measured_local,,,,,
channel,9,9,15,annealing,local,3.6593816689929657,3.6593816689929657,True,0.0010995829943567514,960,0.21801141682348554,0.06102799614063604,0.0010995829943567514,0.0,6.710534673591285e-05,False,-6.710534673591285e-05,measured_local,,,,,
channel,9,9,15,random,local,3.6593816689929657,3.6593816689929657,True,7.3750270530581474e-06,256,0.21801141682348554,0.06102799614063604,7.3750270530581474e-06,0.0,4.50083122531119e-07,False,-4.50083122531119e-07,measured_local,,,,,
channel,9,9,15,qaoa,optimistic,3.6593816689929657,3.6593816689929657,True,0.0049663749523460865,110,0.21801141682348554,0.06102799614063604,1.4114000000000002,0.0,0.08613491375289371,True,-2.0861349137528937,modeled_qpu,1024.0,0.03201428120773142,6.728859589950524,1.2661514435533463,0.2051224362309948
channel,9,9,15,qaoa,nominal,3.6593816689929657,3.6593816689929657,True,0.0049663749523460865,110,0.21801141682348554,0.06102799614063604,8.882,0.0,0.5420506617211293,True,-2.542050661721129,modeled_qpu,1024.0,0.03201428120773142,6.728859589950524,1.2661514435533463,0.2051224362309948
channel,9,9,15,qaoa,stressed,3.6593816689929657,3.6593816689929657,True,0.0049663749523460865,110,0.21801141682348554,0.06102799614063604,40.728,0.0,2.485548226815825,True,-4.485548226815824,modeled_qpu,1024.0,0.03201428120773142,6.728859589950524,1.2661514435533463,0.2051224362309948
channel,9,9,15,mean_field,local,3.9075235457332522,3.6593816689929657,True,0.003645624965429306,120,0.21801141682348554,0.06102799614063604,0.003645624965429306,0.053256396313615915,0.00022248518632042607,False,-0.05347888149993634,measured_local,,,,,
channel,9,9,16,exact,local,3.720977277999353,3.720977277999353,True,3.334018401801586e-06,512,0.05960709114041271,0.02086524106071882,3.334018401801586e-06,0.0,6.956509765446258e-08,False,-6.956509765446258e-08,measured_local,,,,,
channel,9,9,16,local_search,local,3.720977277999353,3.720977277999353,True,0.00014041608665138483,846,0.05960709114041271,0.02086524106071882,0.00014041608665138483,0.0,2.9298154967839262e-06,False,-2.9298154967839262e-06,measured_local,,,,,
channel,9,9,16,annealing,local,3.720977277999353,3.720977277999353,True,0.0011225841008126736,960,0.05960709114041271,0.02086524106071882,0.0011225841008126736,0.0,2.342298787438671e-05,False,-2.342298787438671e-05,measured_local,,,,,
channel,9,9,16,random,local,3.720977277999353,3.720977277999353,True,1.008401159197092e-05,256,0.05960709114041271,0.02086524106071882,1.008401159197092e-05,0.0,2.104053327255562e-07,False,-2.104053327255562e-07,measured_local,,,,,
channel,9,9,16,qaoa,optimistic,3.720977277999353,3.720977277999353,True,0.0048513340298086405,105,0.05960709114041271,0.02086524106071882,1.3477000000000001,0.0,0.028120085377530753,True,-2.0281200853775307,modeled_qpu,1024.0,0.031998540893067876,6.334806405520799,1.2651648769424997,0.16965987132438234
channel,9,9,16,qaoa,nominal,3.720977277999353,3.720977277999353,True,0.0048513340298086405,105,0.05960709114041271,0.02086524106071882,8.501000000000001,0.0,0.1773754142571707,True,-2.177375414257171,modeled_qpu,1024.0,0.031998540893067876,6.334806405520799,1.2651648769424997,0.16965987132438234
channel,9,9,16,qaoa,stressed,3.720977277999353,3.720977277999353,True,0.0048513340298086405,105,0.05960709114041271,0.02086524106071882,39.104000000000006,0.0,0.8159143864383488,True,-2.8159143864383487,modeled_qpu,1024.0,0.031998540893067876,6.334806405520799,1.2651648769424997,0.16965987132438234
channel,9,9,16,mean_field,local,3.720977277999353,3.720977277999353,True,0.003488707938231528,110,0.05960709114041271,0.02086524106071882,0.003488707938231528,0.0,7.279273212164417e-05,False,-7.279273212164417e-05,measured_local,,,,,
channel,9,9,17,exact,local,2.7477416978123235,2.7477416978123235,True,3.2499665394425392e-06,512,0.30718030490276355,0.04660451775706269,3.2499665394425392e-06,0.0,1.514631232973094e-07,False,-1.514631232973094e-07,measured_local,,,,,
channel,9,9,17,local_search,local,2.7477416978123235,2.7477416978123235,True,0.00015183293726295233,954,0.30718030490276355,0.04660451775706269,0.00015183293726295233,0.0,7.076100820778247e-06,False,-7.076100820778247e-06,measured_local,,,,,
channel,9,9,17,annealing,local,2.7477416978123235,2.7477416978123235,True,0.001275207963772118,960,0.30718030490276355,0.04660451775706269,0.001275207963772118,0.0,5.9430452191565434e-05,False,-5.9430452191565434e-05,measured_local,,,,,
channel,9,9,17,random,local,2.7477416978123235,2.7477416978123235,True,1.1916039511561394e-05,256,0.30718030490276355,0.04660451775706269,1.1916039511561394e-05,0.0,5.553412750104236e-07,False,-5.553412750104236e-07,measured_local,,,,,
channel,9,9,17,qaoa,optimistic,2.7477416978123235,2.7477416978123235,True,0.004090540925972164,95,0.30718030490276355,0.04660451775706269,1.2203000000000002,0.0,0.056871493018943606,True,-2.0568714930189436,modeled_qpu,1024.0,0.027058657996818104,6.097562513563526,1.2719729305645864,0.19430242329630484
channel,9,9,17,qaoa,nominal,2.7477416978123235,2.7477416978123235,True,0.004090540925972164,95,0.30718030490276355,0.04660451775706269,7.739000000000001,0.0,0.3606723629219082,True,-2.360672362921908,modeled_qpu,1024.0,0.027058657996818104,6.097562513563526,1.2719729305645864,0.19430242329630484
channel,9,9,17,qaoa,stressed,2.7477416978123235,2.7477416978123235,True,0.004090540925972164,95,0.30718030490276355,0.04660451775706269,35.856,0.0,1.67105158869724,True,-3.6710515886972397,modeled_qpu,1024.0,0.027058657996818104,6.097562513563526,1.2719729305645864,0.19430242329630484
channel,9,9,17,mean_field,local,2.7477416978123235,2.7477416978123235,True,0.0036453340435400605,114,0.30718030490276355,0.04660451775706269,0.0036453340435400605,0.0,0.00016988903516258787,False,-0.00016988903516258787,measured_local,,,,,
channel,9,9,18,exact,local,1.9684642302727349,1.9684642302727349,True,5.792011506855488e-06,512,0.16052840114219608,0.07969676648163877,5.792011506855488e-06,0.0,4.616045885208265e-07,False,-4.616045885208265e-07,measured_local,,,,,
channel,9,9,18,local_search,local,1.9684642302727349,1.9684642302727349,True,0.00018991704564541578,819,0.16052840114219608,0.07969676648163877,0.00018991704564541578,0.0,1.5135774437685433e-05,False,-1.5135774437685433e-05,measured_local,,,,,
channel,9,9,18,annealing,local,1.9684642302727349,1.9684642302727349,True,0.0011628330685198307,960,0.16052840114219608,0.07969676648163877,0.0011628330685198307,0.0,9.26740355189524e-05,False,-9.26740355189524e-05,measured_local,,,,,
channel,9,9,18,random,local,2.8035103757971864,1.9684642302727349,True,9.124982170760632e-06,256,0.16052840114219608,0.07969676648163877,9.124982170760632e-06,0.2813057799412087,7.272315732122274e-07,False,-0.28130650717278194,measured_local,,,,,
channel,9,9,18,qaoa,optimistic,1.9684642302727349,1.9684642302727349,True,0.004641124978661537,105,0.16052840114219608,0.07969676648163877,1.3477000000000001,0.0,0.10740733218730458,True,-2.1074073321873046,modeled_qpu,1024.0,0.04070335568454103,6.774907591682529,1.2559673999781686,0.21136011392407147
channel,9,9,18,qaoa,nominal,1.9684642302727349,1.9684642302727349,True,0.004641124978661537,105,0.16052840114219608,0.07969676648163877,8.501000000000001,0.0,0.6775022118604113,True,-2.6775022118604115,modeled_qpu,1024.0,0.04070335568454103,6.774907591682529,1.2559673999781686,0.21136011392407147
channel,9,9,18,qaoa,stressed,1.9684642302727349,1.9684642302727349,True,0.004641124978661537,105,0.16052840114219608,0.07969676648163877,39.104000000000006,0.0,3.116462356498003,True,-5.116462356498003,modeled_qpu,1024.0,0.04070335568454103,6.774907591682529,1.2559673999781686,0.21136011392407147
channel,9,9,18,mean_field,local,1.9684642302727349,1.9684642302727349,True,0.0038353749550879,116,0.16052840114219608,0.07969676648163877,0.0038353749550879,0.0,0.00030566698216516616,False,-0.00030566698216516616,measured_local,,,,,
channel,9,9,19,exact,local,2.9677756585361585,2.9677756585361585,True,3.1669624149799347e-06,512,0.33162347092556027,0.028097122820865034,3.1669624149799347e-06,0.0,8.898253194275457e-08,False,-8.898253194275457e-08,measured_local,,,,,
channel,9,9,19,local_search,local,2.9677756585361585,2.9677756585361585,True,0.0001312500098720193,819,0.33162347092556027,0.028097122820865034,0.0001312500098720193,0.0,3.6877476476138744e-06,False,-3.6877476476138744e-06,measured_local,,,,,
channel,9,9,19,annealing,local,2.9677756585361585,2.9677756585361585,True,0.0011099169496446848,960,0.33162347092556027,0.028097122820865034,0.0011099169496446848,0.0,3.118547285512658e-05,False,-3.118547285512658e-05,measured_local,,,,,
channel,9,9,19,random,local,3.121178417532989,2.9677756585361585,True,7.834052667021751e-06,256,0.33162347092556027,0.028097122820865034,7.834052667021751e-06,0.03866215537332718,2.2011433997043545e-07,False,-0.03866237548766715,measured_local,,,,,
channel,9,9,19,qaoa,optimistic,2.9677756585361585,2.9677756585361585,True,0.00426099996548146,97,0.33162347092556027,0.028097122820865034,1.24578,0.0,0.03500283366777725,True,-2.0350028336677775,modeled_qpu,1024.0,0.029919718845703623,6.127509702463333,1.251208895446526,0.15028488711980725
channel,9,9,19,qaoa,nominal,2.9677756585361585,2.9677756585361585,True,0.00426099996548146,97,0.33162347092556027,0.028097122820865034,7.8914,0.0,0.22172563502857434,True,-2.2217256350285743,modeled_qpu,1024.0,0.029919718845703623,6.127509702463333,1.251208895446526,0.15028488711980725
channel,9,9,19,qaoa,stressed,2.9677756585361585,2.9677756585361585,True,0.00426099996548146,97,0.33162347092556027,0.028097122820865034,36.5056,0.0,1.0257023268493706,True,-3.0257023268493706,modeled_qpu,1024.0,0.029919718845703623,6.127509702463333,1.251208895446526,0.15028488711980725
channel,9,9,19,mean_field,local,2.9677756585361585,2.9677756585361585,True,0.0036819579545408487,110,0.33162347092556027,0.028097122820865034,0.0036819579545408487,0.0,0.00010345242486999522,False,-0.00010345242486999522,measured_local,,,,,
channel,9,9,20,exact,local,5.291246635498655,5.291246635498655,True,3.7921126931905746e-06,512,0.34112415231169463,0.07742120366981738,3.7921126931905746e-06,0.0,2.9358992915840716e-07,False,-2.9358992915840716e-07,measured_local,,,,,
channel,9,9,20,local_search,local,5.291246635498655,5.291246635498655,True,0.00013320893049240112,765,0.34112415231169463,0.07742120366981738,0.00013320893049240112,0.0,1.0313195738290733e-05,False,-1.0313195738290733e-05,measured_local,,,,,
channel,9,9,20,annealing,local,5.291246635498655,5.291246635498655,True,0.001125333015806973,960,0.34112415231169463,0.07742120366981738,0.001125333015806973,0.0,8.712463661316147e-05,False,-8.712463661316147e-05,measured_local,,,,,
channel,9,9,20,random,local,6.846062309312865,5.291246635498655,True,8.792034350335598e-06,256,0.34112415231169463,0.07742120366981738,8.792034350335598e-06,0.24713952001835213,6.806898821093628e-07,False,-0.24714020070823423,measured_local,,,,,
channel,9,9,20,qaoa,optimistic,5.291246635498655,5.291246635498655,True,0.004919957951642573,108,0.34112415231169463,0.07742120366981738,1.3859200000000003,0.0,0.10729959459007332,True,-2.1072995945900734,modeled_qpu,1024.0,0.033380123765301695,6.465222254577859,1.289319005421495,0.19654756842740556
channel,9,9,20,qaoa,nominal,5.291246635498655,5.291246635498655,True,0.004919957951642573,108,0.34112415231169463,0.07742120366981738,8.7296,0.0,0.6758561395560377,True,-2.675856139556038,modeled_qpu,1024.0,0.033380123765301695,6.465222254577859,1.289319005421495,0.19654756842740556
channel,9,9,20,qaoa,stressed,5.291246635498655,5.291246635498655,True,0.004919957951642573,108,0.34112415231169463,0.07742120366981738,40.0784,0.0,3.102917969160409,True,-5.1029179691604085,modeled_qpu,1024.0,0.033380123765301695,6.465222254577859,1.289319005421495,0.19654756842740556
channel,9,9,20,mean_field,local,5.291246635498655,5.291246635498655,True,0.003557541989721358,109,0.34112415231169463,0.07742120366981738,0.003557541989721358,0.0,0.0002754291829501446,False,-0.0002754291829501446,measured_local,,,,,
channel,9,9,21,exact,local,0.5780119553853942,0.5780119553853942,True,3.4169061109423637e-06,512,0.18145782692668633,0.028321219384300052,3.4169061109423637e-06,0.0,9.677094758355417e-08,False,-9.677094758355417e-08,measured_local,,,,,
channel,9,9,21,local_search,local,0.5780119553853942,0.5780119553853942,True,0.00014629203360527754,891,0.18145782692668633,0.028321219384300052,0.00014629203360527754,0.0,4.143168777910461e-06,False,-4.143168777910461e-06,measured_local,,,,,
channel,9,9,21,annealing,local,0.5780119553853942,0.5780119553853942,True,0.0011223750188946724,960,0.18145782692668633,0.028321219384300052,0.0011223750188946724,0.0,3.178702914157393e-05,False,-3.178702914157393e-05,measured_local,,,,,
channel,9,9,21,random,local,0.5780119553853942,0.5780119553853942,True,7.6669966802001e-06,256,0.18145782692668633,0.028321219384300052,7.6669966802001e-06,0.0,2.171386949986472e-07,False,-2.171386949986472e-07,measured_local,,,,,
channel,9,9,21,qaoa,optimistic,0.5780119553853942,0.5780119553853942,True,0.005761125008575618,127,0.18145782692668633,0.028321219384300052,1.6279800000000002,0.0,0.0461063787332528,True,-2.0461063787332527,modeled_qpu,1024.0,0.06957834854113511,7.863020101369349,2.8037702946215752,0.24483874844875275
channel,9,9,21,qaoa,nominal,0.5780119553853942,0.5780119553853942,True,0.005761125008575618,127,0.18145782692668633,0.028321219384300052,10.1774,0.0,0.2882363781617754,True,-2.288236378161775,modeled_qpu,1024.0,0.06957834854113511,7.863020101369349,2.8037702946215752,0.24483874844875275
channel,9,9,21,qaoa,stressed,0.5780119553853942,0.5780119553853942,True,0.005761125008575618,127,0.18145782692668633,0.028321219384300052,46.2496,0.0,1.3098450680361238,True,-3.3098450680361235,modeled_qpu,1024.0,0.06957834854113511,7.863020101369349,2.8037702946215752,0.24483874844875275
channel,9,9,21,mean_field,local,0.5780119553853942,0.5780119553853942,True,0.0039677920285612345,121,0.18145782692668633,0.028321219384300052,0.0039677920285612345,0.0,0.00011237270851215965,False,-0.00011237270851215965,measured_local,,,,,
channel,9,9,22,exact,local,4.917235889404069,4.917235889404069,True,4.00003045797348e-06,512,0.489013529465931,0.04606827912989815,4.00003045797348e-06,0.0,1.8427451966601664e-07,False,-1.8427451966601664e-07,measured_local,,,,,
channel,9,9,22,local_search,local,4.917235889404069,4.917235889404069,True,0.00013175001367926598,765,0.489013529465931,0.04606827912989815,0.00013175001367926598,0.0,6.069496405544325e-06,False,-6.069496405544325e-06,measured_local,,,,,
channel,9,9,22,annealing,local,4.917235889404069,4.917235889404069,True,0.0011405829573050141,960,0.489013529465931,0.04606827912989815,0.0011405829573050141,0.0,5.25446940479321e-05,False,-5.25446940479321e-05,measured_local,,,,,
channel,9,9,22,random,local,4.917235889404069,4.917235889404069,True,1.4208024367690086e-05,256,0.489013529465931,0.04606827912989815,1.4208024367690086e-05,0.0,6.545392324551416e-07,False,-6.545392324551416e-07,measured_local,,,,,
channel,9,9,22,qaoa,optimistic,4.917235889404069,4.917235889404069,True,0.0047155419597402215,106,0.489013529465931,0.04606827912989815,1.36044,0.0,0.06267312965947865,True,-2.0626731296594785,modeled_qpu,1024.0,0.023972270872917555,6.304574870118534,1.2700965883675654,0.15417532685185495
channel,9,9,22,qaoa,nominal,4.917235889404069,4.917235889404069,True,0.0047155419597402215,106,0.489013529465931,0.04606827912989815,8.577200000000001,0.0,0.3951368437529625,True,-2.3951368437529625,modeled_qpu,1024.0,0.023972270872917555,6.304574870118534,1.2700965883675654,0.15417532685185495
channel,9,9,22,qaoa,stressed,4.917235889404069,4.917235889404069,True,0.0047155419597402215,106,0.489013529465931,0.04606827912989815,39.4288,0.0,1.8164169641569283,True,-3.8164169641569283,modeled_qpu,1024.0,0.023972270872917555,6.304574870118534,1.2700965883675654,0.15417532685185495
channel,9,9,22,mean_field,local,4.917235889404069,4.917235889404069,True,0.003636291017755866,103,0.489013529465931,0.04606827912989815,0.003636291017755866,0.0,0.00016751766960351869,False,-0.00016751766960351869,measured_local,,,,,
channel,9,9,23,exact,local,2.769744759216313,2.769744759216313,True,4.708068445324898e-06,512,0.2611339709881363,0.01447547227160314,4.708068445324898e-06,0.0,6.815151423311027e-08,False,-6.815151423311027e-08,measured_local,,,,,
channel,9,9,23,local_search,local,2.769744759216313,2.769744759216313,True,0.00015929201617836952,828,0.2611339709881363,0.01447547227160314,0.00015929201617836952,0.0,2.3058271632777467e-06,False,-2.3058271632777467e-06,measured_local,,,,,
channel,9,9,23,annealing,local,2.769744759216313,2.769744759216313,True,0.0011666250647976995,960,0.2611339709881363,0.01447547227160314,0.0011666250647976995,0.0,1.6887448776836316e-05,False,-1.6887448776836316e-05,measured_local,,,,,
channel,9,9,23,random,local,3.204376090785253,2.769744759216313,True,8.209026418626308e-06,256,0.2611339709881363,0.01447547227160314,8.209026418626308e-06,0.11529463115675098,1.1882953429968276e-07,False,-0.11529474998628528,measured_local,,,,,
channel,9,9,23,qaoa,optimistic,2.769744759216313,2.769744759216313,True,0.004991000052541494,112,0.2611339709881363,0.01447547227160314,1.4368800000000002,0.0,0.020799516597621123,True,-2.020799516597621,modeled_qpu,1024.0,0.0390945362038976,7.301755720951008,2.809253380354454,0.18047858485308949
channel,9,9,23,qaoa,nominal,2.769744759216313,2.769744759216313,True,0.004991000052541494,112,0.2611339709881363,0.01447547227160314,9.0344,0.0,0.1307772066905714,True,-2.1307772066905715,modeled_qpu,1024.0,0.0390945362038976,7.301755720951008,2.809253380354454,0.18047858485308949
channel,9,9,23,qaoa,stressed,2.769744759216313,2.769744759216313,True,0.004991000052541494,112,0.2611339709881363,0.01447547227160314,41.3776,0.0,0.5989603014654862,True,-2.5989603014654863,modeled_qpu,1024.0,0.0390945362038976,7.301755720951008,2.809253380354454,0.18047858485308949
channel,9,9,23,mean_field,local,2.769744759216313,2.769744759216313,True,0.0033818751107901335,99,0.2611339709881363,0.01447547227160314,0.0033818751107901335,0.0,4.8954239392267375e-05,False,-4.8954239392267375e-05,measured_local,,,,,
channel,9,9,24,exact,local,2.5746361763819685,2.5746361763819685,True,3.875000402331352e-06,512,0.3950141241872357,0.06889094309121006,3.875000402331352e-06,0.0,2.669524321954253e-07,False,-2.669524321954253e-07,measured_local,,,,,
channel,9,9,24,local_search,local,2.5746361763819685,2.5746361763819685,True,0.00016429100651293993,819,0.3950141241872357,0.06889094309121006,0.00016429100651293993,0.0,1.1318162380080567e-05,False,-1.1318162380080567e-05,measured_local,,,,,
channel,9,9,24,annealing,local,2.5746361763819685,2.5746361763819685,True,0.0011234169360250235,960,0.3950141241872357,0.06889094309121006,0.0011234169360250235,0.0,7.739325220740147e-05,False,-7.739325220740147e-05,measured_local,,,,,
channel,9,9,24,random,local,2.5746361763819685,2.5746361763819685,True,8.95792618393898e-06,256,0.3950141241872357,0.06889094309121006,8.95792618393898e-06,0.0,6.171199829530008e-07,False,-6.171199829530008e-07,measured_local,,,,,
channel,9,9,24,qaoa,optimistic,2.5746361763819685,2.5746361763819685,True,0.004502916941419244,105,0.3950141241872357,0.06889094309121006,1.3477000000000001,0.0,0.09284432400402381,True,-2.092844324004024,modeled_qpu,1024.0,0.04483541774609271,6.907378668907862,1.2635976193126837,0.21213531487996917
channel,9,9,24,qaoa,nominal,2.5746361763819685,2.5746361763819685,True,0.004502916941419244,105,0.3950141241872357,0.06889094309121006,8.501000000000001,0.0,0.5856419072183768,True,-2.5856419072183767,modeled_qpu,1024.0,0.04483541774609271,6.907378668907862,1.2635976193126837,0.21213531487996917
channel,9,9,24,qaoa,stressed,2.5746361763819685,2.5746361763819685,True,0.004502916941419244,105,0.3950141241872357,0.06889094309121006,39.104000000000006,0.0,2.6939114386386787,True,-4.693911438638679,modeled_qpu,1024.0,0.04483541774609271,6.907378668907862,1.2635976193126837,0.21213531487996917
channel,9,9,24,mean_field,local,2.5746361763819685,2.5746361763819685,True,0.003692583995871246,114,0.3950141241872357,0.06889094309121006,0.003692583995871246,0.0,0.00025438559391907905,False,-0.00025438559391907905,measured_local,,,,,
channel,9,9,25,exact,local,4.162934892421006,4.162934892421006,True,3.2499665394425392e-06,512,0.1441655566571852,0.06078456102284697,3.2499665394425392e-06,0.0,1.975477894389558e-07,False,-1.975477894389558e-07,measured_local,,,,,
channel,9,9,25,local_search,local,4.162934892421006,4.162934892421006,True,0.0001212910283356905,729,0.1441655566571852,0.06078456102284697,0.0001212910283356905,0.0,7.37262191339464e-06,False,-7.37262191339464e-06,measured_local,,,,,
channel,9,9,25,annealing,local,4.162934892421006,4.162934892421006,True,0.001099625020287931,960,0.1441655566571852,0.06078456102284697,0.001099625020287931,0.0,6.684022414794107e-05,False,-6.684022414794107e-05,measured_local,,,,,
channel,9,9,25,random,local,4.162934892421006,4.162934892421006,True,7.1660615503787994e-06,256,0.1441655566571852,0.06078456102284697,7.1660615503787994e-06,0.0,4.355859056024775e-07,False,-4.355859056024775e-07,measured_local,,,,,
channel,9,9,25,qaoa,optimistic,4.162934892421006,4.162934892421006,True,0.004580624983645976,102,0.1441655566571852,0.06078456102284697,1.3094800000000002,0.0,0.07959616696819766,True,-2.0795961669681975,modeled_qpu,1024.0,0.02683066250923969,6.364655155253771,1.2725921040219321,0.1550732546273892
channel,9,9,25,qaoa,nominal,4.162934892421006,4.162934892421006,True,0.004580624983645976,102,0.1441655566571852,0.06078456102284697,8.272400000000001,0.0,0.5028342026053993,True,-2.502834202605399,modeled_qpu,1024.0,0.02683066250923969,6.364655155253771,1.2725921040219321,0.1550732546273892
channel,9,9,25,qaoa,stressed,4.162934892421006,4.162934892421006,True,0.004580624983645976,102,0.1441655566571852,0.06078456102284697,38.1296,0.0,2.317690997976746,True,-4.3176909979767455,modeled_qpu,1024.0,0.02683066250923969,6.364655155253771,1.2725921040219321,0.1550732546273892
channel,9,9,25,mean_field,local,4.162934892421006,4.162934892421006,True,0.003462375025264919,111,0.1441655566571852,0.06078456102284697,0.003462375025264919,0.0,0.00021045894600719677,False,-0.00021045894600719677,measured_local,,,,,
channel,9,9,26,exact,local,3.644990943026593,3.644990943026593,True,3.999914042651653e-06,512,0.2748357842425373,0.023957348244006766,3.999914042651653e-06,0.0,9.58273336658986e-08,False,-9.58273336658986e-08,measured_local,,,,,
channel,9,9,26,local_search,local,3.644990943026593,3.644990943026593,True,0.00014312495477497578,828,0.2748357842425373,0.023957348244006766,0.00014312495477497578,0.0,3.428894383951814e-06,False,-3.428894383951814e-06,measured_local,,,,,
channel,9,9,26,annealing,local,3.644990943026593,3.644990943026593,True,0.0011580419959500432,960,0.2748357842425373,0.023957348244006766,0.0011580419959500432,0.0,2.774361537815986e-05,False,-2.774361537815986e-05,measured_local,,,,,
channel,9,9,26,random,local,3.644990943026593,3.644990943026593,True,9.874929673969746e-06,256,0.2748357842425373,0.023957348244006766,9.874929673969746e-06,0.0,2.3657712908436938e-07,False,-2.3657712908436938e-07,measured_local,,,,,
channel,9,9,26,qaoa,optimistic,3.644990943026593,3.644990943026593,True,0.0054253749549388885,104,0.2748357842425373,0.023957348244006766,1.3349600000000001,0.0,0.031982101611819275,True,-2.031982101611819,modeled_qpu,1024.0,0.02611419424613244,6.484786165170412,1.2559348009911613,0.17112807736195904
channel,9,9,26,qaoa,nominal,3.644990943026593,3.644990943026593,True,0.0054253749549388885,104,0.2748357842425373,0.023957348244006766,8.424800000000001,0.0,0.20183586748610824,True,-2.2018358674861083,modeled_qpu,1024.0,0.02611419424613244,6.484786165170412,1.2559348009911613,0.17112807736195904
channel,9,9,26,qaoa,stressed,3.644990943026593,3.644990943026593,True,0.0054253749549388885,104,0.2748357842425373,0.023957348244006766,38.7792,0.0,0.9290467990239872,True,-2.929046799023987,modeled_qpu,1024.0,0.02611419424613244,6.484786165170412,1.2559348009911613,0.17112807736195904
channel,9,9,26,mean_field,local,3.644990943026593,3.644990943026593,True,0.00342700001783669,101,0.2748357842425373,0.023957348244006766,0.00342700001783669,0.0,8.210183285953098e-05,False,-8.210183285953098e-05,measured_local,,,,,
channel,9,9,27,exact,local,6.881579008497258,6.881579008497258,True,3.7499703466892242e-06,512,0.22036647131027876,0.02906360201591235,3.7499703466892242e-06,0.0,1.0898764572764846e-07,False,-1.0898764572764846e-07,measured_local,,,,,
channel,9,9,27,local_search,local,6.881579008497258,6.881579008497258,True,0.00015645800158381462,945,0.22036647131027876,0.02906360201591235,0.00015645800158381462,0.0,4.547233090236972e-06,False,-4.547233090236972e-06,measured_local,,,,,
channel,9,9,27,annealing,local,6.881579008497258,6.881579008497258,True,0.0011125419987365603,960,0.22036647131027876,0.02906360201591235,0.0011125419987365603,0.0,3.233447787726705e-05,False,-3.233447787726705e-05,measured_local,,,,,
channel,9,9,27,random,local,6.881579008497258,6.881579008497258,True,7.708906196057796e-06,256,0.22036647131027876,0.02906360201591235,7.708906196057796e-06,0.0,2.2404858166022458e-07,False,-2.2404858166022458e-07,measured_local,,,,,
channel,9,9,27,qaoa,optimistic,6.881579008497258,6.881579008497258,True,0.004423458012752235,99,0.22036647131027876,0.02906360201591235,1.27126,0.0,0.036947394698748734,True,-2.036947394698749,modeled_qpu,1024.0,0.021789309123207513,6.323582025951929,1.2812062339579586,0.16072444295143967
channel,9,9,27,qaoa,nominal,6.881579008497258,6.881579008497258,True,0.004423458012752235,99,0.22036647131027876,0.02906360201591235,8.043800000000001,0.0,0.23378180189559578,True,-2.2337818018955957,modeled_qpu,1024.0,0.021789309123207513,6.323582025951929,1.2812062339579586,0.16072444295143967
channel,9,9,27,qaoa,stressed,6.881579008497258,6.881579008497258,True,0.004423458012752235,99,0.22036647131027876,0.02906360201591235,37.1552,0.0,1.0798639456216266,True,-3.079863945621627,modeled_qpu,1024.0,0.021789309123207513,6.323582025951929,1.2812062339579586,0.16072444295143967
channel,9,9,27,mean_field,local,6.881579008497258,6.881579008497258,True,0.0033628749661147594,106,0.22036647131027876,0.02906360201591235,0.0033628749661147594,0.0,9.773725964443409e-05,False,-9.773725964443409e-05,measured_local,,,,,
channel,9,9,28,exact,local,2.0656479068442373,2.0656479068442373,True,3.5410048440098763e-06,512,0.2930321785178975,0.058922063180158656,3.5410048440098763e-06,0.0,2.0864331113999778e-07,False,-2.0864331113999778e-07,measured_local,,,,,
channel,9,9,28,local_search,local,2.0656479068442373,2.0656479068442373,True,0.00013987498823553324,855,0.2930321785178975,0.058922063180158656,0.00013987498823553324,0.0,8.241722894138038e-06,False,-8.241722894138038e-06,measured_local,,,,,
channel,9,9,28,annealing,local,2.0656479068442373,2.0656479068442373,True,0.0012341670226305723,960,0.2930321785178975,0.058922063180158656,0.0012341670226305723,0.0,7.271966728230688e-05,False,-7.271966728230688e-05,measured_local,,,,,
channel,9,9,28,random,local,3.559915803206759,2.0656479068442373,True,1.183303538709879e-05,256,0.2930321785178975,0.058922063180158656,1.183303538709879e-05,0.48742319462925987,6.972268586916879e-07,False,-0.48742389185611856,measured_local,,,,,
channel,9,9,28,qaoa,optimistic,2.0656479068442373,2.0656479068442373,True,0.004996042000129819,111,0.2930321785178975,0.058922063180158656,1.4241400000000002,0.0,0.08391326705739116,True,-2.083913267057391,modeled_qpu,1024.0,0.044119463881332914,7.0173797934913145,1.2460160767390114,0.20772697712022922
channel,9,9,28,qaoa,nominal,2.0656479068442373,2.0656479068442373,True,0.004996042000129819,111,0.2930321785178975,0.058922063180158656,8.9582,0.0,0.5278356263804973,True,-2.5278356263804973,modeled_qpu,1024.0,0.044119463881332914,7.0173797934913145,1.2460160767390114,0.20772697712022922
channel,9,9,28,qaoa,stressed,2.0656479068442373,2.0656479068442373,True,0.004996042000129819,111,0.2930321785178975,0.058922063180158656,41.052800000000005,0.0,2.4189156753224177,True,-4.418915675322418,modeled_qpu,1024.0,0.044119463881332914,7.0173797934913145,1.2460160767390114,0.20772697712022922
channel,9,9,28,mean_field,local,3.4301247849858623,2.0656479068442373,True,0.004519041976891458,110,0.2930321785178975,0.058922063180158656,0.004519041976891458,0.4450859719067382,0.00026627127687618756,False,-0.4453522431836144,measured_local,,,,,
channel,9,9,29,exact,local,4.702897147549456,4.702897147549456,True,4.624947905540466e-06,512,0.16669992766192188,0.06231489189280806,4.624947905540466e-06,0.0,2.882031287436232e-07,False,-2.882031287436232e-07,measured_local,,,,,
channel,9,9,29,local_search,local,4.702897147549456,4.702897147549456,True,0.00014179199934005737,837,0.16669992766192188,0.06231489189280806,0.00014179199934005737,0.0,8.835753110140788e-06,False,-8.835753110140788e-06,measured_local,,,,,
channel,9,9,29,annealing,local,4.702897147549456,4.702897147549456,True,0.0011382090160623193,960,0.16669992766192188,0.06231489189280806,0.0011382090160623193,0.0,7.092737178734286e-05,False,-7.092737178734286e-05,measured_local,,,,,
channel,9,9,29,random,local,4.702897147549456,4.702897147549456,True,1.0082963854074478e-05,256,0.16669992766192188,0.06231489189280806,1.0082963854074478e-05,0.0,6.283188025257424e-07,False,-6.283188025257424e-07,measured_local,,,,,
channel,9,9,29,qaoa,optimistic,4.702897147549456,4.702897147549456,True,0.004154166090302169,93,0.16669992766192188,0.06231489189280806,1.1948200000000002,0.0,0.07445507913136494,True,-2.074455079131365,modeled_qpu,1024.0,0.022750551063945124,5.8021877670482995,1.2793842209744983,0.15497765107135097
channel,9,9,29,qaoa,nominal,4.702897147549456,4.702897147549456,True,0.004154166090302169,93,0.16669992766192188,0.06231489189280806,7.586600000000001,0.0,0.4727581588339777,True,-2.4727581588339778,modeled_qpu,1024.0,0.022750551063945124,5.8021877670482995,1.2793842209744983,0.15497765107135097
channel,9,9,29,qaoa,stressed,4.702897147549456,4.702897147549456,True,0.004154166090302169,93,0.16669992766192188,0.06231489189280806,35.2064,0.0,2.1938830099349578,True,-4.193883009934957,modeled_qpu,1024.0,0.022750551063945124,5.8021877670482995,1.2793842209744983,0.15497765107135097
channel,9,9,29,mean_field,local,4.702897147549456,4.702897147549456,True,0.0037957080639898777,113,0.16669992766192188,0.06231489189280806,0.0037957080639898777,0.0,0.00023652913766418902,False,-0.00023652913766418902,measured_local,,,,,
channel,12,12,0,exact,local,3.252763641689329,3.252763641689329,True,7.958034984767437e-06,4096,0.09223031904498781,0.049947935010164944,7.958034984767437e-06,0.0,3.974874142277829e-07,False,-3.974874142277829e-07,measured_local,,,,,
channel,12,12,0,local_search,local,3.252763641689329,3.252763641689329,True,0.0001816670410335064,1440,0.09223031904498781,0.049947935010164944,0.0001816670410335064,0.0,9.073893559030546e-06,False,-9.073893559030546e-06,measured_local,,,,,
channel,12,12,0,annealing,local,3.252763641689329,3.252763641689329,True,0.0011983329895883799,960,0.09223031904498781,0.049947935010164944,0.0011983329895883799,0.0,5.985425828449706e-05,False,-5.985425828449706e-05,measured_local,,,,,
channel,12,12,0,random,local,3.4468253279460312,3.252763641689329,True,1.4457968063652515e-05,256,0.09223031904498781,0.049947935010164944,1.4457968063652515e-05,0.04563190024348846,7.221456492223561e-07,False,-0.045632622389137685,measured_local,,,,,
channel,12,12,0,qaoa,optimistic,3.252763641689329,3.252763641689329,True,0.023131374968215823,122,0.09223031904498781,0.049947935010164944,1.5642800000000001,0.0,0.07813255577770083,True,-2.078132555777701,modeled_qpu,1024.0,0.007419460042747701,9.93817101681756,2.824015766625487,0.18042705771158496
channel,12,12,0,qaoa,nominal,3.252763641689329,3.252763641689329,True,0.023131374968215823,122,0.09223031904498781,0.049947935010164944,9.7964,0.0,0.4893099505335799,True,-2.48930995053358,modeled_qpu,1024.0,0.007419460042747701,9.93817101681756,2.824015766625487,0.18042705771158496
channel,12,12,0,qaoa,stressed,3.252763641689329,3.252763641689329,True,0.023131374968215823,122,0.09223031904498781,0.049947935010164944,44.625600000000006,0.0,2.228956568589617,True,-4.228956568589616,modeled_qpu,1024.0,0.007419460042747701,9.93817101681756,2.824015766625487,0.18042705771158496
channel,12,12,0,mean_field,local,3.252763641689329,3.252763641689329,True,0.008639083011075854,106,0.09223031904498781,0.049947935010164944,0.008639083011075854,0.0,0.00043150435678463686,False,-0.00043150435678463686,measured_local,,,,,
channel,12,12,1,exact,local,4.85959488374486,4.85959488374486,True,9.624985978007317e-06,4096,0.3617880045508505,0.0569214652716934,9.624985978007317e-06,0.0,5.478683050876794e-07,False,-5.478683050876794e-07,measured_local,,,,,
channel,12,12,1,local_search,local,4.85959488374486,4.85959488374486,True,0.00017704209312796593,1356,0.3617880045508505,0.0569214652716934,0.00017704209312796593,0.0,1.0077495355611422e-05,False,-1.0077495355611422e-05,measured_local,,,,,
channel,12,12,1,annealing,local,4.85959488374486,4.85959488374486,True,0.0011621250305324793,960,0.3617880045508505,0.0569214652716934,0.0011621250305324793,0.0,6.614985956682015e-05,False,-6.614985956682015e-05,measured_local,,,,,
channel,12,12,1,random,local,5.660663257161523,4.85959488374486,True,1.3625016435980797e-05,256,0.3617880045508505,0.0569214652716934,1.3625016435980797e-05,0.13671053875053918,7.755558998869327e-07,False,-0.13671131430643907,measured_local,,,,,
channel,12,12,1,qaoa,optimistic,4.85959488374486,4.85959488374486,True,0.0227794999955222,121,0.3617880045508505,0.0569214652716934,1.5515400000000001,0.0,0.08831593022764318,True,-2.088315930227643,modeled_qpu,1024.0,0.006195996691536594,8.696760195231457,1.2769777009682843,0.17047656939544703
channel,12,12,1,qaoa,nominal,4.85959488374486,4.85959488374486,True,0.0227794999955222,121,0.3617880045508505,0.0569214652716934,9.7202,0.0,0.5532880267339142,True,-2.553288026733914,modeled_qpu,1024.0,0.006195996691536594,8.696760195231457,1.2769777009682843,0.17047656939544703
channel,12,12,1,qaoa,stressed,4.85959488374486,4.85959488374486,True,0.0227794999955222,121,0.3617880045508505,0.0569214652716934,44.3008,0.0,2.521666448708235,True,-4.521666448708235,modeled_qpu,1024.0,0.006195996691536594,8.696760195231457,1.2769777009682843,0.17047656939544703
channel,12,12,1,mean_field,local,4.85959488374486,4.85959488374486,True,0.009326833067461848,110,0.3617880045508505,0.0569214652716934,0.009326833067461848,0.0,0.0005308970045444112,False,-0.0005308970045444112,measured_local,,,,,
channel,12,12,2,exact,local,5.174718893802752,5.174718893802752,True,9.749899618327618e-06,4096,0.2716227336235365,0.03415155888551794,9.749899618327618e-06,0.0,3.3297427094320457e-07,False,-3.3297427094320457e-07,measured_local,,,,,
channel,12,12,2,local_search,local,5.174718893802752,5.174718893802752,True,0.0001599579118192196,1176,0.2716227336235365,0.03415155888551794,0.0001599579118192196,0.0,5.462812044698564e-06,False,-5.462812044698564e-06,measured_local,,,,,
channel,12,12,2,annealing,local,5.181049896715416,5.174718893802752,True,0.001101000001654029,960,0.2716227336235365,0.03415155888551794,0.001101000001654029,0.0010253103050599272,3.760086638944292e-05,False,-0.00106291117144937,measured_local,,,,,
channel,12,12,2,random,local,6.211890653364532,5.174718893802752,True,1.0833959095180035e-05,256,0.2716227336235365,0.03415155888551794,1.0833959095180035e-05,0.16797068456067457,3.6999659200233366e-07,False,-0.16797105455726657,measured_local,,,,,
channel,12,12,2,qaoa,optimistic,5.174718893802752,5.174718893802752,True,0.022090999991632998,118,0.2716227336235365,0.03415155888551794,1.5133200000000002,0.0,0.05168223709263202,True,-2.051682237092632,modeled_qpu,1024.0,0.0037824181412454447,7.836455058896118,1.2727012173984962,0.13671164639426547
channel,12,12,2,qaoa,nominal,5.174718893802752,5.174718893802752,True,0.022090999991632998,118,0.2716227336235365,0.03415155888551794,9.4916,0.0,0.3241529363177821,True,-2.324152936317782,modeled_qpu,1024.0,0.0037824181412454447,7.836455058896118,1.2727012173984962,0.13671164639426547
channel,12,12,2,qaoa,stressed,5.174718893802752,5.174718893802752,True,0.022090999991632998,118,0.2716227336235365,0.03415155888551794,43.32640000000001,0.0,1.4796641008975049,True,-3.479664100897505,modeled_qpu,1024.0,0.0037824181412454447,7.836455058896118,1.2727012173984962,0.13671164639426547
channel,12,12,2,mean_field,local,5.174718893802752,5.174718893802752,True,0.009907958097755909,114,0.2716227336235365,0.03415155888551794,0.009907958097755909,0.0,0.00033837221441075524,False,-0.00033837221441075524,measured_local,,,,,
channel,12,12,3,exact,local,4.250866393885196,4.250866393885196,True,7.500057108700275e-06,4096,0.27944913450594944,0.036846427533119105,7.500057108700275e-06,0.0,2.763503107499795e-07,False,-2.763503107499795e-07,measured_local,,,,,
channel,12,12,3,local_search,local,4.250866393885196,4.250866393885196,True,0.00016987498383969069,1260,0.27944913450594944,0.036846427533119105,0.00016987498383969069,0.0,6.259286281738942e-06,False,-6.259286281738942e-06,measured_local,,,,,
channel,12,12,3,annealing,local,4.250866393885196,4.250866393885196,True,0.0011037500808015466,960,0.27944913450594944,0.036846427533119105,0.0011037500808015466,0.0,4.066924736692854e-05,False,-4.066924736692854e-05,measured_local,,,,,
channel,12,12,3,random,local,6.163926174230598,4.250866393885196,True,1.0041985660791397e-05,256,0.27944913450594944,0.036846427533119105,1.0041985660791397e-05,0.36433221431290314,3.700112969389714e-07,False,-0.36433258432420007,measured_local,,,,,
channel,12,12,3,qaoa,optimistic,4.250866393885196,4.250866393885196,True,0.023731041001155972,126,0.27944913450594944,0.036846427533119105,1.6152400000000002,0.0,0.059515823608595315,True,-2.0595158236085953,modeled_qpu,1024.0,0.008572741293122542,9.37120784781333,1.2710676462315362,0.1724862215573859
channel,12,12,3,qaoa,nominal,4.250866393885196,4.250866393885196,True,0.023731041001155972,126,0.27944913450594944,0.036846427533119105,10.1012,0.0,0.3721931337975427,True,-2.3721931337975426,modeled_qpu,1024.0,0.008572741293122542,9.37120784781333,1.2710676462315362,0.1724862215573859
channel,12,12,3,qaoa,stressed,4.250866393885196,4.250866393885196,True,0.023731041001155972,126,0.27944913450594944,0.036846427533119105,45.924800000000005,0.0,1.6921648151729884,True,-3.6921648151729887,modeled_qpu,1024.0,0.008572741293122542,9.37120784781333,1.2710676462315362,0.1724862215573859
channel,12,12,3,mean_field,local,4.250866393885196,4.250866393885196,True,0.008921958040446043,102,0.27944913450594944,0.036846427533119105,0.008921958040446043,0.0,0.00032874228039082447,False,-0.00032874228039082447,measured_local,,,,,
channel,12,12,4,exact,local,1.4895600267967848,1.4895600267967848,True,8.790986612439156e-06,4096,0.46628798189263854,0.06108080966274915,8.790986612439156e-06,0.0,5.36960580022172e-07,False,-5.36960580022172e-07,measured_local,,,,,
channel,12,12,4,local_search,local,1.4895600267967848,1.4895600267967848,True,0.00016245793085545301,1248,0.46628798189263854,0.06108080966274915,0.00016245793085545301,0.0,9.923061952785988e-06,False,-9.923061952785988e-06,measured_local,,,,,
channel,12,12,4,annealing,local,1.4895600267967848,1.4895600267967848,True,0.001122749992646277,960,0.46628798189263854,0.06108080966274915,0.001122749992646277,0.0,6.857847859968025e-05,False,-6.857847859968025e-05,measured_local,,,,,
channel,12,12,4,random,local,4.448598390095322,1.4895600267967848,True,8.875038474798203e-06,256,0.46628798189263854,0.06108080966274915,8.875038474798203e-06,1.1885788378060564,5.420945358287245e-07,False,-1.1885793799005924,measured_local,,,,,
channel,12,12,4,qaoa,optimistic,1.4895600267967848,1.4895600267967848,True,0.023923540953546762,127,0.46628798189263854,0.06108080966274915,1.6279800000000002,0.0,0.09943833651476237,True,-2.0994383365147624,modeled_qpu,1024.0,0.01225222858738992,10.172394122229555,2.814002973257269,0.20313824106177686
channel,12,12,4,qaoa,nominal,1.4895600267967848,1.4895600267967848,True,0.023923540953546762,127,0.46628798189263854,0.06108080966274915,10.1774,0.0,0.6216438322616632,True,-2.6216438322616633,modeled_qpu,1024.0,0.01225222858738992,10.172394122229555,2.814002973257269,0.20313824106177686
channel,12,12,4,qaoa,stressed,1.4895600267967848,1.4895600267967848,True,0.023923540953546762,127,0.46628798189263854,0.06108080966274915,46.2496,0.0,2.824963014578283,True,-4.824963014578283,modeled_qpu,1024.0,0.01225222858738992,10.172394122229555,2.814002973257269,0.20313824106177686
channel,12,12,4,mean_field,local,1.4895600267967848,1.4895600267967848,True,0.009720667032524943,111,0.46628798189263854,0.06108080966274915,0.009720667032524943,0.0,0.0005937462128086167,False,-0.0005937462128086167,measured_local,,,,,
channel,12,12,5,exact,local,2.2226713268130176,2.2226713268130176,True,8.124974556267262e-06,4096,0.28150122535472444,0.01914515462156388,8.124974556267262e-06,0.0,1.555538941760091e-07,False,-1.555538941760091e-07,measured_local,,,,,
channel,12,12,5,local_search,local,2.2226713268130176,2.2226713268130176,True,0.00019166700076311827,1548,0.28150122535472444,0.01914515462156388,0.00019166700076311827,0.0,3.6694943654613017e-06,False,-3.6694943654613017e-06,measured_local,,,,,
channel,12,12,5,annealing,local,2.2226713268130176,2.2226713268130176,True,0.0011826250702142715,960,0.28150122535472444,0.01914515462156388,0.0011826250702142715,0.0,2.2641539828590072e-05,False,-2.2641539828590072e-05,measured_local,,,,,
channel,12,12,5,random,local,5.651794913815632,2.2226713268130176,True,9.665964171290398e-06,256,0.28150122535472444,0.01914515462156388,9.665964171290398e-06,1.0640624622411503,1.8505637862585124e-07,False,-1.064062647297529,measured_local,,,,,
channel,12,12,5,qaoa,optimistic,2.2226713268130176,2.2226713268130176,True,0.02346699999179691,125,0.28150122535472444,0.01914515462156388,1.6025000000000003,0.0,0.030680110281056126,True,-2.030680110281056,modeled_qpu,1024.0,0.014465202835367865,10.358025914377038,2.820144956805416,0.2148893870582633
channel,12,12,5,qaoa,nominal,2.2226713268130176,2.2226713268130176,True,0.02346699999179691,125,0.28150122535472444,0.01914515462156388,10.025,0.0,0.1919301750811779,True,-2.1919301750811777,modeled_qpu,1024.0,0.014465202835367865,10.358025914377038,2.820144956805416,0.2148893870582633
channel,12,12,5,qaoa,stressed,2.2226713268130176,2.2226713268130176,True,0.02346699999179691,125,0.28150122535472444,0.01914515462156388,45.6,0.0,0.873019050743313,True,-2.873019050743313,modeled_qpu,1024.0,0.014465202835367865,10.358025914377038,2.820144956805416,0.2148893870582633
channel,12,12,5,mean_field,local,4.5416375412398455,2.2226713268130176,True,0.009659416042268276,111,0.28150122535472444,0.01914515462156388,0.009659416042268276,0.719578877043013,0.0001849310136832408,False,-0.7197638080566963,measured_local,,,,,
channel,12,12,6,exact,local,3.765917365625168,3.765917365625168,True,1.1208001524209976e-05,4096,0.33820039182318723,0.01850208887157041,1.1208001524209976e-05,0.0,2.073714402736296e-07,False,-2.073714402736296e-07,measured_local,,,,,
channel,12,12,6,local_search,local,3.765917365625168,3.765917365625168,True,0.00016425002831965685,1308,0.33820039182318723,0.01850208887157041,0.00016425002831965685,0.0,3.0389686211282476e-06,False,-3.0389686211282476e-06,measured_local,,,,,
channel,12,12,6,annealing,local,3.765917365625168,3.765917365625168,True,0.001141624990850687,960,0.33820039182318723,0.01850208887157041,0.001141624990850687,0.0,2.1122447038725165e-05,False,-2.1122447038725165e-05,measured_local,,,,,
channel,12,12,6,random,local,3.765917365625168,3.765917365625168,True,1.0040937922894955e-05,256,0.33820039182318723,0.01850208887157041,1.0040937922894955e-05,0.0,1.8577832580332403e-07,False,-1.8577832580332403e-07,measured_local,,,,,
channel,12,12,6,qaoa,optimistic,3.765917365625168,3.765917365625168,True,0.023678791942074895,124,0.33820039182318723,0.01850208887157041,1.5897600000000003,0.0,0.02941388080446778,True,-2.029413880804468,modeled_qpu,1024.0,0.008215449419110718,9.319866180347125,1.2687254160801653,0.18852791437576394
channel,12,12,6,qaoa,nominal,3.765917365625168,3.765917365625168,True,0.023678791942074895,124,0.33820039182318723,0.01850208887157041,9.9488,0.0,0.1840735817654797,True,-2.1840735817654795,modeled_qpu,1024.0,0.008215449419110718,9.319866180347125,1.2687254160801653,0.18852791437576394
channel,12,12,6,qaoa,stressed,3.765917365625168,3.765917365625168,True,0.023678791942074895,124,0.33820039182318723,0.01850208887157041,45.275200000000005,0.0,0.8376857740781247,True,-2.8376857740781247,modeled_qpu,1024.0,0.008215449419110718,9.319866180347125,1.2687254160801653,0.18852791437576394
channel,12,12,6,mean_field,local,3.765917365625168,3.765917365625168,True,0.01003108301665634,116,0.33820039182318723,0.01850208887157041,0.01003108301665634,0.0,0.00018559598945227618,False,-0.00018559598945227618,measured_local,,,,,
channel,12,12,7,exact,local,2.9370261013478753,2.9370261013478753,True,7.792026735842228e-06,4096,0.4534640288416308,0.06238320940285435,7.792026735842228e-06,0.0,4.860916355346853e-07,False,-4.860916355346853e-07,measured_local,,,,,
channel,12,12,7,local_search,local,2.9370261013478753,2.9370261013478753,True,0.00016920804046094418,1416,0.4534640288416308,0.06238320940285435,0.00016920804046094418,0.0,1.0555740620721731e-05,False,-1.0555740620721731e-05,measured_local,,,,,
channel,12,12,7,annealing,local,2.9370261013478753,2.9370261013478753,True,0.0012692080345004797,960,0.4534640288416308,0.06238320940285435,0.0012692080345004797,0.0,7.91772705920286e-05,False,-7.91772705920286e-05,measured_local,,,,,
channel,12,12,7,random,local,5.4242195453167685,2.9370261013478753,True,1.3290904462337494e-05,256,0.4534640288416308,0.06238320940285435,1.3290904462337494e-05,0.6317442099551691,8.291292762273312e-07,False,-0.6317450390844453,measured_local,,,,,
channel,12,12,7,qaoa,optimistic,2.9370261013478753,2.9370261013478753,True,0.023320209002122283,124,0.4534640288416308,0.06238320940285435,1.5897600000000003,0.0,0.09917433098028175,True,-2.099174330980282,modeled_qpu,1024.0,0.014863317588189305,10.651539258037179,2.826971563001619,0.21815705236310912
channel,12,12,7,qaoa,nominal,2.9370261013478753,2.9370261013478753,True,0.023320209002122283,124,0.4534640288416308,0.06238320940285435,9.9488,0.0,0.6206380737071173,True,-2.6206380737071173,modeled_qpu,1024.0,0.014863317588189305,10.651539258037179,2.826971563001619,0.21815705236310912
channel,12,12,7,qaoa,stressed,2.9370261013478753,2.9370261013478753,True,0.023320209002122283,124,0.4534640288416308,0.06238320940285435,45.275200000000005,0.0,2.8244122823561115,True,-4.8244122823561115,modeled_qpu,1024.0,0.014863317588189305,10.651539258037179,2.826971563001619,0.21815705236310912
channel,12,12,7,mean_field,local,2.9370261013478753,2.9370261013478753,True,0.008316125022247434,94,0.4534640288416308,0.06238320940285435,0.008316125022247434,0.0,0.0005187865686831785,False,-0.0005187865686831785,measured_local,,,,,
channel,12,12,8,exact,local,2.348385458934378,2.348385458934378,True,1.2499978765845299e-05,4096,0.2547161027937727,0.014770622188443683,1.2499978765845299e-05,0.0,1.8463246371386946e-07,False,-1.8463246371386946e-07,measured_local,,,,,
channel,12,12,8,local_search,local,2.348385458934378,2.348385458934378,True,0.00024862505961209536,1488,0.2547161027937727,0.014770622188443683,0.00024862505961209536,0.0,3.672346822109549e-06,False,-3.672346822109549e-06,measured_local,,,,,
channel,12,12,8,annealing,local,2.348385458934378,2.348385458934378,True,0.0010882079368457198,960,0.2547161027937727,0.014770622188443683,0.0010882079368457198,0.0,1.6073508297613913e-05,False,-1.6073508297613913e-05,measured_local,,,,,
channel,12,12,8,random,local,3.1405676642083167,2.348385458934378,True,1.0584015399217606e-05,256,0.2547161027937727,0.014770622188443683,1.0584015399217606e-05,0.2365863234652949,1.563324926985132e-07,False,-0.2365864797977876,measured_local,,,,,
channel,12,12,8,qaoa,optimistic,2.348385458934378,2.348385458934378,True,0.02324350003618747,125,0.2547161027937727,0.014770622188443683,1.6025000000000003,0.0,0.023669922056981006,True,-2.023669922056981,modeled_qpu,1024.0,0.010644504438163921,9.92732500270036,2.825579235528356,0.1935420149627628
channel,12,12,8,qaoa,nominal,2.348385458934378,2.348385458934378,True,0.02324350003618747,125,0.2547161027937727,0.014770622188443683,10.025,0.0,0.14807548743914792,True,-2.148075487439148,modeled_qpu,1024.0,0.010644504438163921,9.92732500270036,2.825579235528356,0.1935420149627628
channel,12,12,8,qaoa,stressed,2.348385458934378,2.348385458934378,True,0.02324350003618747,125,0.2547161027937727,0.014770622188443683,45.6,0.0,0.673540371793032,True,-2.673540371793032,modeled_qpu,1024.0,0.010644504438163921,9.92732500270036,2.825579235528356,0.1935420149627628
channel,12,12,8,mean_field,local,2.348385458934378,2.348385458934378,True,0.009562249993905425,108,0.2547161027937727,0.014770622188443683,0.009562249993905425,0.0,0.00014124038193142493,False,-0.00014124038193142493,measured_local,,,,,
channel,12,12,9,exact,local,5.417230791469721,5.417230791469721,True,7.417052984237671e-06,4096,0.2538090983316791,0.041800713983184065,7.417052984237671e-06,0.0,3.100381103922407e-07,False,-3.100381103922407e-07,measured_local,,,,,
channel,12,12,9,local_search,local,5.417230791469721,5.417230791469721,True,0.00016404199413955212,1428,0.2538090983316791,0.041800713983184065,0.00016404199413955212,0.0,6.857072478258575e-06,False,-6.857072478258575e-06,measured_local,,,,,
channel,12,12,9,annealing,local,5.417230791469721,5.417230791469721,True,0.001061042072251439,960,0.2538090983316791,0.041800713983184065,0.001061042072251439,0.0,4.4352316186307325e-05,False,-4.4352316186307325e-05,measured_local,,,,,
channel,12,12,9,random,local,7.7762430511437906,5.417230791469721,True,9.08400397747755e-06,256,0.2538090983316791,0.041800713983184065,9.08400397747755e-06,0.3676059559537505,3.797178520846455e-07,False,-0.3676063356716026,measured_local,,,,,
channel,12,12,9,qaoa,optimistic,5.417230791469721,5.417230791469721,True,0.02187733305618167,117,0.2538090983316791,0.041800713983184065,1.5005800000000002,0.0,0.06272531538888636,True,-2.0627253153888865,modeled_qpu,1024.0,0.009264189621965091,9.607651198030867,1.262766969317318,0.1741930413728194
channel,12,12,9,qaoa,nominal,5.417230791469721,5.417230791469721,True,0.02187733305618167,117,0.2538090983316791,0.041800713983184065,9.4154,0.0,0.39357044243727124,True,-2.3935704424372712,modeled_qpu,1024.0,0.009264189621965091,9.607651198030867,1.262766969317318,0.1741930413728194
channel,12,12,9,qaoa,stressed,5.417230791469721,5.417230791469721,True,0.02187733305618167,117,0.2538090983316791,0.041800713983184065,43.0016,0.0,1.797497582419288,True,-3.797497582419288,modeled_qpu,1024.0,0.009264189621965091,9.607651198030867,1.262766969317318,0.1741930413728194
channel,12,12,9,mean_field,local,5.417230791469721,5.417230791469721,True,0.009654459077864885,110,0.2538090983316791,0.041800713983184065,0.009654459077864885,0.0,0.00040356328257618507,False,-0.00040356328257618507,measured_local,,,,,
channel,12,12,10,exact,local,3.108975890358444,3.108975890358444,True,1.229101326316595e-05,4096,0.38628070042496077,0.059796506169716164,1.229101326316595e-05,0.0,7.34959650422966e-07,False,-7.34959650422966e-07,measured_local,,,,,
channel,12,12,10,local_search,local,3.108975890358444,3.108975890358444,True,0.00017254101112484932,1380,0.38628070042496077,0.059796506169716164,0.00017254101112484932,0.0,1.0317349636256118e-05,False,-1.0317349636256118e-05,measured_local,,,,,
channel,12,12,10,annealing,local,3.108975890358444,3.108975890358444,True,0.0011220000451430678,960,0.38628070042496077,0.059796506169716164,0.0011220000451430678,0.0,6.709168262181927e-05,False,-6.709168262181927e-05,measured_local,,,,,
channel,12,12,10,random,local,3.8183371204851744,3.108975890358444,True,9.207986295223236e-06,256,0.38628070042496077,0.059796506169716164,9.207986295223236e-06,0.17263699010530087,5.506054093129781e-07,False,-0.1726375407107102,measured_local,,,,,
channel,12,12,10,qaoa,optimistic,3.108975890358444,3.108975890358444,True,0.027295834035612643,124,0.38628070042496077,0.059796506169716164,1.5897600000000003,0.0,0.09506209364836798,True,-2.095062093648368,modeled_qpu,1024.0,0.01007192483644536,10.031032914218041,2.8232496546253323,0.19176508384529045
channel,12,12,10,qaoa,nominal,3.108975890358444,3.108975890358444,True,0.027295834035612643,124,0.38628070042496077,0.059796506169716164,9.9488,0.0,0.5949034805812722,True,-2.594903480581272,modeled_qpu,1024.0,0.01007192483644536,10.031032914218041,2.8232496546253323,0.19176508384529045
channel,12,12,10,qaoa,stressed,3.108975890358444,3.108975890358444,True,0.027295834035612643,124,0.38628070042496077,0.059796506169716164,45.275200000000005,0.0,2.7072987761351337,True,-4.707298776135134,modeled_qpu,1024.0,0.01007192483644536,10.031032914218041,2.8232496546253323,0.19176508384529045
channel,12,12,10,mean_field,local,3.108975890358444,3.108975890358444,True,0.011155499960295856,106,0.38628070042496077,0.059796506169716164,0.011155499960295856,0.0,0.0006670599222020995,False,-0.0006670599222020995,measured_local,,,,,
channel,12,12,11,exact,local,7.313975614422789,7.313975614422789,True,8.834060281515121e-06,4096,0.22608616996209815,0.012266162652365334,8.834060281515121e-06,0.0,1.0836002029386477e-07,False,-1.0836002029386477e-07,measured_local,,,,,
channel,12,12,11,local_search,local,7.313975614422789,7.313975614422789,True,0.00021916604600846767,1848,0.22608616996209815,0.012266162652365334,0.00021916604600846767,0.0,2.6883263682156488e-06,False,-2.6883263682156488e-06,measured_local,,,,,
channel,12,12,11,annealing,local,7.313975614422789,7.313975614422789,True,0.0011195000261068344,960,0.22608616996209815,0.012266162652365334,0.0011195000261068344,0.0,1.373196940955367e-05,False,-1.373196940955367e-05,measured_local,,,,,
channel,12,12,11,random,local,8.635888508223664,7.313975614422789,True,1.0458054021000862e-05,256,0.22608616996209815,0.012266162652365334,1.0458054021000862e-05,0.15899888995436395,1.282801916488199e-07,False,-0.1589990182345556,measured_local,,,,,
channel,12,12,11,qaoa,optimistic,7.313975614422789,7.313975614422789,True,0.02347300003748387,126,0.22608616996209815,0.012266162652365334,1.6152400000000002,0.0,0.019812796562606587,True,-2.0198127965626065,modeled_qpu,1024.0,0.006313420131132928,9.401453606871282,1.2778829748908787,0.18231546245375663
channel,12,12,11,qaoa,nominal,7.313975614422789,7.313975614422789,True,0.02347300003748387,126,0.22608616996209815,0.012266162652365334,10.1012,0.0,0.12390296218407272,True,-2.1239029621840726,modeled_qpu,1024.0,0.006313420131132928,9.401453606871282,1.2778829748908787,0.18231546245375663
channel,12,12,11,qaoa,stressed,7.313975614422789,7.313975614422789,True,0.02347300003748387,126,0.22608616996209815,0.012266162652365334,45.924800000000005,0.0,0.5633210665773476,True,-2.5633210665773474,modeled_qpu,1024.0,0.006313420131132928,9.401453606871282,1.2778829748908787,0.18231546245375663
channel,12,12,11,mean_field,local,7.313975614422789,7.313975614422789,True,0.008278749999590218,102,0.22608616996209815,0.012266162652365334,0.008278749999590218,0.0,0.00010154849405324306,False,-0.00010154849405324306,measured_local,,,,,
channel,12,12,12,exact,local,7.161653378320574,7.161653378320574,True,8.458038792014122e-06,4096,0.45178049907305745,0.07222506343853625,8.458038792014122e-06,0.0,6.108823883188206e-07,False,-6.108823883188206e-07,measured_local,,,,,
channel,12,12,12,local_search,local,7.161653378320574,7.161653378320574,True,0.00016970897559076548,1296,0.45178049907305745,0.07222506343853625,0.00016970897559076548,0.0,1.2257241528132038e-05,False,-1.2257241528132038e-05,measured_local,,,,,
channel,12,12,12,annealing,local,7.161653378320574,7.161653378320574,True,0.001123458961956203,960,0.45178049907305745,0.07222506343853625,0.001123458961956203,0.0,8.114189479787885e-05,False,-8.114189479787885e-05,measured_local,,,,,
channel,12,12,12,random,local,8.210486205714965,7.161653378320574,True,1.0750023648142815e-05,256,0.45178049907305745,0.07222506343853625,1.0750023648142815e-05,0.1285073965748603,7.764211399528797e-07,False,-0.12850817299600026,measured_local,,,,,
channel,12,12,12,qaoa,optimistic,7.161653378320574,7.161653378320574,True,0.022458333056420088,121,0.45178049907305745,0.07222506343853625,1.5515400000000001,0.0,0.11206007492742655,True,-2.1120600749274265,modeled_qpu,1024.0,0.0055596339105377125,8.772883136715032,1.2782870839942384,0.15614470855896817
channel,12,12,12,qaoa,nominal,7.161653378320574,7.161653378320574,True,0.022458333056420088,121,0.45178049907305745,0.07222506343853625,9.7202,0.0,0.7020420616352602,True,-2.70204206163526,modeled_qpu,1024.0,0.0055596339105377125,8.772883136715032,1.2782870839942384,0.15614470855896817
channel,12,12,12,qaoa,stressed,7.161653378320574,7.161653378320574,True,0.022458333056420088,121,0.45178049907305745,0.07222506343853625,44.3008,0.0,3.199628090377907,True,-5.199628090377907,modeled_qpu,1024.0,0.0055596339105377125,8.772883136715032,1.2782870839942384,0.15614470855896817
channel,12,12,12,mean_field,local,7.298170723177405,7.161653378320574,True,0.009244416956789792,116,0.45178049907305745,0.07222506343853625,0.009244416956789792,0.016726677614054945,0.0006676786011564229,False,-0.01739435621521137,measured_local,,,,,
channel,12,12,13,exact,local,0.25,0.25,True,9.541981853544712e-06,4096,0.17975808860279527,0.04952809921590832,9.541981853544712e-06,0.0,4.7259622395875923e-07,False,-4.7259622395875923e-07,measured_local,,,,,
channel,12,12,13,local_search,local,0.25,0.25,True,0.00022941699717193842,1896,0.17975808860279527,0.04952809921590832,0.00022941699717193842,0.0,1.1362587797747523e-05,False,-1.1362587797747523e-05,measured_local,,,,,
channel,12,12,13,annealing,local,0.25,0.25,True,0.0011272910051047802,960,0.17975808860279527,0.04952809921590832,0.0011272910051047802,0.0,5.583258074603057e-05,False,-5.583258074603057e-05,measured_local,,,,,
channel,12,12,13,random,local,1.785392475919544,0.25,True,1.1708936654031277e-05,256,0.17975808860279527,0.04952809921590832,1.1708936654031277e-05,1.2283139807356354,5.799213763136466e-07,False,-1.2283145606570116,measured_local,,,,,
channel,12,12,13,qaoa,optimistic,0.25,0.25,True,0.02375616692006588,125,0.17975808860279527,0.04952809921590832,1.6025000000000003,0.0,0.0793687789934931,True,-2.079368778993493,modeled_qpu,1024.0,0.015326211666158952,10.460639171708152,2.8123338459211285,0.2498606475555452
channel,12,12,13,qaoa,nominal,0.25,0.25,True,0.02375616692006588,125,0.17975808860279527,0.04952809921590832,10.025,0.0,0.4965191946394809,True,-2.4965191946394807,modeled_qpu,1024.0,0.015326211666158952,10.460639171708152,2.8123338459211285,0.2498606475555452
channel,12,12,13,qaoa,stressed,0.25,0.25,True,0.02375616692006588,125,0.17975808860279527,0.04952809921590832,45.6,0.0,2.2584813242454196,True,-4.25848132424542,modeled_qpu,1024.0,0.015326211666158952,10.460639171708152,2.8123338459211285,0.2498606475555452
channel,12,12,13,mean_field,local,0.25,0.25,True,0.009398333029821515,115,0.17975808860279527,0.04952809921590832,0.009398333029821515,0.0,0.0004654815707651482,False,-0.0004654815707651482,measured_local,,,,,
channel,12,12,14,exact,local,5.095919924031611,5.095919924031611,True,9.333016350865364e-06,4096,0.3267739066288825,0.056793827877108745,9.333016350865364e-06,0.0,5.30057724205289e-07,False,-5.30057724205289e-07,measured_local,,,,,
channel,12,12,14,local_search,local,5.095919924031611,5.095919924031611,True,0.0001823330530896783,1392,0.3267739066288825,0.056793827877108745,0.0001823330530896783,0.0,1.035539203348292e-05,False,-1.035539203348292e-05,measured_local,,,,,
channel,12,12,14,annealing,local,5.095919924031611,5.095919924031611,True,0.0012238749768584967,960,0.3267739066288825,0.056793827877108745,0.0012238749768584967,0.0,6.95085447788019e-05,False,-6.95085447788019e-05,measured_local,,,,,
channel,12,12,14,random,local,7.622701179941152,5.095919924031611,True,1.53339933604002e-05,256,0.3267739066288825,0.056793827877108745,1.53339933604002e-05,0.4145036823643877,8.708761795792973e-07,False,-0.4145045532405673,measured_local,,,,,
channel,12,12,14,qaoa,optimistic,5.095919924031611,5.095919924031611,True,0.021810792037285864,116,0.3267739066288825,0.056793827877108745,1.48784,0.0,0.08450012886867747,True,-2.0845001288686773,modeled_qpu,1024.0,0.008411686149311452,9.166314021634088,1.2779872538096895,0.19513909025809972
channel,12,12,14,qaoa,nominal,5.095919924031611,5.095919924031611,True,0.021810792037285864,116,0.3267739066288825,0.056793827877108745,9.3392,0.0,0.530408917309894,True,-2.5304089173098943,modeled_qpu,1024.0,0.008411686149311452,9.166314021634088,1.2779872538096895,0.19513909025809972
channel,12,12,14,qaoa,stressed,5.095919924031611,5.095919924031611,True,0.021810792037285864,116,0.3267739066288825,0.056793827877108745,42.67680000000001,0.0,2.423778833545795,True,-4.423778833545795,modeled_qpu,1024.0,0.008411686149311452,9.166314021634088,1.2779872538096895,0.19513909025809972
channel,12,12,14,mean_field,local,5.095919924031611,5.095919924031611,True,0.00844504195265472,104,0.3267739066288825,0.056793827877108745,0.00844504195265472,0.0,0.00047962625907403445,False,-0.00047962625907403445,measured_local,,,,,
channel,12,12,15,exact,local,0.8921092044080909,0.8921092044080909,True,8.750008419156075e-06,4096,0.3858281758718978,0.07406165231557359,8.750008419156075e-06,0.0,6.480400812978788e-07,False,-6.480400812978788e-07,measured_local,,,,,
channel,12,12,15,local_search,local,0.8921092044080909,0.8921092044080909,True,0.00018633296713232994,1464,0.3858281758718978,0.07406165231557359,0.00018633296713232994,0.0,1.380012742668382e-05,False,-1.380012742668382e-05,measured_local,,,,,
channel,12,12,15,annealing,local,0.8921092044080909,0.8921092044080909,True,0.0011527909664437175,960,0.3858281758718978,0.07406165231557359,0.0011527909664437175,0.0,8.537760374928866e-05,False,-8.537760374928866e-05,measured_local,,,,,
channel,12,12,15,random,local,4.114604688802147,0.8921092044080909,True,1.0749907232820988e-05,256,0.3858281758718978,0.07406165231557359,1.0749907232820988e-05,1.7031234121616938,7.961558919018578e-07,False,-1.7031242083175857,measured_local,,,,,
channel,12,12,15,qaoa,optimistic,0.8921092044080909,0.8921092044080909,True,0.024119500070810318,126,0.3858281758718978,0.07406165231557359,1.6152400000000002,0.0,0.1196273432862071,True,-2.119627343286207,modeled_qpu,1024.0,0.009497328061707704,9.649286590216501,2.8223571607501388,0.21645699298536486
channel,12,12,15,qaoa,nominal,0.8921092044080909,0.8921092044080909,True,0.024119500070810318,126,0.3858281758718978,0.07406165231557359,10.1012,0.0,0.7481115623700719,True,-2.748111562370072,modeled_qpu,1024.0,0.009497328061707704,9.649286590216501,2.8223571607501388,0.21645699298536486
channel,12,12,15,qaoa,stressed,0.8921092044080909,0.8921092044080909,True,0.024119500070810318,126,0.3858281758718978,0.07406165231557359,45.924800000000005,0.0,3.401266570262254,True,-5.401266570262254,modeled_qpu,1024.0,0.009497328061707704,9.649286590216501,2.8223571607501388,0.21645699298536486
channel,12,12,15,mean_field,local,0.8921092044080909,0.8921092044080909,True,0.008651291020214558,106,0.3858281758718978,0.07406165231557359,0.008651291020214558,0.0,0.0006407289076199744,False,-0.0006407289076199744,measured_local,,,,,
channel,12,12,16,exact,local,2.64852741614032,2.64852741614032,True,9.750016033649445e-06,4096,0.32441335103499125,0.06766487334275259,9.750016033649445e-06,0.0,6.597336000066967e-07,False,-6.597336000066967e-07,measured_local,,,,,
channel,12,12,16,local_search,local,2.64852741614032,2.64852741614032,True,0.00018158298917114735,1428,0.32441335103499125,0.06766487334275259,0.00018158298917114735,0.0,1.2286789963464101e-05,False,-1.2286789963464101e-05,measured_local,,,,,
channel,12,12,16,annealing,local,3.426040040483501,2.64852741614032,True,0.0011846660636365414,960,0.32441335103499125,0.06766487334275259,0.0011846660636365414,0.21310313330896957,8.016027914942385e-05,False,-0.213183293588119,measured_local,,,,,
channel,12,12,16,random,local,2.64852741614032,2.64852741614032,True,1.291697844862938e-05,256,0.32441335103499125,0.06766487334275259,1.291697844862938e-05,0.0,8.740257106975718e-07,False,-8.740257106975718e-07,measured_local,,,,,
channel,12,12,16,qaoa,optimistic,2.64852741614032,2.64852741614032,True,0.0231100000673905,122,0.32441335103499125,0.06766487334275259,1.5642800000000001,0.0,0.10584680807260104,True,-2.105846808072601,modeled_qpu,1024.0,0.009845011321094171,9.55164733082847,1.2623349128199948,0.20146001488957105
channel,12,12,16,qaoa,nominal,2.64852741614032,2.64852741614032,True,0.0231100000673905,122,0.32441335103499125,0.06766487334275259,9.7964,0.0,0.6628721652149415,True,-2.6628721652149414,modeled_qpu,1024.0,0.009845011321094171,9.55164733082847,1.2623349128199948,0.20146001488957105
channel,12,12,16,qaoa,stressed,2.64852741614032,2.64852741614032,True,0.0231100000673905,122,0.32441335103499125,0.06766487334275259,44.625600000000006,0.0,3.0195855718443405,True,-5.01958557184434,modeled_qpu,1024.0,0.009845011321094171,9.55164733082847,1.2623349128199948,0.20146001488957105
channel,12,12,16,mean_field,local,2.64852741614032,2.64852741614032,True,0.008273749961517751,100,0.32441335103499125,0.06766487334275259,0.008273749961517751,0.0,0.0005598422432157027,False,-0.0005598422432157027,measured_local,,,,,
channel,12,12,17,exact,local,7.004307339588834,7.004307339588834,True,9.083072654902935e-06,4096,0.4405443908734918,0.06674787361462951,9.083072654902935e-06,0.0,6.062757856019584e-07,False,-6.062757856019584e-07,measured_local,,,,,
channel,12,12,17,local_search,local,7.004307339588834,7.004307339588834,True,0.00018425006419420242,1440,0.4405443908734918,0.06674787361462951,0.00018425006419420242,0.0,1.2298299998321998e-05,False,-1.2298299998321998e-05,measured_local,,,,,
channel,12,12,17,annealing,local,7.004307339588834,7.004307339588834,True,0.0011439999798312783,960,0.4405443908734918,0.06674787361462951,0.0011439999798312783,0.0,7.635956606891688e-05,False,-7.635956606891688e-05,measured_local,,,,,
channel,12,12,17,random,local,8.332863943344204,7.004307339588834,True,1.00000761449337e-05,256,0.4405443908734918,0.06674787361462951,1.00000761449337e-05,0.1659802088288648,6.674838186587062e-07,False,-0.16598087631268346,measured_local,,,,,
channel,12,12,17,qaoa,optimistic,7.004307339588834,7.004307339588834,True,0.024194541038013995,127,0.4405443908734918,0.06674787361462951,1.6279800000000002,0.0,0.10866420328714457,True,-2.1086642032871445,modeled_qpu,1024.0,0.006281459393485306,9.593845094293776,1.2764596610181718,0.17581722157922092
channel,12,12,17,qaoa,nominal,7.004307339588834,7.004307339588834,True,0.024194541038013995,127,0.4405443908734918,0.06674787361462951,10.1774,0.0,0.6793198089255305,True,-2.6793198089255306,modeled_qpu,1024.0,0.006281459393485306,9.593845094293776,1.2764596610181718,0.17581722157922092
channel,12,12,17,qaoa,stressed,7.004307339588834,7.004307339588834,True,0.024194541038013995,127,0.4405443908734918,0.06674787361462951,46.2496,0.0,3.0870624555271693,True,-5.087062455527169,modeled_qpu,1024.0,0.006281459393485306,9.593845094293776,1.2764596610181718,0.17581722157922092
channel,12,12,17,mean_field,local,7.004307339588834,7.004307339588834,True,0.007904042024165392,98,0.4405443908734918,0.06674787361462951,0.007904042024165392,0.0,0.000527577998073712,False,-0.000527577998073712,measured_local,,,,,
channel,12,12,18,exact,local,3.2346467139553257,3.2346467139553257,True,1.0041985660791397e-05,4096,0.40513356851298876,0.06233939572821908,1.0041985660791397e-05,0.0,6.260113180051765e-07,False,-6.260113180051765e-07,measured_local,,,,,
channel,12,12,18,local_search,local,3.2346467139553257,3.2346467139553257,True,0.00016966694965958595,1332,0.40513356851298876,0.06233939572821908,0.00016966694965958595,0.0,1.0576935116828755e-05,False,-1.0576935116828755e-05,measured_local,,,,,
channel,12,12,18,annealing,local,3.2346467139553257,3.2346467139553257,True,0.0012319579254835844,960,0.40513356851298876,0.06233939572821908,0.0012319579254835844,0.0,7.6799512637237e-05,False,-7.6799512637237e-05,measured_local,,,,,
channel,12,12,18,random,local,3.6689224947523718,3.2346467139553257,True,1.4708028174936771e-05,256,0.40513356851298876,0.06233939572821908,1.4708028174936771e-05,0.10255301330471923,9.168895887791792e-07,False,-0.10255393019430802,measured_local,,,,,
channel,12,12,18,qaoa,optimistic,3.2346467139553257,3.2346467139553257,True,0.02399958297610283,128,0.40513356851298876,0.06233939572821908,1.6407200000000002,0.0,0.10228149335920363,True,-2.102281493359204,modeled_qpu,1024.0,0.005926180054770183,8.67193442497232,1.2689422510185797,0.16552629051000306
channel,12,12,18,qaoa,nominal,3.2346467139553257,3.2346467139553257,True,0.02399958297610283,128,0.40513356851298876,0.06233939572821908,10.2536,0.0,0.6392032280388672,True,-2.639203228038867,modeled_qpu,1024.0,0.005926180054770183,8.67193442497232,1.2689422510185797,0.16552629051000306
channel,12,12,18,qaoa,stressed,3.2346467139553257,3.2346467139553257,True,0.02399958297610283,128,0.40513356851298876,0.06233939572821908,46.574400000000004,0.0,2.903419952404367,True,-4.9034199524043665,modeled_qpu,1024.0,0.005926180054770183,8.67193442497232,1.2689422510185797,0.16552629051000306
channel,12,12,18,mean_field,local,3.732162783340395,3.2346467139553257,True,0.0086397499544546,106,0.40513356851298876,0.06233939572821908,0.0086397499544546,0.11748703091228355,0.0005385967914036081,False,-0.11802562770368716,measured_local,,,,,
channel,12,12,19,exact,local,4.722261323128299,4.722261323128299,True,9.750016033649445e-06,4096,0.13027767562917644,0.06942378702818744,9.750016033649445e-06,0.0,6.768830366414918e-07,False,-6.768830366414918e-07,measured_local,,,,,
channel,12,12,19,local_search,local,4.722261323128299,4.722261323128299,True,0.0001740000443533063,1392,0.13027767562917644,0.06942378702818744,0.0001740000443533063,0.0,1.2079742022079105e-05,False,-1.2079742022079105e-05,measured_local,,,,,
channel,12,12,19,annealing,local,4.722261323128299,4.722261323128299,True,0.0011157920816913247,960,0.13027767562917644,0.06942378702818744,0.0011157920816913247,0.0,7.746251184707645e-05,False,-7.746251184707645e-05,measured_local,,,,,
channel,12,12,19,random,local,4.722261323128299,4.722261323128299,True,1.037493348121643e-05,256,0.13027767562917644,0.06942378702818744,1.037493348121643e-05,0.0,7.202671724315808e-07,False,-7.202671724315808e-07,measured_local,,,,,
channel,12,12,19,qaoa,optimistic,4.722261323128299,4.722261323128299,True,0.02239929197821766,120,0.13027767562917644,0.06942378702818744,1.5388000000000002,0.0,0.10682932347897485,True,-2.106829323478975,modeled_qpu,1024.0,0.0051052548069628135,8.979583601244572,1.2773561990317752,0.1610923562674857
channel,12,12,19,qaoa,nominal,4.722261323128299,4.722261323128299,True,0.02239929197821766,120,0.13027767562917644,0.06942378702818744,9.644,0.0,0.6695230020998397,True,-2.6695230020998397,modeled_qpu,1024.0,0.0051052548069628135,8.979583601244572,1.2773561990317752,0.1610923562674857
channel,12,12,19,qaoa,stressed,4.722261323128299,4.722261323128299,True,0.02239929197821766,120,0.13027767562917644,0.06942378702818744,43.976000000000006,0.0,3.052980458351571,True,-5.052980458351572,modeled_qpu,1024.0,0.0051052548069628135,8.979583601244572,1.2773561990317752,0.1610923562674857
channel,12,12,19,mean_field,local,4.722261323128299,4.722261323128299,True,0.010259166941978037,128,0.13027767562917644,0.06942378702818744,0.010259166941978037,0.0,0.0007122302208665042,False,-0.0007122302208665042,measured_local,,,,,
channel,12,12,20,exact,local,7.559376737365809,7.559376737365809,True,8.124974556267262e-06,4096,0.222711904721482,0.03671449250050229,8.124974556267262e-06,0.0,2.9830431741284625e-07,False,-2.9830431741284625e-07,measured_local,,,,,
channel,12,12,20,local_search,local,7.559376737365809,7.559376737365809,True,0.00018112501129508018,1440,0.222711904721482,0.03671449250050229,0.00018112501129508018,0.0,6.649912868846614e-06,False,-6.649912868846614e-06,measured_local,,,,,
channel,12,12,20,annealing,local,7.559376737365809,7.559376737365809,True,0.001126083079725504,960,0.222711904721482,0.03671449250050229,0.001126083079725504,0.0,4.134356878552453e-05,False,-4.134356878552453e-05,measured_local,,,,,
channel,12,12,20,random,local,11.074635996066718,7.559376737365809,True,1.1124997399747372e-05,256,0.222711904721482,0.03671449250050229,1.1124997399747372e-05,0.41069103120033335,4.084486336011323e-07,False,-0.4106914396489669,measured_local,,,,,
channel,12,12,20,qaoa,optimistic,7.559376737365809,7.559376737365809,True,0.02274179202504456,122,0.222711904721482,0.03671449250050229,1.5642800000000001,0.0,0.05743174632868572,True,-2.0574317463286858,modeled_qpu,1024.0,0.007718016661669023,9.361441158510871,1.2895405637407311,0.19892361140538933
channel,12,12,20,qaoa,nominal,7.559376737365809,7.559376737365809,True,0.02274179202504456,122,0.222711904721482,0.03671449250050229,9.7964,0.0,0.3596698543319206,True,-2.3596698543319206,modeled_qpu,1024.0,0.007718016661669023,9.361441158510871,1.2895405637407311,0.19892361140538933
channel,12,12,20,qaoa,stressed,7.559376737365809,7.559376737365809,True,0.02274179202504456,122,0.222711904721482,0.03671449250050229,44.625600000000006,0.0,1.6384062565304152,True,-3.6384062565304154,modeled_qpu,1024.0,0.007718016661669023,9.361441158510871,1.2895405637407311,0.19892361140538933
channel,12,12,20,mean_field,local,7.559376737365809,7.559376737365809,True,0.00898616702761501,111,0.222711904721482,0.03671449250050229,0.00898616702761501,0.0,0.0003299225619436322,False,-0.0003299225619436322,measured_local,,,,,
channel,12,12,21,exact,local,5.501958702391944,5.501958702391944,True,8.167000487446785e-06,4096,0.4911814064354784,0.06519506342719343,8.167000487446785e-06,0.0,5.324481147890128e-07,False,-5.324481147890128e-07,measured_local,,,,,
channel,12,12,21,local_search,local,5.501958702391944,5.501958702391944,True,0.0001699170097708702,1308,0.4911814064354784,0.06519506342719343,0.0001699170097708702,0.0,1.1077750229370929e-05,False,-1.1077750229370929e-05,measured_local,,,,,
channel,12,12,21,annealing,local,5.501958702391944,5.501958702391944,True,0.0011070829350501299,960,0.4911814064354784,0.06519506342719343,0.0011070829350501299,0.0,7.217634216975669e-05,False,-7.217634216975669e-05,measured_local,,,,,
channel,12,12,21,random,local,5.501958702391944,5.501958702391944,True,1.0624993592500687e-05,256,0.4911814064354784,0.06519506342719343,1.0624993592500687e-05,0.0,6.926971311766061e-07,False,-6.926971311766061e-07,measured_local,,,,,
channel,12,12,21,qaoa,optimistic,5.501958702391944,5.501958702391944,True,0.023558416054584086,124,0.4911814064354784,0.06519506342719343,1.5897600000000003,0.0,0.10364450403401505,True,-2.103644504034015,modeled_qpu,1024.0,0.007263369890742604,9.523803047294756,1.2747853107878282,0.190121455782992
channel,12,12,21,qaoa,nominal,5.501958702391944,5.501958702391944,True,0.023558416054584086,124,0.4911814064354784,0.06519506342719343,9.9488,0.0,0.648612647024462,True,-2.648612647024462,modeled_qpu,1024.0,0.007263369890742604,9.523803047294756,1.2747853107878282,0.190121455782992
channel,12,12,21,qaoa,stressed,5.501958702391944,5.501958702391944,True,0.023558416054584086,124,0.4911814064354784,0.06519506342719343,45.275200000000005,0.0,2.9517195356788686,True,-4.951719535678869,modeled_qpu,1024.0,0.007263369890742604,9.523803047294756,1.2747853107878282,0.190121455782992
channel,12,12,21,mean_field,local,5.501958702391944,5.501958702391944,True,0.00895495805889368,111,0.4911814064354784,0.06519506342719343,0.00895495805889368,0.0,0.0005838190586374305,False,-0.0005838190586374305,measured_local,,,,,
channel,12,12,22,exact,local,3.236264003200334,3.236264003200334,True,7.750000804662704e-06,4096,0.18825470095403807,0.060122721370089845,7.750000804662704e-06,0.0,4.6595113899670786e-07,False,-4.6595113899670786e-07,measured_local,,,,,
channel,12,12,22,local_search,local,3.236264003200334,3.236264003200334,True,0.00016816600691527128,1296,0.18825470095403807,0.060122721370089845,0.00016816600691527128,0.0,1.0110597977687457e-05,False,-1.0110597977687457e-05,measured_local,,,,,
channel,12,12,22,annealing,local,3.486264003200334,3.236264003200334,True,0.0012055840343236923,960,0.18825470095403807,0.060122721370089845,0.0012055840343236923,0.05901426346685065,7.248299298387219e-05,False,-0.05908674645983453,measured_local,,,,,
channel,12,12,22,random,local,4.840878816761878,3.236264003200334,True,2.0124949514865875e-05,256,0.18825470095403807,0.060122721370089845,2.0124949514865875e-05,0.3787806454813295,1.209966732269406e-06,False,-0.37878185544806175,measured_local,,,,,
channel,12,12,22,qaoa,optimistic,3.236264003200334,3.236264003200334,True,0.02244445902761072,120,0.18825470095403807,0.060122721370089845,1.5388000000000002,0.0,0.09251684364429426,True,-2.0925168436442942,modeled_qpu,1024.0,0.008085242336649628,9.198575402384453,1.2615817078908744,0.17082874024907774
channel,12,12,22,qaoa,nominal,3.236264003200334,3.236264003200334,True,0.02244445902761072,120,0.18825470095403807,0.060122721370089845,9.644,0.0,0.5798235248931465,True,-2.5798235248931465,modeled_qpu,1024.0,0.008085242336649628,9.198575402384453,1.2615817078908744,0.17082874024907774
channel,12,12,22,qaoa,stressed,3.236264003200334,3.236264003200334,True,0.02244445902761072,120,0.18825470095403807,0.060122721370089845,43.976000000000006,0.0,2.6439567949710714,True,-4.643956794971071,modeled_qpu,1024.0,0.008085242336649628,9.198575402384453,1.2615817078908744,0.17082874024907774
channel,12,12,22,mean_field,local,3.236264003200334,3.236264003200334,True,0.008320875000208616,101,0.18825470095403807,0.060122721370089845,0.008320875000208616,0.0,0.0005002736491928889,False,-0.0005002736491928889,measured_local,,,,,
channel,12,12,23,exact,local,2.124678330765125,2.124678330765125,True,8.625094778835773e-06,4096,0.3509895378483912,0.04255856629443386,8.625094778835773e-06,0.0,3.670716679408576e-07,False,-3.670716679408576e-07,measured_local,,,,,
channel,12,12,23,local_search,local,2.124678330765125,2.124678330765125,True,0.00020300003234297037,1644,0.3509895378483912,0.04255856629443386,0.00020300003234297037,0.0,8.639390334240522e-06,False,-8.639390334240522e-06,measured_local,,,,,
channel,12,12,23,annealing,local,2.124678330765125,2.124678330765125,True,0.001158582977950573,960,0.3509895378483912,0.04255856629443386,0.001158582977950573,0.0,4.9307630474712064e-05,False,-4.9307630474712064e-05,measured_local,,,,,
channel,12,12,23,random,local,3.4004818739373546,2.124678330765125,True,1.3542012311518192e-05,256,0.3509895378483912,0.04255856629443386,1.3542012311518192e-05,0.4082991617443802,5.763286287197864e-07,False,-0.4082997380730089,measured_local,,,,,
channel,12,12,23,qaoa,optimistic,2.124678330765125,2.124678330765125,True,0.022947291960008442,120,0.3509895378483912,0.04255856629443386,1.5388000000000002,0.0,0.06548912181387483,True,-2.065489121813875,modeled_qpu,1024.0,0.008442166474717606,9.805146196731952,2.8301709545928464,0.19482175489968911
channel,12,12,23,qaoa,nominal,2.124678330765125,2.124678330765125,True,0.022947291960008442,120,0.3509895378483912,0.04255856629443386,9.644,0.0,0.4104348133435201,True,-2.41043481334352,modeled_qpu,1024.0,0.008442166474717606,9.805146196731952,2.8301709545928464,0.19482175489968911
channel,12,12,23,qaoa,stressed,2.124678330765125,2.124678330765125,True,0.022947291960008442,120,0.3509895378483912,0.04255856629443386,43.976000000000006,0.0,1.8715555113640236,True,-3.871555511364024,modeled_qpu,1024.0,0.008442166474717606,9.805146196731952,2.8301709545928464,0.19482175489968911
channel,12,12,23,mean_field,local,2.124678330765125,2.124678330765125,True,0.009221749962307513,113,0.3509895378483912,0.04255856629443386,0.009221749962307513,0.0,0.0003924644571215572,False,-0.0003924644571215572,measured_local,,,,,
channel,12,12,24,exact,local,3.7052698313719747,3.7052698313719747,True,9.207986295223236e-06,4096,0.070396449601508,0.01980356505504142,9.207986295223236e-06,0.0,1.823509556233832e-07,False,-1.823509556233832e-07,measured_local,,,,,
channel,12,12,24,local_search,local,3.7052698313719747,3.7052698313719747,True,0.0001746669877320528,1356,0.070396449601508,0.01980356505504142,0.0001746669877320528,0.0,3.4590290545198296e-06,False,-3.4590290545198296e-06,measured_local,,,,,
channel,12,12,24,annealing,local,3.7052698313719747,3.7052698313719747,True,0.0011345000239089131,960,0.070396449601508,0.01980356505504142,0.0011345000239089131,0.0,2.246714502842621e-05,False,-2.246714502842621e-05,measured_local,,,,,
channel,12,12,24,random,local,4.671637402128024,3.7052698313719747,True,1.2040953151881695e-05,256,0.070396449601508,0.01980356505504142,1.2040953151881695e-05,0.20537984119696553,2.384537990679952e-07,False,-0.2053800796507646,measured_local,,,,,
channel,12,12,24,qaoa,optimistic,3.7052698313719747,3.7052698313719747,True,0.023751292028464377,127,0.070396449601508,0.01980356505504142,1.6279800000000002,0.0,0.032239807838306336,True,-2.032239807838306,modeled_qpu,1024.0,0.007074440536209632,8.641913340634861,1.2658016029323433,0.1605812115909077
channel,12,12,24,qaoa,nominal,3.7052698313719747,3.7052698313719747,True,0.023751292028464377,127,0.070396449601508,0.01980356505504142,10.1774,0.0,0.20154880299117858,True,-2.2015488029911787,modeled_qpu,1024.0,0.007074440536209632,8.641913340634861,1.2658016029323433,0.1605812115909077
channel,12,12,24,qaoa,stressed,3.7052698313719747,3.7052698313719747,True,0.023751292028464377,127,0.070396449601508,0.01980356505504142,46.2496,0.0,0.9159069623696438,True,-2.9159069623696436,modeled_qpu,1024.0,0.007074440536209632,8.641913340634861,1.2658016029323433,0.1605812115909077
channel,12,12,24,mean_field,local,4.110239674080527,3.7052698313719747,True,0.008526458055712283,107,0.070396449601508,0.01980356505504142,0.008526458055712283,0.08606729416630936,0.0001688542667953802,False,-0.08623614843310473,measured_local,,,,,
channel,12,12,25,exact,local,8.826526641192926,8.826526641192926,True,7.709022611379623e-06,4096,0.07275123402150449,0.046170558139327474,7.709022611379623e-06,0.0,3.5592987667609303e-07,False,-3.5592987667609303e-07,measured_local,,,,,
channel,12,12,25,local_search,local,8.826526641192926,8.826526641192926,True,0.00018920807633548975,1536,0.07275123402150449,0.046170558139327474,0.00018920807633548975,0.0,8.73584248887804e-06,False,-8.73584248887804e-06,measured_local,,,,,
channel,12,12,25,annealing,local,8.826526641192926,8.826526641192926,True,0.0011007089633494616,960,0.07275123402150449,0.046170558139327474,0.0011007089633494616,0.0,5.082034718680519e-05,False,-5.082034718680519e-05,measured_local,,,,,
channel,12,12,25,random,local,9.32625464652016,8.826526641192926,True,9.624985978007317e-06,256,0.07275123402150449,0.046170558139327474,9.624985978007317e-06,0.050854999286560586,4.443909746877985e-07,False,-0.05085544367753527,measured_local,,,,,
channel,12,12,25,qaoa,optimistic,8.826526641192926,8.826526641192926,True,0.023854375001974404,126,0.07275123402150449,0.046170558139327474,1.6152400000000002,0.0,0.07457653232896731,True,-2.074576532328967,modeled_qpu,1024.0,0.007651698661065553,9.679598166765539,1.2787130404325704,0.1578912765181521
channel,12,12,25,qaoa,nominal,8.826526641192926,8.826526641192926,True,0.023854375001974404,126,0.07275123402150449,0.046170558139327474,10.1012,0.0,0.4663780418769747,True,-2.4663780418769745,modeled_qpu,1024.0,0.007651698661065553,9.679598166765539,1.2787130404325704,0.1578912765181521
channel,12,12,25,qaoa,stressed,8.826526641192926,8.826526641192926,True,0.023854375001974404,126,0.07275123402150449,0.046170558139327474,45.924800000000005,0.0,2.1203736484369866,True,-4.120373648436987,modeled_qpu,1024.0,0.007651698661065553,9.679598166765539,1.2787130404325704,0.1578912765181521
channel,12,12,25,mean_field,local,8.826526641192926,8.826526641192926,True,0.008498832932673395,104,0.07275123402150449,0.046170558139327474,0.008498832932673395,0.0,0.000392395860034428,False,-0.000392395860034428,measured_local,,,,,
channel,12,12,26,exact,local,5.718122651810221,5.718122651810221,True,1.0292045772075653e-05,4096,0.27602219203417416,0.0791274050033185,1.0292045772075653e-05,0.0,8.14382874119722e-07,False,-8.14382874119722e-07,measured_local,,,,,
channel,12,12,26,local_search,local,5.718122651810221,5.718122651810221,True,0.0003269580192863941,1068,0.27602219203417416,0.0791274050033185,0.0003269580192863941,0.0,2.587133961115733e-05,False,-2.587133961115733e-05,measured_local,,,,,
channel,12,12,26,annealing,local,6.2023593062954046,5.718122651810221,True,0.0011648749932646751,960,0.27602219203417416,0.0791274050033185,0.0011648749932646751,0.07207916252536775,9.217353537029185e-05,False,-0.07217133606073804,measured_local,,,,,
channel,12,12,26,random,local,8.173911458362717,5.718122651810221,True,1.1416035704314709e-05,256,0.27602219203417416,0.0791274050033185,1.1416035704314709e-05,0.3655468847224418,9.033212807076543e-07,False,-0.3655477880437225,measured_local,,,,,
channel,12,12,26,qaoa,optimistic,5.718122651810221,5.718122651810221,True,0.022032624925486743,117,0.27602219203417416,0.0791274050033185,1.5005800000000002,0.0,0.1187370013998797,True,-2.1187370013998796,modeled_qpu,1024.0,0.0071463025330972,9.208430777629147,1.2830417606492661,0.1750938538736304
channel,12,12,26,qaoa,nominal,5.718122651810221,5.718122651810221,True,0.022032624925486743,117,0.27602219203417416,0.0791274050033185,9.4154,0.0,0.745016169068245,True,-2.745016169068245,modeled_qpu,1024.0,0.0071463025330972,9.208430777629147,1.2830417606492661,0.1750938538736304
channel,12,12,26,qaoa,stressed,5.718122651810221,5.718122651810221,True,0.022032624925486743,117,0.27602219203417416,0.0791274050033185,43.0016,0.0,3.402605018990701,True,-5.402605018990701,modeled_qpu,1024.0,0.0071463025330972,9.208430777629147,1.2830417606492661,0.1750938538736304
channel,12,12,26,mean_field,local,5.718122651810221,5.718122651810221,True,0.008709165966138244,109,0.27602219203417416,0.0791274050033185,0.008709165966138244,0.0,0.0006891337026437384,False,-0.0006891337026437384,measured_local,,,,,
channel,12,12,27,exact,local,5.008466033112291,5.008466033112291,True,8.208910003304482e-06,4096,0.060789298174905707,0.07778433764364105,8.208910003304482e-06,0.0,6.385246273832984e-07,False,-6.385246273832984e-07,measured_local,,,,,
channel,12,12,27,local_search,local,5.008466033112291,5.008466033112291,True,0.0001763750333338976,1344,0.060789298174905707,0.07778433764364105,0.0001763750333338976,0.0,1.3719215144752335e-05,False,-1.3719215144752335e-05,measured_local,,,,,
channel,12,12,27,annealing,local,5.008466033112291,5.008466033112291,True,0.0012305419659242034,960,0.060789298174905707,0.07778433764364105,0.0012305419659242034,0.0,9.571689176211808e-05,False,-9.571689176211808e-05,measured_local,,,,,
channel,12,12,27,random,local,6.7182019845918735,5.008466033112291,True,1.083302777260542e-05,256,0.060789298174905707,0.07778433764364105,1.083302777260542e-05,0.2845544839660126,8.426398899672807e-07,False,-0.28455532660590255,measured_local,,,,,
channel,12,12,27,qaoa,optimistic,5.008466033112291,5.008466033112291,True,0.02209487499203533,118,0.060789298174905707,0.07778433764364105,1.5133200000000002,0.0,0.1177125938428749,True,-2.117712593842875,modeled_qpu,1024.0,0.0068568460419132,9.417494786235562,1.2644609236959137,0.14947127074932837
channel,12,12,27,qaoa,nominal,5.008466033112291,5.008466033112291,True,0.02209487499203533,118,0.060789298174905707,0.07778433764364105,9.4916,0.0,0.7382978191783834,True,-2.7382978191783836,modeled_qpu,1024.0,0.0068568460419132,9.417494786235562,1.2644609236959137,0.14947127074932837
channel,12,12,27,qaoa,stressed,5.008466033112291,5.008466033112291,True,0.02209487499203533,118,0.060789298174905707,0.07778433764364105,43.32640000000001,0.0,3.3701153264834502,True,-5.37011532648345,modeled_qpu,1024.0,0.0068568460419132,9.417494786235562,1.2644609236959137,0.14947127074932837
channel,12,12,27,mean_field,local,5.054229586644299,5.008466033112291,True,0.008966249995864928,110,0.060789298174905707,0.07778433764364105,0.008966249995864928,0.0076165119815619535,0.0006974338170756527,False,-0.008313945798637607,measured_local,,,,,
channel,12,12,28,exact,local,6.153069002536247,6.153069002536247,True,8.291914127767086e-06,4096,0.4644351778291528,0.04000044506525191,8.291914127767086e-06,0.0,3.3168025555353353e-07,False,-3.3168025555353353e-07,measured_local,,,,,
channel,12,12,28,local_search,local,6.153069002536247,6.153069002536247,True,0.0003056660061702132,1524,0.4644351778291528,0.04000044506525191,0.0003056660061702132,0.0,1.2226776288126565e-05,False,-1.2226776288126565e-05,measured_local,,,,,
channel,12,12,28,annealing,local,6.153069002536247,6.153069002536247,True,0.0011632079258561134,960,0.4644351778291528,0.04000044506525191,0.0011632079258561134,0.0,4.652883473767308e-05,False,-4.652883473767308e-05,measured_local,,,,,
channel,12,12,28,random,local,6.523969588247123,6.153069002536247,True,1.2791017070412636e-05,256,0.4644351778291528,0.04000044506525191,1.2791017070412636e-05,0.05185195132038663,5.116463756537401e-07,False,-0.05185246296676228,measured_local,,,,,
channel,12,12,28,qaoa,optimistic,6.153069002536247,6.153069002536247,True,0.021739207906648517,118,0.4644351778291528,0.04000044506525191,1.5133200000000002,0.0,0.06053347352614703,True,-2.060533473526147,modeled_qpu,1024.0,0.006194902611455202,8.986322809507154,1.2627127559473266,0.15573397659642013
channel,12,12,28,qaoa,nominal,6.153069002536247,6.153069002536247,True,0.021739207906648517,118,0.4644351778291528,0.04000044506525191,9.4916,0.0,0.379668224381345,True,-2.379668224381345,modeled_qpu,1024.0,0.006194902611455202,8.986322809507154,1.2627127559473266,0.15573397659642013
channel,12,12,28,qaoa,stressed,6.153069002536247,6.153069002536247,True,0.021739207906648517,118,0.4644351778291528,0.04000044506525191,43.32640000000001,0.0,1.7330752830751306,True,-3.733075283075131,modeled_qpu,1024.0,0.006194902611455202,8.986322809507154,1.2627127559473266,0.15573397659642013
channel,12,12,28,mean_field,local,6.153069002536247,6.153069002536247,True,0.009294666931964457,116,0.4644351778291528,0.04000044506525191,0.009294666931964457,0.0,0.0003717908140118578,False,-0.0003717908140118578,measured_local,,,,,
channel,12,12,29,exact,local,5.049190018437743,5.049190018437743,True,9.791925549507141e-06,4096,0.20014903407795587,0.020385020894489344,9.791925549507141e-06,0.0,1.9960860692398713e-07,False,-1.9960860692398713e-07,measured_local,,,,,
channel,12,12,29,local_search,local,5.049190018437743,5.049190018437743,True,0.00020054203923791647,1584,0.20014903407795587,0.020385020894489344,0.00020054203923791647,0.0,4.088053660088429e-06,False,-4.088053660088429e-06,measured_local,,,,,
channel,12,12,29,annealing,local,5.049190018437743,5.049190018437743,True,0.0011418749345466495,960,0.20014903407795587,0.020385020894489344,0.0011418749345466495,0.0,2.32771443996271e-05,False,-2.32771443996271e-05,measured_local,,,,,
channel,12,12,29,random,local,5.049190018437743,5.049190018437743,True,1.0292045772075653e-05,256,0.20014903407795587,0.020385020894489344,1.0292045772075653e-05,0.0,2.098035681108029e-07,False,-2.098035681108029e-07,measured_local,,,,,
channel,12,12,29,qaoa,optimistic,5.049190018437743,5.049190018437743,True,0.022335708956234157,119,0.20014903407795587,0.020385020894489344,1.5260600000000002,0.0,0.031108764986244413,True,-2.0311087649862443,modeled_qpu,1024.0,0.008088665233769212,9.637251653077358,1.2627539601949063,0.1879577748082472
channel,12,12,29,qaoa,nominal,5.049190018437743,5.049190018437743,True,0.022335708956234157,119,0.20014903407795587,0.020385020894489344,9.5678,0.0,0.19503980291429515,True,-2.195039802914295,modeled_qpu,1024.0,0.008088665233769212,9.637251653077358,1.2627539601949063,0.1879577748082472
channel,12,12,29,qaoa,stressed,5.049190018437743,5.049190018437743,True,0.022335708956234157,119,0.20014903407795587,0.020385020894489344,43.6512,0.0,0.8898306240695333,True,-2.8898306240695333,modeled_qpu,1024.0,0.008088665233769212,9.637251653077358,1.2627539601949063,0.1879577748082472
channel,12,12,29,mean_field,local,5.049190018437743,5.049190018437743,True,0.009373666951432824,114,0.20014903407795587,0.020385020894489344,0.009373666951432824,0.0,0.00019108239666294234,False,-0.00019108239666294234,measured_local,,,,,
placement,6,6,0,exact,local,1.1818622122001132,1.1818622122001132,True,7.209018804132938e-06,64,0.17904497091741756,0.08340592809216199,7.209018804132938e-06,0.0,6.012749039925555e-07,False,-6.012749039925555e-07,measured_local,,,,,
placement,6,6,0,local_search,local,1.1818622122001132,1.1818622122001132,True,8.891604375094175e-05,330,0.17904497091741756,0.08340592809216199,8.891604375094175e-05,0.0,7.416125151330578e-06,False,-7.416125151330578e-06,measured_local,,,,,
placement,6,6,0,annealing,local,1.1818622122001132,1.1818622122001132,True,0.0011518331011757255,960,0.17904497091741756,0.08340592809216199,0.0011518331011757255,0.0,9.606970881083451e-05,False,-9.606970881083451e-05,measured_local,,,,,
placement,6,6,0,random,local,1.1818622122001132,1.1818622122001132,True,1.1417083442211151e-05,256,0.17904497091741756,0.08340592809216199,1.1417083442211151e-05,0.0,9.522524406032766e-07,False,-9.522524406032766e-07,measured_local,,,,,
placement,6,6,0,qaoa,optimistic,1.1818622122001132,1.1818622122001132,True,0.002163709024898708,93,0.17904497091741756,0.08340592809216199,1.1948200000000002,0.0,0.09965507100307701,True,-2.099655071003077,modeled_qpu,1024.0,0.06052726708287689,4.384614444451449,2.7631437923342763,0.0839372386228873
placement,6,6,0,qaoa,nominal,1.1818622122001132,1.1818622122001132,True,0.002163709024898708,93,0.17904497091741756,0.08340592809216199,7.586600000000001,0.0,0.6327674140639962,True,-2.6327674140639963,modeled_qpu,1024.0,0.06052726708287689,4.384614444451449,2.7631437923342763,0.0839372386228873
placement,6,6,0,qaoa,stressed,1.1818622122001132,1.1818622122001132,True,0.002163709024898708,93,0.17904497091741756,0.08340592809216199,35.2064,0.0,2.9364224667838923,True,-4.936422466783892,modeled_qpu,1024.0,0.06052726708287689,4.384614444451449,2.7631437923342763,0.0839372386228873
placement,6,6,0,mean_field,local,1.1818622122001132,1.1818622122001132,True,0.0021933340467512608,107,0.17904497091741756,0.08340592809216199,0.0021933340467512608,0.0,0.00018293706178542632,False,-0.00018293706178542632,measured_local,,,,,
placement,6,6,1,exact,local,0.9097056080047319,0.9097056080047319,True,3.7910649552941322e-06,64,0.307808759962567,0.0585719744924737,3.7910649552941322e-06,0.0,2.2205015986079885e-07,False,-2.2205015986079885e-07,measured_local,,,,,
placement,6,6,1,local_search,local,0.9097056080047319,0.9097056080047319,True,9.5625058747828e-05,366,0.307808759962567,0.0585719744924737,9.5625058747828e-05,0.0,5.600948501819081e-06,False,-5.600948501819081e-06,measured_local,,,,,
placement,6,6,1,annealing,local,0.9097056080047319,0.9097056080047319,True,0.0011295001022517681,960,0.307808759962567,0.0585719744924737,0.0011295001022517681,0.0,6.6157051178337e-05,False,-6.6157051178337e-05,measured_local,,,,,
placement,6,6,1,random,local,0.9097056080047319,0.9097056080047319,True,6.9160014390945435e-06,256,0.307808759962567,0.0585719744924737,6.9160014390945435e-06,0.0,4.05083859880557e-07,False,-4.05083859880557e-07,measured_local,,,,,
placement,6,6,1,qaoa,optimistic,0.9097056080047319,0.9097056080047319,True,0.0023420839570462704,95,0.307808759962567,0.0585719744924737,1.2203000000000002,0.0,0.07147538047316566,True,-2.071475380473166,modeled_qpu,1024.0,0.061890569459770686,4.589625317750277,2.7450069057959894,0.0842809775411956
placement,6,6,1,qaoa,nominal,0.9097056080047319,0.9097056080047319,True,0.0023420839570462704,95,0.307808759962567,0.0585719744924737,7.739000000000001,0.0,0.453288510597254,True,-2.453288510597254,modeled_qpu,1024.0,0.061890569459770686,4.589625317750277,2.7450069057959894,0.0842809775411956
placement,6,6,1,qaoa,stressed,0.9097056080047319,0.9097056080047319,True,0.0023420839570462704,95,0.307808759962567,0.0585719744924737,35.856,0.0,2.100156717402137,True,-4.100156717402137,modeled_qpu,1024.0,0.061890569459770686,4.589625317750277,2.7450069057959894,0.0842809775411956
placement,6,6,1,mean_field,local,1.6078514752969473,0.9097056080047319,True,0.0023348749382421374,115,0.307808759962567,0.0585719744924737,0.0023348749382421374,0.36557774369298784,0.0001367582353258346,False,-0.3657145019283137,measured_local,,,,,
placement,6,6,2,exact,local,0.8485033594844218,0.8485033594844218,True,3.583962097764015e-06,64,0.36188392337959224,0.08319264598256361,3.583962097764015e-06,0.0,2.9815929001420774e-07,False,-2.9815929001420774e-07,measured_local,,,,,
placement,6,6,2,local_search,local,0.8485033594844218,0.8485033594844218,True,9.220791980624199e-05,360,0.36188392337959224,0.08319264598256361,9.220791980624199e-05,0.0,7.671020829229305e-06,False,-7.671020829229305e-06,measured_local,,,,,
placement,6,6,2,annealing,local,0.8485033594844218,0.8485033594844218,True,0.0011022910475730896,960,0.36188392337959224,0.08319264598256361,0.0011022910475730896,0.0,9.170250889049723e-05,False,-9.170250889049723e-05,measured_local,,,,,
placement,6,6,2,random,local,3.1588153619693946,0.8485033594844218,True,7.042079232633114e-06,256,0.36188392337959224,0.08319264598256361,7.042079232633114e-06,1.2498284034113722,5.858492045816098e-07,False,-1.2498289892605767,measured_local,,,,,
placement,6,6,2,qaoa,optimistic,0.8485033594844218,0.8485033594844218,True,0.0021903750021010637,96,0.36188392337959224,0.08319264598256361,1.2330400000000001,0.0,0.10257986020234025,True,-2.1025798602023404,modeled_qpu,1024.0,0.054929617270354815,4.059959866176559,2.6862818074829486,0.07914922340339604
placement,6,6,2,qaoa,nominal,0.8485033594844218,0.8485033594844218,True,0.0021903750021010637,96,0.36188392337959224,0.08319264598256361,7.815200000000001,0.0,0.6501671668829312,True,-2.650167166882931,modeled_qpu,1024.0,0.054929617270354815,4.059959866176559,2.6862818074829486,0.07914922340339604
placement,6,6,2,qaoa,stressed,0.8485033594844218,0.8485033594844218,True,0.0021903750021010637,96,0.36188392337959224,0.08319264598256361,36.180800000000005,0.0,3.0099764857659377,True,-5.009976485765938,modeled_qpu,1024.0,0.054929617270354815,4.059959866176559,2.6862818074829486,0.07914922340339604
placement,6,6,2,mean_field,local,0.8485033594844218,0.8485033594844218,True,0.002398666925728321,112,0.36188392337959224,0.08319264598256361,0.002398666925728321,0.0,0.00019955144838220042,False,-0.00019955144838220042,measured_local,,,,,
placement,6,6,3,exact,local,1.1799209979456753,1.1799209979456753,True,3.7079444155097008e-06,64,0.22723212246704025,0.10971530228409045,3.7079444155097008e-06,0.0,4.068182424002519e-07,False,-4.068182424002519e-07,measured_local,,,,,
placement,6,6,3,local_search,local,1.1799209979456753,1.1799209979456753,True,9.875011164695024e-05,402,0.22723212246704025,0.10971530228409045,9.875011164695024e-05,0.0,1.0834398349932826e-05,False,-1.0834398349932826e-05,measured_local,,,,,
placement,6,6,3,annealing,local,1.1799209979456753,1.1799209979456753,True,0.0011041249381378293,960,0.22723212246704025,0.10971530228409045,0.0011041249381378293,0.0,0.00012113940134719461,False,-0.00012113940134719461,measured_local,,,,,
placement,6,6,3,random,local,1.1799209979456753,1.1799209979456753,True,7.207971066236496e-06,256,0.22723212246704025,0.10971530228409045,7.207971066236496e-06,0.0,7.908247243871148e-07,False,-7.908247243871148e-07,measured_local,,,,,
placement,6,6,3,qaoa,optimistic,1.1799209979456753,1.1799209979456753,True,0.00215466704685241,94,0.22723212246704025,0.10971530228409045,1.2075600000000002,0.0,0.13248781042617627,True,-2.132487810426176,modeled_qpu,1024.0,0.060375745615351674,4.3638598419862955,2.7642976925954246,0.08219447243477551
placement,6,6,3,qaoa,nominal,1.1799209979456753,1.1799209979456753,True,0.00215466704685241,94,0.22723212246704025,0.10971530228409045,7.662800000000001,0.0,0.8407264183425284,True,-2.8407264183425283,modeled_qpu,1024.0,0.060375745615351674,4.3638598419862955,2.7642976925954246,0.08219447243477551
placement,6,6,3,qaoa,stressed,1.1799209979456753,1.1799209979456753,True,0.00215466704685241,94,0.22723212246704025,0.10971530228409045,35.5312,0.0,3.8983163485164742,True,-5.898316348516474,modeled_qpu,1024.0,0.060375745615351674,4.3638598419862955,2.7642976925954246,0.08219447243477551
placement,6,6,3,mean_field,local,1.1799209979456753,1.1799209979456753,True,0.002339666010811925,114,0.22723212246704025,0.10971530228409045,0.002339666010811925,0.0,0.0002566971636200424,False,-0.0002566971636200424,measured_local,,,,,
placement,6,6,4,exact,local,1.3444906723064454,1.3444906723064454,True,3.1669624149799347e-06,64,0.10018023656619005,0.09581344046885994,3.1669624149799347e-06,0.0,3.0343756481479686e-07,False,-3.0343756481479686e-07,measured_local,,,,,
placement,6,6,4,local_search,local,1.3444906723064454,1.3444906723064454,True,9.583402425050735e-05,396,0.10018023656619005,0.09581344046885994,9.583402425050735e-05,0.0,9.182187577417265e-06,False,-9.182187577417265e-06,measured_local,,,,,
placement,6,6,4,annealing,local,1.3444906723064454,1.3444906723064454,True,0.0010792500106617808,960,0.10018023656619005,0.09581344046885994,0.0010792500106617808,0.0,0.00010340665664755899,False,-0.00010340665664755899,measured_local,,,,,
placement,6,6,4,random,local,1.3444906723064454,1.3444906723064454,True,7.08398874849081e-06,256,0.10018023656619005,0.09581344046885994,7.08398874849081e-06,0.0,6.787413342355978e-07,False,-6.787413342355978e-07,measured_local,,,,,
placement,6,6,4,qaoa,optimistic,1.3444906723064454,1.3444906723064454,True,0.002390999929048121,97,0.10018023656619005,0.09581344046885994,1.24578,0.0,0.11936246786729635,True,-2.119362467867296,modeled_qpu,1024.0,0.058315529254644054,4.341718940254582,2.675326074318318,0.060794097472138174
placement,6,6,4,qaoa,nominal,1.3444906723064454,1.3444906723064454,True,0.002390999929048121,97,0.10018023656619005,0.09581344046885994,7.8914,0.0,0.7561021841159613,True,-2.7561021841159614,modeled_qpu,1024.0,0.058315529254644054,4.341718940254582,2.675326074318318,0.060794097472138174
placement,6,6,4,qaoa,stressed,1.3444906723064454,1.3444906723064454,True,0.002390999929048121,97,0.10018023656619005,0.09581344046885994,36.5056,0.0,3.4977271323800134,True,-5.497727132380014,modeled_qpu,1024.0,0.058315529254644054,4.341718940254582,2.675326074318318,0.060794097472138174
placement,6,6,4,mean_field,local,1.3444906723064454,1.3444906723064454,True,0.0018892079824581742,87,0.10018023656619005,0.09581344046885994,0.0018892079824581742,0.0,0.00018101151656055127,False,-0.00018101151656055127,measured_local,,,,,
placement,6,6,5,exact,local,2.1800632460358647,2.1800632460358647,True,3.5410048440098763e-06,64,0.16548529085528038,0.036390539948120165,3.5410048440098763e-06,0.0,1.288590782324284e-07,False,-1.288590782324284e-07,measured_local,,,,,
placement,6,6,5,local_search,local,2.1800632460358647,2.1800632460358647,True,9.504088666290045e-05,372,0.16548529085528038,0.036390539948120165,9.504088666290045e-05,0.0,3.4585891828110397e-06,False,-3.4585891828110397e-06,measured_local,,,,,
placement,6,6,5,annealing,local,2.1800632460358647,2.1800632460358647,True,0.0011086659505963326,960,0.16548529085528038,0.036390539948120165,0.0011086659505963326,0.0,4.0344952564296456e-05,False,-4.0344952564296456e-05,measured_local,,,,,
placement,6,6,5,random,local,2.1800632460358647,2.1800632460358647,True,1.2041069567203522e-05,256,0.16548529085528038,0.036390539948120165,1.2041069567203522e-05,0.0,4.3818102310341375e-07,False,-4.3818102310341375e-07,measured_local,,,,,
placement,6,6,5,qaoa,optimistic,2.1800632460358647,2.1800632460358647,True,0.002129000029526651,94,0.16548529085528038,0.036390539948120165,1.2075600000000002,0.0,0.043943760419751995,True,-2.043943760419752,modeled_qpu,1024.0,0.06174203236888035,4.751481740000756,2.7333937237001766,0.07835601636402151
placement,6,6,5,qaoa,nominal,2.1800632460358647,2.1800632460358647,True,0.002129000029526651,94,0.16548529085528038,0.036390539948120165,7.662800000000001,0.0,0.27885342951445524,True,-2.2788534295144554,modeled_qpu,1024.0,0.06174203236888035,4.751481740000756,2.7333937237001766,0.07835601636402151
placement,6,6,5,qaoa,stressed,2.1800632460358647,2.1800632460358647,True,0.002129000029526651,94,0.16548529085528038,0.036390539948120165,35.5312,0.0,1.2929995530046472,True,-3.2929995530046474,modeled_qpu,1024.0,0.06174203236888035,4.751481740000756,2.7333937237001766,0.07835601636402151
placement,6,6,5,mean_field,local,2.1800632460358647,2.1800632460358647,True,0.0023088339949026704,102,0.16548529085528038,0.036390539948120165,0.0023088339949026704,0.0,8.40197157250835e-05,False,-8.40197157250835e-05,measured_local,,,,,
placement,6,6,6,exact,local,1.5619595269294149,1.5619595269294149,True,3.2080570235848427e-06,64,0.40781860603112546,0.024844413074505727,3.2080570235848427e-06,0.0,7.97022938605112e-08,False,-7.97022938605112e-08,measured_local,,,,,
placement,6,6,6,local_search,local,1.5619595269294149,1.5619595269294149,True,8.775002788752317e-05,354,0.40781860603112546,0.024844413074505727,8.775002788752317e-05,0.0,2.180097940137023e-06,False,-2.180097940137023e-06,measured_local,,,,,
placement,6,6,6,annealing,local,1.5619595269294149,1.5619595269294149,True,0.0010984160471707582,960,0.40781860603112546,0.024844413074505727,0.0010984160471707582,0.0,2.7289502003576087e-05,False,-2.7289502003576087e-05,measured_local,,,,,
placement,6,6,6,random,local,1.5619595269294149,1.5619595269294149,True,6.583984941244125e-06,256,0.40781860603112546,0.024844413074505727,6.583984941244125e-06,0.0,1.6357524155659436e-07,False,-1.6357524155659436e-07,measured_local,,,,,
placement,6,6,6,qaoa,optimistic,1.5619595269294149,1.5619595269294149,True,0.002155583002604544,94,0.40781860603112546,0.024844413074505727,1.2075600000000002,0.0,0.03000111945225014,True,-2.0300011194522503,modeled_qpu,1024.0,0.06056395065510232,4.3690381595027805,2.763139981414393,0.08248589307197941
placement,6,6,6,qaoa,nominal,1.5619595269294149,1.5619595269294149,True,0.002155583002604544,94,0.40781860603112546,0.024844413074505727,7.662800000000001,0.0,0.1903777685073225,True,-2.1903777685073225,modeled_qpu,1024.0,0.06056395065510232,4.3690381595027805,2.763139981414393,0.08248589307197941
placement,6,6,6,qaoa,stressed,1.5619595269294149,1.5619595269294149,True,0.002155583002604544,94,0.40781860603112546,0.024844413074505727,35.5312,0.0,0.8827518098328778,True,-2.882751809832878,modeled_qpu,1024.0,0.06056395065510232,4.3690381595027805,2.763139981414393,0.08248589307197941
placement,6,6,6,mean_field,local,2.005737156908197,1.5619595269294149,True,0.0017169159837067127,77,0.40781860603112546,0.024844413074505727,0.0017169159837067127,0.17321804865148002,4.265576991343091e-05,False,-0.17326070442139346,measured_local,,,,,
placement,6,6,7,exact,local,1.7225326477862517,1.7225326477862517,True,2.834014594554901e-06,64,0.3449630671661319,0.0658892912392276,2.834014594554901e-06,0.0,1.867312129968494e-07,False,-1.867312129968494e-07,measured_local,,,,,
placement,6,6,7,local_search,local,1.7225326477862517,1.7225326477862517,True,8.974992670118809e-05,360,0.3449630671661319,0.0658892912392276,8.974992670118809e-05,0.0,5.913559059113912e-06,False,-5.913559059113912e-06,measured_local,,,,,
placement,6,6,7,annealing,local,1.7225326477862517,1.7225326477862517,True,0.001101166009902954,960,0.3449630671661319,0.0658892912392276,0.001101166009902954,0.0,7.255504792923393e-05,False,-7.255504792923393e-05,measured_local,,,,,
placement,6,6,7,random,local,1.7225326477862517,1.7225326477862517,True,6.707967258989811e-06,256,0.3449630671661319,0.0658892912392276,6.707967258989811e-06,0.0,4.419832083507829e-07,False,-4.419832083507829e-07,measured_local,,,,,
placement,6,6,7,qaoa,optimistic,1.7225326477862517,1.7225326477862517,True,0.0023494999622926116,97,0.3449630671661319,0.0658892912392276,1.24578,0.0,0.08208356124000496,True,-2.082083561240005,modeled_qpu,1024.0,0.060600726801330156,4.540093952903993,2.7475417235978146,0.07986227342123228
placement,6,6,7,qaoa,nominal,1.7225326477862517,1.7225326477862517,True,0.0023494999622926116,97,0.3449630671661319,0.0658892912392276,7.8914,0.0,0.5199587528852406,True,-2.5199587528852407,modeled_qpu,1024.0,0.060600726801330156,4.540093952903993,2.7475417235978146,0.07986227342123228
placement,6,6,7,qaoa,stressed,1.7225326477862517,1.7225326477862517,True,0.0023494999622926116,97,0.3449630671661319,0.0658892912392276,36.5056,0.0,2.4053281102627473,True,-4.405328110262747,modeled_qpu,1024.0,0.060600726801330156,4.540093952903993,2.7475417235978146,0.07986227342123228
placement,6,6,7,mean_field,local,1.7225326477862517,1.7225326477862517,True,0.0020103330025449395,99,0.3449630671661319,0.0658892912392276,0.0020103330025449395,0.0,0.0001324594166925144,False,-0.0001324594166925144,measured_local,,,,,
placement,6,6,8,exact,local,1.3552020546619976,1.3552020546619976,True,2.374988980591297e-06,64,0.416624784216886,0.08359221762423823,2.374988980591297e-06,0.0,1.985305957207554e-07,False,-1.985305957207554e-07,measured_local,,,,,
placement,6,6,8,local_search,local,1.3552020546619976,1.3552020546619976,True,8.954107761383057e-05,360,0.416624784216886,0.08359221762423823,8.954107761383057e-05,0.0,7.484937246204131e-06,False,-7.484937246204131e-06,measured_local,,,,,
placement,6,6,8,annealing,local,1.3552020546619976,1.3552020546619976,True,0.0011475839419290423,960,0.416624784216886,0.08359221762423823,0.0011475839419290423,0.0,9.592908661581367e-05,False,-9.592908661581367e-05,measured_local,,,,,
placement,6,6,8,random,local,1.3552020546619976,1.3552020546619976,True,9.542098268866539e-06,256,0.416624784216886,0.08359221762423823,9.542098268866539e-06,0.0,7.976451550829586e-07,False,-7.976451550829586e-07,measured_local,,,,,
placement,6,6,8,qaoa,optimistic,1.3552020546619976,1.3552020546619976,True,0.0021931249648332596,92,0.416624784216886,0.08359221762423823,1.1820800000000002,0.0,0.09881268860925954,True,-2.0988126886092595,modeled_qpu,1024.0,0.061465602531105445,4.579692470035056,2.7445998005641368,0.08282883607784122
placement,6,6,8,qaoa,nominal,1.3552020546619976,1.3552020546619976,True,0.0021931249648332596,92,0.416624784216886,0.08359221762423823,7.510400000000001,0.0,0.6278109912450789,True,-2.627810991245079,modeled_qpu,1024.0,0.061465602531105445,4.579692470035056,2.7445998005641368,0.08282883607784122
placement,6,6,8,qaoa,stressed,1.3552020546619976,1.3552020546619976,True,0.0021931249648332596,92,0.416624784216886,0.08359221762423823,34.881600000000006,0.0,2.9158302982816284,True,-4.915830298281628,modeled_qpu,1024.0,0.061465602531105445,4.579692470035056,2.7445998005641368,0.08282883607784122
placement,6,6,8,mean_field,local,1.3552020546619976,1.3552020546619976,True,0.00240716605912894,107,0.416624784216886,0.08359221762423823,0.00240716605912894,0.0,0.00020122034907238626,False,-0.00020122034907238626,measured_local,,,,,
placement,6,6,9,exact,local,1.8691217119778392,1.8691217119778392,True,4.125060513615608e-06,64,0.5995079501609638,0.022974469298570194,4.125060513615608e-06,0.0,9.477107612480598e-08,False,-9.477107612480598e-08,measured_local,,,,,
placement,6,6,9,local_search,local,1.8691217119778392,1.8691217119778392,True,9.862496517598629e-05,372,0.5995079501609638,0.022974469298570194,9.862496517598629e-05,0.0,2.2658562345082516e-06,False,-2.2658562345082516e-06,measured_local,,,,,
placement,6,6,9,annealing,local,1.8691217119778392,1.8691217119778392,True,0.0010876670712605119,960,0.5995079501609638,0.022974469298570194,0.0010876670712605119,0.0,2.498857373574039e-05,False,-2.498857373574039e-05,measured_local,,,,,
placement,6,6,9,random,local,1.8691217119778392,1.8691217119778392,True,7.208087481558323e-06,256,0.5995079501609638,0.022974469298570194,7.208087481558323e-06,0.0,1.6560198454646984e-07,False,-1.6560198454646984e-07,measured_local,,,,,
placement,6,6,9,qaoa,optimistic,1.8691217119778392,1.8691217119778392,True,0.002253166981972754,95,0.5995079501609638,0.022974469298570194,1.2203000000000002,0.0,0.028035744885045212,True,-2.0280357448850452,modeled_qpu,1024.0,0.0532021802977206,4.009042301926977,2.687778180877721,0.07421552385543526
placement,6,6,9,qaoa,nominal,1.8691217119778392,1.8691217119778392,True,0.002253166981972754,95,0.5995079501609638,0.022974469298570194,7.739000000000001,0.0,0.17779941790163475,True,-2.177799417901635,modeled_qpu,1024.0,0.0532021802977206,4.009042301926977,2.687778180877721,0.07421552385543526
placement,6,6,9,qaoa,stressed,1.8691217119778392,1.8691217119778392,True,0.002253166981972754,95,0.5995079501609638,0.022974469298570194,35.856,0.0,0.823772571169533,True,-2.823772571169533,modeled_qpu,1024.0,0.0532021802977206,4.009042301926977,2.687778180877721,0.07421552385543526
placement,6,6,9,mean_field,local,1.8691217119778392,1.8691217119778392,True,0.0021249590208753943,101,0.5995079501609638,0.022974469298570194,0.0021249590208753943,0.0,4.8819805785821525e-05,False,-4.8819805785821525e-05,measured_local,,,,,
placement,6,6,10,exact,local,1.3220391894653551,1.3220391894653551,True,3.832974471151829e-06,64,0.6045623392092311,0.06863799998449954,3.832974471151829e-06,0.0,2.6308770169150635e-07,False,-2.6308770169150635e-07,measured_local,,,,,
placement,6,6,10,local_search,local,1.3220391894653551,1.3220391894653551,True,9.454099927097559e-05,354,0.6045623392092311,0.06863799998449954,9.454099927097559e-05,0.0,6.489105106495794e-06,False,-6.489105106495794e-06,measured_local,,,,,
placement,6,6,10,annealing,local,1.3220391894653551,1.3220391894653551,True,0.0014127909671515226,960,0.6045623392092311,0.06863799998449954,0.0014127909671515226,0.0,9.69711463814473e-05,False,-9.69711463814473e-05,measured_local,,,,,
placement,6,6,10,random,local,1.3220391894653551,1.3220391894653551,True,1.4042016118764877e-05,256,0.6045623392092311,0.06863799998449954,1.4042016118764877e-05,0.0,9.63815902142126e-07,False,-9.63815902142126e-07,measured_local,,,,,
placement,6,6,10,qaoa,optimistic,1.3220391894653551,1.3220391894653551,True,0.0022422500187531114,95,0.6045623392092311,0.06863799998449954,1.2203000000000002,0.0,0.0837589513810848,True,-2.0837589513810846,modeled_qpu,1024.0,0.06122000665476252,4.544564094411903,2.747332148849899,0.08284648061560992
placement,6,6,10,qaoa,nominal,1.3220391894653551,1.3220391894653551,True,0.0022422500187531114,95,0.6045623392092311,0.06863799998449954,7.739000000000001,0.0,0.531189481880042,True,-2.531189481880042,modeled_qpu,1024.0,0.06122000665476252,4.544564094411903,2.747332148849899,0.08284648061560992
placement,6,6,10,qaoa,stressed,1.3220391894653551,1.3220391894653551,True,0.0022422500187531114,95,0.6045623392092311,0.06863799998449954,35.856,0.0,2.4610841274442157,True,-4.461084127444216,modeled_qpu,1024.0,0.06122000665476252,4.544564094411903,2.747332148849899,0.08284648061560992
placement,6,6,10,mean_field,local,1.3220391894653551,1.3220391894653551,True,0.0022524589439854026,103,0.6045623392092311,0.06863799998449954,0.0022524589439854026,0.0,0.0001546042769623559,False,-0.0001546042769623559,measured_local,,,,,
placement,6,6,11,exact,local,1.267116824754423,1.267116824754423,True,4.541943781077862e-06,64,0.38958327949458466,0.11499466856194134,4.541943781077862e-06,0.0,5.222993197320193e-07,False,-5.222993197320193e-07,measured_local,,,,,
placement,6,6,11,local_search,local,1.267116824754423,1.267116824754423,True,9.324995335191488e-05,354,0.38958327949458466,0.11499466856194134,9.324995335191488e-05,0.0,1.0723247479119942e-05,False,-1.0723247479119942e-05,measured_local,,,,,
placement,6,6,11,annealing,local,1.267116824754423,1.267116824754423,True,0.0013638329692184925,960,0.38958327949458466,0.11499466856194134,0.0013638329692184925,0.0,0.00015683352026912888,False,-0.00015683352026912888,measured_local,,,,,
placement,6,6,11,random,local,1.267116824754423,1.267116824754423,True,2.3709028027951717e-05,256,0.38958327949458466,0.11499466856194134,2.3709028027951717e-05,0.0,2.7264118200000855e-06,False,-2.7264118200000855e-06,measured_local,,,,,
placement,6,6,11,qaoa,optimistic,1.267116824754423,1.267116824754423,True,0.002391749992966652,86,0.38958327949458466,0.11499466856194134,1.1056400000000002,0.0,0.12714270534882482,True,-2.1271427053488248,modeled_qpu,1024.0,0.050510766674940914,3.6937380679755414,2.6920870401643944,0.07681825095666903
placement,6,6,11,qaoa,nominal,1.267116824754423,1.267116824754423,True,0.002391749992966652,86,0.38958327949458466,0.11499466856194134,7.0532,0.0,0.8110803963010846,True,-2.811080396301085,modeled_qpu,1024.0,0.050510766674940914,3.6937380679755414,2.6920870401643944,0.07681825095666903
placement,6,6,11,qaoa,stressed,1.267116824754423,1.267116824754423,True,0.002391749992966652,86,0.38958327949458466,0.11499466856194134,32.9328,0.0,3.7870964208167015,True,-5.7870964208167015,modeled_qpu,1024.0,0.050510766674940914,3.6937380679755414,2.6920870401643944,0.07681825095666903
placement,6,6,11,mean_field,local,1.267116824754423,1.267116824754423,True,0.002065707929432392,90,0.38958327949458466,0.11499466856194134,0.002065707929432392,0.0,0.00023754539869085204,False,-0.00023754539869085204,measured_local,,,,,
placement,6,6,12,exact,local,0.9398736102452181,0.9398736102452181,True,3.5830307751893997e-06,64,0.45882528176787274,0.020586101129627072,3.5830307751893997e-06,0.0,7.376063388861507e-08,False,-7.376063388861507e-08,measured_local,,,,,
placement,6,6,12,local_search,local,0.9398736102452181,0.9398736102452181,True,9.433296509087086e-05,384,0.45882528176787274,0.020586101129627072,9.433296509087086e-05,0.0,1.9419479592182478e-06,False,-1.9419479592182478e-06,measured_local,,,,,
placement,6,6,12,annealing,local,0.9398736102452181,0.9398736102452181,True,0.0011124169686809182,960,0.45882528176787274,0.020586101129627072,0.0011124169686809182,0.0,2.2900328215578574e-05,False,-2.2900328215578574e-05,measured_local,,,,,
placement,6,6,12,random,local,0.9398736102452181,0.9398736102452181,True,6.7909713834524155e-06,256,0.45882528176787274,0.020586101129627072,6.7909713834524155e-06,0.0,1.397996236681549e-07,False,-1.397996236681549e-07,measured_local,,,,,
placement,6,6,12,qaoa,optimistic,0.9398736102452181,0.9398736102452181,True,0.0021580830216407776,94,0.45882528176787274,0.020586101129627072,1.2075600000000002,0.0,0.02485895228009247,True,-2.0248589522800926,modeled_qpu,1024.0,0.06331115146625817,4.805245452507023,2.73181963885747,0.08383359613179299
placement,6,6,12,qaoa,nominal,0.9398736102452181,0.9398736102452181,True,0.0021580830216407776,94,0.45882528176787274,0.020586101129627072,7.662800000000001,0.0,0.15774717573610633,True,-2.157747175736106,modeled_qpu,1024.0,0.06331115146625817,4.805245452507023,2.73181963885747,0.08383359613179299
placement,6,6,12,qaoa,stressed,0.9398736102452181,0.9398736102452181,True,0.0021580830216407776,94,0.45882528176787274,0.020586101129627072,35.5312,0.0,0.7314488764570054,True,-2.7314488764570055,modeled_qpu,1024.0,0.06331115146625817,4.805245452507023,2.73181963885747,0.08383359613179299
placement,6,6,12,mean_field,local,0.9398736102452181,0.9398736102452181,True,0.0019456250593066216,94,0.45882528176787274,0.020586101129627072,0.0019456250593066216,0.0,4.005283423122278e-05,False,-4.005283423122278e-05,measured_local,,,,,
placement,6,6,13,exact,local,1.2092464858235128,1.2092464858235128,True,3.208988346159458e-06,64,0.7306085110989504,0.09032864047849853,3.208988346159458e-06,0.0,2.898635546199293e-07,False,-2.898635546199293e-07,measured_local,,,,,
placement,6,6,13,local_search,local,1.2092464858235128,1.2092464858235128,True,9.508396033197641e-05,372,0.7306085110989504,0.09032864047849853,9.508396033197641e-05,0.0,8.588804868098913e-06,False,-8.588804868098913e-06,measured_local,,,,,
placement,6,6,13,annealing,local,1.2092464858235128,1.2092464858235128,True,0.001108999946154654,960,0.7306085110989504,0.09032864047849853,0.001108999946154654,0.0,0.00010017445742687797,False,-0.00010017445742687797,measured_local,,,,,
placement,6,6,13,random,local,1.2092464858235128,1.2092464858235128,True,6.625079549849033e-06,256,0.7306085110989504,0.09032864047849853,6.625079549849033e-06,0.0,5.984344287997662e-07,False,-5.984344287997662e-07,measured_local,,,,,
placement,6,6,13,qaoa,optimistic,1.2092464858235128,1.2092464858235128,True,0.002284625079482794,100,0.7306085110989504,0.09032864047849853,1.284,0.0,0.11598197437439212,True,-2.115981974374392,modeled_qpu,1024.0,0.0630210441847163,4.812942016188774,2.7322103041842905,0.08236852053236508
placement,6,6,13,qaoa,nominal,1.2092464858235128,1.2092464858235128,True,0.002284625079482794,100,0.7306085110989504,0.09032864047849853,8.120000000000001,0.0,0.7334685606854082,True,-2.733468560685408,modeled_qpu,1024.0,0.0630210441847163,4.812942016188774,2.7322103041842905,0.08236852053236508
placement,6,6,13,qaoa,stressed,1.2092464858235128,1.2092464858235128,True,0.002284625079482794,100,0.7306085110989504,0.09032864047849853,37.480000000000004,0.0,3.3855174451341252,True,-5.385517445134125,modeled_qpu,1024.0,0.0630210441847163,4.812942016188774,2.7322103041842905,0.08236852053236508
placement,6,6,13,mean_field,local,1.2092464858235128,1.2092464858235128,True,0.0020857499912381172,104,0.7306085110989504,0.09032864047849853,0.0020857499912381172,0.0,0.00018840296108657936,False,-0.00018840296108657936,measured_local,,,,,
placement,6,6,14,exact,local,1.7627851174262217,1.7627851174262217,True,2.708984538912773e-06,64,0.5191583777586373,0.03043792050100373,2.708984538912773e-06,0.0,8.245585603387523e-08,False,-8.245585603387523e-08,measured_local,,,,,
placement,6,6,14,local_search,local,1.7627851174262217,1.7627851174262217,True,9.458407294005156e-05,384,0.5191583777586373,0.03043792050100373,9.458407294005156e-05,0.0,2.878942492810427e-06,False,-2.878942492810427e-06,measured_local,,,,,
placement,6,6,14,annealing,local,1.7627851174262217,1.7627851174262217,True,0.0011077909730374813,960,0.5191583777586373,0.03043792050100373,0.0011077909730374813,0.0,3.371885356904442e-05,False,-3.371885356904442e-05,measured_local,,,,,
placement,6,6,14,random,local,1.7627851174262217,1.7627851174262217,True,5.915993824601173e-06,256,0.5191583777586373,0.03043792050100373,5.915993824601173e-06,0.0,1.800705497176395e-07,False,-1.800705497176395e-07,measured_local,,,,,
placement,6,6,14,qaoa,optimistic,1.7627851174262217,1.7627851174262217,True,0.002279750071465969,97,0.5191583777586373,0.03043792050100373,1.24578,0.0,0.03791895260174043,True,-2.0379189526017405,modeled_qpu,1024.0,0.06063114354121354,4.399862773293714,2.761139824664407,0.08286946303114255
placement,6,6,14,qaoa,nominal,1.7627851174262217,1.7627851174262217,True,0.002279750071465969,97,0.5191583777586373,0.03043792050100373,7.8914,0.0,0.24019780584162082,True,-2.2401978058416208,modeled_qpu,1024.0,0.06063114354121354,4.399862773293714,2.761139824664407,0.08286946303114255
placement,6,6,14,qaoa,stressed,1.7627851174262217,1.7627851174262217,True,0.002279750071465969,97,0.5191583777586373,0.03043792050100373,36.5056,0.0,1.1111545506414418,True,-3.1111545506414418,modeled_qpu,1024.0,0.06063114354121354,4.399862773293714,2.761139824664407,0.08286946303114255
placement,6,6,14,mean_field,local,2.683436015287477,1.7627851174262217,True,0.0019865829963237047,96,0.5191583777586373,0.03043792050100373,0.0019865829963237047,0.33323290039976866,6.046745531074671e-05,False,-0.3332933678550794,measured_local,,,,,
placement,6,6,15,exact,local,1.390932972407369,1.390932972407369,True,3.500026650726795e-06,64,0.6909472320556431,0.027747771477544453,3.500026650726795e-06,0.0,9.711793966968241e-08,False,-9.711793966968241e-08,measured_local,,,,,
placement,6,6,15,local_search,local,1.390932972407369,1.390932972407369,True,9.287497960031033e-05,354,0.6909472320556431,0.027747771477544453,9.287497960031033e-05,0.0,2.577073709931014e-06,False,-2.577073709931014e-06,measured_local,,,,,
placement,6,6,15,annealing,local,1.390932972407369,1.390932972407369,True,0.001057291985489428,960,0.6909472320556431,0.027747771477544453,0.001057291985489428,0.0,2.9337496398399894e-05,False,-2.9337496398399894e-05,measured_local,,,,,
placement,6,6,15,random,local,1.390932972407369,1.390932972407369,True,6.417045369744301e-06,256,0.6909472320556431,0.027747771477544453,6.417045369744301e-06,0.0,1.780587084806996e-07,False,-1.780587084806996e-07,measured_local,,,,,
placement,6,6,15,qaoa,optimistic,1.390932972407369,1.390932972407369,True,0.002159415977075696,95,0.6909472320556431,0.027747771477544453,1.2203000000000002,0.0,0.0338606055340475,True,-2.0338606055340476,modeled_qpu,1024.0,0.058418438271460704,4.349542220875008,2.674934006134042,0.060961390953466504
placement,6,6,15,qaoa,nominal,1.390932972407369,1.390932972407369,True,0.002159415977075696,95,0.6909472320556431,0.027747771477544453,7.739000000000001,0.0,0.21474000346471656,True,-2.2147400034647164,modeled_qpu,1024.0,0.058418438271460704,4.349542220875008,2.674934006134042,0.060961390953466504
placement,6,6,15,qaoa,stressed,1.390932972407369,1.390932972407369,True,0.002159415977075696,95,0.6909472320556431,0.027747771477544453,35.856,0.0,0.994924094098834,True,-2.9949240940988338,modeled_qpu,1024.0,0.058418438271460704,4.349542220875008,2.674934006134042,0.060961390953466504
placement,6,6,15,mean_field,local,1.390932972407369,1.390932972407369,True,0.0019944170489907265,91,0.6909472320556431,0.027747771477544453,0.0019944170489907265,0.0,5.534062850631326e-05,False,-5.534062850631326e-05,measured_local,,,,,
placement,6,6,16,exact,local,1.1241713979585584,1.1241713979585584,True,2.374988980591297e-06,64,0.2870706207335355,0.05857807544799185,2.374988980591297e-06,0.0,1.3912228369322626e-07,False,-1.3912228369322626e-07,measured_local,,,,,
placement,6,6,16,local_search,local,1.1241713979585584,1.1241713979585584,True,9.237497579306364e-05,366,0.2870706207335355,0.05857807544799185,9.237497579306364e-05,0.0,5.411148301512503e-06,False,-5.411148301512503e-06,measured_local,,,,,
placement,6,6,16,annealing,local,1.1241713979585584,1.1241713979585584,True,0.0010980829829350114,960,0.2870706207335355,0.05857807544799185,0.0010980829829350114,0.0,6.432358782252305e-05,False,-6.432358782252305e-05,measured_local,,,,,
placement,6,6,16,random,local,1.1241713979585584,1.1241713979585584,True,6.292015314102173e-06,256,0.2870706207335355,0.05857807544799185,6.292015314102173e-06,0.0,3.6857414778939726e-07,False,-3.6857414778939726e-07,measured_local,,,,,
placement,6,6,16,qaoa,optimistic,1.1241713979585584,1.1241713979585584,True,0.0022379161091521382,96,0.2870706207335355,0.05857807544799185,1.2330400000000001,0.0,0.07222911015039188,True,-2.072229110150392,modeled_qpu,1024.0,0.06038090500626265,4.371044065089453,2.764031909954226,0.08356410757049995
placement,6,6,16,qaoa,nominal,1.1241713979585584,1.1241713979585584,True,0.0022379161091521382,96,0.2870706207335355,0.05857807544799185,7.815200000000001,0.0,0.45779937524114594,True,-2.457799375241146,modeled_qpu,1024.0,0.06038090500626265,4.371044065089453,2.764031909954226,0.08356410757049995
placement,6,6,16,qaoa,stressed,1.1241713979585584,1.1241713979585584,True,0.0022379161091521382,96,0.2870706207335355,0.05857807544799185,36.180800000000005,0.0,2.119401632168704,True,-4.119401632168704,modeled_qpu,1024.0,0.06038090500626265,4.371044065089453,2.764031909954226,0.08356410757049995
placement,6,6,16,mean_field,local,1.1241713979585584,1.1241713979585584,True,0.002208749996498227,104,0.2870706207335355,0.05857807544799185,0.002208749996498227,0.0,0.0001293843239406249,False,-0.0001293843239406249,measured_local,,,,,
placement,6,6,17,exact,local,1.2073302855462769,1.2073302855462769,True,3.500026650726795e-06,64,0.31292689941668683,0.10844643177697279,3.500026650726795e-06,0.0,3.7956540139563e-07,False,-3.7956540139563e-07,measured_local,,,,,
placement,6,6,17,local_search,local,1.2073302855462769,1.2073302855462769,True,9.304203558713198e-05,384,0.31292689941668683,0.10844643177697279,9.304203558713198e-05,0.0,1.0090076764690582e-05,False,-1.0090076764690582e-05,measured_local,,,,,
placement,6,6,17,annealing,local,1.2073302855462769,1.2073302855462769,True,0.0010690829949453473,960,0.31292689941668683,0.10844643177697279,0.0010690829949453473,0.0,0.00011593823607526235,False,-0.00011593823607526235,measured_local,,,,,
placement,6,6,17,random,local,1.2073302855462769,1.2073302855462769,True,6.4159976318478584e-06,256,0.31292689941668683,0.10844643177697279,6.4159976318478584e-06,0.0,6.957920494634077e-07,False,-6.957920494634077e-07,measured_local,,,,,
placement,6,6,17,qaoa,optimistic,1.2073302855462769,1.2073302855462769,True,0.00217354204505682,89,0.31292689941668683,0.10844643177697279,1.14386,0.0,0.1240475354524081,True,-2.124047535452408,modeled_qpu,1024.0,0.05043785622090048,3.7001434420791246,2.692161728485585,0.0772649368853185
placement,6,6,17,qaoa,nominal,1.2073302855462769,1.2073302855462769,True,0.00217354204505682,89,0.31292689941668683,0.10844643177697279,7.2818000000000005,0.0,0.7896852269135605,True,-2.7896852269135604,modeled_qpu,1024.0,0.05043785622090048,3.7001434420791246,2.692161728485585,0.0772649368853185
placement,6,6,17,qaoa,stressed,1.2073302855462769,1.2073302855462769,True,0.00217354204505682,89,0.31292689941668683,0.10844643177697279,33.9072,0.0,3.677114851548172,True,-5.677114851548172,modeled_qpu,1024.0,0.05043785622090048,3.7001434420791246,2.692161728485585,0.0772649368853185
placement,6,6,17,mean_field,local,1.2073302855462769,1.2073302855462769,True,0.0019922920037060976,93,0.31292689941668683,0.10844643177697279,0.0019922920037060976,0.0,0.00021605695885972172,False,-0.00021605695885972172,measured_local,,,,,
placement,6,6,18,exact,local,1.2975321053570046,1.2975321053570046,True,3.6249402910470963e-06,64,0.32335426931566424,0.028237363440839373,3.6249402910470963e-06,0.0,1.0235875644963892e-07,False,-1.0235875644963892e-07,measured_local,,,,,
placement,6,6,18,local_search,local,1.2975321053570046,1.2975321053570046,True,0.00012795801740139723,384,0.32335426931566424,0.028237363440839373,0.00012795801740139723,0.0,3.6131970425325026e-06,False,-3.6131970425325026e-06,measured_local,,,,,
placement,6,6,18,annealing,local,1.2975321053570046,1.2975321053570046,True,0.001109750010073185,960,0.32335426931566424,0.028237363440839373,0.001109750010073185,0.0,3.133641436291168e-05,False,-3.133641436291168e-05,measured_local,,,,,
placement,6,6,18,random,local,1.2975321053570046,1.2975321053570046,True,8.541974239051342e-06,256,0.32335426931566424,0.028237363440839373,8.541974239051342e-06,0.0,2.4120283109038007e-07,False,-2.4120283109038007e-07,measured_local,,,,,
placement,6,6,18,qaoa,optimistic,1.2975321053570046,1.2975321053570046,True,0.0021694579627364874,93,0.32335426931566424,0.028237363440839373,1.1948200000000002,0.0,0.0337385665863837,True,-2.0337385665863836,modeled_qpu,1024.0,0.0516416957008,3.746630430039298,2.6891923396413966,0.07937422299274667
placement,6,6,18,qaoa,nominal,1.2975321053570046,1.2975321053570046,True,0.0021694579627364874,93,0.32335426931566424,0.028237363440839373,7.586600000000001,0.0,0.21422558148027201,True,-2.214225581480272,modeled_qpu,1024.0,0.0516416957008,3.746630430039298,2.6891923396413966,0.07937422299274667
placement,6,6,18,qaoa,stressed,1.2975321053570046,1.2975321053570046,True,0.0021694579627364874,93,0.32335426931566424,0.028237363440839373,35.2064,0.0,0.9941359122435673,True,-2.9941359122435673,modeled_qpu,1024.0,0.0516416957008,3.746630430039298,2.6891923396413966,0.07937422299274667
placement,6,6,18,mean_field,local,1.2975321053570046,1.2975321053570046,True,0.001981375040486455,88,0.32335426931566424,0.028237363440839373,0.001981375040486455,0.0,5.5948807130823854e-05,False,-5.5948807130823854e-05,measured_local,,,,,
placement,6,6,19,exact,local,1.737848725504364,1.737848725504364,True,2.8330832719802856e-06,64,0.7076783457726457,0.0818242156168877,2.8330832719802856e-06,0.0,2.318148165071126e-07,False,-2.318148165071126e-07,measured_local,,,,,
placement,6,6,19,local_search,local,1.737848725504364,1.737848725504364,True,8.570891804993153e-05,342,0.7076783457726457,0.0818242156168877,8.570891804993153e-05,0.0,7.013064990807755e-06,False,-7.013064990807755e-06,measured_local,,,,,
placement,6,6,19,annealing,local,1.737848725504364,1.737848725504364,True,0.0010471249697729945,960,0.7076783457726457,0.0818242156168877,0.0010471249697729945,0.0,8.568017930453252e-05,False,-8.568017930453252e-05,measured_local,,,,,
placement,6,6,19,random,local,1.737848725504364,1.737848725504364,True,5.707959644496441e-06,256,0.7076783457726457,0.0818242156168877,5.707959644496441e-06,0.0,4.6704932068377043e-07,False,-4.6704932068377043e-07,measured_local,,,,,
placement,6,6,19,qaoa,optimistic,1.737848725504364,1.737848725504364,True,0.002115083043463528,97,0.7076783457726457,0.0818242156168877,1.24578,0.0,0.10193497133120637,True,-2.1019349713312065,modeled_qpu,1024.0,0.06241299435431176,4.790574298465591,2.7318156787748014,0.08055593585331276
placement,6,6,19,qaoa,nominal,1.737848725504364,1.737848725504364,True,0.002115083043463528,97,0.7076783457726457,0.0818242156168877,7.8914,0.0,0.6457076151191076,True,-2.6457076151191075,modeled_qpu,1024.0,0.06241299435431176,4.790574298465591,2.7318156787748014,0.08055593585331276
placement,6,6,19,qaoa,stressed,1.737848725504364,1.737848725504364,True,0.002115083043463528,97,0.7076783457726457,0.0818242156168877,36.5056,0.0,2.9870420856238558,True,-4.987042085623855,modeled_qpu,1024.0,0.06241299435431176,4.790574298465591,2.7318156787748014,0.08055593585331276
placement,6,6,19,mean_field,local,1.737848725504364,1.737848725504364,True,0.0021981250029057264,109,0.7076783457726457,0.0818242156168877,0.0021981250029057264,0.0,0.00017985985419063005,False,-0.00017985985419063005,measured_local,,,,,
placement,6,6,20,exact,local,1.0440653454179964,1.0440653454179964,True,3.208988346159458e-06,64,0.5992178232072712,0.046553990034852805,3.208988346159458e-06,0.0,1.493912114890662e-07,False,-1.493912114890662e-07,measured_local,,,,,
placement,6,6,20,local_search,local,1.0440653454179964,1.0440653454179964,True,9.712507016956806e-05,366,0.5992178232072712,0.046553990034852805,9.712507016956806e-05,0.0,4.521559548808451e-06,False,-4.521559548808451e-06,measured_local,,,,,
placement,6,6,20,annealing,local,1.0440653454179964,1.0440653454179964,True,0.0011376250768080354,960,0.5992178232072712,0.046553990034852805,0.0011376250768080354,0.0,5.296098648911993e-05,False,-5.296098648911993e-05,measured_local,,,,,
placement,6,6,20,random,local,1.0440653454179964,1.0440653454179964,True,1.0333023965358734e-05,256,0.5992178232072712,0.046553990034852805,1.0333023965358734e-05,0.0,4.810434947132057e-07,False,-4.810434947132057e-07,measured_local,,,,,
placement,6,6,20,qaoa,optimistic,1.0440653454179964,1.0440653454179964,True,0.002414792077615857,94,0.5992178232072712,0.046553990034852805,1.2075600000000002,0.0,0.05621673620648686,True,-2.056216736206487,modeled_qpu,1024.0,0.06079315004566258,4.389519144804151,2.763151105895405,0.08376219641162239
placement,6,6,20,qaoa,nominal,1.0440653454179964,1.0440653454179964,True,0.002414792077615857,94,0.5992178232072712,0.046553990034852805,7.662800000000001,0.0,0.35673391483907013,True,-2.35673391483907,modeled_qpu,1024.0,0.06079315004566258,4.389519144804151,2.763151105895405,0.08376219641162239
placement,6,6,20,qaoa,stressed,1.0440653454179964,1.0440653454179964,True,0.002414792077615857,94,0.5992178232072712,0.046553990034852805,35.5312,0.0,1.6541191307263619,True,-3.654119130726362,modeled_qpu,1024.0,0.06079315004566258,4.389519144804151,2.763151105895405,0.08376219641162239
placement,6,6,20,mean_field,local,1.2453255685708937,1.0440653454179964,True,0.002191833104006946,109,0.5992178232072712,0.046553990034852805,0.002191833104006946,0.09846075792246312,0.00010203857648199986,False,-0.09856279649894512,measured_local,,,,,
placement,6,6,21,exact,local,1.686037432772745,1.686037432772745,True,3.5419361665844917e-06,64,0.5076657604104915,0.04131747163713426,3.5419361665844917e-06,0.0,1.463438471033948e-07,False,-1.463438471033948e-07,measured_local,,,,,
placement,6,6,21,local_search,local,1.686037432772745,1.686037432772745,True,8.683302439749241e-05,336,0.5076657604104915,0.04131747163713426,8.683302439749241e-05,0.0,3.5877210227099803e-06,False,-3.5877210227099803e-06,measured_local,,,,,
placement,6,6,21,annealing,local,1.686037432772745,1.686037432772745,True,0.0011081250850111246,960,0.5076657604104915,0.04131747163713426,0.0011081250850111246,0.0,4.5784926770344136e-05,False,-4.5784926770344136e-05,measured_local,,,,,
placement,6,6,21,random,local,1.686037432772745,1.686037432772745,True,6.458023563027382e-06,256,0.5076657604104915,0.04131747163713426,6.458023563027382e-06,0.0,2.668292053973286e-07,False,-2.668292053973286e-07,measured_local,,,,,
placement,6,6,21,qaoa,optimistic,1.686037432772745,1.686037432772745,True,0.0022218750091269612,95,0.5076657604104915,0.04131747163713426,1.2203000000000002,0.0,0.05041971063879495,True,-2.050419710638795,modeled_qpu,1024.0,0.06264144216291641,4.787338018544803,2.7322736079829424,0.08104475423030605
placement,6,6,21,qaoa,nominal,1.686037432772745,1.686037432772745,True,0.0022218750091269612,95,0.5076657604104915,0.04131747163713426,7.739000000000001,0.0,0.3197559129997821,True,-2.3197559129997822,modeled_qpu,1024.0,0.06264144216291641,4.787338018544803,2.7322736079829424,0.08104475423030605
placement,6,6,21,qaoa,stressed,1.686037432772745,1.686037432772745,True,0.0022218750091269612,95,0.5076657604104915,0.04131747163713426,35.856,0.0,1.4814792630210862,True,-3.481479263021086,modeled_qpu,1024.0,0.06264144216291641,4.787338018544803,2.7322736079829424,0.08104475423030605
placement,6,6,21,mean_field,local,1.686037432772745,1.686037432772745,True,0.0021649589762091637,91,0.5076657604104915,0.04131747163713426,0.0021649589762091637,0.0,8.945063109508135e-05,False,-8.945063109508135e-05,measured_local,,,,,
placement,6,6,22,exact,local,1.8655819807066727,1.8655819807066727,True,3.4999102354049683e-06,64,0.5829082892637313,0.11687240916288733,3.4999102354049683e-06,0.0,4.090429410656267e-07,False,-4.090429410656267e-07,measured_local,,,,,
placement,6,6,22,local_search,local,1.8655819807066727,1.8655819807066727,True,9.354192297905684e-05,378,0.5829082892637313,0.11687240916288733,9.354192297905684e-05,0.0,1.0932469896291622e-05,False,-1.0932469896291622e-05,measured_local,,,,,
placement,6,6,22,annealing,local,1.8655819807066727,1.8655819807066727,True,0.0011060829274356365,960,0.5829082892637313,0.11687240916288733,0.0011060829274356365,0.0,0.00012927057646334192,False,-0.00012927057646334192,measured_local,,,,,
placement,6,6,22,random,local,1.8655819807066727,1.8655819807066727,True,6.375019438564777e-06,256,0.5829082892637313,0.11687240916288733,6.375019438564777e-06,0.0,7.450638802453029e-07,False,-7.450638802453029e-07,measured_local,,,,,
placement,6,6,22,qaoa,optimistic,1.8655819807066727,1.8655819807066727,True,0.002133208094164729,93,0.5829082892637313,0.11687240916288733,1.1948200000000002,0.0,0.13964149191600106,True,-2.139641491916001,modeled_qpu,1024.0,0.06192100318552919,4.795163001681862,2.7329684946061272,0.0786068605800298
placement,6,6,22,qaoa,nominal,1.8655819807066727,1.8655819807066727,True,0.002133208094164729,93,0.5829082892637313,0.11687240916288733,7.586600000000001,0.0,0.886664219355161,True,-2.8866642193551613,modeled_qpu,1024.0,0.06192100318552919,4.795163001681862,2.7329684946061272,0.0786068605800298
placement,6,6,22,qaoa,stressed,1.8655819807066727,1.8655819807066727,True,0.002133208094164729,93,0.5829082892637313,0.11687240916288733,35.2064,0.0,4.114656785952277,True,-6.114656785952277,modeled_qpu,1024.0,0.06192100318552919,4.795163001681862,2.7329684946061272,0.0786068605800298
placement,6,6,22,mean_field,local,1.8655819807066727,1.8655819807066727,True,0.002128959051333368,105,0.5829082892637313,0.11687240916288733,0.002128959051333368,0.0,0.0002488165733384658,False,-0.0002488165733384658,measured_local,,,,,
placement,6,6,23,exact,local,1.9423665961377536,1.9423665961377536,True,2.7919886633753777e-06,64,0.31590952120937393,0.044146217377870806,2.7919886633753777e-06,0.0,1.2325573844992037e-07,False,-1.2325573844992037e-07,measured_local,,,,,
placement,6,6,23,local_search,local,1.9423665961377536,1.9423665961377536,True,9.37500735744834e-05,378,0.31590952120937393,0.044146217377870806,9.37500735744834e-05,0.0,4.138711127210525e-06,False,-4.138711127210525e-06,measured_local,,,,,
placement,6,6,23,annealing,local,1.9423665961377536,1.9423665961377536,True,0.0011159999994561076,960,0.31590952120937393,0.044146217377870806,0.0011159999994561076,0.0,4.926717856969303e-05,False,-4.926717856969303e-05,measured_local,,,,,
placement,6,6,23,random,local,1.9423665961377536,1.9423665961377536,True,6.500049494206905e-06,256,0.31590952120937393,0.044146217377870806,6.500049494206905e-06,0.0,2.8695259793817725e-07,False,-2.8695259793817725e-07,measured_local,,,,,
placement,6,6,23,qaoa,optimistic,1.9423665961377536,1.9423665961377536,True,0.002443125005811453,98,0.31590952120937393,0.044146217377870806,1.25852,0.0,0.05555889749439797,True,-2.055558897494398,modeled_qpu,1024.0,0.06112312038120793,4.425735798826222,2.759181079210958,0.08351148056371305
placement,6,6,23,qaoa,nominal,1.9423665961377536,1.9423665961377536,True,0.002443125005811453,98,0.31590952120937393,0.044146217377870806,7.9676,0.0,0.35173940157992345,True,-2.3517394015799233,modeled_qpu,1024.0,0.06112312038120793,4.425735798826222,2.759181079210958,0.08351148056371305
placement,6,6,23,qaoa,stressed,1.9423665961377536,1.9423665961377536,True,0.002443125005811453,98,0.31590952120937393,0.044146217377870806,36.830400000000004,0.0,1.625922844513933,True,-3.625922844513933,modeled_qpu,1024.0,0.06112312038120793,4.425735798826222,2.759181079210958,0.08351148056371305
placement,6,6,23,mean_field,local,1.9423665961377536,1.9423665961377536,True,0.0020702920155599713,98,0.31590952120937393,0.044146217377870806,0.0020702920155599713,0.0,9.139556135458078e-05,False,-9.139556135458078e-05,measured_local,,,,,
placement,6,6,24,exact,local,0.744479806294289,0.744479806294289,True,4.541012458503246e-06,64,0.4100322432730519,0.04747171190902647,4.541012458503246e-06,0.0,2.1556963520536615e-07,False,-2.1556963520536615e-07,measured_local,,,,,
placement,6,6,24,local_search,local,0.744479806294289,0.744479806294289,True,9.370897896587849e-05,360,0.4100322432730519,0.04747171190902647,9.370897896587849e-05,0.0,4.448525652757205e-06,False,-4.448525652757205e-06,measured_local,,,,,
placement,6,6,24,annealing,local,0.744479806294289,0.744479806294289,True,0.0011178749846294522,960,0.4100322432730519,0.04747171190902647,0.0011178749846294522,0.0,5.3067439220636754e-05,False,-5.3067439220636754e-05,measured_local,,,,,
placement,6,6,24,random,local,0.744479806294289,0.744479806294289,True,8.207978680729866e-06,256,0.4100322432730519,0.04747171190902647,8.207978680729866e-06,0.0,3.896467992870394e-07,False,-3.896467992870394e-07,measured_local,,,,,
placement,6,6,24,qaoa,optimistic,0.744479806294289,0.744479806294289,True,0.0022631249157711864,97,0.4100322432730519,0.04747171190902647,1.24578,0.0,0.059139309262027005,True,-2.059139309262027,modeled_qpu,1024.0,0.0619068017606256,4.410614901228307,2.762226540112345,0.0884501581856165
placement,6,6,24,qaoa,nominal,0.744479806294289,0.744479806294289,True,0.0022631249157711864,97,0.4100322432730519,0.04747171190902647,7.8914,0.0,0.3746182673588915,True,-2.3746182673588914,modeled_qpu,1024.0,0.0619068017606256,4.410614901228307,2.762226540112345,0.0884501581856165
placement,6,6,24,qaoa,stressed,0.744479806294289,0.744479806294289,True,0.0022631249157711864,97,0.4100322432730519,0.04747171190902647,36.5056,0.0,1.732983326266157,True,-3.732983326266157,modeled_qpu,1024.0,0.0619068017606256,4.410614901228307,2.762226540112345,0.0884501581856165
placement,6,6,24,mean_field,local,2.4690934221324046,0.744479806294289,True,0.0025377499405294657,102,0.4100322432730519,0.04747171190902647,0.0025377499405294657,0.9886119688032536,0.00012047133407396385,False,-0.9887324401373276,measured_local,,,,,
placement,6,6,25,exact,local,1.0043648857454464,1.0043648857454464,True,4.250090569257736e-06,64,0.298164302316444,0.030494436089309945,4.250090569257736e-06,0.0,1.2960411523800895e-07,False,-1.2960411523800895e-07,measured_local,,,,,
placement,6,6,25,local_search,local,1.0043648857454464,1.0043648857454464,True,8.966703899204731e-05,342,0.298164302316444,0.030494436089309945,8.966703899204731e-05,0.0,2.7343457898606496e-06,False,-2.7343457898606496e-06,measured_local,,,,,
placement,6,6,25,annealing,local,1.0043648857454464,1.0043648857454464,True,0.0011282500345259905,960,0.298164302316444,0.030494436089309945,0.0011282500345259905,0.0,3.440534857061456e-05,False,-3.440534857061456e-05,measured_local,,,,,
placement,6,6,25,random,local,1.0043648857454464,1.0043648857454464,True,1.4374963939189911e-05,256,0.298164302316444,0.030494436089309945,1.4374963939189911e-05,0.0,4.3835641912976184e-07,False,-4.3835641912976184e-07,measured_local,,,,,
placement,6,6,25,qaoa,optimistic,1.0043648857454464,1.0043648857454464,True,0.002143625053577125,90,0.298164302316444,0.030494436089309945,1.1566,0.0,0.03526986478089589,True,-2.0352698647808958,modeled_qpu,1024.0,0.06149677348534898,4.572877739186406,2.7470394822029953,0.08242233422692781
placement,6,6,25,qaoa,nominal,1.0043648857454464,1.0043648857454464,True,0.002143625053577125,90,0.298164302316444,0.030494436089309945,7.3580000000000005,0.0,0.22437806074514258,True,-2.2243780607451424,modeled_qpu,1024.0,0.06149677348534898,4.572877739186406,2.7470394822029953,0.08242233422692781
placement,6,6,25,qaoa,stressed,1.0043648857454464,1.0043648857454464,True,0.002143625053577125,90,0.298164302316444,0.030494436089309945,34.232,0.0,1.043885536209258,True,-3.043885536209258,modeled_qpu,1024.0,0.06149677348534898,4.572877739186406,2.7470394822029953,0.08242233422692781
placement,6,6,25,mean_field,local,1.2431999866360592,1.0043648857454464,True,0.0025638750521466136,114,0.298164302316444,0.030494436089309945,0.0025638750521466136,0.11915749601739173,7.818392391866111e-05,False,-0.11923567994131039,measured_local,,,,,
placement,6,6,26,exact,local,1.7730368460158967,1.7730368460158967,True,3.583962097764015e-06,64,0.4391776143648334,0.0521597674572061,3.583962097764015e-06,0.0,1.8693862959481158e-07,False,-1.8693862959481158e-07,measured_local,,,,,
placement,6,6,26,local_search,local,1.7730368460158967,1.7730368460158967,True,9.408395271748304e-05,378,0.4391776143648334,0.0521597674572061,9.408395271748304e-05,0.0,4.907397095198689e-06,False,-4.907397095198689e-06,measured_local,,,,,
placement,6,6,26,annealing,local,1.7730368460158967,1.7730368460158967,True,0.0011214170372113585,960,0.4391776143648334,0.0521597674572061,0.0011214170372113585,0.0,5.8492851883493504e-05,False,-5.8492851883493504e-05,measured_local,,,,,
placement,6,6,26,random,local,1.7730368460158967,1.7730368460158967,True,8.582952432334423e-06,256,0.4391776143648334,0.0521597674572061,8.582952432334423e-06,0.0,4.47684802966825e-07,False,-4.47684802966825e-07,measured_local,,,,,
placement,6,6,26,qaoa,optimistic,1.7730368460158967,1.7730368460158967,True,0.002188832964748144,94,0.4391776143648334,0.0521597674572061,1.2075600000000002,0.0,0.0629860487906238,True,-2.062986048790624,modeled_qpu,1024.0,0.053452810681659226,3.9933263702445645,2.68595139935604,0.07492564134539693
placement,6,6,26,qaoa,nominal,1.7730368460158967,1.7730368460158967,True,0.002188832964748144,94,0.4391776143648334,0.0521597674572061,7.662800000000001,0.0,0.399689866071079,True,-2.399689866071079,modeled_qpu,1024.0,0.053452810681659226,3.9933263702445645,2.68595139935604,0.07492564134539693
placement,6,6,26,qaoa,stressed,1.7730368460158967,1.7730368460158967,True,0.002188832964748144,94,0.4391776143648334,0.0521597674572061,35.5312,0.0,1.8532991294754815,True,-3.8532991294754817,modeled_qpu,1024.0,0.053452810681659226,3.9933263702445645,2.68595139935604,0.07492564134539693
placement,6,6,26,mean_field,local,1.7730368460158967,1.7730368460158967,True,0.002295291982591152,104,0.4391776143648334,0.0521597674572061,0.002295291982591152,0.0,0.00011972189605834405,False,-0.00011972189605834405,measured_local,,,,,
placement,6,6,27,exact,local,1.2682887684690582,1.2682887684690582,True,4.500034265220165e-06,64,0.12256462625647072,0.0891410799476124,4.500034265220165e-06,0.0,4.01137914202986e-07,False,-4.01137914202986e-07,measured_local,,,,,
placement,6,6,27,local_search,local,1.2682887684690582,1.2682887684690582,True,9.587500244379044e-05,372,0.12256462625647072,0.0891410799476124,9.587500244379044e-05,0.0,8.546401257819458e-06,False,-8.546401257819458e-06,measured_local,,,,,
placement,6,6,27,annealing,local,1.2682887684690582,1.2682887684690582,True,0.001165208057500422,960,0.12256462625647072,0.0891410799476124,0.001165208057500422,0.0,0.00010386790460924726,False,-0.00010386790460924726,measured_local,,,,,
placement,6,6,27,random,local,1.2682887684690582,1.2682887684690582,True,1.1208001524209976e-05,256,0.12256462625647072,0.0891410799476124,1.1208001524209976e-05,0.0,9.990933599225631e-07,False,-9.990933599225631e-07,measured_local,,,,,
placement,6,6,27,qaoa,optimistic,1.2682887684690582,1.2682887684690582,True,0.0027941250009462237,101,0.12256462625647072,0.0891410799476124,1.2967400000000002,0.0,0.11559280401126693,True,-2.115592804011267,modeled_qpu,1024.0,0.06305929672324763,4.810680131500362,2.731955321497278,0.08243246881859759
placement,6,6,27,qaoa,nominal,1.2682887684690582,1.2682887684690582,True,0.0027941250009462237,101,0.12256462625647072,0.0891410799476124,8.196200000000001,0.0,0.7306181194666209,True,-2.730618119466621,modeled_qpu,1024.0,0.06305929672324763,4.810680131500362,2.731955321497278,0.08243246881859759
placement,6,6,27,qaoa,stressed,1.2682887684690582,1.2682887684690582,True,0.0027941250009462237,101,0.12256462625647072,0.0891410799476124,37.8048,0.0,3.3699606992034976,True,-5.369960699203498,modeled_qpu,1024.0,0.06305929672324763,4.810680131500362,2.731955321497278,0.08243246881859759
placement,6,6,27,mean_field,local,1.2682887684690582,1.2682887684690582,True,0.00245124998036772,96,0.12256462625647072,0.0891410799476124,0.00245124998036772,0.0,0.00021850707047154228,False,-0.00021850707047154228,measured_local,,,,,
placement,6,6,28,exact,local,0.7204835411862138,0.7204835411862138,True,4.084082320332527e-06,64,0.2210569617322837,0.02405349268414753,4.084082320332527e-06,0.0,9.823644421357472e-08,False,-9.823644421357472e-08,measured_local,,,,,
placement,6,6,28,local_search,local,0.7204835411862138,0.7204835411862138,True,0.00010016700252890587,402,0.2210569617322837,0.02405349268414753,0.00010016700252890587,0.0,2.4093662625220243e-06,False,-2.4093662625220243e-06,measured_local,,,,,
placement,6,6,28,annealing,local,0.7204835411862138,0.7204835411862138,True,0.0011269169626757503,960,0.2210569617322837,0.02405349268414753,0.0011269169626757503,0.0,2.7106288917362915e-05,False,-2.7106288917362915e-05,measured_local,,,,,
placement,6,6,28,random,local,0.7204835411862138,0.7204835411862138,True,8.209026418626308e-06,256,0.2210569617322837,0.02405349268414753,8.209026418626308e-06,0.0,1.974557569044017e-07,False,-1.974557569044017e-07,measured_local,,,,,
placement,6,6,28,qaoa,optimistic,0.7204835411862138,0.7204835411862138,True,0.002179458038881421,92,0.2210569617322837,0.02405349268414753,1.1820800000000002,0.0,0.028433152632077116,True,-2.028433152632077,modeled_qpu,1024.0,0.06137981608176027,4.426022442527715,2.762162095249345,0.08533543289523965
placement,6,6,28,qaoa,nominal,0.7204835411862138,0.7204835411862138,True,0.002179458038881421,92,0.2210569617322837,0.02405349268414753,7.510400000000001,0.0,0.18065135145502162,True,-2.1806513514550216,modeled_qpu,1024.0,0.06137981608176027,4.426022442527715,2.762162095249345,0.08533543289523965
placement,6,6,28,qaoa,stressed,0.7204835411862138,0.7204835411862138,True,0.002179458038881421,92,0.2210569617322837,0.02405349268414753,34.881600000000006,0.0,0.8390243104113606,True,-2.839024310411361,modeled_qpu,1024.0,0.06137981608176027,4.426022442527715,2.762162095249345,0.08533543289523965
placement,6,6,28,mean_field,local,1.4088778262591117,0.7204835411862138,True,0.002455292036756873,93,0.2210569617322837,0.02405349268414753,0.002455292036756873,0.40011675124673024,5.905834904357713e-05,False,-0.4001758095957738,measured_local,,,,,
placement,6,6,29,exact,local,0.9812027466485258,0.9812027466485258,True,4.499917849898338e-06,64,0.3385688502412184,0.049065669050940154,4.499917849898338e-06,0.0,2.2079147997953005e-07,False,-2.2079147997953005e-07,measured_local,,,,,
placement,6,6,29,local_search,local,0.9812027466485258,0.9812027466485258,True,9.641703218221664e-05,372,0.3385688502412184,0.049065669050940154,9.641703218221664e-05,0.0,4.730766191926488e-06,False,-4.730766191926488e-06,measured_local,,,,,
placement,6,6,29,annealing,local,0.9812027466485258,0.9812027466485258,True,0.001329332939349115,960,0.3385688502412184,0.049065669050940154,0.001329332939349115,0.0,6.522461006061717e-05,False,-6.522461006061717e-05,measured_local,,,,,
placement,6,6,29,random,local,0.9812027466485258,0.9812027466485258,True,1.2416974641382694e-05,256,0.3385688502412184,0.049065669050940154,1.2416974641382694e-05,0.0,6.092471683679995e-07,False,-6.092471683679995e-07,measured_local,,,,,
placement,6,6,29,qaoa,optimistic,0.9812027466485258,0.9812027466485258,True,0.002259416040033102,94,0.3385688502412184,0.049065669050940154,1.2075600000000002,0.0,0.059249739319153304,True,-2.0592497393191533,modeled_qpu,1024.0,0.06078513888235708,4.364132246057916,2.764380671210674,0.08574933560766718
placement,6,6,29,qaoa,nominal,0.9812027466485258,0.9812027466485258,True,0.002259416040033102,94,0.3385688502412184,0.049065669050940154,7.662800000000001,0.0,0.3759804088035443,True,-2.375980408803544,modeled_qpu,1024.0,0.06078513888235708,4.364132246057916,2.764380671210674,0.08574933560766718
placement,6,6,29,qaoa,stressed,0.9812027466485258,0.9812027466485258,True,0.002259416040033102,94,0.3385688502412184,0.049065669050940154,35.5312,0.0,1.7433621001827648,True,-3.7433621001827646,modeled_qpu,1024.0,0.06078513888235708,4.364132246057916,2.764380671210674,0.08574933560766718
placement,6,6,29,mean_field,local,0.9812027466485258,0.9812027466485258,True,0.00219091703183949,97,0.3385688502412184,0.049065669050940154,0.00219091703183949,0.0,0.00010749881000230452,False,-0.00010749881000230452,measured_local,,,,,
placement,8,8,0,exact,local,1.2416804724726656,1.2416804724726656,True,4.083034582436085e-06,256,0.19876508233376397,0.10569187016642688,4.083034582436085e-06,0.0,4.3154356097186565e-07,False,-4.3154356097186565e-07,measured_local,,,,,
placement,8,8,0,local_search,local,1.2416804724726656,1.2416804724726656,True,0.00011550006456673145,632,0.19876508233376397,0.10569187016642688,0.00011550006456673145,0.0,1.2207417828400902e-05,False,-1.2207417828400902e-05,measured_local,,,,,
placement,8,8,0,annealing,local,1.2416804724726656,1.2416804724726656,True,0.0013235000660642982,960,0.19876508233376397,0.10569187016642688,0.0013235000660642982,0.0,0.0001398831971477252,False,-0.0001398831971477252,measured_local,,,,,
placement,8,8,0,random,local,1.2416804724726656,1.2416804724726656,True,1.2709060683846474e-05,256,0.19876508233376397,0.10569187016642688,1.2709060683846474e-05,0.0,1.3432443917343419e-06,False,-1.3432443917343419e-06,measured_local,,,,,
placement,8,8,0,qaoa,optimistic,1.2416804724726656,1.2416804724726656,True,0.0035278749419376254,102,0.19876508233376397,0.10569187016642688,1.3094800000000002,0.0,0.13840139014553268,True,-2.1384013901455328,modeled_qpu,1024.0,0.024461137046823324,6.665473282819016,2.71687346688452,0.052573980660481766
placement,8,8,0,qaoa,nominal,1.2416804724726656,1.2416804724726656,True,0.0035278749419376254,102,0.19876508233376397,0.10569187016642688,8.272400000000001,0.0,0.8743254267647498,True,-2.8743254267647496,modeled_qpu,1024.0,0.024461137046823324,6.665473282819016,2.71687346688452,0.052573980660481766
placement,8,8,0,qaoa,stressed,1.2416804724726656,1.2416804724726656,True,0.0035278749419376254,102,0.19876508233376397,0.10569187016642688,38.1296,0.0,4.029988732697791,True,-6.029988732697791,modeled_qpu,1024.0,0.024461137046823324,6.665473282819016,2.71687346688452,0.052573980660481766
placement,8,8,0,mean_field,local,1.2416804724726656,1.2416804724726656,True,0.0027628749376162887,92,0.19876508233376397,0.10569187016642688,0.0027628749376162887,0.0,0.00029201341919261555,False,-0.00029201341919261555,measured_local,,,,,
placement,8,8,1,exact,local,1.7785185051231522,1.7785185051231522,True,6.208079867064953e-06,256,0.17748674022562438,0.06607303366884092,6.208079867064953e-06,0.0,4.1018667007543605e-07,False,-4.1018667007543605e-07,measured_local,,,,,
placement,8,8,1,local_search,local,1.7785185051231522,1.7785185051231522,True,0.00011575000826269388,632,0.17748674022562438,0.06607303366884092,0.00011575000826269388,0.0,7.647954193109588e-06,False,-7.647954193109588e-06,measured_local,,,,,
placement,8,8,1,annealing,local,1.7785185051231522,1.7785185051231522,True,0.0014100830303505063,960,0.17748674022562438,0.06607303366884092,0.0014100830303505063,0.0,9.316846354021023e-05,False,-9.316846354021023e-05,measured_local,,,,,
placement,8,8,1,random,local,1.7785185051231522,1.7785185051231522,True,1.4666002243757248e-05,256,0.17748674022562438,0.06607303366884092,1.4666002243757248e-05,0.0,9.690272600390691e-07,False,-9.690272600390691e-07,measured_local,,,,,
placement,8,8,1,qaoa,optimistic,1.7785185051231522,1.7785185051231522,True,0.004040583036839962,108,0.17748674022562438,0.06607303366884092,1.3859200000000003,0.0,0.09157193882232002,True,-2.09157193882232,modeled_qpu,1024.0,0.02671809785416882,7.0205059699543435,2.6952350937169767,0.04992095325519275
placement,8,8,1,qaoa,nominal,1.7785185051231522,1.7785185051231522,True,0.004040583036839962,108,0.17748674022562438,0.06607303366884092,8.7296,0.0,0.5767911547155137,True,-2.576791154715514,modeled_qpu,1024.0,0.02671809785416882,7.0205059699543435,2.6952350937169767,0.04992095325519275
placement,8,8,1,qaoa,stressed,1.7785185051231522,1.7785185051231522,True,0.004040583036839962,108,0.17748674022562438,0.06607303366884092,40.0784,0.0,2.648101472593274,True,-4.648101472593273,modeled_qpu,1024.0,0.02671809785416882,7.0205059699543435,2.6952350937169767,0.04992095325519275
placement,8,8,1,mean_field,local,2.116209303893214,1.7785185051231522,True,0.0034417080460116267,109,0.17748674022562438,0.06607303366884092,0.0034417080460116267,0.12153627846905214,0.0002274040916024469,False,-0.12176368256065459,measured_local,,,,,
placement,8,8,2,exact,local,0.8989638402529665,0.8989638402529665,True,5.207955837249756e-06,256,0.18550614484186106,0.049956132651782795,5.207955837249756e-06,0.0,2.6016933265027534e-07,False,-2.6016933265027534e-07,measured_local,,,,,
placement,8,8,2,local_search,local,0.8989638402529665,0.8989638402529665,True,0.00019454199355095625,656,0.18550614484186106,0.049956132651782795,0.00019454199355095625,0.0,9.718565636173844e-06,False,-9.718565636173844e-06,measured_local,,,,,
placement,8,8,2,annealing,local,0.8989638402529665,0.8989638402529665,True,0.0010969170834869146,960,0.18550614484186106,0.049956132651782795,0.0010969170834869146,0.0,5.479773533067901e-05,False,-5.479773533067901e-05,measured_local,,,,,
placement,8,8,2,random,local,0.8989638402529665,0.8989638402529665,True,1.0207993909716606e-05,256,0.18550614484186106,0.049956132651782795,1.0207993909716606e-05,0.0,5.099518978623937e-07,False,-5.099518978623937e-07,measured_local,,,,,
placement,8,8,2,qaoa,optimistic,0.8989638402529665,0.8989638402529665,True,0.0034581670770421624,99,0.18550614484186106,0.049956132651782795,1.27126,0.0,0.0635072331949054,True,-2.0635072331949056,modeled_qpu,1024.0,0.02712694394838803,6.605587259131138,2.6608368556292636,0.050872370968793386
placement,8,8,2,qaoa,nominal,0.8989638402529665,0.8989638402529665,True,0.0034581670770421624,99,0.18550614484186106,0.049956132651782795,8.043800000000001,0.0,0.4018371398244105,True,-2.4018371398244103,modeled_qpu,1024.0,0.02712694394838803,6.605587259131138,2.6608368556292636,0.050872370968793386
placement,8,8,2,qaoa,stressed,0.8989638402529665,0.8989638402529665,True,0.0034581670770421624,99,0.18550614484186106,0.049956132651782795,37.1552,0.0,1.8561300999035202,True,-3.8561300999035204,modeled_qpu,1024.0,0.02712694394838803,6.605587259131138,2.6608368556292636,0.050872370968793386
placement,8,8,2,mean_field,local,0.8989638402529665,0.8989638402529665,True,0.0031441659666597843,97,0.18550614484186106,0.049956132651782795,0.0031441659666597843,0.0,0.00015707037210967707,False,-0.00015707037210967707,measured_local,,,,,
placement,8,8,3,exact,local,1.0033898523385925,1.0033898523385925,True,4.708068445324898e-06,256,0.6722899991946684,0.10167541785318314,4.708068445324898e-06,0.0,4.786948264597953e-07,False,-4.786948264597953e-07,measured_local,,,,,
placement,8,8,3,local_search,local,1.0033898523385925,1.0033898523385925,True,0.00011091609485447407,576,0.6722899991946684,0.10167541785318314,0.00011091609485447407,0.0,1.1277440290971947e-05,False,-1.1277440290971947e-05,measured_local,,,,,
placement,8,8,3,annealing,local,1.0033898523385925,1.0033898523385925,True,0.0010892919963225722,960,0.6722899991946684,0.10167541785318314,0.0010892919963225722,0.0,0.00011075421889022557,False,-0.00011075421889022557,measured_local,,,,,
placement,8,8,3,random,local,1.0033898523385925,1.0033898523385925,True,6.292015314102173e-06,256,0.6722899991946684,0.10167541785318314,6.292015314102173e-06,0.0,6.397432861999658e-07,False,-6.397432861999658e-07,measured_local,,,,,
placement,8,8,3,qaoa,optimistic,1.0033898523385925,1.0033898523385925,True,0.0035767080262303352,105,0.6722899991946684,0.10167541785318314,1.3477000000000001,0.0,0.13702796064073494,True,-2.1370279606407347,modeled_qpu,1024.0,0.024983309160065206,6.74077834817737,2.7137354092222745,0.05278317427451302
placement,8,8,3,qaoa,nominal,1.0033898523385925,1.0033898523385925,True,0.0035767080262303352,105,0.6722899991946684,0.10167541785318314,8.501000000000001,0.0,0.86434272716991,True,-2.86434272716991,modeled_qpu,1024.0,0.024983309160065206,6.74077834817737,2.7137354092222745,0.05278317427451302
placement,8,8,3,qaoa,stressed,1.0033898523385925,1.0033898523385925,True,0.0035767080262303352,105,0.6722899991946684,0.10167541785318314,39.104000000000006,0.0,3.9759155397308743,True,-5.975915539730874,modeled_qpu,1024.0,0.024983309160065206,6.74077834817737,2.7137354092222745,0.05278317427451302
placement,8,8,3,mean_field,local,1.0033898523385925,1.0033898523385925,True,0.0031077919993549585,110,0.6722899991946684,0.10167541785318314,0.0031077919993549585,0.0,0.00031598605013519486,False,-0.00031598605013519486,measured_local,,,,,
placement,8,8,4,exact,local,1.5873771841242477,1.5873771841242477,True,5.584093742072582e-06,256,0.435969118844014,0.042485641736338835,5.584093742072582e-06,0.0,2.372438061478274e-07,False,-2.372438061478274e-07,measured_local,,,,,
placement,8,8,4,local_search,local,1.5873771841242477,1.5873771841242477,True,0.00014162505976855755,680,0.435969118844014,0.042485641736338835,0.00014162505976855755,0.0,6.017031550214511e-06,False,-6.017031550214511e-06,measured_local,,,,,
placement,8,8,4,annealing,local,1.5873771841242477,1.5873771841242477,True,0.0013520409120246768,960,0.435969118844014,0.042485641736338835,0.0013520409120246768,0.0,5.744232580115323e-05,False,-5.744232580115323e-05,measured_local,,,,,
placement,8,8,4,random,local,1.5873771841242477,1.5873771841242477,True,1.5625031664967537e-05,256,0.435969118844014,0.042485641736338835,1.5625031664967537e-05,0.0,6.638394974367607e-07,False,-6.638394974367607e-07,measured_local,,,,,
placement,8,8,4,qaoa,optimistic,1.5873771841242477,1.5873771841242477,True,0.0037420419976115227,108,0.435969118844014,0.042485641736338835,1.3859200000000003,0.0,0.05888170059522673,True,-2.0588817005952267,modeled_qpu,1024.0,0.02792171996165843,6.569418111040202,2.6505645686987904,0.043443853816066726
placement,8,8,4,qaoa,nominal,1.5873771841242477,1.5873771841242477,True,0.0037420419976115227,108,0.435969118844014,0.042485641736338835,8.7296,0.0,0.37088265810154347,True,-2.3708826581015434,modeled_qpu,1024.0,0.02792171996165843,6.569418111040202,2.6505645686987904,0.043443853816066726
placement,8,8,4,qaoa,stressed,1.5873771841242477,1.5873771841242477,True,0.0037420419976115227,108,0.435969118844014,0.042485641736338835,40.0784,0.0,1.7027565437656824,True,-3.702756543765682,modeled_qpu,1024.0,0.02792171996165843,6.569418111040202,2.6505645686987904,0.043443853816066726
placement,8,8,4,mean_field,local,1.5873771841242477,1.5873771841242477,True,0.0027161670150235295,91,0.435969118844014,0.042485641736338835,0.0027161670150235295,0.0,0.00011539809869635054,False,-0.00011539809869635054,measured_local,,,,,
placement,8,8,5,exact,local,1.7417029357182396,1.7417029357182396,True,5.249981768429279e-06,256,0.42555697579048113,0.04595826776804823,5.249981768429279e-06,0.0,2.412800678908442e-07,False,-2.412800678908442e-07,measured_local,,,,,
placement,8,8,5,local_search,local,1.7417029357182396,1.7417029357182396,True,0.00010900001507252455,592,0.42555697579048113,0.04595826776804823,0.00010900001507252455,0.0,5.009451879424377e-06,False,-5.009451879424377e-06,measured_local,,,,,
placement,8,8,5,annealing,local,1.7417029357182396,1.7417029357182396,True,0.0014070419128984213,960,0.42555697579048113,0.04595826776804823,0.0014070419128984213,0.0,6.466520899385245e-05,False,-6.466520899385245e-05,measured_local,,,,,
placement,8,8,5,random,local,1.7417029357182396,1.7417029357182396,True,1.5916069969534874e-05,256,0.42555697579048113,0.04595826776804823,1.5916069969534874e-05,0.0,7.31475005474875e-07,False,-7.31475005474875e-07,measured_local,,,,,
placement,8,8,5,qaoa,optimistic,1.7417029357182396,1.7417029357182396,True,0.003673458006232977,106,0.42555697579048113,0.04595826776804823,1.36044,0.0,0.06252346580236354,True,-2.0625234658023635,modeled_qpu,1024.0,0.02644705967862611,6.9748576907016915,2.697077015147001,0.049813287609662776
placement,8,8,5,qaoa,nominal,1.7417029357182396,1.7417029357182396,True,0.003673458006232977,106,0.42555697579048113,0.04595826776804823,8.577200000000001,0.0,0.3941932543001034,True,-2.394193254300103,modeled_qpu,1024.0,0.02644705967862611,6.9748576907016915,2.697077015147001,0.049813287609662776
placement,8,8,5,qaoa,stressed,1.7417029357182396,1.7417029357182396,True,0.003673458006232977,106,0.42555697579048113,0.04595826776804823,39.4288,0.0,1.8120793481728203,True,-3.81207934817282,modeled_qpu,1024.0,0.02644705967862611,6.9748576907016915,2.697077015147001,0.049813287609662776
placement,8,8,5,mean_field,local,1.7417029357182396,1.7417029357182396,True,0.002977249911054969,105,0.42555697579048113,0.04595826776804823,0.002977249911054969,0.0,0.00013682924862466205,False,-0.00013682924862466205,measured_local,,,,,
placement,8,8,6,exact,local,1.4952036906317896,1.4952036906317896,True,5.375011824071407e-06,256,0.4573583290711986,0.09345838704152394,5.375011824071407e-06,0.0,5.023399354068332e-07,False,-5.023399354068332e-07,measured_local,,,,,
placement,8,8,6,local_search,local,1.4952036906317896,1.4952036906317896,True,0.0001230830093845725,680,0.4573583290711986,0.09345838704152394,0.0001230830093845725,0.0,1.15031395292989e-05,False,-1.15031395292989e-05,measured_local,,,,,
placement,8,8,6,annealing,local,1.4952036906317896,1.4952036906317896,True,0.001151624950580299,960,0.4573583290711986,0.09345838704152394,0.001151624950580299,0.0,0.00010762901035800945,False,-0.00010762901035800945,measured_local,,,,,
placement,8,8,6,random,local,1.6716760573066565,1.4952036906317896,True,1.0541989468038082e-05,256,0.4573583290711986,0.09345838704152394,1.0541989468038082e-05,0.07072463355894756,9.852373318915722e-07,False,-0.07072561879627945,measured_local,,,,,
placement,8,8,6,qaoa,optimistic,1.4952036906317896,1.4952036906317896,True,0.003694458049722016,110,0.4573583290711986,0.09345838704152394,1.4114000000000002,0.0,0.1319071674704069,True,-2.131907167470407,modeled_qpu,1024.0,0.024931712781619493,6.729116688642048,2.713261262666858,0.05270845412699823
placement,8,8,6,qaoa,nominal,1.4952036906317896,1.4952036906317896,True,0.003694458049722016,110,0.4573583290711986,0.09345838704152394,8.882,0.0,0.8300973937028157,True,-2.8300973937028155,modeled_qpu,1024.0,0.024931712781619493,6.729116688642048,2.713261262666858,0.05270845412699823
placement,8,8,6,qaoa,stressed,1.4952036906317896,1.4952036906317896,True,0.003694458049722016,110,0.4573583290711986,0.09345838704152394,40.728,0.0,3.8063731874271873,True,-5.806373187427187,modeled_qpu,1024.0,0.024931712781619493,6.729116688642048,2.713261262666858,0.05270845412699823
placement,8,8,6,mean_field,local,1.6716760573066565,1.4952036906317896,True,0.003239374957047403,117,0.4573583290711986,0.09345838704152394,0.003239374957047403,0.07072463355894756,0.00030274675850835617,False,-0.07102738031745592,measured_local,,,,,
placement,8,8,7,exact,local,1.1798158326905188,1.1798158326905188,True,3.5420525819063187e-06,256,0.36669595870973104,0.10434849514644737,3.5420525819063187e-06,0.0,3.6960785665151285e-07,False,-3.6960785665151285e-07,measured_local,,,,,
placement,8,8,7,local_search,local,1.1798158326905188,1.1798158326905188,True,0.00011062505654990673,592,0.36669595870973104,0.10434849514644737,0.00011062505654990673,0.0,1.1543558176473408e-05,False,-1.1543558176473408e-05,measured_local,,,,,
placement,8,8,7,annealing,local,1.1798158326905188,1.1798158326905188,True,0.0011298330500721931,960,0.36669595870973104,0.10434849514644737,0.0011298330500721931,0.0,0.00011789637854175408,False,-0.00011789637854175408,measured_local,,,,,
placement,8,8,7,random,local,1.4626593131137728,1.1798158326905188,True,6.917049176990986e-06,256,0.36669595870973104,0.10434849514644737,6.917049176990986e-06,0.12975567760426068,7.217836724729817e-07,False,-0.12975639938793315,measured_local,,,,,
placement,8,8,7,qaoa,optimistic,1.1798158326905188,1.1798158326905188,True,0.0034905000356957316,104,0.36669595870973104,0.10434849514644737,1.3349600000000001,0.0,0.1393010670807014,True,-2.1393010670807016,modeled_qpu,1024.0,0.025883228845003343,6.8618155965949335,2.704045073937965,0.0524024937632244
placement,8,8,7,qaoa,nominal,1.1798158326905188,1.1798158326905188,True,0.0034905000356957316,104,0.36669595870973104,0.10434849514644737,8.424800000000001,0.0,0.8791152019097899,True,-2.87911520190979,modeled_qpu,1024.0,0.025883228845003343,6.8618155965949335,2.704045073937965,0.0524024937632244
placement,8,8,7,qaoa,stressed,1.1798158326905188,1.1798158326905188,True,0.0034905000356957316,104,0.36669595870973104,0.10434849514644737,38.7792,0.0,4.046551162983112,True,-6.046551162983112,modeled_qpu,1024.0,0.025883228845003343,6.8618155965949335,2.704045073937965,0.0524024937632244
placement,8,8,7,mean_field,local,1.1798158326905188,1.1798158326905188,True,0.0032357920426875353,121,0.36669595870973104,0.10434849514644737,0.0032357920426875353,0.0,0.0003376500302612933,False,-0.0003376500302612933,measured_local,,,,,
placement,8,8,8,exact,local,1.8697318382918118,1.8697318382918118,True,3.4159747883677483e-06,256,0.4388579320194662,0.03359642888628433,3.4159747883677483e-06,0.0,1.1476455405473721e-07,False,-1.1476455405473721e-07,measured_local,,,,,
placement,8,8,8,local_search,local,1.8697318382918118,1.8697318382918118,True,0.00011866702698171139,688,0.4388579320194662,0.03359642888628433,0.00011866702698171139,0.0,3.98678833313785e-06,False,-3.98678833313785e-06,measured_local,,,,,
placement,8,8,8,annealing,local,1.8697318382918118,1.8697318382918118,True,0.0011740840272977948,960,0.4388579320194662,0.03359642888628433,0.0011740840272977948,0.0,3.9445030529632675e-05,False,-3.9445030529632675e-05,measured_local,,,,,
placement,8,8,8,random,local,3.2725070026251055,1.8697318382918118,True,1.433398574590683e-05,256,0.4388579320194662,0.03359642888628433,1.433398574590683e-05,0.4888175074812168,4.81570732769372e-07,False,-0.48881798905194956,measured_local,,,,,
placement,8,8,8,qaoa,optimistic,1.8697318382918118,1.8697318382918118,True,0.003529125009663403,104,0.4388579320194662,0.03359642888628433,1.3349600000000001,0.0,0.04484988870603413,True,-2.0448498887060342,modeled_qpu,1024.0,0.02683696164881365,7.0470232023258195,2.6943104434399707,0.04938936784890622
placement,8,8,8,qaoa,nominal,1.8697318382918118,1.8697318382918118,True,0.003529125009663403,104,0.4388579320194662,0.03359642888628433,8.424800000000001,0.0,0.28304319408116824,True,-2.283043194081168,modeled_qpu,1024.0,0.02683696164881365,7.0470232023258195,2.6943104434399707,0.04938936784890622
placement,8,8,8,qaoa,stressed,1.8697318382918118,1.8697318382918118,True,0.003529125009663403,104,0.4388579320194662,0.03359642888628433,38.7792,0.0,1.3028426350669973,True,-3.3028426350669973,modeled_qpu,1024.0,0.02683696164881365,7.0470232023258195,2.6943104434399707,0.04938936784890622
placement,8,8,8,mean_field,local,2.111625828509784,1.8697318382918118,True,0.002923749969340861,103,0.4388579320194662,0.03359642888628433,0.002923749969340861,0.08429149615664366,9.822755792623621e-05,False,-0.0843897237145699,measured_local,,,,,
placement,8,8,9,exact,local,0.99326386952637,0.99326386952637,True,3.958004526793957e-06,256,0.2639372030462602,0.10081538137847038,3.958004526793957e-06,0.0,3.990277358664449e-07,False,-3.990277358664449e-07,measured_local,,,,,
placement,8,8,9,local_search,local,0.99326386952637,0.99326386952637,True,0.00011729192920029163,680,0.2639372030462602,0.10081538137847038,0.00011729192920029163,0.0,1.1824830574943946e-05,False,-1.1824830574943946e-05,measured_local,,,,,
placement,8,8,9,annealing,local,0.99326386952637,0.99326386952637,True,0.001115957973524928,960,0.2639372030462602,0.10081538137847038,0.001115957973524928,0.0,0.00011250572870326057,False,-0.00011250572870326057,measured_local,,,,,
placement,8,8,9,random,local,0.99326386952637,0.99326386952637,True,9.291921742260456e-06,256,0.2639372030462602,0.10081538137847038,9.291921742260456e-06,0.0,9.367686341848888e-07,False,-9.367686341848888e-07,measured_local,,,,,
placement,8,8,9,qaoa,optimistic,0.99326386952637,0.99326386952637,True,0.003536083037033677,102,0.2639372030462602,0.10081538137847038,1.3094800000000002,0.0,0.1320157256074794,True,-2.1320157256074794,modeled_qpu,1024.0,0.026542169122006416,6.551258258658687,2.662683067763491,0.04993501970118099
placement,8,8,9,qaoa,nominal,0.99326386952637,0.99326386952637,True,0.003536083037033677,102,0.2639372030462602,0.10081538137847038,8.272400000000001,0.0,0.8339851609152584,True,-2.833985160915258,modeled_qpu,1024.0,0.026542169122006416,6.551258258658687,2.662683067763491,0.04993501970118099
placement,8,8,9,qaoa,stressed,0.99326386952637,0.99326386952637,True,0.003536083037033677,102,0.2639372030462602,0.10081538137847038,38.1296,0.0,3.8440501658085244,True,-5.844050165808524,modeled_qpu,1024.0,0.026542169122006416,6.551258258658687,2.662683067763491,0.04993501970118099
placement,8,8,9,mean_field,local,0.99326386952637,0.99326386952637,True,0.002988249994814396,103,0.2639372030462602,0.10081538137847038,0.002988249994814396,0.0,0.00030126156288142543,False,-0.00030126156288142543,measured_local,,,,,
placement,8,8,10,exact,local,1.5166649963218322,1.5166649963218322,True,3.6249402910470963e-06,256,0.24837671985026935,0.024190164831176402,3.6249402910470963e-06,0.0,8.768790314360181e-08,False,-8.768790314360181e-08,measured_local,,,,,
placement,8,8,10,local_search,local,1.5166649963218322,1.5166649963218322,True,0.00011595804244279861,624,0.24837671985026935,0.024190164831176402,0.00011595804244279861,0.0,2.805044160191848e-06,False,-2.805044160191848e-06,measured_local,,,,,
placement,8,8,10,annealing,local,1.5166649963218322,1.5166649963218322,True,0.0011177080450579524,960,0.24837671985026935,0.024190164831176402,0.0011177080450579524,0.0,2.703754184308381e-05,False,-2.703754184308381e-05,measured_local,,,,,
placement,8,8,10,random,local,1.5166649963218322,1.5166649963218322,True,9.417068213224411e-06,256,0.24837671985026935,0.024190164831176402,9.417068213224411e-06,0.0,2.2780043230433036e-07,False,-2.2780043230433036e-07,measured_local,,,,,
placement,8,8,10,qaoa,optimistic,1.5166649963218322,1.5166649963218322,True,0.003567333915270865,103,0.24837671985026935,0.024190164831176402,1.3222200000000002,0.0,0.031984719743078066,True,-2.031984719743078,modeled_qpu,1024.0,0.02576301393794394,6.856491979482955,2.7041176242540175,0.05144066284571968
placement,8,8,10,qaoa,nominal,1.5166649963218322,1.5166649963218322,True,0.003567333915270865,103,0.24837671985026935,0.024190164831176402,8.348600000000001,0.0,0.20195401010955935,True,-2.201954010109559,modeled_qpu,1024.0,0.02576301393794394,6.856491979482955,2.7041176242540175,0.05144066284571968
placement,8,8,10,qaoa,stressed,1.5166649963218322,1.5166649963218322,True,0.003567333915270865,103,0.24837671985026935,0.024190164831176402,38.45440000000001,0.0,0.93021827448399,True,-2.93021827448399,modeled_qpu,1024.0,0.02576301393794394,6.856491979482955,2.7041176242540175,0.05144066284571968
placement,8,8,10,mean_field,local,1.5166649963218322,1.5166649963218322,True,0.002856625011190772,100,0.24837671985026935,0.024190164831176402,0.002856625011190772,0.0,6.910222988156591e-05,False,-6.910222988156591e-05,measured_local,,,,,
placement,8,8,11,exact,local,0.8401096498767988,0.8401096498767988,True,3.2499665394425392e-06,256,0.1845897273778546,0.07807675143336026,3.2499665394425392e-06,0.0,2.5374682966679317e-07,False,-2.5374682966679317e-07,measured_local,,,,,
placement,8,8,11,local_search,local,0.8401096498767988,0.8401096498767988,True,0.00011266698129475117,648,0.1845897273778546,0.07807675143336026,0.00011266698129475117,0.0,8.796671893297337e-06,False,-8.796671893297337e-06,measured_local,,,,,
placement,8,8,11,annealing,local,0.8401096498767988,0.8401096498767988,True,0.0010647920425981283,960,0.1845897273778546,0.07807675143336026,0.0010647920425981283,0.0,8.313550363815402e-05,False,-8.313550363815402e-05,measured_local,,,,,
placement,8,8,11,random,local,1.359931905345516,0.8401096498767988,True,6.207963451743126e-06,256,0.1845897273778546,0.07807675143336026,6.207963451743126e-06,0.2824952608142242,4.846976193291332e-07,False,-0.28249574551184353,measured_local,,,,,
placement,8,8,11,qaoa,optimistic,0.8401096498767988,0.8401096498767988,True,0.0034851670498028398,103,0.1845897273778546,0.07807675143336026,1.3222200000000002,0.0,0.10323464228021763,True,-2.1032346422802175,modeled_qpu,1024.0,0.026657721880137594,6.326719163226124,2.6516780566134197,0.045567954467445056
placement,8,8,11,qaoa,nominal,0.8401096498767988,0.8401096498767988,True,0.0034851670498028398,103,0.1845897273778546,0.07807675143336026,8.348600000000001,0.0,0.6518315670165515,True,-2.6518315670165515,modeled_qpu,1024.0,0.026657721880137594,6.326719163226124,2.6516780566134197,0.045567954467445056
placement,8,8,11,qaoa,stressed,0.8401096498767988,0.8401096498767988,True,0.0034851670498028398,103,0.1845897273778546,0.07807675143336026,38.45440000000001,0.0,3.0023946303190097,True,-5.00239463031901,modeled_qpu,1024.0,0.026657721880137594,6.326719163226124,2.6516780566134197,0.045567954467445056
placement,8,8,11,mean_field,local,0.8401096498767988,0.8401096498767988,True,0.002940707956440747,109,0.1845897273778546,0.07807675143336026,0.002940707956440747,0.0,0.00022960092415312902,False,-0.00022960092415312902,measured_local,,,,,
placement,8,8,12,exact,local,1.2744818744761943,1.2744818744761943,True,3.5420525819063187e-06,256,0.117558834433809,0.05699808254001245,3.5420525819063187e-06,0.0,2.0189020542456057e-07,False,-2.0189020542456057e-07,measured_local,,,,,
placement,8,8,12,local_search,local,1.2744818744761943,1.2744818744761943,True,0.00011654198169708252,680,0.117558834433809,0.05699808254001245,0.00011654198169708252,0.0,6.6426694921469295e-06,False,-6.6426694921469295e-06,measured_local,,,,,
placement,8,8,12,annealing,local,1.2744818744761943,1.2744818744761943,True,0.0010674590012058616,960,0.117558834433809,0.05699808254001245,0.0010674590012058616,0.0,6.084311625881095e-05,False,-6.084311625881095e-05,measured_local,,,,,
placement,8,8,12,random,local,1.6847179283909646,1.2744818744761943,True,5.832989700138569e-06,256,0.117558834433809,0.05699808254001245,5.832989700138569e-06,0.18036461777003443,3.324692283835406e-07,False,-0.1803649502392628,measured_local,,,,,
placement,8,8,12,qaoa,optimistic,1.2744818744761943,1.2744818744761943,True,0.0036090000066906214,107,0.117558834433809,0.05699808254001245,1.37318,0.0,0.0782686269822943,True,-2.078268626982294,modeled_qpu,1024.0,0.026726138503339995,7.0068400823448425,2.6964515690783344,0.050455916495544345
placement,8,8,12,qaoa,nominal,1.2744818744761943,1.2744818744761943,True,0.0036090000066906214,107,0.117558834433809,0.05699808254001245,8.6534,0.0,0.4932272074517437,True,-2.493227207451744,modeled_qpu,1024.0,0.026726138503339995,7.0068400823448425,2.6964515690783344,0.050455916495544345
placement,8,8,12,qaoa,stressed,1.2744818744761943,1.2744818744761943,True,0.0036090000066906214,107,0.117558834433809,0.05699808254001245,39.753600000000006,0.0,2.2658789740626393,True,-4.265878974062639,modeled_qpu,1024.0,0.026726138503339995,7.0068400823448425,2.6964515690783344,0.050455916495544345
placement,8,8,12,mean_field,local,1.5590577747455536,1.2744818744761943,True,0.0027315409388393164,105,0.117558834433809,0.05699808254001245,0.0027315409388393164,0.12511680284763588,0.00015569259589338645,False,-0.12527249544352925,measured_local,,,,,
placement,8,8,13,exact,local,1.2630541843947494,1.2630541843947494,True,3.5410048440098763e-06,256,0.1613039924716111,0.04521587007342797,3.5410048440098763e-06,0.0,1.6010961495612965e-07,False,-1.6010961495612965e-07,measured_local,,,,,
placement,8,8,13,local_search,local,1.2630541843947494,1.2630541843947494,True,0.00013091601431369781,720,0.1613039924716111,0.04521587007342797,0.00013091601431369781,0.0,5.919481493739197e-06,False,-5.919481493739197e-06,measured_local,,,,,
placement,8,8,13,annealing,local,1.2630541843947494,1.2630541843947494,True,0.0010773749090731144,960,0.1613039924716111,0.04521587007342797,0.0010773749090731144,0.0,4.871444390902122e-05,False,-4.871444390902122e-05,measured_local,,,,,
placement,8,8,13,random,local,1.2630541843947494,1.2630541843947494,True,6.667105481028557e-06,256,0.1613039924716111,0.04521587007342797,6.667105481028557e-06,0.0,3.014589751960267e-07,False,-3.014589751960267e-07,measured_local,,,,,
placement,8,8,13,qaoa,optimistic,1.2630541843947494,1.2630541843947494,True,0.004027041955851018,117,0.1613039924716111,0.04521587007342797,1.5005800000000002,0.0,0.06785003031478455,True,-2.0678500303147844,modeled_qpu,1024.0,0.02803820495794607,7.206253240779721,2.688038949212424,0.049539229095037766
placement,8,8,13,qaoa,nominal,1.2630541843947494,1.2630541843947494,True,0.004027041955851018,117,0.1613039924716111,0.04521587007342797,9.4154,0.0,0.4257255030893537,True,-2.4257255030893536,modeled_qpu,1024.0,0.02803820495794607,7.206253240779721,2.688038949212424,0.049539229095037766
placement,8,8,13,qaoa,stressed,1.2630541843947494,1.2630541843947494,True,0.004027041955851018,117,0.1613039924716111,0.04521587007342797,43.0016,0.0,1.9443547585495204,True,-3.9443547585495207,modeled_qpu,1024.0,0.02803820495794607,7.206253240779721,2.688038949212424,0.049539229095037766
placement,8,8,13,mean_field,local,1.2630541843947494,1.2630541843947494,True,0.0027154579292982817,100,0.1613039924716111,0.04521587007342797,0.0027154579292982817,0.0,0.00012278179292101086,False,-0.00012278179292101086,measured_local,,,,,
placement,8,8,14,exact,local,1.2074382114012394,1.2074382114012394,True,3.7499703466892242e-06,256,0.666629541444535,0.07755965523274917,3.7499703466892242e-06,0.0,2.9084640722224914e-07,False,-2.9084640722224914e-07,measured_local,,,,,
placement,8,8,14,local_search,local,1.2074382114012394,1.2074382114012394,True,0.00012070895172655582,680,0.666629541444535,0.07755965523274917,0.00012070895172655582,0.0,9.362144679418232e-06,False,-9.362144679418232e-06,measured_local,,,,,
placement,8,8,14,annealing,local,1.2074382114012394,1.2074382114012394,True,0.0010946249822154641,960,0.666629541444535,0.07755965523274917,0.0010946249822154641,0.0,8.489873622978559e-05,False,-8.489873622978559e-05,measured_local,,,,,
placement,8,8,14,random,local,1.2074382114012394,1.2074382114012394,True,6.58305361866951e-06,256,0.666629541444535,0.07755965523274917,6.58305361866951e-06,0.0,5.10579369042709e-07,False,-5.10579369042709e-07,measured_local,,,,,
placement,8,8,14,qaoa,optimistic,1.2074382114012394,1.2074382114012394,True,0.0034304580185562372,103,0.666629541444535,0.07755965523274917,1.3222200000000002,0.0,0.10255092734184562,True,-2.1025509273418455,modeled_qpu,1024.0,0.025305748756164655,6.769311715895739,2.711728637402979,0.05377156283008641
placement,8,8,14,qaoa,nominal,1.2074382114012394,1.2074382114012394,True,0.0034304580185562372,103,0.666629541444535,0.07755965523274917,8.348600000000001,0.0,0.6475145376761299,True,-2.64751453767613,modeled_qpu,1024.0,0.025305748756164655,6.769311715895739,2.711728637402979,0.05377156283008641
placement,8,8,14,qaoa,stressed,1.2074382114012394,1.2074382114012394,True,0.0034304580185562372,103,0.666629541444535,0.07755965523274917,38.45440000000001,0.0,2.9825100061822303,True,-4.98251000618223,modeled_qpu,1024.0,0.025305748756164655,6.769311715895739,2.711728637402979,0.05377156283008641
placement,8,8,14,mean_field,local,2.6115664206015197,1.2074382114012394,True,0.0029202080331742764,103,0.666629541444535,0.07755965523274917,0.0029202080331742764,0.6360894732854002,0.00022649032826090143,False,-0.6363159636136612,measured_local,,,,,
placement,8,8,15,exact,local,1.2246070669208842,1.2246070669208842,True,3.7921126931905746e-06,256,0.30699063222789613,0.03763901506239854,3.7921126931905746e-06,0.0,1.4273138677731275e-07,False,-1.4273138677731275e-07,measured_local,,,,,
placement,8,8,15,local_search,local,1.2246070669208842,1.2246070669208842,True,0.00010412500705569983,600,0.30699063222789613,0.03763901506239854,0.00010412500705569983,0.0,3.91916270894184e-06,False,-3.91916270894184e-06,measured_local,,,,,
placement,8,8,15,annealing,local,1.2246070669208842,1.2246070669208842,True,0.0010934160090982914,960,0.30699063222789613,0.03763901506239854,0.0010934160090982914,0.0,4.115510163591829e-05,False,-4.115510163591829e-05,measured_local,,,,,
placement,8,8,15,random,local,1.2246070669208842,1.2246070669208842,True,1.4291959814727306e-05,256,0.30699063222789613,0.03763901506239854,1.4291959814727306e-05,0.0,5.379352907377158e-07,False,-5.379352907377158e-07,measured_local,,,,,
placement,8,8,15,qaoa,optimistic,1.2246070669208842,1.2246070669208842,True,0.0037200410151854157,108,0.30699063222789613,0.03763901506239854,1.3859200000000003,0.0,0.052164663755279395,True,-2.0521646637552795,modeled_qpu,1024.0,0.0214319079117354,6.838848068598749,2.646274279663521,0.03897792827683128
placement,8,8,15,qaoa,nominal,1.2246070669208842,1.2246070669208842,True,0.0037200410151854157,108,0.30699063222789613,0.03763901506239854,8.7296,0.0,0.3285735458887143,True,-2.3285735458887142,modeled_qpu,1024.0,0.0214319079117354,6.838848068598749,2.646274279663521,0.03897792827683128
placement,8,8,15,qaoa,stressed,1.2246070669208842,1.2246070669208842,True,0.0037200410151854157,108,0.30699063222789613,0.03763901506239854,40.0784,0.0,1.5085115012768338,True,-3.5085115012768338,modeled_qpu,1024.0,0.0214319079117354,6.838848068598749,2.646274279663521,0.03897792827683128
placement,8,8,15,mean_field,local,1.9263691170422885,1.2246070669208842,True,0.002500667003914714,92,0.30699063222789613,0.03763901506239854,0.002500667003914714,0.3154543831835997,9.412264302638895e-05,False,-0.3155485058266261,measured_local,,,,,
placement,8,8,16,exact,local,1.0973484482695692,1.0973484482695692,True,3.374996595084667e-06,256,0.6628107773628521,0.05312569304398082,3.374996595084667e-06,0.0,1.7929903313494845e-07,False,-1.7929903313494845e-07,measured_local,,,,,
placement,8,8,16,local_search,local,1.0973484482695692,1.0973484482695692,True,0.00011699995957314968,632,0.6628107773628521,0.05312569304398082,0.00011699995957314968,0.0,6.215703938441315e-06,False,-6.215703938441315e-06,measured_local,,,,,
placement,8,8,16,annealing,local,1.0973484482695692,1.0973484482695692,True,0.001065958058461547,960,0.6628107773628521,0.05312569304398082,0.001065958058461547,0.0,5.6629760611585904e-05,False,-5.6629760611585904e-05,measured_local,,,,,
placement,8,8,16,random,local,1.0973484482695692,1.0973484482695692,True,1.3291952200233936e-05,256,0.6628107773628521,0.05312569304398082,1.3291952200233936e-05,0.0,7.061441725448936e-07,False,-7.061441725448936e-07,measured_local,,,,,
placement,8,8,16,qaoa,optimistic,1.0973484482695692,1.0973484482695692,True,0.0034871670650318265,103,0.6628107773628521,0.05312569304398082,1.3222200000000002,0.0,0.07024385385661233,True,-2.070243853856612,modeled_qpu,1024.0,0.025640086592575852,6.836394909862683,2.705787185045274,0.051880284640307195
placement,8,8,16,qaoa,nominal,1.0973484482695692,1.0973484482695692,True,0.0034871670650318265,103,0.6628107773628521,0.05312569304398082,8.348600000000001,0.0,0.44352516094697836,True,-2.4435251609469786,modeled_qpu,1024.0,0.025640086592575852,6.836394909862683,2.705787185045274,0.051880284640307195
placement,8,8,16,qaoa,stressed,1.0973484482695692,1.0973484482695692,True,0.0034871670650318265,103,0.6628107773628521,0.05312569304398082,38.45440000000001,0.0,2.0429166505904566,True,-4.042916650590456,modeled_qpu,1024.0,0.025640086592575852,6.836394909862683,2.705787185045274,0.051880284640307195
placement,8,8,16,mean_field,local,1.0973484482695692,1.0973484482695692,True,0.0025582920061424375,98,0.6628107773628521,0.05312569304398082,0.0025582920061424375,0.0,0.00013591103583519303,False,-0.00013591103583519303,measured_local,,,,,
placement,8,8,17,exact,local,1.2179980323605906,1.2179980323605906,True,3.08395829051733e-06,256,0.10912552698418454,0.10093526453769441,3.08395829051733e-06,0.0,3.1128014587658255e-07,False,-3.1128014587658255e-07,measured_local,,,,,
placement,8,8,17,local_search,local,1.2179980323605906,1.2179980323605906,True,0.00010695797391235828,584,0.10912552698418454,0.10093526453769441,0.00010695797391235828,0.0,1.0795831391259701e-05,False,-1.0795831391259701e-05,measured_local,,,,,
placement,8,8,17,annealing,local,1.2179980323605906,1.2179980323605906,True,0.0010614159982651472,960,0.10912552698418454,0.10093526453769441,0.0010614159982651472,0.0,0.00010713430456943363,False,-0.00010713430456943363,measured_local,,,,,
placement,8,8,17,random,local,1.2179980323605906,1.2179980323605906,True,5.832989700138569e-06,256,0.10912552698418454,0.10093526453769441,5.832989700138569e-06,0.0,5.887543584291333e-07,False,-5.887543584291333e-07,measured_local,,,,,
placement,8,8,17,qaoa,optimistic,1.2179980323605906,1.2179980323605906,True,0.0037750418996438384,109,0.10912552698418454,0.10093526453769441,1.3986600000000002,0.0,0.1411741170982917,True,-2.141174117098292,modeled_qpu,1024.0,0.0249011740703993,6.298286402993332,2.66573844659922,0.050344500224553085
placement,8,8,17,qaoa,nominal,1.2179980323605906,1.2179980323605906,True,0.0037750418996438384,109,0.10912552698418454,0.10093526453769441,8.8058,0.0,0.8888157524660294,True,-2.888815752466029,modeled_qpu,1024.0,0.0249011740703993,6.298286402993332,2.66573844659922,0.050344500224553085
placement,8,8,17,qaoa,stressed,1.2179980323605906,1.2179980323605906,True,0.0037750418996438384,109,0.10912552698418454,0.10093526453769441,40.403200000000005,0.0,4.078107680169375,True,-6.078107680169375,modeled_qpu,1024.0,0.0249011740703993,6.298286402993332,2.66573844659922,0.050344500224553085
placement,8,8,17,mean_field,local,1.3900700925379401,1.2179980323605906,True,0.002846666960977018,98,0.10912552698418454,0.10093526453769441,0.002846666960977018,0.07757989757737305,0.0002873290827569299,False,-0.07786722666012998,measured_local,,,,,
placement,8,8,18,exact,local,1.449781205641811,1.449781205641811,True,4.124944098293781e-06,256,0.12459105489619014,0.060621506254315095,4.124944098293781e-06,0.0,2.500603244534166e-07,False,-2.500603244534166e-07,measured_local,,,,,
placement,8,8,18,local_search,local,1.449781205641811,1.449781205641811,True,0.00011250004172325134,632,0.12459105489619014,0.060621506254315095,0.00011250004172325134,0.0,6.8199219829367905e-06,False,-6.8199219829367905e-06,measured_local,,,,,
placement,8,8,18,annealing,local,1.449781205641811,1.449781205641811,True,0.001068499987013638,960,0.12459105489619014,0.060621506254315095,0.001068499987013638,0.0,6.477407864548285e-05,False,-6.477407864548285e-05,measured_local,,,,,
placement,8,8,18,random,local,1.449781205641811,1.449781205641811,True,7.292022928595543e-06,256,0.12459105489619014,0.060621506254315095,7.292022928595543e-06,0.0,4.420534135724638e-07,False,-4.420534135724638e-07,measured_local,,,,,
placement,8,8,18,qaoa,optimistic,1.449781205641811,1.449781205641811,True,0.0035358750028535724,103,0.12459105489619014,0.060621506254315095,1.3222200000000002,0.0,0.08015496799958051,True,-2.0801549679995803,modeled_qpu,1024.0,0.02430426478933057,6.273301043901164,2.665941402195667,0.05054678026254141
placement,8,8,18,qaoa,nominal,1.449781205641811,1.449781205641811,True,0.0035358750028535724,103,0.12459105489619014,0.060621506254315095,8.348600000000001,0.0,0.5061047071147751,True,-2.5061047071147753,modeled_qpu,1024.0,0.02430426478933057,6.273301043901164,2.665941402195667,0.05054678026254141
placement,8,8,18,qaoa,stressed,1.449781205641811,1.449781205641811,True,0.0035358750028535724,103,0.12459105489619014,0.060621506254315095,38.45440000000001,0.0,2.331163650105935,True,-4.331163650105935,modeled_qpu,1024.0,0.02430426478933057,6.273301043901164,2.665941402195667,0.05054678026254141
placement,8,8,18,mean_field,local,1.8509085411549988,1.449781205641811,True,0.00338620797265321,120,0.12459105489619014,0.060621506254315095,0.00338620797265321,0.16374006567990537,0.00020527702779260821,False,-0.16394534270769798,measured_local,,,,,
placement,8,8,19,exact,local,1.7133391310906354,1.7133391310906354,True,3.00002284348011e-06,256,0.1571774785622458,0.03153684768002098,3.00002284348011e-06,0.0,9.461126345141565e-08,False,-9.461126345141565e-08,measured_local,,,,,
placement,8,8,19,local_search,local,1.7133391310906354,1.7133391310906354,True,0.00010666693560779095,584,0.1571774785622458,0.03153684768002098,0.00010666693560779095,0.0,3.363938900757509e-06,False,-3.363938900757509e-06,measured_local,,,,,
placement,8,8,19,annealing,local,1.7133391310906354,1.7133391310906354,True,0.0010605000425130129,960,0.1571774785622458,0.03153684768002098,0.0010605000425130129,0.0,3.344482830538866e-05,False,-3.344482830538866e-05,measured_local,,,,,
placement,8,8,19,random,local,1.7133391310906354,1.7133391310906354,True,6.082933396100998e-06,256,0.1571774785622458,0.03153684768002098,6.082933396100998e-06,0.0,1.9183654396054988e-07,False,-1.9183654396054988e-07,measured_local,,,,,
placement,8,8,19,qaoa,optimistic,1.7133391310906354,1.7133391310906354,True,0.0035265840124338865,105,0.1571774785622458,0.03153684768002098,1.3477000000000001,0.0,0.042502209618364276,True,-2.0425022096183643,modeled_qpu,1024.0,0.026310123177971337,6.553457026349533,2.6622663974205607,0.048503172703488424
placement,8,8,19,qaoa,nominal,1.7133391310906354,1.7133391310906354,True,0.0035265840124338865,105,0.1571774785622458,0.03153684768002098,8.501000000000001,0.0,0.2680947421278584,True,-2.2680947421278583,modeled_qpu,1024.0,0.026310123177971337,6.553457026349533,2.6622663974205607,0.048503172703488424
placement,8,8,19,qaoa,stressed,1.7133391310906354,1.7133391310906354,True,0.0035265840124338865,105,0.1571774785622458,0.03153684768002098,39.104000000000006,0.0,1.2332168916795405,True,-3.2332168916795405,modeled_qpu,1024.0,0.026310123177971337,6.553457026349533,2.6622663974205607,0.048503172703488424
placement,8,8,19,mean_field,local,1.7133391310906354,1.7133391310906354,True,0.002938999910838902,97,0.1571774785622458,0.03153684768002098,0.002938999910838902,0.0,9.268679251972168e-05,False,-9.268679251972168e-05,measured_local,,,,,
placement,8,8,20,exact,local,1.098962068129251,1.098962068129251,True,3.917026333510876e-06,256,0.7128986457628904,0.05168410958904288,3.917026333510876e-06,0.0,2.0244801828434293e-07,False,-2.0244801828434293e-07,measured_local,,,,,
placement,8,8,20,local_search,local,1.098962068129251,1.098962068129251,True,0.00011520902626216412,624,0.7128986457628904,0.05168410958904288,0.00011520902626216412,0.0,5.954475938980609e-06,False,-5.954475938980609e-06,measured_local,,,,,
placement,8,8,20,annealing,local,1.098962068129251,1.098962068129251,True,0.0010481249773874879,960,0.7128986457628904,0.05168410958904288,0.0010481249773874879,0.0,5.417140619430802e-05,False,-5.417140619430802e-05,measured_local,,,,,
placement,8,8,20,random,local,1.098962068129251,1.098962068129251,True,8.124974556267262e-06,256,0.7128986457628904,0.05168410958904288,8.124974556267262e-06,0.0,4.199320753743022e-07,False,-4.199320753743022e-07,measured_local,,,,,
placement,8,8,20,qaoa,optimistic,1.098962068129251,1.098962068129251,True,0.003553166054189205,108,0.7128986457628904,0.05168410958904288,1.3859200000000003,0.0,0.07163004116164633,True,-2.0716300411616464,modeled_qpu,1024.0,0.024908997328310683,6.728092463408901,2.7142299670014487,0.05252840515814878
placement,8,8,20,qaoa,nominal,1.098962068129251,1.098962068129251,True,0.003553166054189205,108,0.7128986457628904,0.05168410958904288,8.7296,0.0,0.45118160306850874,True,-2.451181603068509,modeled_qpu,1024.0,0.024908997328310683,6.728092463408901,2.7142299670014487,0.05252840515814878
placement,8,8,20,qaoa,stressed,1.098962068129251,1.098962068129251,True,0.003553166054189205,108,0.7128986457628904,0.05168410958904288,40.0784,0.0,2.0714164177534964,True,-4.071416417753497,modeled_qpu,1024.0,0.024908997328310683,6.728092463408901,2.7142299670014487,0.05252840515814878
placement,8,8,20,mean_field,local,1.1184951927829252,1.098962068129251,True,0.00279329193290323,94,0.7128986457628904,0.05168410958904288,0.00279329193290323,0.009306087494512776,0.00014436880637435997,False,-0.009450456300887136,measured_local,,,,,
placement,8,8,21,exact,local,1.4462781187118716,1.4462781187118716,True,3.4580007195472717e-06,256,0.7130941661697311,0.05221717940996404,3.4580007195472717e-06,0.0,1.8056704397238461e-07,False,-1.8056704397238461e-07,measured_local,,,,,
placement,8,8,21,local_search,local,1.4462781187118716,1.4462781187118716,True,0.00010691606439650059,632,0.7130941661697311,0.05221717940996404,0.00010691606439650059,0.0,5.582855316399339e-06,False,-5.582855316399339e-06,measured_local,,,,,
placement,8,8,21,annealing,local,1.4462781187118716,1.4462781187118716,True,0.0010397090809419751,960,0.7130941661697311,0.05221717940996404,0.0010397090809419751,0.0,5.4290675613715936e-05,False,-5.4290675613715936e-05,measured_local,,,,,
placement,8,8,21,random,local,1.4462781187118716,1.4462781187118716,True,6.332993507385254e-06,256,0.7130941661697311,0.05221717940996404,6.332993507385254e-06,0.0,3.3069105817727323e-07,False,-3.3069105817727323e-07,measured_local,,,,,
placement,8,8,21,qaoa,optimistic,1.4462781187118716,1.4462781187118716,True,0.003610708052292466,107,0.7130941661697311,0.05221717940996404,1.37318,0.0,0.07170358642217442,True,-2.0717035864221742,modeled_qpu,1024.0,0.026863430716453245,7.010803517585745,2.6952977646605247,0.05087661996413534
placement,8,8,21,qaoa,nominal,1.4462781187118716,1.4462781187118716,True,0.003610708052292466,107,0.7130941661697311,0.05221717940996404,8.6534,0.0,0.45185614030618276,True,-2.451856140306183,modeled_qpu,1024.0,0.026863430716453245,7.010803517585745,2.6952977646605247,0.05087661996413534
placement,8,8,21,qaoa,stressed,1.4462781187118716,1.4462781187118716,True,0.003610708052292466,107,0.7130941661697311,0.05221717940996404,39.753600000000006,0.0,2.0758208633919466,True,-4.075820863391947,modeled_qpu,1024.0,0.026863430716453245,7.010803517585745,2.6952977646605247,0.05087661996413534
placement,8,8,21,mean_field,local,1.4462781187118716,1.4462781187118716,True,0.0030723329400643706,100,0.7130941661697311,0.05221717940996404,0.0030723329400643706,0.0,0.00016042856033848354,False,-0.00016042856033848354,measured_local,,,,,
placement,8,8,22,exact,local,0.8931609629943735,0.8931609629943735,True,3.915978595614433e-06,256,0.3929827874235622,0.11178683795365175,3.915978595614433e-06,0.0,4.3775486469791944e-07,False,-4.3775486469791944e-07,measured_local,,,,,
placement,8,8,22,local_search,local,0.8931609629943735,0.8931609629943735,True,0.00010595901403576136,608,0.3929827874235622,0.11178683795365175,0.00010595901403576136,0.0,1.1844823131744367e-05,False,-1.1844823131744367e-05,measured_local,,,,,
placement,8,8,22,annealing,local,0.8931609629943735,0.8931609629943735,True,0.00099762505851686,960,0.3929827874235622,0.11178683795365175,0.00099762505851686,0.0,0.00011152135075492657,False,-0.00011152135075492657,measured_local,,,,,
placement,8,8,22,random,local,0.8931609629943735,0.8931609629943735,True,6.124959327280521e-06,256,0.3929827874235622,0.11178683795365175,6.124959327280521e-06,0.0,6.846898357914156e-07,False,-6.846898357914156e-07,measured_local,,,,,
placement,8,8,22,qaoa,optimistic,0.8931609629943735,0.8931609629943735,True,0.003923790995031595,116,0.3929827874235622,0.11178683795365175,1.48784,0.0,0.16632092898096124,True,-2.1663209289809613,modeled_qpu,1024.0,0.02835410620833226,7.217374720306964,2.687382627834493,0.050852717454583626
placement,8,8,22,qaoa,nominal,0.8931609629943735,0.8931609629943735,True,0.003923790995031595,116,0.3929827874235622,0.11178683795365175,9.3392,0.0,1.0439996370167444,True,-3.0439996370167446,modeled_qpu,1024.0,0.02835410620833226,7.217374720306964,2.687382627834493,0.050852717454583626
placement,8,8,22,qaoa,stressed,0.8931609629943735,0.8931609629943735,True,0.003923790995031595,116,0.3929827874235622,0.11178683795365175,42.67680000000001,0.0,4.770704525980406,True,-6.770704525980406,modeled_qpu,1024.0,0.02835410620833226,7.217374720306964,2.687382627834493,0.050852717454583626
placement,8,8,22,mean_field,local,0.8931609629943735,0.8931609629943735,True,0.0032935000490397215,118,0.3929827874235622,0.11178683795365175,0.0032935000490397215,0.0,0.0003681699562823475,False,-0.0003681699562823475,measured_local,,,,,
placement,8,8,23,exact,local,1.6247808686286,1.6247808686286,True,3.0410010367631912e-06,256,0.1995342393085978,0.10887564434911612,3.0410010367631912e-06,0.0,3.310909473439226e-07,False,-3.310909473439226e-07,measured_local,,,,,
placement,8,8,23,local_search,local,1.6247808686286,1.6247808686286,True,0.00011216697748750448,696,0.1995342393085978,0.10887564434911612,0.00011216697748750448,0.0,1.2212251948644852e-05,False,-1.2212251948644852e-05,measured_local,,,,,
placement,8,8,23,annealing,local,1.6247808686286,1.6247808686286,True,0.0010105000110343099,960,0.1995342393085978,0.10887564434911612,0.0010105000110343099,0.0,0.00011001883981614943,False,-0.00011001883981614943,measured_local,,,,,
placement,8,8,23,random,local,1.9085744108247267,1.6247808686286,True,5.584093742072582e-06,256,0.1995342393085978,0.10887564434911612,5.584093742072582e-06,0.10812085137773941,6.079718042740194e-07,False,-0.10812145934954369,measured_local,,,,,
placement,8,8,23,qaoa,optimistic,1.6247808686286,1.6247808686286,True,0.003496916964650154,104,0.1995342393085978,0.10887564434911612,1.3349600000000001,0.0,0.14534463018029606,True,-2.145344630180296,modeled_qpu,1024.0,0.024858634958504013,6.712685494974425,2.713796006505609,0.052911359314683895
placement,8,8,23,qaoa,nominal,1.6247808686286,1.6247808686286,True,0.003496916964650154,104,0.1995342393085978,0.10887564434911612,8.424800000000001,0.0,0.9172555285124336,True,-2.9172555285124337,modeled_qpu,1024.0,0.024858634958504013,6.712685494974425,2.713796006505609,0.052911359314683895
placement,8,8,23,qaoa,stressed,1.6247808686286,1.6247808686286,True,0.003496916964650154,104,0.1995342393085978,0.10887564434911612,38.7792,0.0,4.222110387343244,True,-6.222110387343244,modeled_qpu,1024.0,0.024858634958504013,6.712685494974425,2.713796006505609,0.052911359314683895
placement,8,8,23,mean_field,local,1.9085744108247267,1.6247808686286,True,0.002758790971711278,95,0.1995342393085978,0.10887564434911612,0.002758790971711278,0.10812085137773941,0.00030036514466958954,False,-0.108421216522409,measured_local,,,,,
placement,8,8,24,exact,local,0.8955910854219497,0.8955910854219497,True,3.1670788303017616e-06,256,0.5316611903079621,0.06433597173949689,3.1670788303017616e-06,0.0,2.03757094123053e-07,False,-2.03757094123053e-07,measured_local,,,,,
placement,8,8,24,local_search,local,0.8955910854219497,0.8955910854219497,True,0.00014124996960163116,680,0.5316611903079621,0.06433597173949689,0.00014124996960163116,0.0,9.087454052495338e-06,False,-9.087454052495338e-06,measured_local,,,,,
placement,8,8,24,annealing,local,0.8955910854219497,0.8955910854219497,True,0.0010485840030014515,960,0.5316611903079621,0.06433597173949689,0.0010485840030014515,0.0,6.74616707835899e-05,False,-6.74616707835899e-05,measured_local,,,,,
placement,8,8,24,random,local,0.8955910854219497,0.8955910854219497,True,5.999929271638393e-06,256,0.5316611903079621,0.06433597173949689,5.999929271638393e-06,0.0,3.860112800591078e-07,False,-3.860112800591078e-07,measured_local,,,,,
placement,8,8,24,qaoa,optimistic,0.8955910854219497,0.8955910854219497,True,0.0034547500545158982,102,0.5316611903079621,0.06433597173949689,1.3094800000000002,0.0,0.0842466682734364,True,-2.0842466682734364,modeled_qpu,1024.0,0.025233343024467073,6.755453569197977,2.712733590759524,0.054167776057334506
placement,8,8,24,qaoa,nominal,0.8955910854219497,0.8955910854219497,True,0.0034547500545158982,102,0.5316611903079621,0.06433597173949689,8.272400000000001,0.0,0.5322128926178141,True,-2.5322128926178142,modeled_qpu,1024.0,0.025233343024467073,6.755453569197977,2.712733590759524,0.054167776057334506
placement,8,8,24,qaoa,stressed,0.8955910854219497,0.8955910854219497,True,0.0034547500545158982,102,0.5316611903079621,0.06433597173949689,38.1296,0.0,2.4531048680383205,True,-4.45310486803832,modeled_qpu,1024.0,0.025233343024467073,6.755453569197977,2.712733590759524,0.054167776057334506
placement,8,8,24,mean_field,local,0.8955910854219497,0.8955910854219497,True,0.0028785000322386622,104,0.5316611903079621,0.06433597173949689,0.0028785000322386622,0.0,0.00018519109672624745,False,-0.00018519109672624745,measured_local,,,,,
placement,8,8,25,exact,local,0.9683629886910173,0.9683629886910173,True,2.458924427628517e-06,256,0.2340997191475975,0.027834667271510075,2.458924427628517e-06,0.0,6.844334328882814e-08,False,-6.844334328882814e-08,measured_local,,,,,
placement,8,8,25,local_search,local,0.9683629886910173,0.9683629886910173,True,0.00013254210352897644,616,0.2340997191475975,0.027834667271510075,0.00013254210352897644,0.0,3.6892653511951007e-06,False,-3.6892653511951007e-06,measured_local,,,,,
placement,8,8,25,annealing,local,0.9683629886910173,0.9683629886910173,True,0.0011258749291300774,960,0.2340997191475975,0.027834667271510075,0.0011258749291300774,0.0,3.133835404167069e-05,False,-3.133835404167069e-05,measured_local,,,,,
placement,8,8,25,random,local,0.9683629886910173,0.9683629886910173,True,9.458977729082108e-06,256,0.2340997191475975,0.027834667271510075,9.458977729082108e-06,0.0,2.6328749781762444e-07,False,-2.6328749781762444e-07,measured_local,,,,,
placement,8,8,25,qaoa,optimistic,0.9683629886910173,0.9683629886910173,True,0.0035101670073345304,109,0.2340997191475975,0.027834667271510075,1.3986600000000002,0.0,0.038931235725970285,True,-2.03893123572597,modeled_qpu,1024.0,0.02554872564556159,6.823830847017934,2.7061865482794163,0.0517751306172541
placement,8,8,25,qaoa,nominal,0.9683629886910173,0.9683629886910173,True,0.0035101670073345304,109,0.2340997191475975,0.027834667271510075,8.8058,0.0,0.2451065130594634,True,-2.245106513059463,modeled_qpu,1024.0,0.02554872564556159,6.823830847017934,2.7061865482794163,0.0517751306172541
placement,8,8,25,qaoa,stressed,0.9683629886910173,0.9683629886910173,True,0.0035101670073345304,109,0.2340997191475975,0.027834667271510075,40.403200000000005,0.0,1.124609628704276,True,-3.1246096287042757,modeled_qpu,1024.0,0.02554872564556159,6.823830847017934,2.7061865482794163,0.0517751306172541
placement,8,8,25,mean_field,local,0.9683629886910173,0.9683629886910173,True,0.002705208957195282,94,0.2340997191475975,0.027834667271510075,0.002705208957195282,0.0,7.529859122343941e-05,False,-7.529859122343941e-05,measured_local,,,,,
placement,8,8,26,exact,local,1.4483583057397258,1.4483583057397258,True,3.3329706639051437e-06,256,0.43405520077157733,0.10810188467745209,3.3329706639051437e-06,0.0,3.603004103428048e-07,False,-3.603004103428048e-07,measured_local,,,,,
placement,8,8,26,local_search,local,1.4483583057397258,1.4483583057397258,True,0.00011516700033098459,696,0.43405520077157733,0.10810188467745209,0.00011516700033098459,0.0,1.2449769788428184e-05,False,-1.2449769788428184e-05,measured_local,,,,,
placement,8,8,26,annealing,local,1.4483583057397258,1.4483583057397258,True,0.0010733749950304627,960,0.43405520077157733,0.10810188467745209,0.0010733749950304627,0.0,0.00011603385992844379,False,-0.00011603385992844379,measured_local,,,,,
placement,8,8,26,random,local,1.4483583057397258,1.4483583057397258,True,9.792041964828968e-06,256,0.43405520077157733,0.10810188467745209,9.792041964828968e-06,0.0,1.0585381912387126e-06,False,-1.0585381912387126e-06,measured_local,,,,,
placement,8,8,26,qaoa,optimistic,1.4483583057397258,1.4483583057397258,True,0.003719290951266885,111,0.43405520077157733,0.10810188467745209,1.4241400000000002,0.0,0.15395221804454665,True,-2.1539522180445467,modeled_qpu,1024.0,0.024769470441453126,6.352734457789512,2.666452538532532,0.05002584502323286
placement,8,8,26,qaoa,nominal,1.4483583057397258,1.4483583057397258,True,0.003719290951266885,111,0.43405520077157733,0.10810188467745209,8.9582,0.0,0.9683983033175513,True,-2.968398303317551,modeled_qpu,1024.0,0.024769470441453126,6.352734457789512,2.666452538532532,0.05002584502323286
placement,8,8,26,qaoa,stressed,1.4483583057397258,1.4483583057397258,True,0.003719290951266885,111,0.43405520077157733,0.10810188467745209,41.052800000000005,0.0,4.437885051286505,True,-6.437885051286505,modeled_qpu,1024.0,0.024769470441453126,6.352734457789512,2.666452538532532,0.05002584502323286
placement,8,8,26,mean_field,local,1.4483583057397258,1.4483583057397258,True,0.0026059580268338323,97,0.43405520077157733,0.10810188467745209,0.0026059580268338323,0.0,0.0002817089740910715,False,-0.0002817089740910715,measured_local,,,,,
placement,8,8,27,exact,local,1.2046443492825092,1.2046443492825092,True,4.332978278398514e-06,256,0.20747078347498996,0.0800374359938088,4.332978278398514e-06,0.0,3.468004716198849e-07,False,-3.468004716198849e-07,measured_local,,,,,
placement,8,8,27,local_search,local,1.2046443492825092,1.2046443492825092,True,0.0001159169478341937,640,0.20747078347498996,0.0800374359938088,0.0001159169478341937,0.0,9.277695292876953e-06,False,-9.277695292876953e-06,measured_local,,,,,
placement,8,8,27,annealing,local,1.2046443492825092,1.2046443492825092,True,0.0010767090134322643,960,0.20747078347498996,0.0800374359938088,0.0010767090134322643,0.0,8.617702874654187e-05,False,-8.617702874654187e-05,measured_local,,,,,
placement,8,8,27,random,local,1.6050492527170286,1.2046443492825092,True,6.624963134527206e-06,256,0.20747078347498996,0.0800374359938088,6.624963134527206e-06,0.1816188191827082,5.302450628410642e-07,False,-0.18161934942777103,measured_local,,,,,
placement,8,8,27,qaoa,optimistic,1.2046443492825092,1.2046443492825092,True,0.003732666024006903,110,0.20747078347498996,0.0800374359938088,1.4114000000000002,0.0,0.11296483716166177,True,-2.1129648371616616,modeled_qpu,1024.0,0.026310452895032876,6.997523509660111,2.6968546210384954,0.05098470602483267
placement,8,8,27,qaoa,nominal,1.2046443492825092,1.2046443492825092,True,0.003732666024006903,110,0.20747078347498996,0.0800374359938088,8.882,0.0,0.7108925064970097,True,-2.71089250649701,modeled_qpu,1024.0,0.026310452895032876,6.997523509660111,2.6968546210384954,0.05098470602483267
placement,8,8,27,qaoa,stressed,1.2046443492825092,1.2046443492825092,True,0.003732666024006903,110,0.20747078347498996,0.0800374359938088,40.728,0.0,3.2597646931558453,True,-5.259764693155845,modeled_qpu,1024.0,0.026310452895032876,6.997523509660111,2.6968546210384954,0.05098470602483267
placement,8,8,27,mean_field,local,1.6050492527170286,1.2046443492825092,True,0.002997125033289194,117,0.20747078347498996,0.0800374359938088,0.002997125033289194,0.1816188191827082,0.00023988220301732595,False,-0.18185870138572552,measured_local,,,,,
placement,8,8,28,exact,local,0.5359367891053969,0.5359367891053969,True,3.833090886473656e-06,256,0.11378875752731538,0.0661340571871821,3.833090886473656e-06,0.0,2.534978518897153e-07,False,-2.534978518897153e-07,measured_local,,,,,
placement,8,8,28,local_search,local,0.5359367891053969,0.5359367891053969,True,0.00011758296750485897,632,0.11378875752731538,0.0661340571871821,0.00011758296750485897,0.0,7.776238697204917e-06,False,-7.776238697204917e-06,measured_local,,,,,
placement,8,8,28,annealing,local,0.5359367891053969,0.5359367891053969,True,0.001074666972272098,960,0.11378875752731538,0.0661340571871821,0.001074666972272098,0.0,7.107208700141878e-05,False,-7.107208700141878e-05,measured_local,,,,,
placement,8,8,28,random,local,1.4089229134165921,0.5359367891053969,True,6.041023880243301e-06,256,0.11378875752731538,0.0661340571871821,6.041023880243301e-06,0.5683737315906497,3.995174187651432e-07,False,-0.5683741311080686,measured_local,,,,,
placement,8,8,28,qaoa,optimistic,0.5359367891053969,0.5359367891053969,True,0.0042518749833106995,110,0.11378875752731538,0.0661340571871821,1.4114000000000002,0.0,0.09334160831398883,True,-2.0933416083139886,modeled_qpu,1024.0,0.025797829817303213,6.835978282279985,2.7062187829145667,0.05282593176353629
placement,8,8,28,qaoa,nominal,0.5359367891053969,0.5359367891053969,True,0.0042518749833106995,110,0.11378875752731538,0.0661340571871821,8.882,0.0,0.5874026959365514,True,-2.5874026959365515,modeled_qpu,1024.0,0.025797829817303213,6.835978282279985,2.7062187829145667,0.05282593176353629
placement,8,8,28,qaoa,stressed,0.5359367891053969,0.5359367891053969,True,0.0042518749833106995,110,0.11378875752731538,0.0661340571871821,40.728,0.0,2.6935078811195527,True,-4.693507881119553,modeled_qpu,1024.0,0.025797829817303213,6.835978282279985,2.7062187829145667,0.05282593176353629
placement,8,8,28,mean_field,local,0.5359367891053969,0.5359367891053969,True,0.0029473749455064535,108,0.11378875752731538,0.0661340571871821,0.0029473749455064535,0.0,0.00019492186319819153,False,-0.00019492186319819153,measured_local,,,,,
placement,8,8,29,exact,local,0.9922105183558239,0.9922105183558239,True,3.875000402331352e-06,256,0.30037340669766005,0.10497988032429323,3.875000402331352e-06,0.0,4.067970784933335e-07,False,-4.067970784933335e-07,measured_local,,,,,
placement,8,8,29,local_search,local,0.9922105183558239,0.9922105183558239,True,0.00010466703679412603,584,0.30037340669766005,0.10497988032429323,0.00010466703679412603,0.0,1.0987932996545748e-05,False,-1.0987932996545748e-05,measured_local,,,,,
placement,8,8,29,annealing,local,0.9922105183558239,0.9922105183558239,True,0.00102116703055799,960,0.30037340669766005,0.10497988032429323,0.00102116703055799,0.0,0.00010720199265909169,False,-0.00010720199265909169,measured_local,,,,,
placement,8,8,29,random,local,0.9922105183558239,0.9922105183558239,True,5.917041562497616e-06,256,0.30037340669766005,0.10497988032429323,5.917041562497616e-06,0.0,6.211703151048687e-07,False,-6.211703151048687e-07,measured_local,,,,,
placement,8,8,29,qaoa,optimistic,0.9922105183558239,0.9922105183558239,True,0.0037692079786211252,108,0.30037340669766005,0.10497988032429323,1.3859200000000003,0.0,0.1454937157390445,True,-2.1454937157390446,modeled_qpu,1024.0,0.025906052902480395,6.858972574776725,2.7047270121540414,0.052657243401497286
placement,8,8,29,qaoa,nominal,0.9922105183558239,0.9922105183558239,True,0.0037692079786211252,108,0.30037340669766005,0.10497988032429323,8.7296,0.0,0.9164323632789502,True,-2.9164323632789504,modeled_qpu,1024.0,0.025906052902480395,6.858972574776725,2.7047270121540414,0.052657243401497286
placement,8,8,29,qaoa,stressed,0.9922105183558239,0.9922105183558239,True,0.0037692079786211252,108,0.30037340669766005,0.10497988032429323,40.0784,0.0,4.207425635589154,True,-6.207425635589154,modeled_qpu,1024.0,0.025906052902480395,6.858972574776725,2.7047270121540414,0.052657243401497286
placement,8,8,29,mean_field,local,0.9922105183558239,0.9922105183558239,True,0.0029537080554291606,111,0.30037340669766005,0.10497988032429323,0.0029537080554291606,0.0,0.00031007991817185414,False,-0.00031007991817185414,measured_local,,,,,
placement,9,9,0,exact,local,1.6969481537868196,1.6969481537868196,True,4.749977961182594e-06,512,0.30301975306783596,0.11797910271699004,4.749977961182594e-06,0.0,5.603981377858002e-07,False,-5.603981377858002e-07,measured_local,,,,,
placement,9,9,0,local_search,local,1.6969481537868196,1.6969481537868196,True,0.00012095796409994364,693,0.30301975306783596,0.11797910271699004,0.00012095796409994364,0.0,1.4270512070985243e-05,False,-1.4270512070985243e-05,measured_local,,,,,
placement,9,9,0,annealing,local,1.6969481537868196,1.6969481537868196,True,0.0011142500443384051,960,0.30301975306783596,0.11797910271699004,0.0011142500443384051,0.0,0.0001314582204334114,False,-0.0001314582204334114,measured_local,,,,,
placement,9,9,0,random,local,1.6969481537868196,1.6969481537868196,True,7.00005330145359e-06,256,0.30301975306783596,0.11797910271699004,7.00005330145359e-06,0.0,8.258600074765984e-07,False,-8.258600074765984e-07,measured_local,,,,,
placement,9,9,0,qaoa,optimistic,1.6969481537868196,1.6969481537868196,True,0.004572167061269283,105,0.30301975306783596,0.11797910271699004,1.3477000000000001,0.0,0.15900043673168748,True,-2.1590004367316875,modeled_qpu,1024.0,0.011288195227888601,6.601970103886535,2.722377364255427,0.07224272114864994
placement,9,9,0,qaoa,nominal,1.6969481537868196,1.6969481537868196,True,0.004572167061269283,105,0.30301975306783596,0.11797910271699004,8.501000000000001,0.0,1.0029403521971325,True,-3.0029403521971325,modeled_qpu,1024.0,0.011288195227888601,6.601970103886535,2.722377364255427,0.07224272114864994
placement,9,9,0,qaoa,stressed,1.6969481537868196,1.6969481537868196,True,0.004572167061269283,105,0.30301975306783596,0.11797910271699004,39.104000000000006,0.0,4.613454832645179,True,-6.613454832645179,modeled_qpu,1024.0,0.011288195227888601,6.601970103886535,2.722377364255427,0.07224272114864994
placement,9,9,0,mean_field,local,1.6969481537868196,1.6969481537868196,True,0.0033129589864984155,104,0.30301975306783596,0.11797910271699004,0.0033129589864984155,0.0,0.0003908599285652718,False,-0.0003908599285652718,measured_local,,,,,
placement,9,9,1,exact,local,2.130584783759973,2.130584783759973,True,3.374996595084667e-06,512,0.38462652329187025,0.08508290226989311,3.374996595084667e-06,0.0,2.8715450546081076e-07,False,-2.8715450546081076e-07,measured_local,,,,,
placement,9,9,1,local_search,local,2.130584783759973,2.130584783759973,True,0.00012070906814187765,720,0.38462652329187025,0.08508290226989311,0.00012070906814187765,0.0,1.0270277847805244e-05,False,-1.0270277847805244e-05,measured_local,,,,,
placement,9,9,1,annealing,local,2.130584783759973,2.130584783759973,True,0.0011609579669311643,960,0.38462652329187025,0.08508290226989311,0.0011609579669311643,0.0,9.877767323985805e-05,False,-9.877767323985805e-05,measured_local,,,,,
placement,9,9,1,random,local,3.4797973484452855,2.130584783759973,True,8.66700429469347e-06,256,0.38462652329187025,0.08508290226989311,8.66700429469347e-06,0.43097780698494526,7.374138793781484e-07,False,-0.43097854439882466,measured_local,,,,,
placement,9,9,1,qaoa,optimistic,2.130584783759973,2.130584783759973,True,0.004453415982425213,102,0.38462652329187025,0.08508290226989311,1.3094800000000002,0.0,0.11141435886437964,True,-2.1114143588643794,modeled_qpu,1024.0,0.012204624488497235,6.639108865440269,2.728175194019227,0.07763898580626932
placement,9,9,1,qaoa,nominal,2.130584783759973,2.130584783759973,True,0.004453415982425213,102,0.38462652329187025,0.08508290226989311,8.272400000000001,0.0,0.7038398007374639,True,-2.7038398007374638,modeled_qpu,1024.0,0.012204624488497235,6.639108865440269,2.728175194019227,0.07763898580626932
placement,9,9,1,qaoa,stressed,2.130584783759973,2.130584783759973,True,0.004453415982425213,102,0.38462652329187025,0.08508290226989311,38.1296,0.0,3.2441770303901167,True,-5.244177030390117,modeled_qpu,1024.0,0.012204624488497235,6.639108865440269,2.728175194019227,0.07763898580626932
placement,9,9,1,mean_field,local,2.130584783759973,2.130584783759973,True,0.0037064580246806145,111,0.38462652329187025,0.08508290226989311,0.0037064580246806145,0.0,0.0003153562058813618,False,-0.0003153562058813618,measured_local,,,,,
placement,9,9,2,exact,local,1.9442365391642937,1.9442365391642937,True,3.2079406082630157e-06,512,0.3347254387430566,0.11884815749763336,3.2079406082630157e-06,0.0,3.8125783065389665e-07,False,-3.8125783065389665e-07,measured_local,,,,,
placement,9,9,2,local_search,local,1.9442365391642937,1.9442365391642937,True,0.00012341700494289398,756,0.3347254387430566,0.11884815749763336,0.00012341700494289398,0.0,1.4667883641339259e-05,False,-1.4667883641339259e-05,measured_local,,,,,
placement,9,9,2,annealing,local,1.9442365391642937,1.9442365391642937,True,0.001026625046506524,960,0.3347254387430566,0.11884815749763336,0.001026625046506524,0.0,0.00012201249521822255,False,-0.00012201249521822255,measured_local,,,,,
placement,9,9,2,random,local,4.2548758212435525,1.9442365391642937,True,6.00004568696022e-06,256,0.3347254387430566,0.11884815749763336,6.00004568696022e-06,0.7848008308242522,7.13094374796844e-07,False,-0.784801543918627,measured_local,,,,,
placement,9,9,2,qaoa,optimistic,1.9442365391642937,1.9442365391642937,True,0.004384125000797212,101,0.3347254387430566,0.11884815749763336,1.2967400000000002,0.0,0.1541151597534811,True,-2.154115159753481,modeled_qpu,1024.0,0.011550916409367003,6.671872306195963,2.7196310966956663,0.07303336356897305
placement,9,9,2,qaoa,nominal,1.9442365391642937,1.9442365391642937,True,0.004384125000797212,101,0.3347254387430566,0.11884815749763336,8.196200000000001,0.0,0.9741032684821027,True,-2.9741032684821027,modeled_qpu,1024.0,0.011550916409367003,6.671872306195963,2.7196310966956663,0.07303336356897305
placement,9,9,2,qaoa,stressed,1.9442365391642937,1.9442365391642937,True,0.004384125000797212,101,0.3347254387430566,0.11884815749763336,37.8048,0.0,4.49303082456653,True,-6.49303082456653,modeled_qpu,1024.0,0.011550916409367003,6.671872306195963,2.7196310966956663,0.07303336356897305
placement,9,9,2,mean_field,local,1.9442365391642937,1.9442365391642937,True,0.002662832965143025,75,0.3347254387430566,0.11884815749763336,0.002662832965143025,0.0,0.0003164727916312083,False,-0.0003164727916312083,measured_local,,,,,
placement,9,9,3,exact,local,1.682488612239109,1.682488612239109,True,3.2499665394425392e-06,512,0.7485645694368411,0.09839442639940724,3.2499665394425392e-06,0.0,3.197785934657152e-07,False,-3.197785934657152e-07,measured_local,,,,,
placement,9,9,3,local_search,local,1.682488612239109,1.682488612239109,True,0.00010891701094806194,675,0.7485645694368411,0.09839442639940724,0.00010891701094806194,0.0,1.0716826817372513e-05,False,-1.0716826817372513e-05,measured_local,,,,,
placement,9,9,3,annealing,local,1.682488612239109,1.682488612239109,True,0.0010169589659199119,960,0.7485645694368411,0.09839442639940724,0.0010169589659199119,0.0,0.00010006309412342406,False,-0.00010006309412342406,measured_local,,,,,
placement,9,9,3,random,local,2.9584415155286923,1.682488612239109,True,5.874899215996265e-06,256,0.7485645694368411,0.09839442639940724,5.874899215996265e-06,0.47566013792861117,5.780573385122798e-07,False,-0.47566071598594967,measured_local,,,,,
placement,9,9,3,qaoa,optimistic,1.682488612239109,1.682488612239109,True,0.004333874909207225,100,0.7485645694368411,0.09839442639940724,1.284,0.0,0.1263384434968389,True,-2.126338443496839,modeled_qpu,1024.0,0.01229296547675527,6.675141533435156,2.728997240176505,0.07733088767618279
placement,9,9,3,qaoa,nominal,1.682488612239109,1.682488612239109,True,0.004333874909207225,100,0.7485645694368411,0.09839442639940724,8.120000000000001,0.0,0.7989627423631869,True,-2.798962742363187,modeled_qpu,1024.0,0.01229296547675527,6.675141533435156,2.728997240176505,0.07733088767618279
placement,9,9,3,qaoa,stressed,1.682488612239109,1.682488612239109,True,0.004333874909207225,100,0.7485645694368411,0.09839442639940724,37.480000000000004,0.0,3.6878231014497835,True,-5.6878231014497835,modeled_qpu,1024.0,0.01229296547675527,6.675141533435156,2.728997240176505,0.07733088767618279
placement,9,9,3,mean_field,local,3.064961022048041,1.682488612239109,True,0.0035748749505728483,104,0.7485645694368411,0.09839442639940724,0.0035748749505728483,0.5153693490072131,0.00035174777021122473,False,-0.5157210967774243,measured_local,,,,,
placement,9,9,4,exact,local,2.5759727037575337,2.5759727037575337,True,4.542060196399689e-06,512,0.26559282470211826,0.06306709912840133,4.542060196399689e-06,0.0,2.864545606535052e-07,False,-2.864545606535052e-07,measured_local,,,,,
placement,9,9,4,local_search,local,2.5759727037575337,2.5759727037575337,True,0.00010608299635350704,621,0.26559282470211826,0.06306709912840133,0.00010608299635350704,0.0,6.690346846864466e-06,False,-6.690346846864466e-06,measured_local,,,,,
placement,9,9,4,annealing,local,2.5759727037575337,2.5759727037575337,True,0.0010512500302866101,960,0.26559282470211826,0.06306709912840133,0.0010512500302866101,0.0,6.629928986882054e-05,False,-6.629928986882054e-05,measured_local,,,,,
placement,9,9,4,random,local,3.3214533113440528,2.5759727037575337,True,9.541050530970097e-06,256,0.26559282470211826,0.06306709912840133,9.541050530970097e-06,0.2084693227113251,6.017263796257772e-07,False,-0.2084699244377047,measured_local,,,,,
placement,9,9,4,qaoa,optimistic,2.5759727037575337,2.5759727037575337,True,0.004030582960695028,93,0.26559282470211826,0.06306709912840133,1.1948200000000002,0.0,0.0753538313805965,True,-2.0753538313805966,modeled_qpu,1024.0,0.008515822456809867,5.156928827926005,2.6899442567544147,0.07654291166175757
placement,9,9,4,qaoa,nominal,2.5759727037575337,2.5759727037575337,True,0.004030582960695028,93,0.26559282470211826,0.06306709912840133,7.586600000000001,0.0,0.4784648542475296,True,-2.4784648542475294,modeled_qpu,1024.0,0.008515822456809867,5.156928827926005,2.6899442567544147,0.07654291166175757
placement,9,9,4,qaoa,stressed,2.5759727037575337,2.5759727037575337,True,0.004030582960695028,93,0.26559282470211826,0.06306709912840133,35.2064,0.0,2.2203655187541487,True,-4.220365518754148,modeled_qpu,1024.0,0.008515822456809867,5.156928827926005,2.6899442567544147,0.07654291166175757
placement,9,9,4,mean_field,local,2.5759727037575337,2.5759727037575337,True,0.0034416670678183436,95,0.26559282470211826,0.06306709912840133,0.0034416670678183436,0.0,0.00021705595813305384,False,-0.00021705595813305384,measured_local,,,,,
placement,9,9,5,exact,local,2.3988783662374282,2.3988783662374282,True,4.500034265220165e-06,512,0.6430250013795653,0.06380892382799204,4.500034265220165e-06,0.0,2.8714234365278764e-07,False,-2.8714234365278764e-07,measured_local,,,,,
placement,9,9,5,local_search,local,2.3988783662374282,2.3988783662374282,True,0.00011154101230204105,684,0.6430250013795653,0.06380892382799204,0.00011154101230204105,0.0,7.1173119576780606e-06,False,-7.1173119576780606e-06,measured_local,,,,,
placement,9,9,5,annealing,local,2.3988783662374282,2.3988783662374282,True,0.0010764579055830836,960,0.6430250013795653,0.06380892382799204,0.0010764579055830836,0.0,6.868762050139083e-05,False,-6.868762050139083e-05,measured_local,,,,,
placement,9,9,5,random,local,2.3988783662374282,2.3988783662374282,True,6.9999368861317635e-06,256,0.6430250013795653,0.06380892382799204,6.9999368861317635e-06,0.0,4.466584395679335e-07,False,-4.466584395679335e-07,measured_local,,,,,
placement,9,9,5,qaoa,optimistic,2.3988783662374282,2.3988783662374282,True,0.004155458998866379,93,0.6430250013795653,0.06380892382799204,1.1948200000000002,0.0,0.07624017836816147,True,-2.0762401783681614,modeled_qpu,1024.0,0.008789457008621803,4.840303571587381,2.6761274696745083,0.08369358205220145
placement,9,9,5,qaoa,nominal,2.3988783662374282,2.3988783662374282,True,0.004155458998866379,93,0.6430250013795653,0.06380892382799204,7.586600000000001,0.0,0.4840927815134444,True,-2.4840927815134446,modeled_qpu,1024.0,0.008789457008621803,4.840303571587381,2.6761274696745083,0.08369358205220145
placement,9,9,5,qaoa,stressed,2.3988783662374282,2.3988783662374282,True,0.004155458998866379,93,0.6430250013795653,0.06380892382799204,35.2064,0.0,2.246482495857819,True,-4.246482495857819,modeled_qpu,1024.0,0.008789457008621803,4.840303571587381,2.6761274696745083,0.08369358205220145
placement,9,9,5,mean_field,local,2.3988783662374282,2.3988783662374282,True,0.0034734999062493443,101,0.6430250013795653,0.06380892382799204,0.0034734999062493443,0.0,0.0002216402909344019,False,-0.0002216402909344019,measured_local,,,,,
placement,9,9,6,exact,local,3.14599654695861,3.14599654695861,True,4.332978278398514e-06,512,0.1089305020328417,0.06690062863421811,4.332978278398514e-06,0.0,2.898789706832727e-07,False,-2.898789706832727e-07,measured_local,,,,,
placement,9,9,6,local_search,local,3.14599654695861,3.14599654695861,True,0.00012204202357679605,693,0.1089305020328417,0.06690062863421811,0.00012204202357679605,0.0,8.164688097079724e-06,False,-8.164688097079724e-06,measured_local,,,,,
placement,9,9,6,annealing,local,3.14599654695861,3.14599654695861,True,0.001049000071361661,960,0.1089305020328417,0.06690062863421811,0.001049000071361661,0.0,7.017876421143478e-05,False,-7.017876421143478e-05,measured_local,,,,,
placement,9,9,6,random,local,3.1983241732535,3.14599654695861,True,6.875023245811462e-06,256,0.1089305020328417,0.06690062863421811,6.875023245811462e-06,0.012621242131346168,4.5994337701964947e-07,False,-0.012621702074723188,measured_local,,,,,
placement,9,9,6,qaoa,optimistic,3.14599654695861,3.14599654695861,True,0.004570333985611796,100,0.1089305020328417,0.06690062863421811,1.284,0.0,0.08590040716633605,True,-2.085900407166336,modeled_qpu,1024.0,0.011788580191124144,6.662153994668852,2.720923739206538,0.06867440242279688
placement,9,9,6,qaoa,nominal,3.14599654695861,3.14599654695861,True,0.004570333985611796,100,0.1089305020328417,0.06690062863421811,8.120000000000001,0.0,0.5432331045098512,True,-2.5432331045098513,modeled_qpu,1024.0,0.011788580191124144,6.662153994668852,2.720923739206538,0.06867440242279688
placement,9,9,6,qaoa,stressed,3.14599654695861,3.14599654695861,True,0.004570333985611796,100,0.1089305020328417,0.06690062863421811,37.480000000000004,0.0,2.507435561210495,True,-4.507435561210495,modeled_qpu,1024.0,0.011788580191124144,6.662153994668852,2.720923739206538,0.06867440242279688
placement,9,9,6,mean_field,local,3.14599654695861,3.14599654695861,True,0.0032187079777941108,98,0.1089305020328417,0.06690062863421811,0.0032187079777941108,0.0,0.00021533358710439896,False,-0.00021533358710439896,measured_local,,,,,
placement,9,9,7,exact,local,2.4982371721624568,2.4982371721624568,True,4.167086444795132e-06,512,0.1150410922671297,0.119004400999095,4.167086444795132e-06,0.0,4.959016262742929e-07,False,-4.959016262742929e-07,measured_local,,,,,
placement,9,9,7,local_search,local,2.4982371721624568,2.4982371721624568,True,0.00012866605538874865,738,0.1150410922671297,0.119004400999095,0.00012866605538874865,0.0,1.531182685045441e-05,False,-1.531182685045441e-05,measured_local,,,,,
placement,9,9,7,annealing,local,2.4982371721624568,2.4982371721624568,True,0.0011056250659748912,960,0.1150410922671297,0.119004400999095,0.0011056250659748912,0.0,0.0001315742487059268,False,-0.0001315742487059268,measured_local,,,,,
placement,9,9,7,random,local,2.4982371721624568,2.4982371721624568,True,7.583992555737495e-06,256,0.1150410922671297,0.119004400999095,7.583992555737495e-06,0.0,9.025284912771362e-07,False,-9.025284912771362e-07,measured_local,,,,,
placement,9,9,7,qaoa,optimistic,2.4982371721624568,2.4982371721624568,True,0.00459991698153317,103,0.1150410922671297,0.119004400999095,1.3222200000000002,0.0,0.15734999908902342,True,-2.1573499990890235,modeled_qpu,1024.0,0.011851801892980877,6.633003139977847,2.722022145451078,0.07060627242710907
placement,9,9,7,qaoa,nominal,2.4982371721624568,2.4982371721624568,True,0.00459991698153317,103,0.1150410922671297,0.119004400999095,8.348600000000001,0.0,0.9935201421810447,True,-2.993520142181045,modeled_qpu,1024.0,0.011851801892980877,6.633003139977847,2.722022145451078,0.07060627242710907
placement,9,9,7,qaoa,stressed,2.4982371721624568,2.4982371721624568,True,0.00459991698153317,103,0.1150410922671297,0.119004400999095,38.45440000000001,0.0,4.576242837779599,True,-6.576242837779599,modeled_qpu,1024.0,0.011851801892980877,6.633003139977847,2.722022145451078,0.07060627242710907
placement,9,9,7,mean_field,local,3.1568594091631947,2.4982371721624568,True,0.0032255830010399222,100,0.1150410922671297,0.119004400999095,0.0032255830010399222,0.18827260834164844,0.0003838585729116192,False,-0.18865646691456006,measured_local,,,,,
placement,9,9,8,exact,local,2.8271839549443123,2.8271839549443123,True,4.292000085115433e-06,512,0.711764116480145,0.10040218750653278,4.292000085115433e-06,0.0,4.309261973238143e-07,False,-4.309261973238143e-07,measured_local,,,,,
placement,9,9,8,local_search,local,2.8271839549443123,2.8271839549443123,True,0.00011008302681148052,612,0.711764116480145,0.10040218750653278,0.00011008302681148052,0.0,1.1052576699212943e-05,False,-1.1052576699212943e-05,measured_local,,,,,
placement,9,9,8,annealing,local,2.8271839549443123,2.8271839549443123,True,0.0011222499888390303,960,0.711764116480145,0.10040218750653278,0.0011222499888390303,0.0,0.00011267635380862063,False,-0.00011267635380862063,measured_local,,,,,
placement,9,9,8,random,local,2.8271839549443123,2.8271839549443123,True,1.066701952368021e-05,256,0.711764116480145,0.10040218750653278,1.066701952368021e-05,0.0,1.0709920943523864e-06,False,-1.0709920943523864e-06,measured_local,,,,,
placement,9,9,8,qaoa,optimistic,2.8271839549443123,2.8271839549443123,True,0.004944457905367017,107,0.711764116480145,0.10040218750653278,1.37318,0.0,0.13787027584022069,True,-2.137870275840221,modeled_qpu,1024.0,0.012103264283831544,6.675395658351908,2.727357863323675,0.07509261785728572
placement,9,9,8,qaoa,nominal,2.8271839549443123,2.8271839549443123,True,0.004944457905367017,107,0.711764116480145,0.10040218750653278,8.6534,0.0,0.8688202893690307,True,-2.8688202893690304,modeled_qpu,1024.0,0.012103264283831544,6.675395658351908,2.727357863323675,0.07509261785728572
placement,9,9,8,qaoa,stressed,2.8271839549443123,2.8271839549443123,True,0.004944457905367017,107,0.711764116480145,0.10040218750653278,39.753600000000006,0.0,3.991348401259702,True,-5.991348401259701,modeled_qpu,1024.0,0.012103264283831544,6.675395658351908,2.727357863323675,0.07509261785728572
placement,9,9,8,mean_field,local,2.8271839549443123,2.8271839549443123,True,0.003424542024731636,107,0.711764116480145,0.10040218750653278,0.003424542024731636,0.0,0.00034383151049110713,False,-0.00034383151049110713,measured_local,,,,,
placement,9,9,9,exact,local,2.5996013325591862,2.5996013325591862,True,4.124944098293781e-06,512,0.5373501440903952,0.051101443794011076,4.124944098293781e-06,0.0,2.1079059899239735e-07,False,-2.1079059899239735e-07,measured_local,,,,,
placement,9,9,9,local_search,local,2.5996013325591862,2.5996013325591862,True,0.000124832964502275,729,0.5373501440903952,0.051101443794011076,0.000124832964502275,0.0,6.379144719152785e-06,False,-6.379144719152785e-06,measured_local,,,,,
placement,9,9,9,annealing,local,2.5996013325591862,2.5996013325591862,True,0.00103741604834795,960,0.5373501440903952,0.051101443794011076,0.00103741604834795,0.0,5.3013457885657845e-05,False,-5.3013457885657845e-05,measured_local,,,,,
placement,9,9,9,random,local,3.1821399528844307,2.5996013325591862,True,6.541027687489986e-06,256,0.5373501440903952,0.051101443794011076,6.541027687489986e-06,0.16183420509822977,3.3425595872733976e-07,False,-0.16183453935418848,measured_local,,,,,
placement,9,9,9,qaoa,optimistic,2.5996013325591862,2.5996013325591862,True,0.004224249976687133,93,0.5373501440903952,0.051101443794011076,1.1948200000000002,0.0,0.061057027073960324,True,-2.0610570270739603,modeled_qpu,1024.0,0.006291465804909478,4.387186406555422,2.7004462606389907,0.07311562068244681
placement,9,9,9,qaoa,nominal,2.5996013325591862,2.5996013325591862,True,0.004224249976687133,93,0.5373501440903952,0.051101443794011076,7.586600000000001,0.0,0.3876862134876445,True,-2.3876862134876444,modeled_qpu,1024.0,0.006291465804909478,4.387186406555422,2.7004462606389907,0.07311562068244681
placement,9,9,9,qaoa,stressed,2.5996013325591862,2.5996013325591862,True,0.004224249976687133,93,0.5373501440903952,0.051101443794011076,35.2064,0.0,1.7990978707894716,True,-3.7990978707894714,modeled_qpu,1024.0,0.006291465804909478,4.387186406555422,2.7004462606389907,0.07311562068244681
placement,9,9,9,mean_field,local,2.5996013325591862,2.5996013325591862,True,0.0030111250234767795,89,0.5373501440903952,0.051101443794011076,0.0030111250234767795,0.0,0.00015387283614393894,False,-0.00015387283614393894,measured_local,,,,,
placement,9,9,10,exact,local,2.1523468012837386,2.1523468012837386,True,4.459056071937084e-06,512,0.7301613975998515,0.07257506893243856,4.459056071937084e-06,0.0,3.2361630179444264e-07,False,-3.2361630179444264e-07,measured_local,,,,,
placement,9,9,10,local_search,local,2.1523468012837386,2.1523468012837386,True,0.0001229170011356473,702,0.7301613975998515,0.07257506893243856,0.0001229170011356473,0.0,8.920709830388232e-06,False,-8.920709830388232e-06,measured_local,,,,,
placement,9,9,10,annealing,local,2.1523468012837386,2.1523468012837386,True,0.0010850419057533145,960,0.7301613975998515,0.07257506893243856,0.0010850419057533145,0.0,7.87469911046313e-05,False,-7.87469911046313e-05,measured_local,,,,,
placement,9,9,10,random,local,3.8837387555664407,2.1523468012837386,True,6.707967258989811e-06,256,0.7301613975998515,0.07257506893243856,6.707967258989811e-06,0.5492390474225815,4.868311862177265e-07,False,-0.5492395342537677,measured_local,,,,,
placement,9,9,10,qaoa,optimistic,2.1523468012837386,2.1523468012837386,True,0.004791000043042004,110,0.7301613975998515,0.07257506893243856,1.4114000000000002,0.0,0.1024324522912438,True,-2.102432452291244,modeled_qpu,1024.0,0.014827786988124442,6.874993155977421,2.7562759071683534,0.07954671524796764
placement,9,9,10,qaoa,nominal,2.1523468012837386,2.1523468012837386,True,0.004791000043042004,110,0.7301613975998515,0.07257506893243856,8.882,0.0,0.6446117622579193,True,-2.6446117622579193,modeled_qpu,1024.0,0.014827786988124442,6.874993155977421,2.7562759071683534,0.07954671524796764
placement,9,9,10,qaoa,stressed,2.1523468012837386,2.1523468012837386,True,0.004791000043042004,110,0.7301613975998515,0.07257506893243856,40.728,0.0,2.9558374074803577,True,-4.955837407480358,modeled_qpu,1024.0,0.014827786988124442,6.874993155977421,2.7562759071683534,0.07954671524796764
placement,9,9,10,mean_field,local,2.1523468012837386,2.1523468012837386,True,0.00342179206199944,106,0.7301613975998515,0.07257506893243856,0.00342179206199944,0.0,0.00024833679477208044,False,-0.00024833679477208044,measured_local,,,,,
placement,9,9,11,exact,local,3.099207347570578,3.099207347570578,True,3.2919924706220627e-06,512,0.19820592790467345,0.10581779106269436,3.2919924706220627e-06,0.0,3.483513714362484e-07,False,-3.483513714362484e-07,measured_local,,,,,
placement,9,9,11,local_search,local,3.099207347570578,3.099207347570578,True,0.0001303328899666667,801,0.19820592790467345,0.10581779106269436,0.0001303328899666667,0.0,1.379153851908987e-05,False,-1.379153851908987e-05,measured_local,,,,,
placement,9,9,11,annealing,local,3.099207347570578,3.099207347570578,True,0.0011739999754354358,960,0.19820592790467345,0.10581779106269436,0.0011739999754354358,0.0,0.00012423008410823526,False,-0.00012423008410823526,measured_local,,,,,
placement,9,9,11,random,local,4.021268128711312,3.099207347570578,True,9.624985978007317e-06,256,0.19820592790467345,0.10581779106269436,9.624985978007317e-06,0.22493636036420533,1.0184947552021412e-06,False,-0.22493737885896053,measured_local,,,,,
placement,9,9,11,qaoa,optimistic,3.099207347570578,3.099207347570578,True,0.003769707982428372,89,0.19820592790467345,0.10581779106269436,1.14386,0.0,0.12104073848497358,True,-2.1210407384849734,modeled_qpu,1024.0,0.007527433136125248,4.652691558602962,2.684745020722835,0.06779125718040512
placement,9,9,11,qaoa,nominal,3.099207347570578,3.099207347570578,True,0.003769707982428372,89,0.19820592790467345,0.10581779106269436,7.2818000000000005,0.0,0.7705439909603278,True,-2.770543990960328,modeled_qpu,1024.0,0.007527433136125248,4.652691558602962,2.684745020722835,0.06779125718040512
placement,9,9,11,qaoa,stressed,3.099207347570578,3.099207347570578,True,0.003769707982428372,89,0.19820592790467345,0.10581779106269436,33.9072,0.0,3.5879850051209905,True,-5.5879850051209905,modeled_qpu,1024.0,0.007527433136125248,4.652691558602962,2.684745020722835,0.06779125718040512
placement,9,9,11,mean_field,local,3.099207347570578,3.099207347570578,True,0.003248582943342626,99,0.19820592790467345,0.10581779106269436,0.003248582943342626,0.0,0.00034375787114846265,False,-0.00034375787114846265,measured_local,,,,,
placement,9,9,12,exact,local,1.1788614111310687,1.1788614111310687,True,3.6249402910470963e-06,512,0.7986634902902336,0.10754477514659785,3.6249402910470963e-06,0.0,3.89843388520503e-07,False,-3.89843388520503e-07,measured_local,,,,,
placement,9,9,12,local_search,local,1.1788614111310687,1.1788614111310687,True,0.00012083293404430151,666,0.7986634902902336,0.10754477514659785,0.00012083293404430151,0.0,1.2994950722098095e-05,False,-1.2994950722098095e-05,measured_local,,,,,
placement,9,9,12,annealing,local,1.1788614111310687,1.1788614111310687,True,0.0011656660353764892,960,0.7986634902902336,0.10754477514659785,0.0011656660353764892,0.0,0.0001253612916705907,False,-0.0001253612916705907,measured_local,,,,,
placement,9,9,12,random,local,2.3559299221027477,1.1788614111310687,True,1.1292053386569023e-05,256,0.7986634902902336,0.10754477514659785,1.1292053386569023e-05,0.5402218355689961,1.2144013424019444e-06,False,-0.5402230499703384,measured_local,,,,,
placement,9,9,12,qaoa,optimistic,1.1788614111310687,1.1788614111310687,True,0.0041332090040668845,98,0.7986634902902336,0.10754477514659785,1.25852,0.0,0.13534725041749635,True,-2.1353472504174964,modeled_qpu,1024.0,0.01344077450483271,6.60043962078775,2.721644114312481,0.08142876853477293
placement,9,9,12,qaoa,nominal,1.1788614111310687,1.1788614111310687,True,0.0041332090040668845,98,0.7986634902902336,0.10754477514659785,7.9676,0.0,0.856873750458033,True,-2.856873750458033,modeled_qpu,1024.0,0.01344077450483271,6.60043962078775,2.721644114312481,0.08142876853477293
placement,9,9,12,qaoa,stressed,1.1788614111310687,1.1788614111310687,True,0.0041332090040668845,98,0.7986634902902336,0.10754477514659785,36.830400000000004,0.0,3.9609170865592582,True,-5.960917086559258,modeled_qpu,1024.0,0.01344077450483271,6.60043962078775,2.721644114312481,0.08142876853477293
placement,9,9,12,mean_field,local,1.1788614111310687,1.1788614111310687,True,0.0036220840411260724,105,0.7986634902902336,0.10754477514659785,0.0036220840411260724,0.0,0.00038953621376498396,False,-0.00038953621376498396,measured_local,,,,,
placement,9,9,13,exact,local,1.5353072848383047,1.5353072848383047,True,3.916909918189049e-06,512,0.7989504804476666,0.10228061631828275,3.916909918189049e-06,0.0,4.006239604955704e-07,False,-4.006239604955704e-07,measured_local,,,,,
placement,9,9,13,local_search,local,1.5353072848383047,1.5353072848383047,True,0.0001320410519838333,765,0.7989504804476666,0.10228061631828275,0.0001320410519838333,0.0,1.3505240176220883e-05,False,-1.3505240176220883e-05,measured_local,,,,,
placement,9,9,13,annealing,local,1.5353072848383047,1.5353072848383047,True,0.0010666250018402934,960,0.7989504804476666,0.10228061631828275,0.0010666250018402934,0.0,0.00010909506256871468,False,-0.00010909506256871468,measured_local,,,,,
placement,9,9,13,random,local,3.2672907661942228,1.5353072848383047,True,9.833020158112049e-06,256,0.7989504804476666,0.10228061631828275,9.833020158112049e-06,0.683145389008094,1.0057273620417984e-06,False,-0.683146394735456,measured_local,,,,,
placement,9,9,13,qaoa,optimistic,1.5353072848383047,1.5353072848383047,True,0.004163875011727214,97,0.7989504804476666,0.10228061631828275,1.24578,0.0,0.1274191461969903,True,-2.1274191461969902,modeled_qpu,1024.0,0.007204629689334964,5.025863363557455,2.715478939929117,0.07652143277551902
placement,9,9,13,qaoa,nominal,1.5353072848383047,1.5353072848383047,True,0.004163875011727214,97,0.7989504804476666,0.10228061631828275,7.8914,0.0,0.8071372556140965,True,-2.8071372556140965,modeled_qpu,1024.0,0.007204629689334964,5.025863363557455,2.715478939929117,0.07652143277551902
placement,9,9,13,qaoa,stressed,1.5353072848383047,1.5353072848383047,True,0.004163875011727214,97,0.7989504804476666,0.10228061631828275,36.5056,0.0,3.733815267068703,True,-5.733815267068703,modeled_qpu,1024.0,0.007204629689334964,5.025863363557455,2.715478939929117,0.07652143277551902
placement,9,9,13,mean_field,local,1.5353072848383047,1.5353072848383047,True,0.003347167046740651,96,0.7989504804476666,0.10228061631828275,0.003347167046740651,0.0,0.0003423503084608801,False,-0.0003423503084608801,measured_local,,,,,
placement,9,9,14,exact,local,2.438967393061038,2.438967393061038,True,3.4580007195472717e-06,512,0.7523681750942042,0.057707540847457474,3.4580007195472717e-06,0.0,1.9955271777381152e-07,False,-1.9955271777381152e-07,measured_local,,,,,
placement,9,9,14,local_search,local,2.438967393061038,2.438967393061038,True,0.00011116696987301111,702,0.7523681750942042,0.057707540847457474,0.00011116696987301111,0.0,6.415172454834863e-06,False,-6.415172454834863e-06,measured_local,,,,,
placement,9,9,14,annealing,local,2.438967393061038,2.438967393061038,True,0.0010512499138712883,960,0.7523681750942042,0.057707540847457474,0.0010512499138712883,0.0,6.066504734561352e-05,False,-6.066504734561352e-05,measured_local,,,,,
placement,9,9,14,random,local,2.986483987547163,2.438967393061038,True,6.166985258460045e-06,256,0.7523681750942042,0.057707540847457474,6.166985258460045e-06,0.15920959169048082,3.558815537082511e-07,False,-0.15920994757203452,measured_local,,,,,
placement,9,9,14,qaoa,optimistic,2.438967393061038,2.438967393061038,True,0.004773749969899654,109,0.7523681750942042,0.057707540847457474,1.3986600000000002,0.0,0.08071322908170489,True,-2.080713229081705,modeled_qpu,1024.0,0.014864069991110836,6.918213262951133,2.7541278370415085,0.07928574535624985
placement,9,9,14,qaoa,nominal,2.438967393061038,2.438967393061038,True,0.004773749969899654,109,0.7523681750942042,0.057707540847457474,8.8058,0.0,0.508161063194541,True,-2.508161063194541,modeled_qpu,1024.0,0.014864069991110836,6.918213262951133,2.7541278370415085,0.07928574535624985
placement,9,9,14,qaoa,stressed,2.438967393061038,2.438967393061038,True,0.004773749969899654,109,0.7523681750942042,0.057707540847457474,40.403200000000005,0.0,2.3315693143679943,True,-4.331569314367995,modeled_qpu,1024.0,0.014864069991110836,6.918213262951133,2.7541278370415085,0.07928574535624985
placement,9,9,14,mean_field,local,3.827521013047604,2.438967393061038,True,0.0035697079729288816,106,0.7523681750942042,0.057707540847457474,0.0035697079729288816,0.4037705105283389,0.00020599906866128806,False,-0.4039765095970002,measured_local,,,,,
placement,9,9,15,exact,local,1.8679784384442482,1.8679784384442482,True,3.00002284348011e-06,512,0.6646189638811003,0.1076916836742033,3.00002284348011e-06,0.0,3.2307751107544393e-07,False,-3.2307751107544393e-07,measured_local,,,,,
placement,9,9,15,local_search,local,1.8679784384442482,1.8679784384442482,True,0.00012733309995383024,783,0.6646189638811003,0.1076916836742033,0.00012733309995383024,0.0,1.3712715921483597e-05,False,-1.3712715921483597e-05,measured_local,,,,,
placement,9,9,15,annealing,local,1.8679784384442482,1.8679784384442482,True,0.0010331659577786922,960,0.6646189638811003,0.1076916836742033,0.0010331659577786922,0.0,0.00011126338150805821,False,-0.00011126338150805821,measured_local,,,,,
placement,9,9,15,random,local,1.8679784384442482,1.8679784384442482,True,5.875015631318092e-06,256,0.6646189638811003,0.1076916836742033,5.875015631318092e-06,0.0,6.326903249489078e-07,False,-6.326903249489078e-07,measured_local,,,,,
placement,9,9,15,qaoa,optimistic,1.8679784384442482,1.8679784384442482,True,0.003923958051018417,91,0.6646189638811003,0.1076916836742033,1.16934,0.0,0.1259281933875929,True,-2.125928193387593,modeled_qpu,1024.0,0.008308326907374049,4.557595521481105,2.6696242535825983,0.06237996910625018
placement,9,9,15,qaoa,nominal,1.8679784384442482,1.8679784384442482,True,0.003923958051018417,91,0.6646189638811003,0.1076916836742033,7.434200000000001,0.0,0.8006015147707622,True,-2.8006015147707624,modeled_qpu,1024.0,0.008308326907374049,4.557595521481105,2.6696242535825983,0.06237996910625018
placement,9,9,15,qaoa,stressed,1.8679784384442482,1.8679784384442482,True,0.003923958051018417,91,0.6646189638811003,0.1076916836742033,34.5568,0.0,3.7214799743927087,True,-5.721479974392709,modeled_qpu,1024.0,0.008308326907374049,4.557595521481105,2.6696242535825983,0.06237996910625018
placement,9,9,15,mean_field,local,1.8679784384442482,1.8679784384442482,True,0.0032697500428184867,100,0.6646189638811003,0.1076916836742033,0.0032697500428184867,0.0,0.00035212488730492115,False,-0.00035212488730492115,measured_local,,,,,
placement,9,9,16,exact,local,1.665079175828188,1.665079175828188,True,4.125060513615608e-06,512,0.4583534459820672,0.021230739789313995,4.125060513615608e-06,0.0,8.757808637974692e-08,False,-8.757808637974692e-08,measured_local,,,,,
placement,9,9,16,local_search,local,1.665079175828188,1.665079175828188,True,0.00013087503612041473,774,0.4583534459820672,0.021230739789313995,0.00013087503612041473,0.0,2.778573836789595e-06,False,-2.778573836789595e-06,measured_local,,,,,
placement,9,9,16,annealing,local,1.665079175828188,1.665079175828188,True,0.0010745839681476355,960,0.4583534459820672,0.021230739789313995,0.0010745839681476355,0.0,2.2814212609510925e-05,False,-2.2814212609510925e-05,measured_local,,,,,
placement,9,9,16,random,local,2.776967165449021,1.665079175828188,True,6.707967258989811e-06,256,0.4583534459820672,0.021230739789313995,6.707967258989811e-06,0.41720636283734713,1.424151073908505e-07,False,-0.4172065052524545,measured_local,,,,,
placement,9,9,16,qaoa,optimistic,1.665079175828188,1.665079175828188,True,0.004797666915692389,104,0.4583534459820672,0.021230739789313995,1.3349600000000001,0.0,0.028342188389142615,True,-2.028342188389143,modeled_qpu,1024.0,0.013274825136363999,6.877698361102584,2.719743549760074,0.07604725947426862
placement,9,9,16,qaoa,nominal,1.665079175828188,1.665079175828188,True,0.004797666915692389,104,0.4583534459820672,0.021230739789313995,8.424800000000001,0.0,0.17886473657701257,True,-2.1788647365770126,modeled_qpu,1024.0,0.013274825136363999,6.877698361102584,2.719743549760074,0.07604725947426862
placement,9,9,16,qaoa,stressed,1.665079175828188,1.665079175828188,True,0.004797666915692389,104,0.4583534459820672,0.021230739789313995,38.7792,0.0,0.8233111044377653,True,-2.8233111044377655,modeled_qpu,1024.0,0.013274825136363999,6.877698361102584,2.719743549760074,0.07604725947426862
placement,9,9,16,mean_field,local,1.665079175828188,1.665079175828188,True,0.002842084039002657,86,0.4583534459820672,0.021230739789313995,0.002842084039002657,0.0,6.033954669142793e-05,False,-6.033954669142793e-05,measured_local,,,,,
placement,9,9,17,exact,local,1.7238262337688508,1.7238262337688508,True,3.5830307751893997e-06,512,0.5529785316113339,0.04626799936509171,3.5830307751893997e-06,0.0,1.6577966563156722e-07,False,-1.6577966563156722e-07,measured_local,,,,,
placement,9,9,17,local_search,local,1.7238262337688508,1.7238262337688508,True,0.00012025004252791405,711,0.5529785316113339,0.04626799936509171,0.00012025004252791405,0.0,5.563728891333778e-06,False,-5.563728891333778e-06,measured_local,,,,,
placement,9,9,17,annealing,local,2.6750907576967684,1.7238262337688508,True,0.0010549579747021198,960,0.5529785316113339,0.04626799936509171,0.0010549579747021198,0.3492383295727681,4.8810794903716115e-05,False,-0.34928714036767183,measured_local,,,,,
placement,9,9,17,random,local,2.6750907576967684,1.7238262337688508,True,6.249989382922649e-06,256,0.5529785316113339,0.04626799936509171,6.249989382922649e-06,0.3492383295727681,2.891745048008951e-07,False,-0.3492386187472729,measured_local,,,,,
placement,9,9,17,qaoa,optimistic,1.7238262337688508,1.7238262337688508,True,0.00417562504298985,94,0.5529785316113339,0.04626799936509171,1.2075600000000002,0.0,0.05587138531331016,True,-2.0558713853133104,modeled_qpu,1024.0,0.004613339686778838,3.8651461516979175,2.737082599694627,0.07430018109496608
placement,9,9,17,qaoa,nominal,1.7238262337688508,1.7238262337688508,True,0.00417562504298985,94,0.5529785316113339,0.04626799936509171,7.662800000000001,0.0,0.3545424255348248,True,-2.3545424255348246,modeled_qpu,1024.0,0.004613339686778838,3.8651461516979175,2.737082599694627,0.07430018109496608
placement,9,9,17,qaoa,stressed,1.7238262337688508,1.7238262337688508,True,0.00417562504298985,94,0.5529785316113339,0.04626799936509171,35.5312,0.0,1.6439575390409464,True,-3.6439575390409464,modeled_qpu,1024.0,0.004613339686778838,3.8651461516979175,2.737082599694627,0.07430018109496608
placement,9,9,17,mean_field,local,1.7238262337688508,1.7238262337688508,True,0.003164083929732442,93,0.5529785316113339,0.04626799936509171,0.003164083929732442,0.0,0.00014639583325195751,False,-0.00014639583325195751,measured_local,,,,,
placement,9,9,18,exact,local,1.6857556853164173,1.6857556853164173,True,3.834022209048271e-06,512,0.24245030642589688,0.04154530317048169,3.834022209048271e-06,0.0,1.5928561503727034e-07,False,-1.5928561503727034e-07,measured_local,,,,,
placement,9,9,18,local_search,local,1.6857556853164173,1.6857556853164173,True,0.0001272079534828663,702,0.24245030642589688,0.04154530317048169,0.0001272079534828663,0.0,5.284892993142212e-06,False,-5.284892993142212e-06,measured_local,,,,,
placement,9,9,18,annealing,local,1.6857556853164173,1.6857556853164173,True,0.0010969999711960554,960,0.24245030642589688,0.04154530317048169,0.0010969999711960554,0.0,4.5575196381349804e-05,False,-4.5575196381349804e-05,measured_local,,,,,
placement,9,9,18,random,local,3.931187498147165,1.6857556853164173,True,6.66698906570673e-06,256,0.24245030642589688,0.04154530317048169,6.66698906570673e-06,0.8360521491612168,2.7698208196907257e-07,False,-0.8360524261432988,measured_local,,,,,
placement,9,9,18,qaoa,optimistic,1.6857556853164173,1.6857556853164173,True,0.004338458995334804,98,0.24245030642589688,0.04154530317048169,1.25852,0.0,0.05228559494611462,True,-2.0522855949461145,modeled_qpu,1024.0,0.004694718791214364,3.89054179005521,2.73509604141344,0.07528093108351902
placement,9,9,18,qaoa,nominal,1.6857556853164173,1.6857556853164173,True,0.004338458995334804,98,0.24245030642589688,0.04154530317048169,7.9676,0.0,0.3310163575411299,True,-2.33101635754113,modeled_qpu,1024.0,0.004694718791214364,3.89054179005521,2.73509604141344,0.07528093108351902
placement,9,9,18,qaoa,stressed,1.6857556853164173,1.6857556853164173,True,0.004338458995334804,98,0.24245030642589688,0.04154530317048169,36.830400000000004,0.0,1.530130133890109,True,-3.530130133890109,modeled_qpu,1024.0,0.004694718791214364,3.89054179005521,2.73509604141344,0.07528093108351902
placement,9,9,18,mean_field,local,1.6857556853164173,1.6857556853164173,True,0.0034085409715771675,102,0.24245030642589688,0.04154530317048169,0.0034085409715771675,0.0,0.00014160886803318165,False,-0.00014160886803318165,measured_local,,,,,
placement,9,9,19,exact,local,2.240107396398924,2.240107396398924,True,3.5419361665844917e-06,512,0.5033688160843359,0.025065862075930905,3.5419361665844917e-06,0.0,8.87816834333583e-08,False,-8.87816834333583e-08,measured_local,,,,,
placement,9,9,19,local_search,local,2.240107396398924,2.240107396398924,True,0.00012595904991030693,756,0.5033688160843359,0.025065862075930905,0.00012595904991030693,0.0,3.1572721722670505e-06,False,-3.1572721722670505e-06,measured_local,,,,,
placement,9,9,19,annealing,local,2.240107396398924,2.240107396398924,True,0.0010768750216811895,960,0.5033688160843359,0.025065862075930905,0.0010768750216811895,0.0,2.69928007664758e-05,False,-2.69928007664758e-05,measured_local,,,,,
placement,9,9,19,random,local,3.77154110107888,2.240107396398924,True,6.3749030232429504e-06,256,0.5033688160843359,0.025065862075930905,6.3749030232429504e-06,0.4726490567510204,1.5979243992804274e-07,False,-0.47264921654346037,measured_local,,,,,
placement,9,9,19,qaoa,optimistic,2.240107396398924,2.240107396398924,True,0.004111957969143987,92,0.5033688160843359,0.025065862075930905,1.1820800000000002,0.0,0.02962985424271641,True,-2.0296298542427165,modeled_qpu,1024.0,0.006322115977290135,4.388010298398724,2.700440690028503,0.07398053220153508
placement,9,9,19,qaoa,nominal,2.240107396398924,2.240107396398924,True,0.004111957969143987,92,0.5033688160843359,0.025065862075930905,7.510400000000001,0.0,0.18825465053507148,True,-2.1882546505350713,modeled_qpu,1024.0,0.006322115977290135,4.388010298398724,2.700440690028503,0.07398053220153508
placement,9,9,19,qaoa,stressed,2.240107396398924,2.240107396398924,True,0.004111957969143987,92,0.5033688160843359,0.025065862075930905,34.881600000000006,0.0,0.8743373745877916,True,-2.8743373745877916,modeled_qpu,1024.0,0.006322115977290135,4.388010298398724,2.700440690028503,0.07398053220153508
placement,9,9,19,mean_field,local,2.240107396398924,2.240107396398924,True,0.003171958029270172,96,0.5033688160843359,0.025065862075930905,0.003171958029270172,0.0,7.950786247232774e-05,False,-7.950786247232774e-05,measured_local,,,,,
placement,9,9,20,exact,local,1.4878354706631718,1.4878354706631718,True,4.041939973831177e-06,512,0.3453858780639557,0.07197251206161744,4.041939973831177e-06,0.0,2.90908573518898e-07,False,-2.90908573518898e-07,measured_local,,,,,
placement,9,9,20,local_search,local,1.4878354706631718,1.4878354706631718,True,0.00011391600128263235,639,0.3453858780639557,0.07197251206161744,0.00011391600128263235,0.0,8.198820776325484e-06,False,-8.198820776325484e-06,measured_local,,,,,
placement,9,9,20,annealing,local,1.4878354706631718,1.4878354706631718,True,0.0011362499790266156,960,0.3453858780639557,0.07197251206161744,0.0011362499790266156,0.0,8.177876532050565e-05,False,-8.177876532050565e-05,measured_local,,,,,
placement,9,9,20,random,local,1.8322238694053008,1.4878354706631718,True,1.650000922381878e-05,256,0.3453858780639557,0.07197251206161744,1.650000922381878e-05,0.13842892860206982,1.187547112878096e-06,False,-0.13843011614918269,measured_local,,,,,
placement,9,9,20,qaoa,optimistic,1.4878354706631718,1.4878354706631718,True,0.005033207940869033,115,0.3453858780639557,0.07197251206161744,1.4751,0.0,0.10616665254209189,True,-2.106166652542092,modeled_qpu,1024.0,0.01511242879870375,6.964074881593593,2.753930272316471,0.08060112543582452
placement,9,9,20,qaoa,nominal,1.4878354706631718,1.4878354706631718,True,0.005033207940869033,115,0.3453858780639557,0.07197251206161744,9.263,0.0,0.6666813792267623,True,-2.6666813792267625,modeled_qpu,1024.0,0.01511242879870375,6.964074881593593,2.753930272316471,0.08060112543582452
placement,9,9,20,qaoa,stressed,1.4878354706631718,1.4878354706631718,True,0.005033207940869033,115,0.3453858780639557,0.07197251206161744,42.352000000000004,0.0,3.048179830833622,True,-5.048179830833622,modeled_qpu,1024.0,0.01511242879870375,6.964074881593593,2.753930272316471,0.08060112543582452
placement,9,9,20,mean_field,local,3.100737701524625,1.4878354706631718,True,0.0032815419835969806,99,0.3453858780639557,0.07197251206161744,0.0032815419835969806,0.6483154733827751,0.0002361808199951377,False,-0.6485516542027702,measured_local,,,,,
placement,9,9,21,exact,local,1.9556736662035266,1.9556736662035266,True,4.041939973831177e-06,512,0.688676275541485,0.02963413770584811,4.041939973831177e-06,0.0,1.197794057832852e-07,False,-1.197794057832852e-07,measured_local,,,,,
placement,9,9,21,local_search,local,1.9556736662035266,1.9556736662035266,True,0.0001193339703604579,747,0.688676275541485,0.02963413770584811,0.0001193339703604579,0.0,3.536359310647406e-06,False,-3.536359310647406e-06,measured_local,,,,,
placement,9,9,21,annealing,local,1.9556736662035266,1.9556736662035266,True,0.0011707079829648137,960,0.688676275541485,0.02963413770584811,0.0011707079829648137,0.0,3.469292158051497e-05,False,-3.469292158051497e-05,measured_local,,,,,
placement,9,9,21,random,local,3.4394381299572423,1.9556736662035266,True,9.542098268866539e-06,256,0.688676275541485,0.02963413770584811,9.542098268866539e-06,0.5020055091736721,2.827718541023259e-07,False,-0.5020057919455263,measured_local,,,,,
placement,9,9,21,qaoa,optimistic,1.9556736662035266,1.9556736662035266,True,0.004147083032876253,98,0.688676275541485,0.02963413770584811,1.25852,0.0,0.03729515498556397,True,-2.037295154985564,modeled_qpu,1024.0,0.013258338188840074,6.584138875566404,2.719386684105452,0.07973319621088935
placement,9,9,21,qaoa,nominal,1.9556736662035266,1.9556736662035266,True,0.004147083032876253,98,0.688676275541485,0.02963413770584811,7.9676,0.0,0.2361129555851154,True,-2.2361129555851154,modeled_qpu,1024.0,0.013258338188840074,6.584138875566404,2.719386684105452,0.07973319621088935
placement,9,9,21,qaoa,stressed,1.9556736662035266,1.9556736662035266,True,0.004147083032876253,98,0.688676275541485,0.02963413770584811,36.830400000000004,0.0,1.0914371453614684,True,-3.0914371453614686,modeled_qpu,1024.0,0.013258338188840074,6.584138875566404,2.719386684105452,0.07973319621088935
placement,9,9,21,mean_field,local,1.9556736662035266,1.9556736662035266,True,0.003701374982483685,117,0.688676275541485,0.02963413770584811,0.003701374982483685,0.0,0.00010968705593190266,False,-0.00010968705593190266,measured_local,,,,,
placement,9,9,22,exact,local,2.8801971871324987,2.8801971871324987,True,4.042056389153004e-06,512,0.511378254601827,0.09767054849916453,4.042056389153004e-06,0.0,3.947898645931263e-07,False,-3.947898645931263e-07,measured_local,,,,,
placement,9,9,22,local_search,local,2.8801971871324987,2.8801971871324987,True,0.000120542012155056,657,0.511378254601827,0.09767054849916453,0.000120542012155056,0.0,1.1773404444377276e-05,False,-1.1773404444377276e-05,measured_local,,,,,
placement,9,9,22,annealing,local,2.8801971871324987,2.8801971871324987,True,0.0011190410004928708,960,0.511378254601827,0.09767054849916453,0.0011190410004928708,0.0,0.00010929734831119253,False,-0.00010929734831119253,measured_local,,,,,
placement,9,9,22,random,local,4.205417478286881,2.8801971871324987,True,9.500072337687016e-06,256,0.511378254601827,0.09767054849916453,9.500072337687016e-06,0.34153426417324223,9.27877276003631e-07,False,-0.34153519205051824,measured_local,,,,,
placement,9,9,22,qaoa,optimistic,2.8801971871324987,2.8801971871324987,True,0.003894417081028223,91,0.511378254601827,0.09767054849916453,1.16934,0.0,0.11421007918201305,True,-2.114210079182013,modeled_qpu,1024.0,0.005090011528126008,4.450263062950529,2.7548818855608603,0.07118765839263483
placement,9,9,22,qaoa,nominal,2.8801971871324987,2.8801971871324987,True,0.003894417081028223,91,0.511378254601827,0.09767054849916453,7.434200000000001,0.0,0.726102391652489,True,-2.726102391652489,modeled_qpu,1024.0,0.005090011528126008,4.450263062950529,2.7548818855608603,0.07118765839263483
placement,9,9,22,qaoa,stressed,2.8801971871324987,2.8801971871324987,True,0.003894417081028223,91,0.511378254601827,0.09767054849916453,34.5568,0.0,3.375181610375929,True,-5.375181610375929,modeled_qpu,1024.0,0.005090011528126008,4.450263062950529,2.7548818855608603,0.07118765839263483
placement,9,9,22,mean_field,local,2.8801971871324987,2.8801971871324987,True,0.003046708065085113,93,0.511378254601827,0.09767054849916453,0.003046708065085113,0.0,0.00029757364783369124,False,-0.00029757364783369124,measured_local,,,,,
placement,9,9,23,exact,local,3.1851527137633857,3.1851527137633857,True,3.7079444155097008e-06,512,0.18756911052960332,0.03702011124482888,3.7079444155097008e-06,0.0,1.3726851475181114e-07,False,-1.3726851475181114e-07,measured_local,,,,,
placement,9,9,23,local_search,local,3.1851527137633857,3.1851527137633857,True,0.00011570798233151436,675,0.18756911052960332,0.03702011124482888,0.00011570798233151436,0.0,4.283522377827356e-06,False,-4.283522377827356e-06,measured_local,,,,,
placement,9,9,23,annealing,local,3.5476206973412134,3.1851527137633857,True,0.0011505410075187683,960,0.18756911052960332,0.03702011124482888,0.0011505410075187683,0.08660806626859935,4.25931560900823e-05,False,-0.08665065942468943,measured_local,,,,,
placement,9,9,23,random,local,4.262970784783661,3.1851527137633857,True,1.066701952368021e-05,256,0.18756911052960332,0.03702011124482888,1.066701952368021e-05,0.25753374959908615,3.94894249417403e-07,False,-0.25753414449333556,measured_local,,,,,
placement,9,9,23,qaoa,optimistic,3.1851527137633857,3.1851527137633857,True,0.0048965830355882645,114,0.18756911052960332,0.03702011124482888,1.46236,0.0,0.054136729879987966,True,-2.054136729879988,modeled_qpu,1024.0,0.014458341345870332,7.172681863026314,2.749060527394334,0.07389929953209874
placement,9,9,23,qaoa,nominal,3.1851527137633857,3.1851527137633857,True,0.0048965830355882645,114,0.18756911052960332,0.03702011124482888,9.1868,0.0,0.34009635798399396,True,-2.340096357983994,modeled_qpu,1024.0,0.014458341345870332,7.172681863026314,2.749060527394334,0.07389929953209874
placement,9,9,23,qaoa,stressed,3.1851527137633857,3.1851527137633857,True,0.0048965830355882645,114,0.18756911052960332,0.03702011124482888,42.0272,0.0,1.5558516193086724,True,-3.5558516193086724,modeled_qpu,1024.0,0.014458341345870332,7.172681863026314,2.749060527394334,0.07389929953209874
placement,9,9,23,mean_field,local,3.7166560363924432,3.1851527137633857,True,0.0038029999705031514,117,0.18756911052960332,0.03702011124482888,0.0038029999705031514,0.12699735445283608,0.00014078748197210762,False,-0.12713814193480819,measured_local,,,,,
placement,9,9,24,exact,local,1.3815672370247982,1.3815672370247982,True,2.834014594554901e-06,512,0.6772916819679606,0.05259829070753792,2.834014594554901e-06,0.0,1.490643235138039e-07,False,-1.490643235138039e-07,measured_local,,,,,
placement,9,9,24,local_search,local,1.3815672370247982,1.3815672370247982,True,0.00012600002810359,792,0.6772916819679606,0.05259829070753792,0.00012600002810359,0.0,6.627386107350576e-06,False,-6.627386107350576e-06,measured_local,,,,,
placement,9,9,24,annealing,local,1.3815672370247982,1.3815672370247982,True,0.0010420839535072446,960,0.6772916819679606,0.05259829070753792,0.0010420839535072446,0.0,5.4811834728234485e-05,False,-5.4811834728234485e-05,measured_local,,,,,
placement,9,9,24,random,local,2.423653341395105,1.3815672370247982,True,8.33394005894661e-06,256,0.6772916819679606,0.05259829070753792,8.33394005894661e-06,0.4375631677198185,4.383510019596695e-07,False,-0.43756360607082045,measured_local,,,,,
placement,9,9,24,qaoa,optimistic,1.3815672370247982,1.3815672370247982,True,0.004509125021286309,104,0.6772916819679606,0.05259829070753792,1.3349600000000001,0.0,0.07021661416293483,True,-2.070216614162935,modeled_qpu,1024.0,0.01146643295684554,6.632900398956188,2.72076471139884,0.07287686847062697
placement,9,9,24,qaoa,nominal,1.3815672370247982,1.3815672370247982,True,0.004509125021286309,104,0.6772916819679606,0.05259829070753792,8.424800000000001,0.0,0.44313007955286554,True,-2.4431300795528657,modeled_qpu,1024.0,0.01146643295684554,6.632900398956188,2.72076471139884,0.07287686847062697
placement,9,9,24,qaoa,stressed,1.3815672370247982,1.3815672370247982,True,0.004509125021286309,104,0.6772916819679606,0.05259829070753792,38.7792,0.0,2.039719635005755,True,-4.0397196350057545,modeled_qpu,1024.0,0.01146643295684554,6.632900398956188,2.72076471139884,0.07287686847062697
placement,9,9,24,mean_field,local,1.3815672370247982,1.3815672370247982,True,0.003813082934357226,108,0.6772916819679606,0.05259829070753792,0.003813082934357226,0.0,0.0002005616446732731,False,-0.0002005616446732731,measured_local,,,,,
placement,9,9,25,exact,local,1.8949823765535299,1.8949823765535299,True,4.292000085115433e-06,512,0.729565748219047,0.023444259802113336,4.292000085115433e-06,0.0,1.0062276506613876e-07,False,-1.0062276506613876e-07,measured_local,,,,,
placement,9,9,25,local_search,local,1.8949823765535299,1.8949823765535299,True,0.00011841591913253069,702,0.729565748219047,0.023444259802113336,0.00011841591913253069,0.0,2.7761735728490926e-06,False,-2.7761735728490926e-06,measured_local,,,,,
placement,9,9,25,annealing,local,1.8949823765535299,1.8949823765535299,True,0.0011213329853489995,960,0.729565748219047,0.023444259802113336,0.0011213329853489995,0.0,2.628882183320129e-05,False,-2.628882183320129e-05,measured_local,,,,,
placement,9,9,25,random,local,1.8949823765535299,1.8949823765535299,True,1.1874944902956486e-05,256,0.729565748219047,0.023444259802113336,1.1874944902956486e-05,0.0,2.783992934406934e-07,False,-2.783992934406934e-07,measured_local,,,,,
placement,9,9,25,qaoa,optimistic,1.8949823765535299,1.8949823765535299,True,0.00395183393266052,91,0.729565748219047,0.023444259802113336,1.16934,0.0,0.02741431075700321,True,-2.027414310757003,modeled_qpu,1024.0,0.006708710915736579,4.808359217029038,2.7253964197865734,0.08052090397303747
placement,9,9,25,qaoa,nominal,1.8949823765535299,1.8949823765535299,True,0.00395183393266052,91,0.729565748219047,0.023444259802113336,7.434200000000001,0.0,0.174289316220871,True,-2.174289316220871,modeled_qpu,1024.0,0.006708710915736579,4.808359217029038,2.7253964197865734,0.08052090397303747
placement,9,9,25,qaoa,stressed,1.8949823765535299,1.8949823765535299,True,0.00395183393266052,91,0.729565748219047,0.023444259802113336,34.5568,0.0,0.8101585971296702,True,-2.81015859712967,modeled_qpu,1024.0,0.006708710915736579,4.808359217029038,2.7253964197865734,0.08052090397303747
placement,9,9,25,mean_field,local,1.8949823765535299,1.8949823765535299,True,0.003283040947280824,92,0.729565748219047,0.023444259802113336,0.003283040947280824,0.0,7.696846490902791e-05,False,-7.696846490902791e-05,measured_local,,,,,
placement,9,9,26,exact,local,2.2545837559853537,2.2545837559853537,True,3.91609501093626e-06,512,0.1126061981368412,0.06957449224054428,3.91609501093626e-06,0.0,2.72460321951619e-07,False,-2.72460321951619e-07,measured_local,,,,,
placement,9,9,26,local_search,local,2.2545837559853537,2.2545837559853537,True,0.00011975003872066736,702,0.1126061981368412,0.06957449224054428,0.00011975003872066736,0.0,8.331548139775948e-06,False,-8.331548139775948e-06,measured_local,,,,,
placement,9,9,26,annealing,local,2.2545837559853537,2.2545837559853537,True,0.0010712500661611557,960,0.1126061981368412,0.06957449224054428,0.0010712500661611557,0.0,7.453167941581187e-05,False,-7.453167941581187e-05,measured_local,,,,,
placement,9,9,26,random,local,4.238756227878339,2.2545837559853537,True,6.541959010064602e-06,256,0.1126061981368412,0.06957449224054428,6.541959010064602e-06,0.6096547579222645,4.551534763836984e-07,False,-0.6096552130757409,measured_local,,,,,
placement,9,9,26,qaoa,optimistic,2.2545837559853537,2.2545837559853537,True,0.00414154096506536,95,0.1126061981368412,0.06957449224054428,1.2203000000000002,0.0,0.0849017528811362,True,-2.084901752881136,modeled_qpu,1024.0,0.006083536522851546,4.5779232415118285,2.735052158549788,0.0815616697884897
placement,9,9,26,qaoa,nominal,2.2545837559853537,2.2545837559853537,True,0.00414154096506536,95,0.1126061981368412,0.06957449224054428,7.739000000000001,0.0,0.5384369954495722,True,-2.5384369954495725,modeled_qpu,1024.0,0.006083536522851546,4.5779232415118285,2.735052158549788,0.0815616697884897
placement,9,9,26,qaoa,stressed,2.2545837559853537,2.2545837559853537,True,0.00414154096506536,95,0.1126061981368412,0.06957449224054428,35.856,0.0,2.4946629937769558,True,-4.494662993776956,modeled_qpu,1024.0,0.006083536522851546,4.5779232415118285,2.735052158549788,0.0815616697884897
placement,9,9,26,mean_field,local,2.2545837559853537,2.2545837559853537,True,0.003644208889454603,108,0.1126061981368412,0.06957449224054428,0.003644208889454603,0.0,0.0002535439831022818,False,-0.0002535439831022818,measured_local,,,,,
placement,9,9,27,exact,local,1.5194292279953245,1.5194292279953245,True,4.499917849898338e-06,512,0.5322848279019361,0.05980986045830311,4.499917849898338e-06,0.0,2.69139458676247e-07,False,-2.69139458676247e-07,measured_local,,,,,
placement,9,9,27,local_search,local,1.5194292279953245,1.5194292279953245,True,0.0001260410062968731,747,0.5322848279019361,0.05980986045830311,0.0001260410062968731,0.0,7.538494998640083e-06,False,-7.538494998640083e-06,measured_local,,,,,
placement,9,9,27,annealing,local,1.5194292279953245,1.5194292279953245,True,0.0011186249321326613,960,0.5322848279019361,0.05980986045830311,0.0011186249321326613,0.0,6.690480109603327e-05,False,-6.690480109603327e-05,measured_local,,,,,
placement,9,9,27,random,local,1.5194292279953245,1.5194292279953245,True,7.125083357095718e-06,256,0.5322848279019361,0.05980986045830311,7.125083357095718e-06,0.0,4.261502413416728e-07,False,-4.261502413416728e-07,measured_local,,,,,
placement,9,9,27,qaoa,optimistic,1.5194292279953245,1.5194292279953245,True,0.004866707953624427,108,0.5322848279019361,0.05980986045830311,1.3859200000000003,0.0,0.08289168180637146,True,-2.0828916818063714,modeled_qpu,1024.0,0.014828692342142855,6.941444800708138,2.712720962360929,0.07933602646006327
placement,9,9,27,qaoa,nominal,1.5194292279953245,1.5194292279953245,True,0.004866707953624427,108,0.5322848279019361,0.05980986045830311,8.7296,0.0,0.5221161578568028,True,-2.5221161578568028,modeled_qpu,1024.0,0.014828692342142855,6.941444800708138,2.712720962360929,0.07933602646006327
placement,9,9,27,qaoa,stressed,1.5194292279953245,1.5194292279953245,True,0.004866707953624427,108,0.5322848279019361,0.05980986045830311,40.0784,0.0,2.3970835113920557,True,-4.397083511392056,modeled_qpu,1024.0,0.014828692342142855,6.941444800708138,2.712720962360929,0.07933602646006327
placement,9,9,27,mean_field,local,1.5194292279953245,1.5194292279953245,True,0.003450124990195036,108,0.5322848279019361,0.05980986045830311,0.003450124990195036,0.0,0.00020635149422726948,False,-0.00020635149422726948,measured_local,,,,,
placement,9,9,28,exact,local,1.5239535910904285,1.5239535910904285,True,3.291061148047447e-06,512,0.7319901608937793,0.06873851724221205,3.291061148047447e-06,0.0,2.2622266347023364e-07,False,-2.2622266347023364e-07,measured_local,,,,,
placement,9,9,28,local_search,local,1.5239535910904285,1.5239535910904285,True,0.00012087507639080286,720,0.7319901608937793,0.06873851724221205,0.00012087507639080286,0.0,8.308773522642902e-06,False,-8.308773522642902e-06,measured_local,,,,,
placement,9,9,28,annealing,local,1.5239535910904285,1.5239535910904285,True,0.001121999928727746,960,0.7319901608937793,0.06873851724221205,0.001121999928727746,0.0,7.712461144661287e-05,False,-7.712461144661287e-05,measured_local,,,,,
placement,9,9,28,random,local,2.3810046329832515,1.5239535910904285,True,1.5457975678145885e-05,256,0.7319901608937793,0.06873851724221205,1.5457975678145885e-05,0.3395668782968983,1.0625583276819256e-06,False,-0.33956794085522596,measured_local,,,,,
placement,9,9,28,qaoa,optimistic,1.5239535910904285,1.5239535910904285,True,0.0045135419350117445,102,0.7319901608937793,0.06873851724221205,1.3094800000000002,0.0,0.09001171355833186,True,-2.090011713558332,modeled_qpu,1024.0,0.01432894775671571,6.803079674811501,2.715907842857792,0.07799223788046364
placement,9,9,28,qaoa,nominal,1.5239535910904285,1.5239535910904285,True,0.0045135419350117445,102,0.7319901608937793,0.06873851724221205,8.272400000000001,0.0,0.5686325100344751,True,-2.568632510034475,modeled_qpu,1024.0,0.01432894775671571,6.803079674811501,2.715907842857792,0.07799223788046364
placement,9,9,28,qaoa,stressed,1.5239535910904285,1.5239535910904285,True,0.0045135419350117445,102,0.7319901608937793,0.06873851724221205,38.1296,0.0,2.620972167038649,True,-4.62097216703865,modeled_qpu,1024.0,0.01432894775671571,6.803079674811501,2.715907842857792,0.07799223788046364
placement,9,9,28,mean_field,local,1.5239535910904285,1.5239535910904285,True,0.0032935410272330046,103,0.7319901608937793,0.06873851724221205,0.0032935410272330046,0.0,0.0002263931266883887,False,-0.0002263931266883887,measured_local,,,,,
placement,9,9,29,exact,local,1.9625528735971065,1.9625528735971065,True,3.6659184843301773e-06,512,0.3257555760201507,0.04850801759911125,3.6659184843301773e-06,0.0,1.7782643835479547e-07,False,-1.7782643835479547e-07,measured_local,,,,,
placement,9,9,29,local_search,local,1.9625528735971065,1.9625528735971065,True,0.00010995892807841301,585,0.3257555760201507,0.04850801759911125,0.00010995892807841301,0.0,5.333889618407066e-06,False,-5.333889618407066e-06,measured_local,,,,,
placement,9,9,29,annealing,local,1.9625528735971065,1.9625528735971065,True,0.0010898340260609984,960,0.3257555760201507,0.04850801759911125,0.0010898340260609984,0.0,5.286568811627718e-05,False,-5.286568811627718e-05,measured_local,,,,,
placement,9,9,29,random,local,1.9625528735971065,1.9625528735971065,True,6.541027687489986e-06,256,0.3257555760201507,0.04850801759911125,6.541027687489986e-06,0.0,3.172922861810382e-07,False,-3.172922861810382e-07,measured_local,,,,,
placement,9,9,29,qaoa,optimistic,1.9625528735971065,1.9625528735971065,True,0.004538374952971935,104,0.3257555760201507,0.04850801759911125,1.3349600000000001,0.0,0.06475626317410955,True,-2.0647562631741097,modeled_qpu,1024.0,0.013368425606074904,6.891214623584823,2.7212854136791207,0.07598507546155682
placement,9,9,29,qaoa,nominal,1.9625528735971065,1.9625528735971065,True,0.004538374952971935,104,0.3257555760201507,0.04850801759911125,8.424800000000001,0.0,0.4086703466689925,True,-2.4086703466689925,modeled_qpu,1024.0,0.013368425606074904,6.891214623584823,2.7212854136791207,0.07598507546155682
placement,9,9,29,qaoa,stressed,1.9625528735971065,1.9625528735971065,True,0.004538374952971935,104,0.3257555760201507,0.04850801759911125,38.7792,0.0,1.881102116079455,True,-3.8811021160794548,modeled_qpu,1024.0,0.013368425606074904,6.891214623584823,2.7212854136791207,0.07598507546155682
placement,9,9,29,mean_field,local,1.9625528735971065,1.9625528735971065,True,0.0037177089834585786,116,0.3257555760201507,0.04850801759911125,0.0037177089834585786,0.0,0.0001803386927979827,False,-0.0001803386927979827,measured_local,,,,,
placement,12,12,0,exact,local,2.1891683698877853,2.1891683698877853,True,7.083057425916195e-06,4096,0.43240658395127474,0.08473406759765927,7.083057425916195e-06,0.0,6.001762667256853e-07,False,-6.001762667256853e-07,measured_local,,,,,
placement,12,12,0,local_search,local,2.1891683698877853,2.1891683698877853,True,0.00018145795911550522,1380,0.43240658395127474,0.08473406759765927,0.00018145795911550522,0.0,1.537567097382651e-05,False,-1.537567097382651e-05,measured_local,,,,,
placement,12,12,0,annealing,local,2.1891683698877853,2.1891683698877853,True,0.0011195000261068344,960,0.43240658395127474,0.08473406759765927,0.0011195000261068344,0.0,9.485979088771782e-05,False,-9.485979088771782e-05,measured_local,,,,,
placement,12,12,0,random,local,3.733774597332639,2.1891683698877853,True,8.875038474798203e-06,256,0.43240658395127474,0.08473406759765927,8.875038474798203e-06,0.4843288432273027,7.520181100553776e-07,False,-0.48432959524541275,measured_local,,,,,
placement,12,12,0,qaoa,optimistic,2.1891683698877853,2.1891683698877853,True,0.02298087498638779,125,0.43240658395127474,0.08473406759765927,1.6025000000000003,0.0,0.135786343325249,True,-2.135786343325249,modeled_qpu,1024.0,0.003803118675736367,10.42147148886067,2.682598480680787,0.046046068454603704
placement,12,12,0,qaoa,nominal,2.1891683698877853,2.1891683698877853,True,0.02298087498638779,125,0.43240658395127474,0.08473406759765927,10.025,0.0,0.8494590276665341,True,-2.8494590276665344,modeled_qpu,1024.0,0.003803118675736367,10.42147148886067,2.682598480680787,0.046046068454603704
placement,12,12,0,qaoa,stressed,2.1891683698877853,2.1891683698877853,True,0.02298087498638779,125,0.43240658395127474,0.08473406759765927,45.6,0.0,3.8638734824532626,True,-5.863873482453263,modeled_qpu,1024.0,0.003803118675736367,10.42147148886067,2.682598480680787,0.046046068454603704
placement,12,12,0,mean_field,local,2.1891683698877853,2.1891683698877853,True,0.007645125035196543,91,0.43240658395127474,0.08473406759765927,0.007645125035196543,0.0,0.000647802541524901,False,-0.000647802541524901,measured_local,,,,,
placement,12,12,1,exact,local,2.968720818356282,2.968720818356282,True,8.750008419156075e-06,4096,0.39157979045744506,0.10124604680809732,8.750008419156075e-06,0.0,8.859037619771215e-07,False,-8.859037619771215e-07,measured_local,,,,,
placement,12,12,1,local_search,local,2.968720818356282,2.968720818356282,True,0.0001431669807061553,1056,0.39157979045744506,0.10124604680809732,0.0001431669807061553,0.0,1.4495090829949366e-05,False,-1.4495090829949366e-05,measured_local,,,,,
placement,12,12,1,annealing,local,3.440581414913492,2.968720818356282,True,0.001094540930353105,960,0.39157979045744506,0.10124604680809732,0.001094540930353105,0.11889488279819074,0.00011081794226790886,False,-0.11900570074045866,measured_local,,,,,
placement,12,12,1,random,local,3.998773985945478,2.968720818356282,True,9.292038157582283e-06,256,0.39157979045744506,0.10124604680809732,9.292038157582283e-06,0.25954286399409954,9.407821302452022e-07,False,-0.2595438047762298,measured_local,,,,,
placement,12,12,1,qaoa,optimistic,2.968720818356282,2.968720818356282,True,0.021202292060479522,115,0.39157979045744506,0.10124604680809732,1.4751,0.0,0.14934804364662435,True,-2.1493480436466244,modeled_qpu,1024.0,0.003103897856929718,8.775664208269424,2.6534338020786388,0.05434212949621161
placement,12,12,1,qaoa,nominal,2.968720818356282,2.968720818356282,True,0.021202292060479522,115,0.39157979045744506,0.10124604680809732,9.263,0.0,0.9378421315834055,True,-2.9378421315834053,modeled_qpu,1024.0,0.003103897856929718,8.775664208269424,2.6534338020786388,0.05434212949621161
placement,12,12,1,qaoa,stressed,2.968720818356282,2.968720818356282,True,0.021202292060479522,115,0.39157979045744506,0.10124604680809732,42.352000000000004,0.0,4.287972574416538,True,-6.287972574416538,modeled_qpu,1024.0,0.003103897856929718,8.775664208269424,2.6534338020786388,0.05434212949621161
placement,12,12,1,mean_field,local,2.968720818356282,2.968720818356282,True,0.008324458030983806,98,0.39157979045744506,0.10124604680809732,0.008324458030983806,0.0,0.000842818467457028,False,-0.000842818467457028,measured_local,,,,,
placement,12,12,2,exact,local,3.459115930844322,3.459115930844322,True,8.833012543618679e-06,4096,0.7385772862951704,0.03540949490910588,8.833012543618679e-06,0.0,3.12772512695334e-07,False,-3.12772512695334e-07,measured_local,,,,,
placement,12,12,2,local_search,local,3.459115930844322,3.459115930844322,True,0.00015841692220419645,1212,0.7385772862951704,0.03540949490910588,0.00015841692220419645,0.0,5.609463200305717e-06,False,-5.609463200305717e-06,measured_local,,,,,
placement,12,12,2,annealing,local,4.243627621521181,3.459115930844322,True,0.0010324580362066627,960,0.7385772862951704,0.03540949490910588,0.0010324580362066627,0.17593435623646464,3.655881757692527e-05,False,-0.17597091505404155,measured_local,,,,,
placement,12,12,2,random,local,7.038904198884389,3.459115930844322,True,7.4160052463412285e-06,256,0.7385772862951704,0.03540949490910588,7.4160052463412285e-06,0.8028022423185225,2.625970000162222e-07,False,-0.8028025049155225,measured_local,,,,,
placement,12,12,2,qaoa,optimistic,3.7134618632848637,3.459115930844322,True,0.021346458001062274,113,0.7385772862951704,0.03540949490910588,1.4496200000000001,0.05703954245306698,0.051330312010138074,True,-2.1083698544632052,modeled_qpu,1024.0,0.0014064304194348664,9.214172829887453,2.6541482205269844,0.04998875755250848
placement,12,12,2,qaoa,nominal,3.7134618632848637,3.459115930844322,True,0.021346458001062274,113,0.7385772862951704,0.03540949490910588,9.1106,0.05703954245306698,0.32260174431890004,True,-2.379641286771967,modeled_qpu,1024.0,0.0014064304194348664,9.214172829887453,2.6541482205269844,0.04998875755250848
placement,12,12,2,qaoa,stressed,3.7134618632848637,3.459115930844322,True,0.021346458001062274,113,0.7385772862951704,0.03540949490910588,41.702400000000004,0.05703954245306698,1.4766609204974972,True,-3.533700462950564,modeled_qpu,1024.0,0.0014064304194348664,9.214172829887453,2.6541482205269844,0.04998875755250848
placement,12,12,2,mean_field,local,3.7134618632848637,3.459115930844322,True,0.009407499921508133,109,0.7385772862951704,0.03540949490910588,0.009407499921508133,0.05703954245306698,0.0003331148205780562,False,-0.05737265727364504,measured_local,,,,,
placement,12,12,3,exact,local,2.6827481278458363,2.6827481278458363,True,8.750008419156075e-06,4096,0.7926217735612627,0.11130976104786164,8.750008419156075e-06,0.0,9.739613463030403e-07,False,-9.739613463030403e-07,measured_local,,,,,
placement,12,12,3,local_search,local,2.6827481278458363,2.6827481278458363,True,0.00017041689716279507,1248,0.7926217735612627,0.11130976104786164,0.00017041689716279507,0.0,1.896906410170873e-05,False,-1.896906410170873e-05,measured_local,,,,,
placement,12,12,3,annealing,local,3.886099670385434,2.6827481278458363,True,0.0010663749417290092,960,0.7926217735612627,0.11130976104786164,0.0010663749417290092,0.32675369065857857,0.00011869793995128338,False,-0.32687238859852985,measured_local,,,,,
placement,12,12,3,random,local,16.508996161214036,2.6827481278458363,False,8.707982487976551e-06,256,0.7926217735612627,0.11130976104786164,8.707982487976551e-06,3.7543289829749065,9.692834499456335e-07,False,-8.754329952258356,measured_local,,,,,
placement,12,12,3,qaoa,optimistic,2.6827481278458363,2.6827481278458363,True,0.023009791038930416,123,0.7926217735612627,0.11130976104786164,1.57702,0.0,0.17553771936769877,True,-2.1755377193676986,modeled_qpu,1024.0,0.003927276064287052,10.564252021570947,2.679573052450663,0.0452899713877897
placement,12,12,3,qaoa,nominal,2.6827481278458363,2.6827481278458363,True,0.023009791038930416,123,0.7926217735612627,0.11130976104786164,9.8726,0.0,1.0989167469211187,True,-3.0989167469211187,modeled_qpu,1024.0,0.003927276064287052,10.564252021570947,2.679573052450663,0.0452899713877897
placement,12,12,3,qaoa,stressed,2.6827481278458363,2.6827481278458363,True,0.023009791038930416,123,0.7926217735612627,0.11130976104786164,44.9504,0.0,5.0034182830058,True,-7.0034182830058,modeled_qpu,1024.0,0.003927276064287052,10.564252021570947,2.679573052450663,0.0452899713877897
placement,12,12,3,mean_field,local,2.6827481278458363,2.6827481278458363,True,0.008580917026847601,99,0.7926217735612627,0.11130976104786164,0.008580917026847601,0.0,0.0009551398238299338,False,-0.0009551398238299338,measured_local,,,,,
placement,12,12,4,exact,local,2.485128190494849,2.485128190494849,True,9.499955922365189e-06,4096,0.1888465650497176,0.08852513487507144,9.499955922365189e-06,0.0,8.40984879334612e-07,False,-8.40984879334612e-07,measured_local,,,,,
placement,12,12,4,local_search,local,2.485128190494849,2.485128190494849,True,0.0001373749691992998,1092,0.1888465650497176,0.08852513487507144,0.0001373749691992998,0.0,1.21611376768268e-05,False,-1.21611376768268e-05,measured_local,,,,,
placement,12,12,4,annealing,local,2.927593100995103,2.485128190494849,True,0.0010353329125791788,960,0.1888465650497176,0.08852513487507144,0.0010353329125791788,0.12695800163305587,9.165298572667235e-05,False,-0.12704965461878254,measured_local,,,,,
placement,12,12,4,random,local,2.501000260178007,2.485128190494849,True,8.082948625087738e-06,256,0.1888465650497176,0.08852513487507144,8.082948625087738e-06,0.004554228371411666,7.155441172241653e-07,False,-0.00455494391552889,measured_local,,,,,
placement,12,12,4,qaoa,optimistic,2.485128190494849,2.485128190494849,True,0.021583041991107166,116,0.1888465650497176,0.08852513487507144,1.48784,0.0,0.1317112366725263,True,-2.131711236672526,modeled_qpu,1024.0,0.00333405809551527,9.212158307979063,2.653297622454186,0.05062132877671321
placement,12,12,4,qaoa,nominal,2.485128190494849,2.485128190494849,True,0.021583041991107166,116,0.1888465650497176,0.08852513487507144,9.3392,0.0,0.8267539396252671,True,-2.826753939625267,modeled_qpu,1024.0,0.00333405809551527,9.212158307979063,2.653297622454186,0.05062132877671321
placement,12,12,4,qaoa,stressed,2.485128190494849,2.485128190494849,True,0.021583041991107166,116,0.1888465650497176,0.08852513487507144,42.67680000000001,0.0,3.7779694760364495,True,-5.77796947603645,modeled_qpu,1024.0,0.00333405809551527,9.212158307979063,2.653297622454186,0.05062132877671321
placement,12,12,4,mean_field,local,2.485128190494849,2.485128190494849,True,0.010088125010952353,116,0.1888465650497176,0.08852513487507144,0.010088125010952353,0.0,0.0008930526272311386,False,-0.0008930526272311386,measured_local,,,,,
placement,12,12,5,exact,local,2.780253963673456,2.780253963673456,True,8.541974239051342e-06,4096,0.12562820310625852,0.03014356585112095,8.541974239051342e-06,0.0,2.5748556297342287e-07,False,-2.5748556297342287e-07,measured_local,,,,,
placement,12,12,5,local_search,local,2.780253963673456,2.780253963673456,True,0.00015004107262939215,1140,0.12562820310625852,0.03014356585112095,0.00015004107262939215,0.0,4.5227729531769034e-06,False,-4.5227729531769034e-06,measured_local,,,,,
placement,12,12,5,annealing,local,2.780253963673456,2.780253963673456,True,0.0010410830145701766,960,0.12562820310625852,0.03014356585112095,0.0010410830145701766,0.0,3.1381954406179626e-05,False,-3.1381954406179626e-05,measured_local,,,,,
placement,12,12,5,random,local,2.780253963673456,2.780253963673456,True,7.3750270530581474e-06,256,0.12562820310625852,0.03014356585112095,7.3750270530581474e-06,0.0,2.2230961362765674e-07,False,-2.2230961362765674e-07,measured_local,,,,,
placement,12,12,5,qaoa,optimistic,2.780253963673456,2.780253963673456,True,0.021492791012860835,116,0.12562820310625852,0.03014356585112095,1.48784,0.0,0.0448488030159318,True,-2.044848803015932,modeled_qpu,1024.0,0.0027322935937186786,8.795532731207214,2.635810147717091,0.04958964499693635
placement,12,12,5,qaoa,nominal,2.780253963673456,2.780253963673456,True,0.021492791012860835,116,0.12562820310625852,0.03014356585112095,9.3392,0.0,0.28151679019678877,True,-2.2815167901967888,modeled_qpu,1024.0,0.0027322935937186786,8.795532731207214,2.635810147717091,0.04958964499693635
placement,12,12,5,qaoa,stressed,2.780253963673456,2.780253963673456,True,0.021492791012860835,116,0.12562820310625852,0.03014356585112095,42.67680000000001,0.0,1.2864309311151187,True,-3.2864309311151185,modeled_qpu,1024.0,0.0027322935937186786,8.795532731207214,2.635810147717091,0.04958964499693635
placement,12,12,5,mean_field,local,2.8517786659426907,2.780253963673456,True,0.009132541948929429,104,0.12562820310625852,0.03014356585112095,0.009132541948929429,0.018920607704285268,0.0002752873796256787,False,-0.019195895083910945,measured_local,,,,,
placement,12,12,6,exact,local,2.6430612490387744,2.6430612490387744,True,8.207978680729866e-06,4096,0.7731884380862007,0.034694088659932044,8.207978680729866e-06,0.0,2.84768340068074e-07,False,-2.84768340068074e-07,measured_local,,,,,
placement,12,12,6,local_search,local,2.6430612490387744,2.6430612490387744,True,0.0001595409121364355,1224,0.7731884380862007,0.034694088659932044,0.0001595409121364355,0.0,5.535126550547922e-06,False,-5.535126550547922e-06,measured_local,,,,,
placement,12,12,6,annealing,local,2.6430612490387744,2.6430612490387744,True,0.0010375420097261667,960,0.7731884380862007,0.034694088659932044,0.0010375420097261667,0.0,3.5996574473843704e-05,False,-3.5996574473843704e-05,measured_local,,,,,
placement,12,12,6,random,local,2.917001756733905,2.6430612490387744,True,7.875030860304832e-06,256,0.7731884380862007,0.034694088659932044,7.875030860304832e-06,0.07519514193383654,2.732170188671168e-07,False,-0.07519541515085541,measured_local,,,,,
placement,12,12,6,qaoa,optimistic,2.6430612490387744,2.6430612490387744,True,0.023329832940362394,125,0.7731884380862007,0.034694088659932044,1.6025000000000003,0.0,0.05559727707754111,True,-2.055597277077541,modeled_qpu,1024.0,0.0038888385791089153,10.518017672726405,2.6804866798862763,0.04521268851839446
placement,12,12,6,qaoa,nominal,2.6430612490387744,2.6430612490387744,True,0.023329832940362394,125,0.7731884380862007,0.034694088659932044,10.025,0.0,0.34780823881581874,True,-2.347808238815819,modeled_qpu,1024.0,0.0038888385791089153,10.518017672726405,2.6804866798862763,0.04521268851839446
placement,12,12,6,qaoa,stressed,2.6430612490387744,2.6430612490387744,True,0.023329832940362394,125,0.7731884380862007,0.034694088659932044,45.6,0.0,1.5820504428929012,True,-3.582050442892901,modeled_qpu,1024.0,0.0038888385791089153,10.518017672726405,2.6804866798862763,0.04521268851839446
placement,12,12,6,mean_field,local,4.102594511057619,2.6430612490387744,True,0.00942545896396041,106,0.7731884380862007,0.034694088659932044,0.00942545896396041,0.400633742406594,0.00032700770895619365,False,-0.4009607501155502,measured_local,,,,,
placement,12,12,7,exact,local,3.0481235735713152,3.0481235735713152,True,8.00006091594696e-06,4096,0.3813255513980517,0.020186043581198302,8.00006091594696e-06,0.0,1.6148957830154654e-07,False,-1.6148957830154654e-07,measured_local,,,,,
placement,12,12,7,local_search,local,3.0481235735713152,3.0481235735713152,True,0.00018408405594527721,1560,0.3813255513980517,0.020186043581198302,0.00018408405594527721,0.0,3.715928775915112e-06,False,-3.715928775915112e-06,measured_local,,,,,
placement,12,12,7,annealing,local,3.0481235735713152,3.0481235735713152,True,0.0010487919207662344,960,0.3813255513980517,0.020186043581198302,0.0010487919207662344,0.0,2.1170959420195883e-05,False,-2.1170959420195883e-05,measured_local,,,,,
placement,12,12,7,random,local,4.030297647372463,3.0481235735713152,True,6.624963134527206e-06,256,0.3813255513980517,0.020186043581198302,6.624963134527206e-06,0.24262452861206985,1.337317945573983e-07,False,-0.2426246623438644,measured_local,,,,,
placement,12,12,7,qaoa,optimistic,3.0481235735713152,3.0481235735713152,True,0.02089966693893075,114,0.3813255513980517,0.020186043581198302,1.46236,0.0,0.029519262691401153,True,-2.029519262691401,modeled_qpu,1024.0,0.003265744407682946,9.15363753393786,2.6554402889223097,0.049906038725622236
placement,12,12,7,qaoa,nominal,3.0481235735713152,3.0481235735713152,True,0.02089966693893075,114,0.3813255513980517,0.020186043581198302,9.1868,0.0,0.18544514517175256,True,-2.1854451451717525,modeled_qpu,1024.0,0.003265744407682946,9.15363753393786,2.6554402889223097,0.049906038725622236
placement,12,12,7,qaoa,stressed,3.0481235735713152,3.0481235735713152,True,0.02089966693893075,114,0.3813255513980517,0.020186043581198302,42.0272,0.0,0.8483628907957373,True,-2.8483628907957375,modeled_qpu,1024.0,0.003265744407682946,9.15363753393786,2.6554402889223097,0.049906038725622236
placement,12,12,7,mean_field,local,3.0481235735713152,3.0481235735713152,True,0.009686709032393992,114,0.3813255513980517,0.020186043581198302,0.009686709032393992,0.0,0.00019553633068629235,False,-0.00019553633068629235,measured_local,,,,,
placement,12,12,8,exact,local,2.912781841718501,2.912781841718501,True,9.124982170760632e-06,4096,0.7551136584612383,0.11661239335143588,9.124982170760632e-06,0.0,1.064086010221578e-06,False,-1.064086010221578e-06,measured_local,,,,,
placement,12,12,8,local_search,local,2.912781841718501,2.912781841718501,True,0.00016716693062335253,1344,0.7551136584612383,0.11661239335143588,0.00016716693062335253,0.0,1.9493735869202576e-05,False,-1.9493735869202576e-05,measured_local,,,,,
placement,12,12,8,annealing,local,2.912781841718501,2.912781841718501,True,0.0010327090276405215,960,0.7551136584612383,0.11661239335143588,0.0010327090276405215,0.0,0.00012042667134879536,False,-0.00012042667134879536,measured_local,,,,,
placement,12,12,8,random,local,4.790009090505239,2.912781841718501,True,6.958027370274067e-06,256,0.7551136584612383,0.11661239335143588,6.958027370274067e-06,0.4797679310335014,8.113922246524565e-07,False,-0.47976874242572604,measured_local,,,,,
placement,12,12,8,qaoa,optimistic,3.8780558096848483,2.912781841718501,True,0.021072792005725205,114,0.7551136584612383,0.11661239335143588,1.46236,0.24669762000899015,0.17052929954140578,True,-2.417226919550396,modeled_qpu,1024.0,0.003480891522906022,9.197784053396207,2.6484848705938706,0.051559756334311126
placement,12,12,8,qaoa,nominal,3.8780558096848483,2.912781841718501,True,0.021072792005725205,114,0.7551136584612383,0.11661239335143588,9.1868,0.24669762000899015,1.0712947352409712,True,-3.3179923552499613,modeled_qpu,1024.0,0.003480891522906022,9.197784053396207,2.6484848705938706,0.051559756334311126
placement,12,12,8,qaoa,stressed,3.8780558096848483,2.912781841718501,True,0.021072792005725205,114,0.7551136584612383,0.11661239335143588,42.0272,0.24669762000899015,4.900892377859466,True,-7.147589997868456,modeled_qpu,1024.0,0.003480891522906022,9.197784053396207,2.6484848705938706,0.051559756334311126
placement,12,12,8,mean_field,local,2.912781841718501,2.912781841718501,True,0.009155250038020313,107,0.7551136584612383,0.11661239335143588,0.009155250038020313,0.0,0.001067615618664373,False,-0.001067615618664373,measured_local,,,,,
placement,12,12,9,exact,local,1.7859511992755568,1.7859511992755568,True,9.207986295223236e-06,4096,0.634762906705014,0.07480505240192803,9.207986295223236e-06,0.0,6.888038973304093e-07,False,-6.888038973304093e-07,measured_local,,,,,
placement,12,12,9,local_search,local,1.7859511992755568,1.7859511992755568,True,0.00017324998043477535,1236,0.634762906705014,0.07480505240192803,0.00017324998043477535,0.0,1.2959973865056376e-05,False,-1.2959973865056376e-05,measured_local,,,,,
placement,12,12,9,annealing,local,1.7859511992755568,1.7859511992755568,True,0.0010589159792289138,960,0.634762906705014,0.07480505240192803,0.0010589159792289138,0.0,7.921226531545782e-05,False,-7.921226531545782e-05,measured_local,,,,,
placement,12,12,9,random,local,5.35790486947164,1.7859511992755568,True,8.207978680729866e-06,256,0.634762906705014,0.07480505240192803,8.207978680729866e-06,1.2821307390900867,6.139982753259057e-07,False,-1.282131353088362,measured_local,,,,,
placement,12,12,9,qaoa,optimistic,1.7859511992755568,1.7859511992755568,True,0.019748832914046943,107,0.634762906705014,0.07480505240192803,1.37318,0.0,0.10272080185727954,True,-2.1027208018572794,modeled_qpu,1024.0,0.0016146997642424556,7.540964518012916,2.6669767508162443,0.05687728010622908
placement,12,12,9,qaoa,nominal,1.7859511992755568,1.7859511992755568,True,0.019748832914046943,107,0.634762906705014,0.07480505240192803,8.6534,0.0,0.647318040454844,True,-2.647318040454844,modeled_qpu,1024.0,0.0016146997642424556,7.540964518012916,2.6669767508162443,0.05687728010622908
placement,12,12,9,qaoa,stressed,1.7859511992755568,1.7859511992755568,True,0.019748832914046943,107,0.634762906705014,0.07480505240192803,39.753600000000006,0.0,2.9737701311652867,True,-4.973770131165287,modeled_qpu,1024.0,0.0016146997642424556,7.540964518012916,2.6669767508162443,0.05687728010622908
placement,12,12,9,mean_field,local,1.9793706739561174,1.7859511992755568,True,0.008988749934360385,100,0.634762906705014,0.07480505240192803,0.008988749934360385,0.06942672747852022,0.0006724039098676557,False,-0.07009913138838787,measured_local,,,,,
placement,12,12,10,exact,local,2.176804568749213,2.176804568749213,True,9.37492586672306e-06,4096,0.1760527571567186,0.04699581502498215,9.37492586672306e-06,0.0,4.405822819054374e-07,False,-4.405822819054374e-07,measured_local,,,,,
placement,12,12,10,local_search,local,2.176804568749213,2.176804568749213,True,0.00015166704542934895,1212,0.1760527571567186,0.04699581502498215,0.00015166704542934895,0.0,7.127716412383248e-06,False,-7.127716412383248e-06,measured_local,,,,,
placement,12,12,10,annealing,local,2.176804568749213,2.176804568749213,True,0.001039958093315363,960,0.1760527571567186,0.04699581502498215,0.001039958093315363,0.0,4.887367818718192e-05,False,-4.887367818718192e-05,measured_local,,,,,
placement,12,12,10,random,local,2.8156606364953656,2.176804568749213,True,7.792026735842228e-06,256,0.1760527571567186,0.04699581502498215,7.792026735842228e-06,0.20110021057974187,3.6619264714735683e-07,False,-0.20110057677238902,measured_local,,,,,
placement,12,12,10,qaoa,optimistic,2.176804568749213,2.176804568749213,True,0.02297245804220438,125,0.1760527571567186,0.04699581502498215,1.6025000000000003,0.0,0.07531079357753391,True,-2.075310793577534,modeled_qpu,1024.0,0.004000480312963722,10.5125364986352,2.6860926504766174,0.04754715672389352
placement,12,12,10,qaoa,nominal,2.176804568749213,2.176804568749213,True,0.02297245804220438,125,0.1760527571567186,0.04699581502498215,10.025,0.0,0.4711330456254461,True,-2.471133045625446,modeled_qpu,1024.0,0.004000480312963722,10.5125364986352,2.6860926504766174,0.04754715672389352
placement,12,12,10,qaoa,stressed,2.176804568749213,2.176804568749213,True,0.02297245804220438,125,0.1760527571567186,0.04699581502498215,45.6,0.0,2.143009165139186,True,-4.143009165139186,modeled_qpu,1024.0,0.004000480312963722,10.5125364986352,2.6860926504766174,0.04754715672389352
placement,12,12,10,mean_field,local,2.176804568749213,2.176804568749213,True,0.009786625043489039,112,0.1760527571567186,0.04699581502498215,0.009786625043489039,0.0,0.0004599304202626688,False,-0.0004599304202626688,measured_local,,,,,
placement,12,12,11,exact,local,1.7007717433712175,1.7007717433712175,True,8.709030225872993e-06,4096,0.27079075951700976,0.09824829571210333,8.709030225872993e-06,0.0,8.556473769972159e-07,False,-8.556473769972159e-07,measured_local,,,,,
placement,12,12,11,local_search,local,1.7007717433712175,1.7007717433712175,True,0.00017987505998462439,1476,0.27079075951700976,0.09824829571210333,0.00017987505998462439,0.0,1.76724180846017e-05,False,-1.76724180846017e-05,measured_local,,,,,
placement,12,12,11,annealing,local,3.5152480360685403,1.7007717433712175,True,0.0010655419901013374,960,0.27079075951700976,0.09824829571210333,0.0010655419901013374,0.6718362250163418,0.00010468768453713929,False,-0.6719409127008789,measured_local,,,,,
placement,12,12,11,random,local,4.552253044486179,1.7007717433712175,True,8.25000461190939e-06,256,0.27079075951700976,0.09824829571210333,8.25000461190939e-06,1.055802404669571,8.1054889273709e-07,False,-1.0558032152184638,measured_local,,,,,
placement,12,12,11,qaoa,optimistic,1.7007717433712175,1.7007717433712175,True,0.020554416929371655,110,0.27079075951700976,0.09824829571210333,1.4114000000000002,0.0,0.13866764456806266,True,-2.138667644568063,modeled_qpu,1024.0,0.0024128813580781274,7.568485394441982,2.655036868213243,0.05542981935257265
placement,12,12,11,qaoa,nominal,1.7007717433712175,1.7007717433712175,True,0.020554416929371655,110,0.27079075951700976,0.09824829571210333,8.882,0.0,0.8726413625149018,True,-2.872641362514902,modeled_qpu,1024.0,0.0024128813580781274,7.568485394441982,2.655036868213243,0.05542981935257265
placement,12,12,11,qaoa,stressed,1.7007717433712175,1.7007717433712175,True,0.020554416929371655,110,0.27079075951700976,0.09824829571210333,40.728,0.0,4.0014565877625445,True,-6.0014565877625445,modeled_qpu,1024.0,0.0024128813580781274,7.568485394441982,2.655036868213243,0.05542981935257265
placement,12,12,11,mean_field,local,1.7007717433712175,1.7007717433712175,True,0.006947625079192221,84,0.27079075951700976,0.09824829571210333,0.006947625079192221,0.0,0.0006825923232773027,False,-0.0006825923232773027,measured_local,,,,,
placement,12,12,12,exact,local,2.0007786780182752,2.0007786780182752,True,9.292038157582283e-06,4096,0.5643216763546116,0.0456112573484332,9.292038157582283e-06,0.0,4.2382154369694663e-07,False,-4.2382154369694663e-07,measured_local,,,,,
placement,12,12,12,local_search,local,2.0007786780182752,2.0007786780182752,True,0.0001515829935669899,1164,0.5643216763546116,0.0456112573484332,0.0001515829935669899,0.0,6.913890929229871e-06,False,-6.913890929229871e-06,measured_local,,,,,
placement,12,12,12,annealing,local,2.7827082705924875,2.0007786780182752,True,0.00104674999602139,960,0.5643216763546116,0.0456112573484332,0.00104674999602139,0.2605755627038117,4.7743583448003046e-05,False,-0.2606233062872597,measured_local,,,,,
placement,12,12,12,random,local,15.82366646029287,2.0007786780182752,False,8.708098903298378e-06,256,0.5643216763546116,0.0456112573484332,8.708098903298378e-06,4.606433617891233,3.9718734009395126e-07,False,-9.606434015078575,measured_local,,,,,
placement,12,12,12,qaoa,optimistic,2.0007786780182752,2.0007786780182752,True,0.02102000010199845,114,0.5643216763546116,0.0456112573484332,1.46236,0.0,0.06670007829605479,True,-2.066700078296055,modeled_qpu,1024.0,0.004379639061820981,10.572065385810735,2.671958392011491,0.046330747521812224
placement,12,12,12,qaoa,nominal,2.0007786780182752,2.0007786780182752,True,0.02102000010199845,114,0.5643216763546116,0.0456112573484332,9.1868,0.0,0.41902149900858615,True,-2.4190214990085863,modeled_qpu,1024.0,0.004379639061820981,10.572065385810735,2.671958392011491,0.046330747521812224
placement,12,12,12,qaoa,stressed,2.0007786780182752,2.0007786780182752,True,0.02102000010199845,114,0.5643216763546116,0.0456112573484332,42.0272,0.0,1.916913434834072,True,-3.916913434834072,modeled_qpu,1024.0,0.004379639061820981,10.572065385810735,2.671958392011491,0.046330747521812224
placement,12,12,12,mean_field,local,2.0007786780182752,2.0007786780182752,True,0.008972208015620708,103,0.5643216763546116,0.0456112573484332,0.008972208015620708,0.0,0.0004092336887841513,False,-0.0004092336887841513,measured_local,,,,,
placement,12,12,13,exact,local,3.3770867203775823,3.3770867203775823,True,7.999944500625134e-06,4096,0.39663266771061095,0.05731464846643321,7.999944500625134e-06,0.0,4.585140068043051e-07,False,-4.585140068043051e-07,measured_local,,,,,
placement,12,12,13,local_search,local,3.3770867203775823,3.3770867203775823,True,0.00018433306831866503,1464,0.39663266771061095,0.05731464846643321,0.00018433306831866503,0.0,1.0564985011423302e-05,False,-1.0564985011423302e-05,measured_local,,,,,
placement,12,12,13,annealing,local,3.3770867203775823,3.3770867203775823,True,0.0011194589314982295,960,0.39663266771061095,0.05731464846643321,0.0011194589314982295,0.0,6.416139513142996e-05,False,-6.416139513142996e-05,measured_local,,,,,
placement,12,12,13,random,local,5.403872789841765,3.3770867203775823,True,9.95793379843235e-06,256,0.39663266771061095,0.05731464846643321,9.95793379843235e-06,0.46304453142965046,5.707354751091641e-07,False,-0.46304510216512557,measured_local,,,,,
placement,12,12,13,qaoa,optimistic,3.8419432261823596,3.3770867203775823,True,0.022731625009328127,124,0.39663266771061095,0.05731464846643321,1.5897600000000003,0.10620226088750585,0.09111653554599687,True,-2.197318796433503,modeled_qpu,1024.0,0.0027142958316135825,8.61763436358429,2.6673757473211412,0.05199822917496401
placement,12,12,13,qaoa,nominal,3.8419432261823596,3.3770867203775823,True,0.022731625009328127,124,0.39663266771061095,0.05731464846643321,9.9488,0.10620226088750585,0.5702119746628507,True,-2.6764142355503564,modeled_qpu,1024.0,0.0027142958316135825,8.61763436358429,2.6673757473211412,0.05199822917496401
placement,12,12,13,qaoa,stressed,3.8419432261823596,3.3770867203775823,True,0.022731625009328127,124,0.39663266771061095,0.05731464846643321,45.275200000000005,0.10620226088750585,2.594932172247457,True,-4.701134433134963,modeled_qpu,1024.0,0.0027142958316135825,8.61763436358429,2.6673757473211412,0.05199822917496401
placement,12,12,13,mean_field,local,3.3770867203775823,3.3770867203775823,True,0.008164833066985011,92,0.39663266771061095,0.05731464846643321,0.008164833066985011,0.0,0.00046796453702135563,False,-0.00046796453702135563,measured_local,,,,,
placement,12,12,14,exact,local,1.7690131235454767,1.7690131235454767,True,8.916016668081284e-06,4096,0.7411759697293699,0.09412746109199507,8.916016668081284e-06,0.0,8.392420120204006e-07,False,-8.392420120204006e-07,measured_local,,,,,
placement,12,12,14,local_search,local,1.7690131235454767,1.7690131235454767,True,0.00014162494335323572,1176,0.7411759697293699,0.09412746109199507,0.00014162494335323572,0.0,1.3330796345137701e-05,False,-1.3330796345137701e-05,measured_local,,,,,
placement,12,12,14,annealing,local,2.6745805457239094,1.7690131235454767,True,0.001132083940319717,960,0.7411759697293699,0.09412746109199507,0.001132083940319717,0.3270361611789451,0.00010656018704531662,False,-0.3271427213659904,measured_local,,,,,
placement,12,12,14,random,local,1.7690131235454767,1.7690131235454767,True,1.3333046808838844e-05,256,0.7411759697293699,0.09412746109199507,1.3333046808838844e-05,0.0,1.2550058447367273e-06,False,-1.2550058447367273e-06,measured_local,,,,,
placement,12,12,14,qaoa,optimistic,1.7690131235454767,1.7690131235454767,True,0.022324084071442485,122,0.7411759697293699,0.09412746109199507,1.5642800000000001,0.0,0.14724170483698606,True,-2.1472417048369863,modeled_qpu,1024.0,0.004191911333176171,10.491156134774556,2.7039768800354835,0.05156044457719515
placement,12,12,14,qaoa,nominal,1.7690131235454767,1.7690131235454767,True,0.022324084071442485,122,0.7411759697293699,0.09412746109199507,9.7964,0.0,0.9221102598416205,True,-2.9221102598416206,modeled_qpu,1024.0,0.004191911333176171,10.491156134774556,2.7039768800354835,0.05156044457719515
placement,12,12,14,qaoa,stressed,1.7690131235454767,1.7690131235454767,True,0.022324084071442485,122,0.7411759697293699,0.09412746109199507,44.625600000000006,0.0,4.200494427706936,True,-6.200494427706936,modeled_qpu,1024.0,0.004191911333176171,10.491156134774556,2.7039768800354835,0.05156044457719515
placement,12,12,14,mean_field,local,1.7690131235454767,1.7690131235454767,True,0.011594166979193687,135,0.7411759697293699,0.09412746109199507,0.011594166979193687,0.0,0.0010913295012281478,False,-0.0010913295012281478,measured_local,,,,,
placement,12,12,15,exact,local,2.08402320013393,2.08402320013393,True,8.750008419156075e-06,4096,0.5476740447042823,0.09888153055444988,8.750008419156075e-06,0.0,8.652142248504751e-07,False,-8.652142248504751e-07,measured_local,,,,,
placement,12,12,15,local_search,local,2.08402320013393,2.08402320013393,True,0.00015262491069734097,1200,0.5476740447042823,0.09888153055444988,0.00015262491069734097,0.0,1.5091784770489305e-05,False,-1.5091784770489305e-05,measured_local,,,,,
placement,12,12,15,annealing,local,2.08402320013393,2.08402320013393,True,0.001045334036462009,960,0.5476740447042823,0.09888153055444988,0.001045334036462009,0.0,0.00010336422946602457,False,-0.00010336422946602457,measured_local,,,,,
placement,12,12,15,random,local,17.79249112524111,2.08402320013393,False,7.3749106377363205e-06,256,0.5476740447042823,0.09888153055444988,7.3749106377363205e-06,5.0934986236241695,7.292424515616615e-07,False,-10.09349935286662,measured_local,,,,,
placement,12,12,15,qaoa,optimistic,2.08402320013393,2.08402320013393,True,0.019739749957807362,107,0.5476740447042823,0.09888153055444988,1.37318,0.0,0.1357821401267595,True,-2.1357821401267594,modeled_qpu,1024.0,0.0023250653486988574,7.0438987676923155,2.6547266551223987,0.05352885541440826
placement,12,12,15,qaoa,nominal,2.08402320013393,2.08402320013393,True,0.019739749957807362,107,0.5476740447042823,0.09888153055444988,8.6534,0.0,0.8556614364998766,True,-2.8556614364998767,modeled_qpu,1024.0,0.0023250653486988574,7.0438987676923155,2.6547266551223987,0.05352885541440826
placement,12,12,15,qaoa,stressed,2.08402320013393,2.08402320013393,True,0.019739749957807362,107,0.5476740447042823,0.09888153055444988,39.753600000000006,0.0,3.9308968130493795,True,-5.9308968130493795,modeled_qpu,1024.0,0.0023250653486988574,7.0438987676923155,2.6547266551223987,0.05352885541440826
placement,12,12,15,mean_field,local,2.08402320013393,2.08402320013393,True,0.007907749968580902,92,0.5476740447042823,0.09888153055444988,0.007907749968580902,0.0,0.0007819304201351825,False,-0.0007819304201351825,measured_local,,,,,
placement,12,12,16,exact,local,1.8845176531328127,1.8845176531328127,True,7.750000804662704e-06,4096,0.45776973757142486,0.023812929323194704,7.750000804662704e-06,0.0,1.8455022141613506e-07,False,-1.8455022141613506e-07,measured_local,,,,,
placement,12,12,16,local_search,local,1.8845176531328127,1.8845176531328127,True,0.00015600002370774746,1260,0.45776973757142486,0.023812929323194704,0.00015600002370774746,0.0,3.7148175389692885e-06,False,-3.7148175389692885e-06,measured_local,,,,,
placement,12,12,16,annealing,local,1.8845176531328127,1.8845176531328127,True,0.0010602920083329082,960,0.45776973757142486,0.023812929323194704,0.0010602920083329082,0.0,2.524865865637971e-05,False,-2.524865865637971e-05,measured_local,,,,,
placement,12,12,16,random,local,6.346898352166244,1.8845176531328127,True,6.916932761669159e-06,256,0.45776973757142486,0.023812929323194704,6.916932761669159e-06,1.547011055448711,1.6471243098691763e-07,False,-1.5470112201611421,measured_local,,,,,
placement,12,12,16,qaoa,optimistic,1.8845176531328127,1.8845176531328127,True,0.0219254168914631,118,0.45776973757142486,0.023812929323194704,1.5133200000000002,0.0,0.036036582203377014,True,-2.036036582203377,modeled_qpu,1024.0,0.004323298603081073,10.729959532378256,2.6744941250535206,0.04521656604384232
placement,12,12,16,qaoa,nominal,1.8845176531328127,1.8845176531328127,True,0.0219254168914631,118,0.45776973757142486,0.023812929323194704,9.4916,0.0,0.22602279996403485,True,-2.226022799964035,modeled_qpu,1024.0,0.004323298603081073,10.729959532378256,2.6744941250535206,0.04521656604384232
placement,12,12,16,qaoa,stressed,1.8845176531328127,1.8845176531328127,True,0.0219254168914631,118,0.45776973757142486,0.023812929323194704,43.32640000000001,0.0,1.0317285010284631,True,-3.0317285010284634,modeled_qpu,1024.0,0.004323298603081073,10.729959532378256,2.6744941250535206,0.04521656604384232
placement,12,12,16,mean_field,local,1.8845176531328127,1.8845176531328127,True,0.009754042024724185,109,0.45776973757142486,0.023812929323194704,0.009754042024724185,0.0,0.00023227231335022798,False,-0.00023227231335022798,measured_local,,,,,
placement,12,12,17,exact,local,2.162632048579826,2.162632048579826,True,9.750016033649445e-06,4096,0.4288763710182363,0.10099089725402724,9.750016033649445e-06,0.0,9.846628674794092e-07,False,-9.846628674794092e-07,measured_local,,,,,
placement,12,12,17,local_search,local,2.162632048579826,2.162632048579826,True,0.00016158400103449821,1272,0.4288763710182363,0.10099089725402724,0.00016158400103449821,0.0,1.631851324636964e-05,False,-1.631851324636964e-05,measured_local,,,,,
placement,12,12,17,annealing,local,3.0634750720597275,2.162632048579826,True,0.0010304159950464964,960,0.4288763710182363,0.10099089725402724,0.0010304159950464964,0.2848396555914317,0.00010406263588464696,False,-0.28494371822731634,measured_local,,,,,
placement,12,12,17,random,local,2.925445307522359,2.162632048579826,True,6.6659413278102875e-06,256,0.4288763710182363,0.10099089725402724,6.6659413278102875e-06,0.24119570257471876,6.731993957382627e-07,False,-0.24119637577411449,measured_local,,,,,
placement,12,12,17,qaoa,optimistic,2.162632048579826,2.162632048579826,True,0.018845375045202672,103,0.4288763710182363,0.10099089725402724,1.3222200000000002,0.0,0.1335321841672199,True,-2.13353218416722,modeled_qpu,1024.0,0.001417678686729871,6.507156633485469,2.6659692649229556,0.05906934471851243
placement,12,12,17,qaoa,nominal,2.162632048579826,2.162632048579826,True,0.018845375045202672,103,0.4288763710182363,0.10099089725402724,8.348600000000001,0.0,0.8431326048149719,True,-2.843132604814972,modeled_qpu,1024.0,0.001417678686729871,6.507156633485469,2.6659692649229556,0.05906934471851243
placement,12,12,17,qaoa,stressed,2.162632048579826,2.162632048579826,True,0.018845375045202672,103,0.4288763710182363,0.10099089725402724,38.45440000000001,0.0,3.8835443593652657,True,-5.883544359365265,modeled_qpu,1024.0,0.001417678686729871,6.507156633485469,2.6659692649229556,0.05906934471851243
placement,12,12,17,mean_field,local,3.0634750720597275,2.162632048579826,True,0.010073208017274737,107,0.4288763710182363,0.10099089725402724,0.010073208017274737,0.2848396555914317,0.0010173023158910365,False,-0.28585695790732274,measured_local,,,,,
placement,12,12,18,exact,local,1.7787195357227839,1.7787195357227839,True,1.295795664191246e-05,4096,0.5608670596277712,0.026964120213389467,1.295795664191246e-05,0.0,3.493999006124161e-07,False,-3.493999006124161e-07,measured_local,,,,,
placement,12,12,18,local_search,local,1.7787195357227839,1.7787195357227839,True,0.00023354100994765759,1284,0.5608670596277712,0.026964120213389467,0.00023354100994765759,0.0,6.2972278669850245e-06,False,-6.2972278669850245e-06,measured_local,,,,,
placement,12,12,18,annealing,local,1.7787195357227839,1.7787195357227839,True,0.0015330829191952944,960,0.5608670596277712,0.026964120213389467,0.0015330829191952944,0.0,4.133823213027597e-05,False,-4.133823213027597e-05,measured_local,,,,,
placement,12,12,18,random,local,1.7787195357227839,1.7787195357227839,True,2.362497616559267e-05,256,0.5608670596277712,0.026964120213389467,2.362497616559267e-05,0.0,6.370266973675017e-07,False,-6.370266973675017e-07,measured_local,,,,,
placement,12,12,18,qaoa,optimistic,1.7787195357227839,1.7787195357227839,True,0.02370104193687439,109,0.5608670596277712,0.026964120213389467,1.3986600000000002,0.0,0.037713636377659315,True,-2.037713636377659,modeled_qpu,1024.0,0.0014539173403695742,6.461578777056314,2.6675313094496054,0.059566178694772286
placement,12,12,18,qaoa,nominal,1.7787195357227839,1.7787195357227839,True,0.02370104193687439,109,0.5608670596277712,0.026964120213389467,8.8058,0.0,0.23744064977506496,True,-2.237440649775065,modeled_qpu,1024.0,0.0014539173403695742,6.461578777056314,2.6675313094496054,0.059566178694772286
placement,12,12,18,qaoa,stressed,1.7787195357227839,1.7787195357227839,True,0.02370104193687439,109,0.5608670596277712,0.026964120213389467,40.403200000000005,0.0,1.0894367418056174,True,-3.0894367418056174,modeled_qpu,1024.0,0.0014539173403695742,6.461578777056314,2.6675313094496054,0.059566178694772286
placement,12,12,18,mean_field,local,3.562552325052674,1.7787195357227839,True,0.008387833018787205,96,0.5608670596277712,0.026964120213389467,0.008387833018787205,0.6419621578922285,0.00022617053784841566,False,-0.642188328430077,measured_local,,,,,
placement,12,12,19,exact,local,2.469795030984167,2.469795030984167,True,8.582952432334423e-06,4096,0.690819385580416,0.04929648942253754,8.582952432334423e-06,0.0,4.231094237947167e-07,False,-4.231094237947167e-07,measured_local,,,,,
placement,12,12,19,local_search,local,2.469795030984167,2.469795030984167,True,0.00016199995297938585,1272,0.690819385580416,0.04929648942253754,0.00016199995297938585,0.0,7.986028968499873e-06,False,-7.986028968499873e-06,measured_local,,,,,
placement,12,12,19,annealing,local,2.469795030984167,2.469795030984167,True,0.0010313329985365272,960,0.690819385580416,0.04929648942253754,0.0010313329985365272,0.0,5.084109625346983e-05,False,-5.084109625346983e-05,measured_local,,,,,
placement,12,12,19,random,local,4.6055746888001305,2.469795030984167,True,7.125083357095718e-06,256,0.690819385580416,0.04929648942253754,7.125083357095718e-06,0.6155348194184757,3.5124159634776736e-07,False,-0.615535170660072,measured_local,,,,,
placement,12,12,19,qaoa,optimistic,2.469795030984167,2.469795030984167,True,0.01964045804925263,106,0.690819385580416,0.04929648942253754,1.36044,0.0,0.06706491606999697,True,-2.067064916069997,modeled_qpu,1024.0,0.0020163723505329427,7.219243718493906,2.6562013689354544,0.06100790506405695
placement,12,12,19,qaoa,nominal,2.469795030984167,2.469795030984167,True,0.01964045804925263,106,0.690819385580416,0.04929648942253754,8.577200000000001,0.0,0.42282584907498905,True,-2.422825849074989,modeled_qpu,1024.0,0.0020163723505329427,7.219243718493906,2.6562013689354544,0.06100790506405695
placement,12,12,19,qaoa,stressed,2.469795030984167,2.469795030984167,True,0.01964045804925263,106,0.690819385580416,0.04929648942253754,39.4288,0.0,1.9437014221433482,True,-3.943701422143348,modeled_qpu,1024.0,0.0020163723505329427,7.219243718493906,2.6562013689354544,0.06100790506405695
placement,12,12,19,mean_field,local,2.469795030984167,2.469795030984167,True,0.007954042055644095,93,0.690819385580416,0.04929648942253754,0.007954042055644095,0.0,0.00039210635006247784,False,-0.00039210635006247784,measured_local,,,,,
placement,12,12,20,exact,local,2.342114382525379,2.342114382525379,True,8.499948307871819e-06,4096,0.5630564926912408,0.04143867229014673,8.499948307871819e-06,0.0,3.522265724130875e-07,False,-3.522265724130875e-07,measured_local,,,,,
placement,12,12,20,local_search,local,2.342114382525379,2.342114382525379,True,0.0001700409920886159,1332,0.5630564926912408,0.04143867229014673,0.0001700409920886159,0.0,7.046272947051587e-06,False,-7.046272947051587e-06,measured_local,,,,,
placement,12,12,20,annealing,local,2.745876324594458,2.342114382525379,True,0.001047791913151741,960,0.5630564926912408,0.04143867229014673,0.001047791913151741,0.12081033018504506,4.3419105717360876e-05,False,-0.12085374929076241,measured_local,,,,,
placement,12,12,20,random,local,2.515875452110345,2.342114382525379,True,7.416936568915844e-06,256,0.5630564926912408,0.04143867229014673,7.416936568915844e-06,0.05199135927049516,3.0734800387610896e-07,False,-0.051991666618499036,measured_local,,,,,
placement,12,12,20,qaoa,optimistic,2.342114382525379,2.342114382525379,True,0.021595875034108758,117,0.5630564926912408,0.04143867229014673,1.5005800000000002,0.0,0.06218204286514839,True,-2.0621820428651483,modeled_qpu,1024.0,0.004013611687989142,10.365332352152958,2.7078377290104334,0.05007352669075592
placement,12,12,20,qaoa,nominal,2.342114382525379,2.342114382525379,True,0.021595875034108758,117,0.5630564926912408,0.04143867229014673,9.4154,0.0,0.39016167508064753,True,-2.3901616750806474,modeled_qpu,1024.0,0.004013611687989142,10.365332352152958,2.7078377290104334,0.05007352669075592
placement,12,12,20,qaoa,stressed,2.342114382525379,2.342114382525379,True,0.021595875034108758,117,0.5630564926912408,0.04143867229014673,43.0016,0.0,1.7819292103519737,True,-3.781929210351974,modeled_qpu,1024.0,0.004013611687989142,10.365332352152958,2.7078377290104334,0.05007352669075592
placement,12,12,20,mean_field,local,2.342114382525379,2.342114382525379,True,0.010526042082346976,127,0.5630564926912408,0.04143867229014673,0.010526042082346976,0.0,0.00043618520836267,False,-0.00043618520836267,measured_local,,,,,
placement,12,12,21,exact,local,2.4071936657738116,2.4071936657738116,True,7.6669966802001e-06,4096,0.3351959618821833,0.06825324521284461,7.6669966802001e-06,0.0,5.23297404459763e-07,False,-5.23297404459763e-07,measured_local,,,,,
placement,12,12,21,local_search,local,2.4071936657738116,2.4071936657738116,True,0.00017308408860117197,1332,0.3351959618821833,0.06825324521284461,0.00017308408860117197,0.0,1.1813550741737512e-05,False,-1.1813550741737512e-05,measured_local,,,,,
placement,12,12,21,annealing,local,2.468149595626249,2.4071936657738116,True,0.0010647079907357693,960,0.3351959618821833,0.06825324521284461,0.0010647079907357693,0.0178903625187956,7.266977557176354e-05,False,-0.017963032294367364,measured_local,,,,,
placement,12,12,21,random,local,5.696054128792531,2.4071936657738116,True,6.958027370274067e-06,256,0.3351959618821833,0.06825324521284461,6.958027370274067e-06,0.9652695988655469,4.7490794830100023e-07,False,-0.9652700737734952,measured_local,,,,,
placement,12,12,21,qaoa,optimistic,2.4071936657738116,2.4071936657738116,True,0.022004249971359968,119,0.3351959618821833,0.06825324521284461,1.5260600000000002,0.0,0.10415854738951365,True,-2.1041585473895137,modeled_qpu,1024.0,0.00418111452646995,10.556398361477072,2.684081587831412,0.04767105725528226
placement,12,12,21,qaoa,nominal,2.4071936657738116,2.4071936657738116,True,0.022004249971359968,119,0.3351959618821833,0.06825324521284461,9.5678,0.0,0.6530333995474547,True,-2.6530333995474544,modeled_qpu,1024.0,0.00418111452646995,10.556398361477072,2.684081587831412,0.04767105725528226
placement,12,12,21,qaoa,stressed,2.4071936657738116,2.4071936657738116,True,0.022004249971359968,119,0.3351959618821833,0.06825324521284461,43.6512,0.0,2.9793360574349226,True,-4.979336057434923,modeled_qpu,1024.0,0.00418111452646995,10.556398361477072,2.684081587831412,0.04767105725528226
placement,12,12,21,mean_field,local,3.9931285583560956,2.4071936657738116,True,0.008639750070869923,102,0.3351959618821833,0.06825324521284461,0.008639750070869923,0.465466612160451,0.0005896909801647764,False,-0.46605630314061575,measured_local,,,,,
placement,12,12,22,exact,local,1.3130171552591334,1.3130171552591334,True,9.999959729611874e-06,4096,0.3806928722579743,0.08858430208680654,9.999959729611874e-06,0.0,8.858394535438385e-07,False,-8.858394535438385e-07,measured_local,,,,,
placement,12,12,22,local_search,local,3.0230906937488813,1.3130171552591334,True,0.00015608302783221006,1188,0.3806928722579743,0.08858430208680654,0.00015608302783221006,0.739325920952006,1.3826506088111928e-05,False,-0.7393397474580942,measured_local,,,,,
placement,12,12,22,annealing,local,3.053106561203549,1.3130171552591334,True,0.0010564579861238599,960,0.3806928722579743,0.08858430208680654,0.0010564579861238599,0.7523028534345085,9.358559338481528e-05,False,-0.7523964390278933,measured_local,,,,,
placement,12,12,22,random,local,6.33454887050799,1.3130171552591334,True,7.6249707490205765e-06,256,0.3806928722579743,0.08858430208680654,7.6249707490205765e-06,2.1709876659718423,6.754527122343023e-07,False,-2.1709883414245548,measured_local,,,,,
placement,12,12,22,qaoa,optimistic,1.3130171552591334,1.3130171552591334,True,0.02055616700090468,111,0.3806928722579743,0.08858430208680654,1.4241400000000002,0.0,0.12615644797390468,True,-2.1261564479739046,modeled_qpu,1024.0,0.0016155427837895263,7.693578071842658,2.704778075612401,0.05637304843123388
placement,12,12,22,qaoa,nominal,1.3130171552591334,1.3130171552591334,True,0.02055616700090468,111,0.3806928722579743,0.08858430208680654,8.9582,0.0,0.7935558949540303,True,-2.7935558949540304,modeled_qpu,1024.0,0.0016155427837895263,7.693578071842658,2.704778075612401,0.05637304843123388
placement,12,12,22,qaoa,stressed,1.3130171552591334,1.3130171552591334,True,0.02055616700090468,111,0.3806928722579743,0.08858430208680654,41.052800000000005,0.0,3.6366336367092518,True,-5.636633636709252,modeled_qpu,1024.0,0.0016155427837895263,7.693578071842658,2.704778075612401,0.05637304843123388
placement,12,12,22,mean_field,local,1.3130171552591334,1.3130171552591334,True,0.008912625024095178,101,0.3806928722579743,0.08858430208680654,0.008912625024095178,0.0,0.0007895186675208786,False,-0.0007895186675208786,measured_local,,,,,
placement,12,12,23,exact,local,2.529555448250109,2.529555448250109,True,7.3749106377363205e-06,4096,0.4047431039080257,0.020632376836973082,7.3749106377363205e-06,0.0,1.5216193541677723e-07,False,-1.5216193541677723e-07,measured_local,,,,,
placement,12,12,23,local_search,local,2.529555448250109,2.529555448250109,True,0.00015849992632865906,1356,0.4047431039080257,0.020632376836973082,0.00015849992632865906,0.0,3.270230208645365e-06,False,-3.270230208645365e-06,measured_local,,,,,
placement,12,12,23,annealing,local,2.529555448250109,2.529555448250109,True,0.0010029589757323265,960,0.4047431039080257,0.020632376836973082,0.0010029589757323265,0.0,2.0693427539333902e-05,False,-2.0693427539333902e-05,measured_local,,,,,
placement,12,12,23,random,local,4.874838020031152,2.529555448250109,True,6.249989382922649e-06,256,0.4047431039080257,0.020632376836973082,6.249989382922649e-06,0.6644696778864299,1.2895213617554095e-07,False,-0.664469806838566,measured_local,,,,,
placement,12,12,23,qaoa,optimistic,2.529555448250109,2.529555448250109,True,0.020862957928329706,114,0.4047431039080257,0.020632376836973082,1.46236,0.0,0.030171962591315958,True,-2.030171962591316,modeled_qpu,1024.0,0.0029316303473810343,8.358633678511278,2.649728220765946,0.06001187785345735
placement,12,12,23,qaoa,nominal,2.529555448250109,2.529555448250109,True,0.020862957928329706,114,0.4047431039080257,0.020632376836973082,9.1868,0.0,0.18954551952590432,True,-2.1895455195259044,modeled_qpu,1024.0,0.0029316303473810343,8.358633678511278,2.649728220765946,0.06001187785345735
placement,12,12,23,qaoa,stressed,2.529555448250109,2.529555448250109,True,0.020862957928329706,114,0.4047431039080257,0.020632376836973082,42.0272,0.0,0.8671210278028352,True,-2.867121027802835,modeled_qpu,1024.0,0.0029316303473810343,8.358633678511278,2.649728220765946,0.06001187785345735
placement,12,12,23,mean_field,local,2.529555448250109,2.529555448250109,True,0.00844179093837738,93,0.4047431039080257,0.020632376836973082,0.00844179093837738,0.0,0.00017417421181954671,False,-0.00017417421181954671,measured_local,,,,,
placement,12,12,24,exact,local,3.1942611268949292,3.1942611268949292,True,8.95909033715725e-06,4096,0.42996717066719004,0.10078299873397857,8.95909033715725e-06,0.0,9.029239901073187e-07,False,-9.029239901073187e-07,measured_local,,,,,
placement,12,12,24,local_search,local,3.1942611268949292,3.1942611268949292,True,0.00017095799557864666,1332,0.42996717066719004,0.10078299873397857,0.00017095799557864666,0.0,1.722965945196626e-05,False,-1.722965945196626e-05,measured_local,,,,,
placement,12,12,24,annealing,local,3.1942611268949292,3.1942611268949292,True,0.0011178329586982727,960,0.42996717066719004,0.10078299873397857,0.0011178329586982727,0.0,0.00011265855766128754,False,-0.00011265855766128754,measured_local,,,,,
placement,12,12,24,random,local,4.776429040797455,3.1942611268949292,True,1.3166922144591808e-05,256,0.42996717066719004,0.10078299873397857,1.3166922144591808e-05,0.37722208180057365,1.3270018978287906e-06,False,-0.37722340880247146,measured_local,,,,,
placement,12,12,24,qaoa,optimistic,3.1942611268949292,3.1942611268949292,True,0.022489957977086306,121,0.42996717066719004,0.10078299873397857,1.5515400000000001,0.0,0.15636885385571714,True,-2.1563688538557173,modeled_qpu,1024.0,0.0027934788509110945,10.573932034486354,2.6790450843055833,0.04477947174601408
placement,12,12,24,qaoa,nominal,3.1942611268949292,3.1942611268949292,True,0.022489957977086306,121,0.42996717066719004,0.10078299873397857,9.7202,0.0,0.9796309042940186,True,-2.9796309042940186,modeled_qpu,1024.0,0.0027934788509110945,10.573932034486354,2.6790450843055833,0.04477947174601408
placement,12,12,24,qaoa,stressed,3.1942611268949292,3.1942611268949292,True,0.022489957977086306,121,0.42996717066719004,0.10078299873397857,44.3008,0.0,4.464767470314238,True,-6.464767470314238,modeled_qpu,1024.0,0.0027934788509110945,10.573932034486354,2.6790450843055833,0.04477947174601408
placement,12,12,24,mean_field,local,3.1942611268949292,3.1942611268949292,True,0.009158749948255718,109,0.42996717066719004,0.10078299873397857,0.009158749948255718,0.0,0.0009230462844398823,False,-0.0009230462844398823,measured_local,,,,,
placement,12,12,25,exact,local,2.1531180678185367,2.1531180678185367,True,9.584007784724236e-06,4096,0.6343467186538038,0.11978472494760384,9.584007784724236e-06,0.0,1.1480177363888866e-06,False,-1.1480177363888866e-06,measured_local,,,,,
placement,12,12,25,local_search,local,2.1531180678185367,2.1531180678185367,True,0.00021029100753366947,1380,0.6343467186538038,0.11978472494760384,0.00021029100753366947,0.0,2.5189650496375084e-05,False,-2.5189650496375084e-05,measured_local,,,,,
placement,12,12,25,annealing,local,2.5011339861181208,2.1531180678185367,True,0.0013453330611810088,960,0.6343467186538038,0.11978472494760384,0.0013453330611810088,0.1103719907768492,0.00016115035069648502,False,-0.11053314112754568,measured_local,,,,,
placement,12,12,25,random,local,4.32380792348826,2.1531180678185367,True,7.958034984767437e-06,256,0.6343467186538038,0.11978472494760384,7.958034984767437e-06,0.6884264429626956,9.532510317737761e-07,False,-0.6884273962137274,measured_local,,,,,
placement,12,12,25,qaoa,optimistic,2.1531180678185367,2.1531180678185367,True,0.021402540965937078,115,0.6343467186538038,0.11978472494760384,1.4751,0.0,0.17669444777021043,True,-2.1766944477702106,modeled_qpu,1024.0,0.0025132495586184327,8.457614078685193,2.670856615917829,0.05416025187787602
placement,12,12,25,qaoa,nominal,2.1531180678185367,2.1531180678185367,True,0.021402540965937078,115,0.6343467186538038,0.11978472494760384,9.263,0.0,1.1095659071896544,True,-3.1095659071896544,modeled_qpu,1024.0,0.0025132495586184327,8.457614078685193,2.670856615917829,0.05416025187787602
placement,12,12,25,qaoa,stressed,2.1531180678185367,2.1531180678185367,True,0.021402540965937078,115,0.6343467186538038,0.11978472494760384,42.352000000000004,0.0,5.0731226709809185,True,-7.0731226709809185,modeled_qpu,1024.0,0.0025132495586184327,8.457614078685193,2.670856615917829,0.05416025187787602
placement,12,12,25,mean_field,local,2.1531180678185367,2.1531180678185367,True,0.008399167098104954,97,0.6343467186538038,0.11978472494760384,0.008399167098104954,0.0,0.0010060919206354658,False,-0.0010060919206354658,measured_local,,,,,
placement,12,12,26,exact,local,2.6889742177015155,2.6889742177015155,True,8.874922059476376e-06,4096,0.5876582233963431,0.1078223764703316,8.874922059476376e-06,0.0,9.569151874417125e-07,False,-9.569151874417125e-07,measured_local,,,,,
placement,12,12,26,local_search,local,2.6889742177015155,2.6889742177015155,True,0.00017795793246477842,1332,0.5876582233963431,0.1078223764703316,0.00017795793246477842,0.0,1.9187847190099186e-05,False,-1.9187847190099186e-05,measured_local,,,,,
placement,12,12,26,annealing,local,2.838403058177115,2.6889742177015155,True,0.0011177919805049896,960,0.5876582233963431,0.1078223764703316,0.0011177919805049896,0.04050688122420767,0.00012052298773752656,False,-0.040627404211945196,measured_local,,,,,
placement,12,12,26,random,local,5.837930160787624,2.6889742177015155,True,1.13749410957098e-05,256,0.5876582233963431,0.1078223764703316,1.13749410957098e-05,0.8536128899941525,1.2264731811494683e-06,False,-0.8536141164673337,measured_local,,,,,
placement,12,12,26,qaoa,optimistic,2.6889742177015155,2.6889742177015155,True,0.01980829203967005,108,0.5876582233963431,0.1078223764703316,1.3859200000000003,0.0,0.149433187997762,True,-2.149433187997762,modeled_qpu,1024.0,0.0024657671658399284,8.693943379907491,2.678505064896288,0.055258889413366895
placement,12,12,26,qaoa,nominal,2.6889742177015155,2.6889742177015155,True,0.01980829203967005,108,0.5876582233963431,0.1078223764703316,8.7296,0.0,0.9412462176354067,True,-2.9412462176354066,modeled_qpu,1024.0,0.0024657671658399284,8.693943379907491,2.678505064896288,0.055258889413366895
placement,12,12,26,qaoa,stressed,2.6889742177015155,2.6889742177015155,True,0.01980829203967005,108,0.5876582233963431,0.1078223764703316,40.0784,0.0,4.3213483331285385,True,-6.3213483331285385,modeled_qpu,1024.0,0.0024657671658399284,8.693943379907491,2.678505064896288,0.055258889413366895
placement,12,12,26,mean_field,local,2.6889742177015155,2.6889742177015155,True,0.007844374980777502,88,0.5876582233963431,0.1078223764703316,0.007844374980777502,0.0,0.000845799152351842,False,-0.000845799152351842,measured_local,,,,,
placement,12,12,27,exact,local,2.2425617039442267,2.2425617039442267,True,8.750008419156075e-06,4096,0.5083093386758348,0.06738565704125793,8.750008419156075e-06,0.0,5.896250664413707e-07,False,-5.896250664413707e-07,measured_local,,,,,
placement,12,12,27,local_search,local,2.2425617039442267,2.2425617039442267,True,0.00015279208309948444,1188,0.5083093386758348,0.06738565704125793,0.00015279208309948444,0.0,1.029599491036124e-05,False,-1.029599491036124e-05,measured_local,,,,,
placement,12,12,27,annealing,local,2.7734877420909685,2.2425617039442267,True,0.0010783340549096465,960,0.5083093386758348,0.06738565704125793,0.0010783340549096465,0.16373660291519743,7.266424880005043e-05,False,-0.1638092671639975,measured_local,,,,,
placement,12,12,27,random,local,16.819983852334726,2.2425617039442267,False,7.207971066236496e-06,256,0.5083093386758348,0.06738565704125793,7.207971066236496e-06,4.495649884058841,4.857138662327228e-07,False,-9.495650369772706,measured_local,,,,,
placement,12,12,27,qaoa,optimistic,2.2425617039442267,2.2425617039442267,True,0.02188820904120803,118,0.5083093386758348,0.06738565704125793,1.5133200000000002,0.0,0.10197606251367647,True,-2.1019760625136765,modeled_qpu,1024.0,0.004277603593746818,10.558779491581983,2.6851585322681895,0.04751456707532649
placement,12,12,27,qaoa,nominal,2.2425617039442267,2.2425617039442267,True,0.02188820904120803,118,0.5083093386758348,0.06738565704125793,9.4916,0.0,0.6395977023728038,True,-2.6395977023728037,modeled_qpu,1024.0,0.004277603593746818,10.558779491581983,2.6851585322681895,0.04751456707532649
placement,12,12,27,qaoa,stressed,2.2425617039442267,2.2425617039442267,True,0.02188820904120803,118,0.5083093386758348,0.06738565704125793,43.32640000000001,0.0,2.919577931232358,True,-4.919577931232358,modeled_qpu,1024.0,0.004277603593746818,10.558779491581983,2.6851585322681895,0.04751456707532649
placement,12,12,27,mean_field,local,3.344554754332515,2.2425617039442267,True,0.009116625064052641,105,0.5083093386758348,0.06738565704125793,0.009116625064052641,0.3398526075996743,0.0006143297699399874,False,-0.34046693736961425,measured_local,,,,,
placement,12,12,28,exact,local,1.4848811480070365,1.4848811480070365,True,1.0083080269396305e-05,4096,0.17617382547109106,0.03643129566801519,1.0083080269396305e-05,0.0,3.6733967853870703e-07,False,-3.6733967853870703e-07,measured_local,,,,,
placement,12,12,28,local_search,local,1.4848811480070365,1.4848811480070365,True,0.00018408300820738077,1392,0.17617382547109106,0.03643129566801519,0.00018408300820738077,0.0,6.7063824994607554e-06,False,-6.7063824994607554e-06,measured_local,,,,,
placement,12,12,28,annealing,local,2.120746222037365,1.4848811480070365,True,0.001042374991811812,960,0.17617382547109106,0.03643129566801519,0.001042374991811812,0.25589355633379685,3.797507152364103e-05,False,-0.2559315314053205,measured_local,,,,,
placement,12,12,28,random,local,2.8173156195430753,1.4848811480070365,True,9.124982170760632e-06,256,0.17617382547109106,0.03643129566801519,9.124982170760632e-06,0.536216580259663,3.324349234283476e-07,False,-0.5362169126945865,measured_local,,,,,
placement,12,12,28,qaoa,optimistic,1.4848811480070365,1.4848811480070365,True,0.021899834042415023,118,0.17617382547109106,0.03643129566801519,1.5133200000000002,0.0,0.055132208360320754,True,-2.055132208360321,modeled_qpu,1024.0,0.004349569197633991,10.550478632334904,2.684574487384438,0.048281681558935155
placement,12,12,28,qaoa,nominal,1.4848811480070365,1.4848811480070365,True,0.021899834042415023,118,0.17617382547109106,0.03643129566801519,9.4916,0.0,0.34579128596253295,True,-2.345791285962533,modeled_qpu,1024.0,0.004349569197633991,10.550478632334904,2.684574487384438,0.048281681558935155
placement,12,12,28,qaoa,stressed,1.4848811480070365,1.4848811480070365,True,0.021899834042415023,118,0.17617382547109106,0.03643129566801519,43.32640000000001,0.0,1.5784368886306934,True,-3.5784368886306934,modeled_qpu,1024.0,0.004349569197633991,10.550478632334904,2.684574487384438,0.048281681558935155
placement,12,12,28,mean_field,local,1.4848811480070365,1.4848811480070365,True,0.008116874960251153,90,0.17617382547109106,0.03643129566801519,0.008116874960251153,0.0,0.00029570827157721877,False,-0.00029570827157721877,measured_local,,,,,
placement,12,12,29,exact,local,2.3014685393434764,2.3014685393434764,True,7.916009053587914e-06,4096,0.5755535912991923,0.06105387881152585,7.916009053587914e-06,0.0,4.83303057428698e-07,False,-4.83303057428698e-07,measured_local,,,,,
placement,12,12,29,local_search,local,2.3014685393434764,2.3014685393434764,True,0.00015700003132224083,1296,0.5755535912991923,0.06105387881152585,0.00015700003132224083,0.0,9.585460885753855e-06,False,-9.585460885753855e-06,measured_local,,,,,
placement,12,12,29,annealing,local,2.9735737770903423,2.3014685393434764,True,0.0010522500379011035,960,0.5755535912991923,0.06105387881152585,0.0010522500379011035,0.20357765937715688,6.424394629343746e-05,False,-0.2036419033234503,measured_local,,,,,
placement,12,12,29,random,local,3.437928872463235,2.3014685393434764,True,7.166992872953415e-06,256,0.5755535912991923,0.06105387881152585,7.166992872953415e-06,0.3442287332369227,4.375727143083673e-07,False,-0.344229170809637,measured_local,,,,,
placement,12,12,29,qaoa,optimistic,2.3014685393434764,2.3014685393434764,True,0.02225191704928875,120,0.5755535912991923,0.06105387881152585,1.5388000000000002,0.0,0.093949708715176,True,-2.093949708715176,modeled_qpu,1024.0,0.004187757416769419,10.687705855908339,2.68489349648795,0.04643118657209202
placement,12,12,29,qaoa,nominal,2.3014685393434764,2.3014685393434764,True,0.02225191704928875,120,0.5755535912991923,0.06105387881152585,9.644,0.0,0.5888036072583553,True,-2.588803607258355,modeled_qpu,1024.0,0.004187757416769419,10.687705855908339,2.68489349648795,0.04643118657209202
placement,12,12,29,qaoa,stressed,2.3014685393434764,2.3014685393434764,True,0.02225191704928875,120,0.5755535912991923,0.06105387881152585,43.976000000000006,0.0,2.6849053746156613,True,-4.684905374615662,modeled_qpu,1024.0,0.004187757416769419,10.687705855908339,2.68489349648795,0.04643118657209202
placement,12,12,29,mean_field,local,3.614408066938414,2.3014685393434764,True,0.009219666942954063,102,0.5755535912991923,0.06105387881152585,0.009219666942954063,0.3976834890136576,0.0005628964282177484,False,-0.39824638544187535,measured_local,,,,,
routing,6,6,0,exact,local,3.547221538095864,3.547221538095864,True,5.37489540874958e-06,64,0.9558534695820338,0.030083156543450625,5.37489540874958e-06,0.0,1.6169381998608767e-07,False,-1.6169381998608767e-07,measured_local,,,,,
routing,6,6,0,local_search,local,3.547221538095864,3.547221538095864,True,9.624997619539499e-05,396,0.9558534695820338,0.030083156543450625,9.624997619539499e-05,0.0,2.8955031011894637e-06,False,-2.8955031011894637e-06,measured_local,,,,,
routing,6,6,0,annealing,local,3.547221538095864,3.547221538095864,True,0.0010649169562384486,960,0.9558534695820338,0.030083156543450625,0.0010649169562384486,0.0,3.203606350029621e-05,False,-3.203606350029621e-05,measured_local,,,,,
routing,6,6,0,random,local,3.547221538095864,3.547221538095864,True,9.709037840366364e-06,256,0.9558534695820338,0.030083156543450625,9.709037840366364e-06,0.0,2.920785052380271e-07,False,-2.920785052380271e-07,measured_local,,,,,
routing,6,6,0,qaoa,optimistic,3.547221538095864,3.547221538095864,True,0.0020619590068235993,89,0.9558534695820338,0.030083156543450625,1.14386,0.0,0.03441091944379143,True,-2.0344109194437916,modeled_qpu,1024.0,0.04575942547317831,4.480309545442639,2.720351341177084,0.04994274257601168
routing,6,6,0,qaoa,nominal,3.547221538095864,3.547221538095864,True,0.0020619590068235993,89,0.9558534695820338,0.030083156543450625,7.2818000000000005,0.0,0.21905952931809877,True,-2.219059529318099,modeled_qpu,1024.0,0.04575942547317831,4.480309545442639,2.720351341177084,0.04994274257601168
routing,6,6,0,qaoa,stressed,3.547221538095864,3.547221538095864,True,0.0020619590068235993,89,0.9558534695820338,0.030083156543450625,33.9072,0.0,1.0200356055500892,True,-3.020035605550089,modeled_qpu,1024.0,0.04575942547317831,4.480309545442639,2.720351341177084,0.04994274257601168
routing,6,6,0,mean_field,local,3.547221538095864,3.547221538095864,True,0.002013582969084382,92,0.9558534695820338,0.030083156543450625,0.002013582969084382,0.0,6.0574931672191564e-05,False,-6.0574931672191564e-05,measured_local,,,,,
routing,6,6,1,exact,local,4.14444535096205,4.14444535096205,True,3.2079406082630157e-06,64,0.9133294230207678,0.1454278640431134,3.2079406082630157e-06,0.0,4.6652395063685634e-07,False,-4.6652395063685634e-07,measured_local,,,,,
routing,6,6,1,local_search,local,2.567531227262219,4.14444535096205,False,0.00010083301458507776,402,0.9133294230207678,0.1454278640431134,0.00010083301458507776,0.0,1.4663929936135958e-05,False,-5.000014663929936,measured_local,,,,,
routing,6,6,1,annealing,local,4.14444535096205,4.14444535096205,True,0.0010416250443086028,960,0.9133294230207678,0.1454278640431134,0.0010416250443086028,0.0,0.00015148130532761345,False,-0.00015148130532761345,measured_local,,,,,
routing,6,6,1,random,local,4.14444535096205,4.14444535096205,True,6.791087798774242e-06,256,0.9133294230207678,0.1454278640431134,6.791087798774242e-06,0.0,9.876133931049866e-07,False,-9.876133931049866e-07,measured_local,,,,,
routing,6,6,1,qaoa,optimistic,4.14444535096205,4.14444535096205,True,0.0020607910118997097,89,0.9133294230207678,0.1454278640431134,1.14386,0.0,0.1663491165643557,True,-2.166349116564356,modeled_qpu,1024.0,0.047332327851300565,3.8611590005107814,2.6773593763117933,0.0634298439258578
routing,6,6,1,qaoa,nominal,4.14444535096205,4.14444535096205,True,0.0020607910118997097,89,0.9133294230207678,0.1454278640431134,7.2818000000000005,0.0,1.058976620389143,True,-3.058976620389143,modeled_qpu,1024.0,0.047332327851300565,3.8611590005107814,2.6773593763117933,0.0634298439258578
routing,6,6,1,qaoa,stressed,4.14444535096205,4.14444535096205,True,0.0020607910118997097,89,0.9133294230207678,0.1454278640431134,33.9072,0.0,4.9310516716826545,True,-6.9310516716826545,modeled_qpu,1024.0,0.047332327851300565,3.8611590005107814,2.6773593763117933,0.0634298439258578
routing,6,6,1,mean_field,local,4.14444535096205,4.14444535096205,True,0.00221595901530236,108,0.9133294230207678,0.1454278640431134,0.00221595901530236,0.0,0.00032226218640250305,False,-0.00032226218640250305,measured_local,,,,,
routing,6,6,2,exact,local,3.381447988861252,3.381447988861252,True,3.208988346159458e-06,64,0.6133465222035063,0.09627878528958027,3.208988346159458e-06,0.0,3.0895749997665177e-07,False,-3.0895749997665177e-07,measured_local,,,,,
routing,6,6,2,local_search,local,3.381447988861252,3.381447988861252,True,8.620810694992542e-05,324,0.6133465222035063,0.09627878528958027,8.620810694992542e-05,0.0,8.300011819253042e-06,False,-8.300011819253042e-06,measured_local,,,,,
routing,6,6,2,annealing,local,3.381447988861252,3.381447988861252,True,0.0011191669618710876,960,0.6133465222035063,0.09627878528958027,0.0011191669618710876,0.0,0.00010775203562517831,False,-0.00010775203562517831,measured_local,,,,,
routing,6,6,2,random,local,3.381447988861252,3.381447988861252,True,8.33394005894661e-06,256,0.6133465222035063,0.09627878528958027,8.33394005894661e-06,0.0,8.023816255515526e-07,False,-8.023816255515526e-07,measured_local,,,,,
routing,6,6,2,qaoa,optimistic,3.381447988861252,3.381447988861252,True,0.0020932499319314957,90,0.6133465222035063,0.09627878528958027,1.1566,0.0,0.11135604306592854,True,-2.1113560430659284,modeled_qpu,1024.0,0.05853937764166191,4.384741425296629,2.7548917885575226,0.07656395967801376
routing,6,6,2,qaoa,nominal,3.381447988861252,3.381447988861252,True,0.0020932499319314957,90,0.6133465222035063,0.09627878528958027,7.3580000000000005,0.0,0.7084193021607317,True,-2.7084193021607317,modeled_qpu,1024.0,0.05853937764166191,4.384741425296629,2.7548917885575226,0.07656395967801376
routing,6,6,2,qaoa,stressed,3.381447988861252,3.381447988861252,True,0.0020932499319314957,90,0.6133465222035063,0.09627878528958027,34.232,0.0,3.295815378032912,True,-5.295815378032912,modeled_qpu,1024.0,0.05853937764166191,4.384741425296629,2.7548917885575226,0.07656395967801376
routing,6,6,2,mean_field,local,3.381447988861252,3.381447988861252,True,0.0023509589955210686,108,0.6133465222035063,0.09627878528958027,0.0023509589955210686,0.0,0.00022634747635438026,False,-0.00022634747635438026,measured_local,,,,,
routing,6,6,3,exact,local,2.8294887654078402,2.8294887654078402,True,3.5419361665844917e-06,64,0.3725231613832987,0.08612448259302917,3.5419361665844917e-06,0.0,3.050474197246265e-07,False,-3.050474197246265e-07,measured_local,,,,,
routing,6,6,3,local_search,local,2.8294887654078402,2.8294887654078402,True,8.629204239696264e-05,360,0.3725231613832987,0.08612448259302917,8.629204239696264e-05,0.0,7.431857503334144e-06,False,-7.431857503334144e-06,measured_local,,,,,
routing,6,6,3,annealing,local,2.8294887654078402,2.8294887654078402,True,0.0010480419732630253,960,0.3725231613832987,0.08612448259302917,0.0010480419732630253,0.0,9.026207268305536e-05,False,-9.026207268305536e-05,measured_local,,,,,
routing,6,6,3,random,local,2.8294887654078402,2.8294887654078402,True,7.209018804132938e-06,256,0.3725231613832987,0.08612448259302917,7.209018804132938e-06,0.0,6.208730145093672e-07,False,-6.208730145093672e-07,measured_local,,,,,
routing,6,6,3,qaoa,optimistic,2.8294887654078402,2.8294887654078402,True,0.002102457918226719,92,0.3725231613832987,0.08612448259302917,1.1820800000000002,0.0,0.10180602838356795,True,-2.101806028383568,modeled_qpu,1024.0,0.041721450764966576,3.429781935301487,2.7326527849931868,0.08023044880341551
routing,6,6,3,qaoa,nominal,2.8294887654078402,2.8294887654078402,True,0.002102457918226719,92,0.3725231613832987,0.08612448259302917,7.510400000000001,0.0,0.6468293140666863,True,-2.6468293140666863,modeled_qpu,1024.0,0.041721450764966576,3.429781935301487,2.7326527849931868,0.08023044880341551
routing,6,6,3,qaoa,stressed,2.8294887654078402,2.8294887654078402,True,0.002102457918226719,92,0.3725231613832987,0.08612448259302917,34.881600000000006,0.0,3.004159752017007,True,-5.0041597520170065,modeled_qpu,1024.0,0.041721450764966576,3.429781935301487,2.7326527849931868,0.08023044880341551
routing,6,6,3,mean_field,local,2.8294887654078402,2.8294887654078402,True,0.0018458330305293202,85,0.3725231613832987,0.08612448259302917,0.0018458330305293202,0.0,0.00015897141470746072,False,-0.00015897141470746072,measured_local,,,,,
routing,6,6,4,exact,local,3.5059989411842394,3.5059989411842394,True,2.7080532163381577e-06,64,0.20082033706490413,0.07130121507086729,2.7080532163381577e-06,0.0,1.9308748480148086e-07,False,-1.9308748480148086e-07,measured_local,,,,,
routing,6,6,4,local_search,local,3.5059989411842394,3.5059989411842394,True,9.29159577935934e-05,378,0.20082033706490413,0.07130121507086729,9.29159577935934e-05,0.0,6.625020690156631e-06,False,-6.625020690156631e-06,measured_local,,,,,
routing,6,6,4,annealing,local,3.5059989411842394,3.5059989411842394,True,0.0010675829835236073,960,0.20082033706490413,0.07130121507086729,0.0010675829835236073,0.0,7.611996391421489e-05,False,-7.611996391421489e-05,measured_local,,,,,
routing,6,6,4,random,local,3.5059989411842394,3.5059989411842394,True,6.541959010064602e-06,256,0.20082033706490413,0.07130121507086729,6.541959010064602e-06,0.0,4.664496263614142e-07,False,-4.664496263614142e-07,measured_local,,,,,
routing,6,6,4,qaoa,optimistic,3.5059989411842394,3.5059989411842394,True,0.002108708955347538,93,0.20082033706490413,0.07130121507086729,1.1948200000000002,0.0,0.08519211779097366,True,-2.0851921177909736,modeled_qpu,1024.0,0.04323427701404625,3.82612458068502,2.728903830652313,0.06198975605950247
routing,6,6,4,qaoa,nominal,3.5059989411842394,3.5059989411842394,True,0.002108708955347538,93,0.20082033706490413,0.07130121507086729,7.586600000000001,0.0,0.5409337982566418,True,-2.540933798256642,modeled_qpu,1024.0,0.04323427701404625,3.82612458068502,2.728903830652313,0.06198975605950247
routing,6,6,4,qaoa,stressed,3.5059989411842394,3.5059989411842394,True,0.002108708955347538,93,0.20082033706490413,0.07130121507086729,35.2064,0.0,2.510259098270982,True,-4.510259098270982,modeled_qpu,1024.0,0.04323427701404625,3.82612458068502,2.728903830652313,0.06198975605950247
routing,6,6,4,mean_field,local,3.5059989411842394,3.5059989411842394,True,0.0019538330379873514,95,0.20082033706490413,0.07130121507086729,0.0019538330379873514,0.0,0.00013931066965410216,False,-0.00013931066965410216,measured_local,,,,,
routing,6,6,5,exact,local,3.469480168937225,3.469480168937225,True,2.7079368010163307e-06,64,0.17144665786772914,0.14054483029148876,2.7079368010163307e-06,0.0,3.805865181389172e-07,False,-3.805865181389172e-07,measured_local,,,,,
routing,6,6,5,local_search,local,3.469480168937225,3.469480168937225,True,9.337498340755701e-05,378,0.17144665786772914,0.14054483029148876,9.337498340755701e-05,0.0,1.3123371196485678e-05,False,-1.3123371196485678e-05,measured_local,,,,,
routing,6,6,5,annealing,local,3.469480168937225,3.469480168937225,True,0.0011195000261068344,960,0.17144665786772914,0.14054483029148876,0.0011195000261068344,0.0,0.0001573399411805023,False,-0.0001573399411805023,measured_local,,,,,
routing,6,6,5,random,local,3.4732709719657775,3.469480168937225,True,7.166992872953415e-06,256,0.17144665786772914,0.14054483029148876,7.166992872953415e-06,0.0008481530033175869,1.0072837970295471e-06,False,-0.0008491602871146164,measured_local,,,,,
routing,6,6,5,qaoa,optimistic,3.469480168937225,3.469480168937225,True,0.0023695420240983367,103,0.17144665786772914,0.14054483029148876,1.3222200000000002,0.0,0.18583118550801228,True,-2.1858311855080124,modeled_qpu,1024.0,0.056670201537387645,4.216214392711638,2.766342340091322,0.07840827880402006
routing,6,6,5,qaoa,nominal,3.469480168937225,3.469480168937225,True,0.0023695420240983367,103,0.17144665786772914,0.14054483029148876,8.348600000000001,0.0,1.1733525701715233,True,-3.1733525701715233,modeled_qpu,1024.0,0.056670201537387645,4.216214392711638,2.766342340091322,0.07840827880402006
routing,6,6,5,qaoa,stressed,3.469480168937225,3.469480168937225,True,0.0023695420240983367,103,0.17144665786772914,0.14054483029148876,38.45440000000001,0.0,5.404567121961026,True,-7.404567121961026,modeled_qpu,1024.0,0.056670201537387645,4.216214392711638,2.766342340091322,0.07840827880402006
routing,6,6,5,mean_field,local,3.469480168937225,3.469480168937225,True,0.0021867500618100166,104,0.17144665786772914,0.14054483029148876,0.0021867500618100166,0.0,0.00030733641632699134,False,-0.00030733641632699134,measured_local,,,,,
routing,6,6,6,exact,local,3.326831827137393,3.326831827137393,True,2.874992787837982e-06,64,0.8276934179397842,0.10855805314382792,2.874992787837982e-06,0.0,3.121036198502377e-07,False,-3.121036198502377e-07,measured_local,,,,,
routing,6,6,6,local_search,local,3.326831827137393,3.326831827137393,True,8.883303962647915e-05,378,0.8276934179397842,0.10855805314382792,8.883303962647915e-05,0.0,9.643541836699095e-06,False,-9.643541836699095e-06,measured_local,,,,,
routing,6,6,6,annealing,local,3.326831827137393,3.326831827137393,True,0.0010469999397173524,960,0.8276934179397842,0.10855805314382792,0.0010469999397173524,0.0,0.00011366027509742098,False,-0.00011366027509742098,measured_local,,,,,
routing,6,6,6,random,local,3.326831827137393,3.326831827137393,True,1.0207993909716606e-05,256,0.8276934179397842,0.10855805314382792,1.0207993909716606e-05,0.0,1.108159945342887e-06,False,-1.108159945342887e-06,measured_local,,,,,
routing,6,6,6,qaoa,optimistic,3.326831827137393,3.326831827137393,True,0.002342750085517764,101,0.8276934179397842,0.10855805314382792,1.2967400000000002,0.0,0.14077156983372743,True,-2.1407715698337273,modeled_qpu,1024.0,0.039239590497314666,3.036653077048764,2.7101478551480374,0.060823881223239215
routing,6,6,6,qaoa,nominal,3.326831827137393,3.326831827137393,True,0.002342750085517764,101,0.8276934179397842,0.10855805314382792,8.196200000000001,0.0,0.8897635151774426,True,-2.8897635151774423,modeled_qpu,1024.0,0.039239590497314666,3.036653077048764,2.7101478551480374,0.060823881223239215
routing,6,6,6,qaoa,stressed,3.326831827137393,3.326831827137393,True,0.002342750085517764,101,0.8276934179397842,0.10855805314382792,37.8048,0.0,4.104015487491786,True,-6.104015487491786,modeled_qpu,1024.0,0.039239590497314666,3.036653077048764,2.7101478551480374,0.060823881223239215
routing,6,6,6,mean_field,local,3.326831827137393,3.326831827137393,True,0.002111583948135376,103,0.8276934179397842,0.10855805314382792,0.002111583948135376,0.0,0.00022922944245933413,False,-0.00022922944245933413,measured_local,,,,,
routing,6,6,7,exact,local,3.0757640987042505,3.0757640987042505,True,3.583962097764015e-06,64,0.5158750543265572,0.06461577345417366,3.583962097764015e-06,0.0,2.315804829774646e-07,False,-2.315804829774646e-07,measured_local,,,,,
routing,6,6,7,local_search,local,3.0757640987042505,3.0757640987042505,True,9.750004392117262e-05,384,0.5158750543265572,0.06461577345417366,9.750004392117262e-05,0.0,6.300040749782471e-06,False,-6.300040749782471e-06,measured_local,,,,,
routing,6,6,7,annealing,local,3.0757640987042505,3.0757640987042505,True,0.0011144999880343676,960,0.5158750543265572,0.06461577345417366,0.0011144999880343676,0.0,7.201427874150795e-05,False,-7.201427874150795e-05,measured_local,,,,,
routing,6,6,7,random,local,3.0757640987042505,3.0757640987042505,True,9.00006853044033e-06,256,0.5158750543265572,0.06461577345417366,9.00006853044033e-06,0.0,5.8154638923497e-07,False,-5.8154638923497e-07,measured_local,,,,,
routing,6,6,7,qaoa,optimistic,3.0757640987042505,3.0757640987042505,True,0.002091500093229115,95,0.5158750543265572,0.06461577345417366,1.2203000000000002,0.0,0.07885062834612813,True,-2.078850628346128,modeled_qpu,1024.0,0.04160648698140142,4.17654859192333,2.736134222631406,0.07247310301777868
routing,6,6,7,qaoa,nominal,3.0757640987042505,3.0757640987042505,True,0.002091500093229115,95,0.5158750543265572,0.06461577345417366,7.739000000000001,0.0,0.50006147076185,True,-2.50006147076185,modeled_qpu,1024.0,0.04160648698140142,4.17654859192333,2.736134222631406,0.07247310301777868
routing,6,6,7,qaoa,stressed,3.0757640987042505,3.0757640987042505,True,0.002091500093229115,95,0.5158750543265572,0.06461577345417366,35.856,0.0,2.316863172972851,True,-4.316863172972851,modeled_qpu,1024.0,0.04160648698140142,4.17654859192333,2.736134222631406,0.07247310301777868
routing,6,6,7,mean_field,local,3.0757640987042505,3.0757640987042505,True,0.0022476670565083623,109,0.5158750543265572,0.06461577345417366,0.0022476670565083623,0.0,0.00014523474532375367,False,-0.00014523474532375367,measured_local,,,,,
routing,6,6,8,exact,local,2.786912410190125,2.786912410190125,True,3.125052899122238e-06,64,0.993896683741696,0.10918393435967685,3.125052899122238e-06,0.0,3.412055706082803e-07,False,-3.412055706082803e-07,measured_local,,,,,
routing,6,6,8,local_search,local,2.786912410190125,2.786912410190125,True,9.099999442696571e-05,318,0.993896683741696,0.10918393435967685,9.099999442696571e-05,0.0,9.935737418244784e-06,False,-9.935737418244784e-06,measured_local,,,,,
routing,6,6,8,annealing,local,2.786912410190125,2.786912410190125,True,0.0010819999733939767,960,0.993896683741696,0.10918393435967685,0.0010819999733939767,0.0,0.00011813701407222006,False,-0.00011813701407222006,measured_local,,,,,
routing,6,6,8,random,local,2.786912410190125,2.786912410190125,True,7.708091288805008e-06,256,0.993896683741696,0.10918393435967685,7.708091288805008e-06,0.0,8.415997333152829e-07,False,-8.415997333152829e-07,measured_local,,,,,
routing,6,6,8,qaoa,optimistic,2.786912410190125,2.786912410190125,True,0.002090875059366226,94,0.993896683741696,0.10918393435967685,1.2075600000000002,0.0,0.1318461517753714,True,-2.1318461517753713,modeled_qpu,1024.0,0.04294244999536884,3.4200530633407973,2.719493443125778,0.06742605618238595
routing,6,6,8,qaoa,nominal,2.786912410190125,2.786912410190125,True,0.002090875059366226,94,0.993896683741696,0.10918393435967685,7.662800000000001,0.0,0.8366546522113318,True,-2.836654652211332,modeled_qpu,1024.0,0.04294244999536884,3.4200530633407973,2.719493443125778,0.06742605618238595
routing,6,6,8,qaoa,stressed,2.786912410190125,2.786912410190125,True,0.002090875059366226,94,0.993896683741696,0.10918393435967685,35.5312,0.0,3.8794362085205503,True,-5.87943620852055,modeled_qpu,1024.0,0.04294244999536884,3.4200530633407973,2.719493443125778,0.06742605618238595
routing,6,6,8,mean_field,local,2.786912410190125,2.786912410190125,True,0.002378458040766418,112,0.993896683741696,0.10918393435967685,0.002378458040766418,0.0,0.0002596894066002862,False,-0.0002596894066002862,measured_local,,,,,
routing,6,6,9,exact,local,3.458641056788881,3.458641056788881,True,2.9169023036956787e-06,64,0.5303989917789396,0.10249287151275115,2.9169023036956787e-06,0.0,2.9896169302792903e-07,False,-2.9896169302792903e-07,measured_local,,,,,
routing,6,6,9,local_search,local,3.458641056788881,3.458641056788881,True,9.300000965595245e-05,402,0.5303989917789396,0.10249287151275115,9.300000965595245e-05,0.0,9.531838040352151e-06,False,-9.531838040352151e-06,measured_local,,,,,
routing,6,6,9,annealing,local,3.458641056788881,3.458641056788881,True,0.0011027079308405519,960,0.5303989917789396,0.10249287151275115,0.0011027079308405519,0.0,0.00011301970227173235,False,-0.00011301970227173235,measured_local,,,,,
routing,6,6,9,random,local,3.458641056788881,3.458641056788881,True,8.582952432334423e-06,256,0.5303989917789396,0.10249287151275115,8.582952432334423e-06,0.0,8.79691440847307e-07,False,-8.79691440847307e-07,measured_local,,,,,
routing,6,6,9,qaoa,optimistic,3.458641056788881,3.458641056788881,True,0.0022822500905022025,96,0.5303989917789396,0.10249287151275115,1.2330400000000001,0.0,0.1263778102900827,True,-2.1263778102900828,modeled_qpu,1024.0,0.0401884189365995,3.9280023949537277,2.720031635963915,0.05735797387844245
routing,6,6,9,qaoa,nominal,3.458641056788881,3.458641056788881,True,0.0022822500905022025,96,0.5303989917789396,0.10249287151275115,7.815200000000001,0.0,0.8010022894464528,True,-2.801002289446453,modeled_qpu,1024.0,0.0401884189365995,3.9280023949537277,2.720031635963915,0.05735797387844245
routing,6,6,9,qaoa,stressed,3.458641056788881,3.458641056788881,True,0.0022822500905022025,96,0.5303989917789396,0.10249287151275115,36.180800000000005,0.0,3.708274085628547,True,-5.708274085628547,modeled_qpu,1024.0,0.0401884189365995,3.9280023949537277,2.720031635963915,0.05735797387844245
routing,6,6,9,mean_field,local,3.458641056788881,3.458641056788881,True,0.002156083006411791,105,0.5303989917789396,0.10249287151275115,0.002156083006411791,0.0,0.0002209831385469899,False,-0.0002209831385469899,measured_local,,,,,
routing,6,6,10,exact,local,3.7828047582588638,3.7828047582588638,True,3.1249364838004112e-06,64,0.8785255822146271,0.09716171294613232,3.1249364838004112e-06,0.0,3.0362418161391163e-07,False,-3.0362418161391163e-07,measured_local,,,,,
routing,6,6,10,local_search,local,3.7828047582588638,3.7828047582588638,True,8.833291940391064e-05,336,0.8785255822146271,0.09716171294613232,8.833291940391064e-05,0.0,8.582577758816607e-06,False,-8.582577758816607e-06,measured_local,,,,,
routing,6,6,10,annealing,local,3.7828047582588638,3.7828047582588638,True,0.0012481670128181577,960,0.8785255822146271,0.09716171294613232,0.0012481670128181577,0.0,0.00012127404500826929,False,-0.00012127404500826929,measured_local,,,,,
routing,6,6,10,random,local,3.7828047582588638,3.7828047582588638,True,1.12500274553895e-05,256,0.8785255822146271,0.09716171294613232,1.12500274553895e-05,0.0,1.093071938256662e-06,False,-1.093071938256662e-06,measured_local,,,,,
routing,6,6,10,qaoa,optimistic,3.7828047582588638,3.7828047582588638,True,0.0020314159337431192,90,0.8785255822146271,0.09716171294613232,1.1566,0.0,0.11237723719349665,True,-2.112377237193497,modeled_qpu,1024.0,0.060191638151133854,4.488802591639858,2.747060348864175,0.07687287279756541
routing,6,6,10,qaoa,nominal,3.7828047582588638,3.7828047582588638,True,0.0020314159337431192,90,0.8785255822146271,0.09716171294613232,7.3580000000000005,0.0,0.7149158838576417,True,-2.7149158838576417,modeled_qpu,1024.0,0.060191638151133854,4.488802591639858,2.747060348864175,0.07687287279756541
routing,6,6,10,qaoa,stressed,3.7828047582588638,3.7828047582588638,True,0.0020314159337431192,90,0.8785255822146271,0.09716171294613232,34.232,0.0,3.3260397575720018,True,-5.326039757572001,modeled_qpu,1024.0,0.060191638151133854,4.488802591639858,2.747060348864175,0.07687287279756541
routing,6,6,10,mean_field,local,3.7828047582588638,3.7828047582588638,True,0.002023999928496778,95,0.8785255822146271,0.09716171294613232,0.002023999928496778,0.0,0.0001966553000555963,False,-0.0001966553000555963,measured_local,,,,,
routing,6,6,11,exact,local,5.274481558153858,5.274481558153858,True,3.208988346159458e-06,64,0.6602092619224618,0.12285512365171787,3.208988346159458e-06,0.0,3.9424066006434187e-07,False,-3.9424066006434187e-07,measured_local,,,,,
routing,6,6,11,local_search,local,5.274481558153858,5.274481558153858,True,9.63329803198576e-05,378,0.6602092619224618,0.12285512365171787,9.63329803198576e-05,0.0,1.183500020893461e-05,False,-1.183500020893461e-05,measured_local,,,,,
routing,6,6,11,annealing,local,5.274481558153858,5.274481558153858,True,0.001140040927566588,960,0.6602092619224618,0.12285512365171787,0.001140040927566588,0.0,0.0001400598691242123,False,-0.0001400598691242123,measured_local,,,,,
routing,6,6,11,random,local,5.274481558153858,5.274481558153858,True,1.833401620388031e-05,256,0.6602092619224618,0.12285512365171787,1.833401620388031e-05,0.0,2.2524278277603146e-06,False,-2.2524278277603146e-06,measured_local,,,,,
routing,6,6,11,qaoa,optimistic,5.274481558153858,5.274481558153858,True,0.002280249958857894,97,0.6602092619224618,0.12285512365171787,1.24578,0.0,0.15305045594283712,True,-2.153050455942837,modeled_qpu,1024.0,0.04291822381723824,4.633819473915498,2.7324563239732242,0.05288447878835627
routing,6,6,11,qaoa,nominal,5.274481558153858,5.274481558153858,True,0.002280249958857894,97,0.6602092619224618,0.12285512365171787,7.8914,0.0,0.9694989227851664,True,-2.9694989227851663,modeled_qpu,1024.0,0.04291822381723824,4.633819473915498,2.7324563239732242,0.05288447878835627
routing,6,6,11,qaoa,stressed,5.274481558153858,5.274481558153858,True,0.002280249958857894,97,0.6602092619224618,0.12285512365171787,36.5056,0.0,4.484900001980152,True,-6.484900001980152,modeled_qpu,1024.0,0.04291822381723824,4.633819473915498,2.7324563239732242,0.05288447878835627
routing,6,6,11,mean_field,local,5.274481558153858,5.274481558153858,True,0.0022293749498203397,114,0.6602092619224618,0.12285512365171787,0.0022293749498203397,0.0,0.00027389013512622016,False,-0.00027389013512622016,measured_local,,,,,
routing,6,6,12,exact,local,4.589963925928879,4.589963925928879,True,2.624932676553726e-06,64,0.3628980114687787,0.03833924891307145,2.624932676553726e-06,0.0,1.0063794726644819e-07,False,-1.0063794726644819e-07,measured_local,,,,,
routing,6,6,12,local_search,local,4.589963925928879,4.589963925928879,True,9.741599205881357e-05,414,0.3628980114687787,0.03833924891307145,9.741599205881357e-05,0.0,3.7348559676566454e-06,False,-3.7348559676566454e-06,measured_local,,,,,
routing,6,6,12,annealing,local,4.589963925928879,4.589963925928879,True,0.0010500000789761543,960,0.3628980114687787,0.03833924891307145,0.0010500000789761543,0.0,4.0256214386611466e-05,False,-4.0256214386611466e-05,measured_local,,,,,
routing,6,6,12,random,local,4.589963925928879,4.589963925928879,True,6.416928954422474e-06,256,0.3628980114687787,0.03833924891307145,6.416928954422474e-06,0.0,2.4602023644109853e-07,False,-2.4602023644109853e-07,measured_local,,,,,
routing,6,6,12,qaoa,optimistic,4.589963925928879,4.589963925928879,True,0.002253583981655538,97,0.3628980114687787,0.03833924891307145,1.24578,0.0,0.04776226951092616,True,-2.047762269510926,modeled_qpu,1024.0,0.05449145157629111,4.854723591680729,2.663621154327785,0.04062911771148245
routing,6,6,12,qaoa,nominal,4.589963925928879,4.589963925928879,True,0.002253583981655538,97,0.3628980114687787,0.03833924891307145,7.8914,0.0,0.30255034887261206,True,-2.3025503488726122,modeled_qpu,1024.0,0.05449145157629111,4.854723591680729,2.663621154327785,0.04062911771148245
routing,6,6,12,qaoa,stressed,4.589963925928879,4.589963925928879,True,0.002253583981655538,97,0.3628980114687787,0.03833924891307145,36.5056,0.0,1.3995972851210212,True,-3.399597285121021,modeled_qpu,1024.0,0.05449145157629111,4.854723591680729,2.663621154327785,0.04062911771148245
routing,6,6,12,mean_field,local,4.589963925928879,4.589963925928879,True,0.002329208073206246,116,0.3628980114687787,0.03833924891307145,0.002329208073206246,0.0,8.930008808898981e-05,False,-8.930008808898981e-05,measured_local,,,,,
routing,6,6,13,exact,local,4.887265975092688,4.887265975092688,True,4.042056389153004e-06,64,0.5211731212531558,0.09580931989133602,4.042056389153004e-06,0.0,3.8726667360717873e-07,False,-3.8726667360717873e-07,measured_local,,,,,
routing,6,6,13,local_search,local,4.887265975092688,4.887265975092688,True,9.14999982342124e-05,354,0.5211731212531558,0.09580931989133602,9.14999982342124e-05,0.0,8.766552600878338e-06,False,-8.766552600878338e-06,measured_local,,,,,
routing,6,6,13,annealing,local,4.887265975092688,4.887265975092688,True,0.0010542080271989107,960,0.5211731212531558,0.09580931989133602,0.0010542080271989107,0.0,0.0001010029541099147,False,-0.0001010029541099147,measured_local,,,,,
routing,6,6,13,random,local,4.887265975092688,4.887265975092688,True,7.541966624557972e-06,256,0.5211731212531558,0.09580931989133602,7.541966624557972e-06,0.0,7.225906929420545e-07,False,-7.225906929420545e-07,measured_local,,,,,
routing,6,6,13,qaoa,optimistic,4.887265975092688,4.887265975092688,True,0.0021878340048715472,98,0.5211731212531558,0.09580931989133602,1.25852,0.0,0.12057794526964422,True,-2.1205779452696443,modeled_qpu,1024.0,0.0403595419374241,4.116486895506876,2.726557652151336,0.058860607359390665
routing,6,6,13,qaoa,nominal,4.887265975092688,4.887265975092688,True,0.0021878340048715472,98,0.5211731212531558,0.09580931989133602,7.9676,0.0,0.763370337166209,True,-2.763370337166209,modeled_qpu,1024.0,0.0403595419374241,4.116486895506876,2.726557652151336,0.058860607359390665
routing,6,6,13,qaoa,stressed,4.887265975092688,4.887265975092688,True,0.0021878340048715472,98,0.5211731212531558,0.09580931989133602,36.830400000000004,0.0,3.528695575325863,True,-5.528695575325862,modeled_qpu,1024.0,0.0403595419374241,4.116486895506876,2.726557652151336,0.058860607359390665
routing,6,6,13,mean_field,local,4.887265975092688,4.887265975092688,True,0.002109167049638927,97,0.5211731212531558,0.09580931989133602,0.002109167049638927,0.0,0.00020207786056312136,False,-0.00020207786056312136,measured_local,,,,,
routing,6,6,14,exact,local,3.409886680174465,3.409886680174465,True,3.5830307751893997e-06,64,0.22144085568979643,0.09893941015419036,3.5830307751893997e-06,0.0,3.5450295146155065e-07,False,-3.5450295146155065e-07,measured_local,,,,,
routing,6,6,14,local_search,local,3.409886680174465,3.409886680174465,True,8.879194501787424e-05,372,0.22144085568979643,0.09893941015419036,8.879194501787424e-05,0.0,8.78502266651178e-06,False,-8.78502266651178e-06,measured_local,,,,,
routing,6,6,14,annealing,local,3.409886680174465,3.409886680174465,True,0.0010913750156760216,960,0.22144085568979643,0.09893941015419036,0.0010913750156760216,0.0,0.00010798000030800584,False,-0.00010798000030800584,measured_local,,,,,
routing,6,6,14,random,local,3.409886680174465,3.409886680174465,True,7.583992555737495e-06,256,0.22144085568979643,0.09893941015419036,7.583992555737495e-06,0.0,7.503557500784385e-07,False,-7.503557500784385e-07,measured_local,,,,,
routing,6,6,14,qaoa,optimistic,3.409886680174465,3.409886680174465,True,0.002225334057584405,95,0.22144085568979643,0.09893941015419036,1.2203000000000002,0.0,0.12073576221115852,True,-2.1207357622111584,modeled_qpu,1024.0,0.05610257650066521,4.326427451025127,2.7632584582880426,0.07443356823326097
routing,6,6,14,qaoa,nominal,3.409886680174465,3.409886680174465,True,0.002225334057584405,95,0.22144085568979643,0.09893941015419036,7.739000000000001,0.0,0.7656920951832793,True,-2.7656920951832795,modeled_qpu,1024.0,0.05610257650066521,4.326427451025127,2.7632584582880426,0.07443356823326097
routing,6,6,14,qaoa,stressed,3.409886680174465,3.409886680174465,True,0.002225334057584405,95,0.22144085568979643,0.09893941015419036,35.856,0.0,3.5475714904886497,True,-5.54757149048865,modeled_qpu,1024.0,0.05610257650066521,4.326427451025127,2.7632584582880426,0.07443356823326097
routing,6,6,14,mean_field,local,3.6581462335439836,3.409886680174465,True,0.0021657090401276946,110,0.22144085568979643,0.09893941015419036,0.0021657090401276946,0.05629612989504233,0.0002142739749958319,False,-0.05651040387003817,measured_local,,,,,
routing,6,6,15,exact,local,3.6144509945146384,3.6144509945146384,True,3.208988346159458e-06,64,0.6816560166909016,0.1407065474795939,3.208988346159458e-06,0.0,4.5152567109034934e-07,False,-4.5152567109034934e-07,measured_local,,,,,
routing,6,6,15,local_search,local,3.6144509945146384,3.6144509945146384,True,8.54170648381114e-05,342,0.6816560166909016,0.1407065474795939,8.54170648381114e-05,0.0,1.2018740289211273e-05,False,-1.2018740289211273e-05,measured_local,,,,,
routing,6,6,15,annealing,local,3.6144509945146384,3.6144509945146384,True,0.0011173330713063478,960,0.6816560166909016,0.1407065474795939,0.0011173330713063478,0.0,0.00015721607884828712,False,-0.00015721607884828712,measured_local,,,,,
routing,6,6,15,random,local,3.6144509945146384,3.6144509945146384,True,1.1333031579852104e-05,256,0.6816560166909016,0.1407065474795939,1.1333031579852104e-05,0.0,1.5946317460781974e-06,False,-1.5946317460781974e-06,measured_local,,,,,
routing,6,6,15,qaoa,optimistic,3.6144509945146384,3.6144509945146384,True,0.002215708023868501,95,0.6816560166909016,0.1407065474795939,1.2203000000000002,0.0,0.17170419988934846,True,-2.1717041998893483,modeled_qpu,1024.0,0.04810449678468419,4.270705944838283,2.721532396463226,0.06721905491510236
routing,6,6,15,qaoa,nominal,3.6144509945146384,3.6144509945146384,True,0.002215708023868501,95,0.6816560166909016,0.1407065474795939,7.739000000000001,0.0,1.0889279709445774,True,-3.088927970944577,modeled_qpu,1024.0,0.04810449678468419,4.270705944838283,2.721532396463226,0.06721905491510236
routing,6,6,15,qaoa,stressed,3.6144509945146384,3.6144509945146384,True,0.002215708023868501,95,0.6816560166909016,0.1407065474795939,35.856,0.0,5.04517396642832,True,-7.04517396642832,modeled_qpu,1024.0,0.04810449678468419,4.270705944838283,2.721532396463226,0.06721905491510236
routing,6,6,15,mean_field,local,3.6144509945146384,3.6144509945146384,True,0.002067791996523738,96,0.6816560166909016,0.1407065474795939,0.002067791996523738,0.0,0.0002909518727367916,False,-0.0002909518727367916,measured_local,,,,,
routing,6,6,16,exact,local,2.760430191735089,2.760430191735089,True,3.374996595084667e-06,64,0.9564248738213608,0.12899346102176767,3.374996595084667e-06,0.0,4.353524917366526e-07,False,-4.353524917366526e-07,measured_local,,,,,
routing,6,6,16,local_search,local,2.760430191735089,2.760430191735089,True,9.650003630667925e-05,372,0.9564248738213608,0.12899346102176767,9.650003630667925e-05,0.0,1.2447873671924795e-05,False,-1.2447873671924795e-05,measured_local,,,,,
routing,6,6,16,annealing,local,2.760430191735089,2.760430191735089,True,0.001073208055458963,960,0.9564248738213608,0.12899346102176767,0.001073208055458963,0.0,0.00013843682147009282,False,-0.00013843682147009282,measured_local,,,,,
routing,6,6,16,random,local,2.760430191735089,2.760430191735089,True,6.917049176990986e-06,256,0.9564248738213608,0.12899346102176767,6.917049176990986e-06,0.0,8.922541133978369e-07,False,-8.922541133978369e-07,measured_local,,,,,
routing,6,6,16,qaoa,optimistic,2.760430191735089,2.760430191735089,True,0.002138374955393374,95,0.9564248738213608,0.12899346102176767,1.2203000000000002,0.0,0.15741072048486313,True,-2.157410720484863,modeled_qpu,1024.0,0.043107141329027134,4.160072949098102,2.733600295602684,0.06645258629082126
routing,6,6,16,qaoa,nominal,2.760430191735089,2.760430191735089,True,0.002138374955393374,95,0.9564248738213608,0.12899346102176767,7.739000000000001,0.0,0.9982803948474601,True,-2.99828039484746,modeled_qpu,1024.0,0.043107141329027134,4.160072949098102,2.733600295602684,0.06645258629082126
routing,6,6,16,qaoa,stressed,2.760430191735089,2.760430191735089,True,0.002138374955393374,95,0.9564248738213608,0.12899346102176767,35.856,0.0,4.625189538396502,True,-6.625189538396502,modeled_qpu,1024.0,0.043107141329027134,4.160072949098102,2.733600295602684,0.06645258629082126
routing,6,6,16,mean_field,local,2.760430191735089,2.760430191735089,True,0.0021172499982640147,100,0.9564248738213608,0.12899346102176767,0.0021172499982640147,0.0,0.0002731114051244069,False,-0.0002731114051244069,measured_local,,,,,
routing,6,6,17,exact,local,2.8167126421120434,2.8167126421120434,True,3.125052899122238e-06,64,0.47824616951905213,0.09396292907808072,3.125052899122238e-06,0.0,2.936391239254734e-07,False,-2.936391239254734e-07,measured_local,,,,,
routing,6,6,17,local_search,local,2.8167126421120434,2.8167126421120434,True,8.78750579431653e-05,378,0.47824616951905213,0.09396292907808072,8.78750579431653e-05,0.0,8.256997837245875e-06,False,-8.256997837245875e-06,measured_local,,,,,
routing,6,6,17,annealing,local,2.8167126421120434,2.8167126421120434,True,0.0010443750070407987,960,0.47824616951905213,0.09396292907808072,0.0010443750070407987,0.0,9.813253471749462e-05,False,-9.813253471749462e-05,measured_local,,,,,
routing,6,6,17,random,local,2.8167126421120434,2.8167126421120434,True,6.7909713834524155e-06,256,0.47824616951905213,0.09396292907808072,6.7909713834524155e-06,0.0,6.380995624746151e-07,False,-6.380995624746151e-07,measured_local,,,,,
routing,6,6,17,qaoa,optimistic,2.8167126421120434,2.8167126421120434,True,0.0022516249446198344,96,0.47824616951905213,0.09396292907808072,1.2330400000000001,0.0,0.11586005007043666,True,-2.1158600500704368,modeled_qpu,1024.0,0.043767023061786536,3.428336199294331,2.727108877261953,0.07712152435194014
routing,6,6,17,qaoa,nominal,2.8167126421120434,2.8167126421120434,True,0.0022516249446198344,96,0.47824616951905213,0.09396292907808072,7.815200000000001,0.0,0.7343390833310165,True,-2.7343390833310166,modeled_qpu,1024.0,0.043767023061786536,3.428336199294331,2.727108877261953,0.07712152435194014
routing,6,6,17,qaoa,stressed,2.8167126421120434,2.8167126421120434,True,0.0022516249446198344,96,0.47824616951905213,0.09396292907808072,36.180800000000005,0.0,3.3996539443882234,True,-5.399653944388223,modeled_qpu,1024.0,0.043767023061786536,3.428336199294331,2.727108877261953,0.07712152435194014
routing,6,6,17,mean_field,local,2.8167126421120434,2.8167126421120434,True,0.0018734579207375646,93,0.47824616951905213,0.09396292907808072,0.0018734579207375646,0.0,0.00017603559373703236,False,-0.00017603559373703236,measured_local,,,,,
routing,6,6,18,exact,local,3.1037011702257606,3.1037011702257606,True,2.5830231606960297e-06,64,0.17814565062335355,0.03762739533977025,2.5830231606960297e-06,0.0,9.71924336392924e-08,False,-9.71924336392924e-08,measured_local,,,,,
routing,6,6,18,local_search,local,3.1037011702257606,3.1037011702257606,True,9.704101830720901e-05,354,0.17814565062335355,0.03762739533977025,9.704101830720901e-05,0.0,3.651400760019236e-06,False,-3.651400760019236e-06,measured_local,,,,,
routing,6,6,18,annealing,local,3.1037011702257606,3.1037011702257606,True,0.001121375011280179,960,0.17814565062335355,0.03762739533977025,0.001121375011280179,0.0,4.219442087357862e-05,False,-4.219442087357862e-05,measured_local,,,,,
routing,6,6,18,random,local,3.1037011702257606,3.1037011702257606,True,7.0409150794148445e-06,256,0.17814565062335355,0.03762739533977025,7.0409150794148445e-06,0.0,2.649312952468922e-07,False,-2.649312952468922e-07,measured_local,,,,,
routing,6,6,18,qaoa,optimistic,3.1037011702257606,3.1037011702257606,True,0.0020859159994870424,89,0.17814565062335355,0.03762739533977025,1.14386,0.0,0.0430404724333496,True,-2.0430404724333497,modeled_qpu,1024.0,0.05977346311144774,4.414691618292181,2.7598251892338705,0.07885351981597383
routing,6,6,18,qaoa,nominal,3.1037011702257606,3.1037011702257606,True,0.0020859159994870424,89,0.17814565062335355,0.03762739533977025,7.2818000000000005,0.0,0.273995167385139,True,-2.273995167385139,modeled_qpu,1024.0,0.05977346311144774,4.414691618292181,2.7598251892338705,0.07885351981597383
routing,6,6,18,qaoa,stressed,3.1037011702257606,3.1037011702257606,True,0.0020859159994870424,89,0.17814565062335355,0.03762739533977025,33.9072,0.0,1.275839619264658,True,-3.2758396192646577,modeled_qpu,1024.0,0.05977346311144774,4.414691618292181,2.7598251892338705,0.07885351981597383
routing,6,6,18,mean_field,local,3.5400319467577472,3.1037011702257606,True,0.002103000064380467,100,0.17814565062335355,0.03762739533977025,0.002103000064380467,0.10632615739610064,7.913041482200611e-05,False,-0.10640528781092265,measured_local,,,,,
routing,6,6,19,exact,local,3.8885405158236646,3.8885405158236646,True,2.750079147517681e-06,64,0.7063181992733139,0.07266377820779193,2.750079147517681e-06,0.0,1.998311412290983e-07,False,-1.998311412290983e-07,measured_local,,,,,
routing,6,6,19,local_search,local,3.8885405158236646,3.8885405158236646,True,8.725002408027649e-05,330,0.7063181992733139,0.07266377820779193,8.725002408027649e-05,0.0,6.339916398393717e-06,False,-6.339916398393717e-06,measured_local,,,,,
routing,6,6,19,annealing,local,3.8885405158236646,3.8885405158236646,True,0.0010462499922141433,960,0.7063181992733139,0.07266377820779193,0.0010462499922141433,0.0,7.602447738415254e-05,False,-7.602447738415254e-05,measured_local,,,,,
routing,6,6,19,random,local,3.8885405158236646,3.8885405158236646,True,6.332993507385254e-06,256,0.7063181992733139,0.07266377820779193,6.332993507385254e-06,0.0,4.6017923561202843e-07,False,-4.6017923561202843e-07,measured_local,,,,,
routing,6,6,19,qaoa,optimistic,3.8885405158236646,3.8885405158236646,True,0.0021937499986961484,99,0.7063181992733139,0.07266377820779193,1.27126,0.0,0.09237455468443757,True,-2.0923745546844374,modeled_qpu,1024.0,0.04191728007679611,4.12293092101865,2.7289080877537195,0.06969764087196845
routing,6,6,19,qaoa,nominal,3.8885405158236646,3.8885405158236646,True,0.0021937499986961484,99,0.7063181992733139,0.07266377820779193,8.043800000000001,0.0,0.5844928991478369,True,-2.584492899147837,modeled_qpu,1024.0,0.04191728007679611,4.12293092101865,2.7289080877537195,0.06969764087196845
routing,6,6,19,qaoa,stressed,3.8885405158236646,3.8885405158236646,True,0.0021937499986961484,99,0.7063181992733139,0.07266377820779193,37.1552,0.0,2.699837212066151,True,-4.699837212066151,modeled_qpu,1024.0,0.04191728007679611,4.12293092101865,2.7289080877537195,0.06969764087196845
routing,6,6,19,mean_field,local,3.8885405158236646,3.8885405158236646,True,0.0021524580661207438,103,0.7063181992733139,0.07266377820779193,0.0021524580661207438,0.0,0.00015640573551817046,False,-0.00015640573551817046,measured_local,,,,,
routing,6,6,20,exact,local,3.1893537307036626,3.1893537307036626,True,3.125052899122238e-06,64,0.3539212814865521,0.03271327878157291,3.125052899122238e-06,0.0,1.0223072669614842e-07,False,-1.0223072669614842e-07,measured_local,,,,,
routing,6,6,20,local_search,local,3.1893537307036626,3.1893537307036626,True,9.55420546233654e-05,372,0.3539212814865521,0.03271327878157291,9.55420546233654e-05,0.0,3.1254938682584193e-06,False,-3.1254938682584193e-06,measured_local,,,,,
routing,6,6,20,annealing,local,3.1893537307036626,3.1893537307036626,True,0.0010888749966397882,960,0.3539212814865521,0.03271327878157291,0.0010888749966397882,0.0,3.5620671323361655e-05,False,-3.5620671323361655e-05,measured_local,,,,,
routing,6,6,20,random,local,3.1893537307036626,3.1893537307036626,True,1.025001984089613e-05,256,0.3539212814865521,0.03271327878157291,1.025001984089613e-05,0.0,3.3531175657188866e-07,False,-3.3531175657188866e-07,measured_local,,,,,
routing,6,6,20,qaoa,optimistic,3.1893537307036626,3.1893537307036626,True,0.002406290965154767,97,0.3539212814865521,0.03271327878157291,1.24578,0.0,0.0407535484405079,True,-2.0407535484405077,modeled_qpu,1024.0,0.04412105335925515,3.8806125667143068,2.725060826499358,0.06065342898030338
routing,6,6,20,qaoa,nominal,3.1893537307036626,3.1893537307036626,True,0.002406290965154767,97,0.3539212814865521,0.03271327878157291,7.8914,0.0,0.25815356817690444,True,-2.2581535681769043,modeled_qpu,1024.0,0.04412105335925515,3.8806125667143068,2.725060826499358,0.06065342898030338
routing,6,6,20,qaoa,stressed,3.1893537307036626,3.1893537307036626,True,0.002406290965154767,97,0.3539212814865521,0.03271327878157291,36.5056,0.0,1.194217869888588,True,-3.194217869888588,modeled_qpu,1024.0,0.04412105335925515,3.8806125667143068,2.725060826499358,0.06065342898030338
routing,6,6,20,mean_field,local,3.1893537307036626,3.1893537307036626,True,0.0020395410247147083,96,0.3539212814865521,0.03271327878157291,0.0020395410247147083,0.0,6.672007412794713e-05,False,-6.672007412794713e-05,measured_local,,,,,
routing,6,6,21,exact,local,3.92770300561512,3.92770300561512,True,3.708992153406143e-06,64,0.4443850923640001,0.1390096160000346,3.708992153406143e-06,0.0,5.155855749921294e-07,False,-5.155855749921294e-07,measured_local,,,,,
routing,6,6,21,local_search,local,3.92770300561512,3.92770300561512,True,9.887502528727055e-05,402,0.4443850923640001,0.1390096160000346,9.887502528727055e-05,0.0,1.3744579297177191e-05,False,-1.3744579297177191e-05,measured_local,,,,,
routing,6,6,21,annealing,local,3.92770300561512,3.92770300561512,True,0.0010781249729916453,960,0.4443850923640001,0.1390096160000346,0.0010781249729916453,0.0,0.00014986973849561631,False,-0.00014986973849561631,measured_local,,,,,
routing,6,6,21,random,local,3.92770300561512,3.92770300561512,True,8.624978363513947e-06,256,0.4443850923640001,0.1390096160000346,8.624978363513947e-06,0.0,1.1989549303206806e-06,False,-1.1989549303206806e-06,measured_local,,,,,
routing,6,6,21,qaoa,optimistic,3.92770300561512,3.92770300561512,True,0.002194874919950962,94,0.4443850923640001,0.1390096160000346,1.2075600000000002,0.0,0.16786245189700183,True,-2.167862451897002,modeled_qpu,1024.0,0.04314383056331418,4.081350001527268,2.7315107258339237,0.06154197086891544
routing,6,6,21,qaoa,nominal,3.92770300561512,3.92770300561512,True,0.002194874919950962,94,0.4443850923640001,0.1390096160000346,7.662800000000001,0.0,1.0652028854850653,True,-3.065202885485065,modeled_qpu,1024.0,0.04314383056331418,4.081350001527268,2.7315107258339237,0.06154197086891544
routing,6,6,21,qaoa,stressed,3.92770300561512,3.92770300561512,True,0.002194874919950962,94,0.4443850923640001,0.1390096160000346,35.5312,0.0,4.93917846802043,True,-6.93917846802043,modeled_qpu,1024.0,0.04314383056331418,4.081350001527268,2.7315107258339237,0.06154197086891544
routing,6,6,21,mean_field,local,3.92770300561512,3.92770300561512,True,0.0020733330165967345,94,0.4443850923640001,0.1390096160000346,0.0020733330165967345,0.0,0.00028821322647730544,False,-0.00028821322647730544,measured_local,,,,,
routing,6,6,22,exact,local,3.106189314607587,3.106189314607587,True,2.7909409254789352e-06,64,0.8282699847655468,0.10074049079920223,2.7909409254789352e-06,0.0,2.8116075862432766e-07,False,-2.8116075862432766e-07,measured_local,,,,,
routing,6,6,22,local_search,local,3.106189314607587,3.106189314607587,True,0.00010137492790818214,366,0.8282699847655468,0.10074049079920223,0.00010137492790818214,0.0,1.0212559992204014e-05,False,-1.0212559992204014e-05,measured_local,,,,,
routing,6,6,22,annealing,local,3.106189314607587,3.106189314607587,True,0.0010660000843927264,960,0.8282699847655468,0.10074049079920223,0.0010660000843927264,0.0,0.00010738937169371426,False,-0.00010738937169371426,measured_local,,,,,
routing,6,6,22,random,local,3.106189314607587,3.106189314607587,True,7.4589625000953674e-06,256,0.8282699847655468,0.10074049079920223,7.4589625000953674e-06,0.0,7.514195431124519e-07,False,-7.514195431124519e-07,measured_local,,,,,
routing,6,6,22,qaoa,optimistic,3.106189314607587,3.106189314607587,True,0.002191042061895132,97,0.8282699847655468,0.10074049079920223,1.24578,0.0,0.12550048862783017,True,-2.1255004886278304,modeled_qpu,1024.0,0.03219783219730387,3.33663634005161,2.722847865702208,0.054355313306738685
routing,6,6,22,qaoa,nominal,3.106189314607587,3.106189314607587,True,0.002191042061895132,97,0.8282699847655468,0.10074049079920223,7.8914,0.0,0.7949835090928246,True,-2.7949835090928246,modeled_qpu,1024.0,0.03219783219730387,3.33663634005161,2.722847865702208,0.054355313306738685
routing,6,6,22,qaoa,stressed,3.106189314607587,3.106189314607587,True,0.002191042061895132,97,0.8282699847655468,0.10074049079920223,36.5056,0.0,3.6775920609193573,True,-5.677592060919357,modeled_qpu,1024.0,0.03219783219730387,3.33663634005161,2.722847865702208,0.054355313306738685
routing,6,6,22,mean_field,local,3.106189314607587,3.106189314607587,True,0.0028189580189064145,98,0.8282699847655468,0.10074049079920223,0.0028189580189064145,0.0,0.000283983214366979,False,-0.000283983214366979,measured_local,,,,,
routing,6,6,23,exact,local,3.254243761699889,3.254243761699889,True,5.083042196929455e-06,64,0.6715183821164851,0.08697626647402258,5.083042196929455e-06,0.0,4.4210403261883744e-07,False,-4.4210403261883744e-07,measured_local,,,,,
routing,6,6,23,local_search,local,3.254243761699889,3.254243761699889,True,8.458399679511786e-05,324,0.6715183821164851,0.08697626647402258,8.458399679511786e-05,0.0,7.356800244690042e-06,False,-7.356800244690042e-06,measured_local,,,,,
routing,6,6,23,annealing,local,3.254243761699889,3.254243761699889,True,0.0010623750276863575,960,0.6715183821164851,0.08697626647402258,0.0010623750276863575,0.0,9.240141350339575e-05,False,-9.240141350339575e-05,measured_local,,,,,
routing,6,6,23,random,local,3.254243761699889,3.254243761699889,True,9.833020158112049e-06,256,0.6715183821164851,0.08697626647402258,9.833020158112049e-06,0.0,8.552393815163892e-07,False,-8.552393815163892e-07,measured_local,,,,,
routing,6,6,23,qaoa,optimistic,3.254243761699889,3.254243761699889,True,0.002168833976611495,94,0.6715183821164851,0.08697626647402258,1.2075600000000002,0.0,0.10502906034337073,True,-2.105029060343371,modeled_qpu,1024.0,0.04351612318951104,3.967933053564387,2.7383731181761055,0.07070877048987309
routing,6,6,23,qaoa,nominal,3.254243761699889,3.254243761699889,True,0.002168833976611495,94,0.6715183821164851,0.08697626647402258,7.662800000000001,0.0,0.6664817347371403,True,-2.6664817347371406,modeled_qpu,1024.0,0.04351612318951104,3.967933053564387,2.7383731181761055,0.07070877048987309
routing,6,6,23,qaoa,stressed,3.254243761699889,3.254243761699889,True,0.002168833976611495,94,0.6715183821164851,0.08697626647402258,35.5312,0.0,3.090371119341791,True,-5.090371119341791,modeled_qpu,1024.0,0.04351612318951104,3.967933053564387,2.7383731181761055,0.07070877048987309
routing,6,6,23,mean_field,local,3.254243761699889,3.254243761699889,True,0.0018061250448226929,85,0.6715183821164851,0.08697626647402258,0.0018061250448226929,0.0,0.00015709001318390452,False,-0.00015709001318390452,measured_local,,,,,
routing,6,6,24,exact,local,2.3630618469184244,2.3630618469184244,True,3.00002284348011e-06,64,0.8805436243545451,0.14405530329290595,3.00002284348011e-06,0.0,4.321692006031734e-07,False,-4.321692006031734e-07,measured_local,,,,,
routing,6,6,24,local_search,local,2.3630618469184244,2.3630618469184244,True,0.00010083301458507776,384,0.8805436243545451,0.14405530329290595,0.00010083301458507776,0.0,1.4525530497991385e-05,False,-1.4525530497991385e-05,measured_local,,,,,
routing,6,6,24,annealing,local,2.3630618469184244,2.3630618469184244,True,0.0010835840366780758,960,0.8805436243545451,0.14405530329290595,0.0010835840366780758,0.0,0.00015609602704701154,False,-0.00015609602704701154,measured_local,,,,,
routing,6,6,24,random,local,2.3630618469184244,2.3630618469184244,True,6.916932761669159e-06,256,0.8805436243545451,0.14405530329290595,6.916932761669159e-06,0.0,9.964208468388882e-07,False,-9.964208468388882e-07,measured_local,,,,,
routing,6,6,24,qaoa,optimistic,2.3630618469184244,2.3630618469184244,True,0.002254958963021636,97,0.8805436243545451,0.14405530329290595,1.24578,0.0,0.17946121573623638,True,-2.1794612157362363,modeled_qpu,1024.0,0.051227762876434164,4.063618882431886,2.7282672951578117,0.0670429056796373
routing,6,6,24,qaoa,nominal,2.3630618469184244,2.3630618469184244,True,0.002254958963021636,97,0.8805436243545451,0.14405530329290595,7.8914,0.0,1.136798020405638,True,-3.136798020405638,modeled_qpu,1024.0,0.051227762876434164,4.063618882431886,2.7282672951578117,0.0670429056796373
routing,6,6,24,qaoa,stressed,2.3630618469184244,2.3630618469184244,True,0.002254958963021636,97,0.8805436243545451,0.14405530329290595,36.5056,0.0,5.258825279889508,True,-7.258825279889508,modeled_qpu,1024.0,0.051227762876434164,4.063618882431886,2.7282672951578117,0.0670429056796373
routing,6,6,24,mean_field,local,2.3630618469184244,2.3630618469184244,True,0.0022009171079844236,100,0.8805436243545451,0.14405530329290595,0.0022009171079844236,0.0,0.0003170537815132416,False,-0.0003170537815132416,measured_local,,,,,
routing,6,6,25,exact,local,3.2933191031826143,3.2933191031826143,True,3.208988346159458e-06,64,0.9779893378612408,0.04648450635514657,3.208988346159458e-06,0.0,1.491682391706406e-07,False,-1.491682391706406e-07,measured_local,,,,,
routing,6,6,25,local_search,local,3.2933191031826143,3.2933191031826143,True,7.950002327561378e-05,324,0.9779893378612408,0.04648450635514657,7.950002327561378e-05,0.0,3.695519337189569e-06,False,-3.695519337189569e-06,measured_local,,,,,
routing,6,6,25,annealing,local,3.2933191031826143,3.2933191031826143,True,0.000984041951596737,960,0.9779893378612408,0.04648450635514657,0.000984041951596737,0.0,4.574270435272935e-05,False,-4.574270435272935e-05,measured_local,,,,,
routing,6,6,25,random,local,3.2933191031826143,3.2933191031826143,True,7.083057425916195e-06,256,0.9779893378612408,0.04648450635514657,7.083057425916195e-06,0.0,3.2925242792886944e-07,False,-3.2925242792886944e-07,measured_local,,,,,
routing,6,6,25,qaoa,optimistic,3.2933191031826143,3.2933191031826143,True,0.0021927079651504755,98,0.9779893378612408,0.04648450635514657,1.25852,0.0,0.05850168093807906,True,-2.058501680938079,modeled_qpu,1024.0,0.04744868857450988,4.047580848403962,2.725002715004495,0.05905779032006145
routing,6,6,25,qaoa,nominal,3.2933191031826143,3.2933191031826143,True,0.0021927079651504755,98,0.9779893378612408,0.04648450635514657,7.9676,0.0,0.3703699528352658,True,-2.370369952835266,modeled_qpu,1024.0,0.04744868857450988,4.047580848403962,2.725002715004495,0.05905779032006145
routing,6,6,25,qaoa,stressed,3.2933191031826143,3.2933191031826143,True,0.0021927079651504755,98,0.9779893378612408,0.04648450635514657,36.830400000000004,0.0,1.7120429628625904,True,-3.7120429628625904,modeled_qpu,1024.0,0.04744868857450988,4.047580848403962,2.725002715004495,0.05905779032006145
routing,6,6,25,mean_field,local,3.2933191031826143,3.2933191031826143,True,0.001924833981320262,91,0.9779893378612408,0.04648450635514657,0.001924833981320262,0.0,8.947495743728378e-05,False,-8.947495743728378e-05,measured_local,,,,,
routing,6,6,26,exact,local,3.800725828543417,3.800725828543417,True,3.208988346159458e-06,64,0.513558986124065,0.13210337882311202,3.208988346159458e-06,0.0,4.2391820313165464e-07,False,-4.2391820313165464e-07,measured_local,,,,,
routing,6,6,26,local_search,local,3.800725828543417,3.800725828543417,True,8.283392526209354e-05,354,0.513558986124065,0.13210337882311202,8.283392526209354e-05,0.0,1.0942641408303692e-05,False,-1.0942641408303692e-05,measured_local,,,,,
routing,6,6,26,annealing,local,3.800725828543417,3.800725828543417,True,0.0010284580057486892,960,0.513558986124065,0.13210337882311202,0.0010284580057486892,0.0,0.0001358627775370814,False,-0.0001358627775370814,measured_local,,,,,
routing,6,6,26,random,local,3.800725828543417,3.800725828543417,True,6.4159976318478584e-06,256,0.513558986124065,0.13210337882311202,6.4159976318478584e-06,0.0,8.475749656881872e-07,False,-8.475749656881872e-07,measured_local,,,,,
routing,6,6,26,qaoa,optimistic,3.800725828543417,3.800725828543417,True,0.0022718749241903424,97,0.513558986124065,0.13210337882311202,1.24578,0.0,0.1645717472702565,True,-2.1645717472702564,modeled_qpu,1024.0,0.04598772764728577,3.876843328238394,2.711439893866555,0.07470521527130035
routing,6,6,26,qaoa,nominal,3.800725828543417,3.800725828543417,True,0.0022718749241903424,97,0.513558986124065,0.13210337882311202,7.8914,0.0,1.042480603644706,True,-3.042480603644706,modeled_qpu,1024.0,0.04598772764728577,3.876843328238394,2.711439893866555,0.07470521527130035
routing,6,6,26,qaoa,stressed,3.800725828543417,3.800725828543417,True,0.0022718749241903424,97,0.513558986124065,0.13210337882311202,36.5056,0.0,4.822513105964998,True,-6.822513105964998,modeled_qpu,1024.0,0.04598772764728577,3.876843328238394,2.711439893866555,0.07470521527130035
routing,6,6,26,mean_field,local,3.800725828543417,3.800725828543417,True,0.0020172910299152136,102,0.513558986124065,0.13210337882311202,0.0020172910299152136,0.0,0.0002664909611213553,False,-0.0002664909611213553,measured_local,,,,,
routing,6,6,27,exact,local,3.4268922748593944,3.4268922748593944,True,2.749962732195854e-06,64,0.9724809654513641,0.08586192108581413,2.749962732195854e-06,0.0,2.3611708310073025e-07,False,-2.3611708310073025e-07,measured_local,,,,,
routing,6,6,27,local_search,local,3.4268922748593944,3.4268922748593944,True,9.887502528727055e-05,390,0.9724809654513641,0.08586192108581413,9.887502528727055e-05,0.0,8.4895996185735e-06,False,-8.4895996185735e-06,measured_local,,,,,
routing,6,6,27,annealing,local,3.4268922748593944,3.4268922748593944,True,0.0010916669853031635,960,0.9724809654513641,0.08586192108581413,0.0010916669853031635,0.0,9.373262454408884e-05,False,-9.373262454408884e-05,measured_local,,,,,
routing,6,6,27,random,local,3.4268922748593944,3.4268922748593944,True,9.917072020471096e-06,256,0.9724809654513641,0.08586192108581413,9.917072020471096e-06,0.0,8.514988552240245e-07,False,-8.514988552240245e-07,measured_local,,,,,
routing,6,6,27,qaoa,optimistic,3.4268922748593944,3.4268922748593944,True,0.0021244159433990717,92,0.9724809654513641,0.08586192108581413,1.1820800000000002,0.0,0.10149565967711918,True,-2.101495659677119,modeled_qpu,1024.0,0.04272002741219266,4.408002657286431,2.7362389195455963,0.051717625700055225
routing,6,6,27,qaoa,nominal,3.4268922748593944,3.4268922748593944,True,0.0021244159433990717,92,0.9724809654513641,0.08586192108581413,7.510400000000001,0.0,0.6448573721228985,True,-2.6448573721228987,modeled_qpu,1024.0,0.04272002741219266,4.408002657286431,2.7362389195455963,0.051717625700055225
routing,6,6,27,qaoa,stressed,3.4268922748593944,3.4268922748593944,True,0.0021244159433990717,92,0.9724809654513641,0.08586192108581413,34.881600000000006,0.0,2.9950011865469346,True,-4.995001186546935,modeled_qpu,1024.0,0.04272002741219266,4.408002657286431,2.7362389195455963,0.051717625700055225
routing,6,6,27,mean_field,local,3.4268922748593944,3.4268922748593944,True,0.0021814999636262655,95,0.9724809654513641,0.08586192108581413,0.0021814999636262655,0.0,0.0001873077777255848,False,-0.0001873077777255848,measured_local,,,,,
routing,6,6,28,exact,local,3.053928430780503,3.053928430780503,True,2.583954483270645e-06,64,0.9186483485650638,0.045497075639358404,2.583954483270645e-06,0.0,1.175623725740238e-07,False,-1.175623725740238e-07,measured_local,,,,,
routing,6,6,28,local_search,local,3.053928430780503,3.053928430780503,True,8.591695223003626e-05,372,0.9186483485650638,0.045497075639358404,8.591695223003626e-05,0.0,3.908970074313102e-06,False,-3.908970074313102e-06,measured_local,,,,,
routing,6,6,28,annealing,local,3.053928430780503,3.053928430780503,True,0.0009920420125126839,960,0.9186483485650638,0.045497075639358404,0.0009920420125126839,0.0,4.513501048071092e-05,False,-4.513501048071092e-05,measured_local,,,,,
routing,6,6,28,random,local,3.053928430780503,3.053928430780503,True,6.458023563027382e-06,256,0.9186483485650638,0.045497075639358404,6.458023563027382e-06,0.0,2.9382118652781564e-07,False,-2.9382118652781564e-07,measured_local,,,,,
routing,6,6,28,qaoa,optimistic,3.053928430780503,3.053928430780503,True,0.002062916988506913,92,0.9186483485650638,0.045497075639358404,1.1820800000000002,0.0,0.053781183171772794,True,-2.0537811831717727,modeled_qpu,1024.0,0.04366112378041108,3.8657750903894534,2.706546030109567,0.05783253056729813
routing,6,6,28,qaoa,nominal,3.053928430780503,3.053928430780503,True,0.002062916988506913,92,0.9186483485650638,0.045497075639358404,7.510400000000001,0.0,0.3417012368818374,True,-2.3417012368818373,modeled_qpu,1024.0,0.04366112378041108,3.8657750903894534,2.706546030109567,0.05783253056729813
routing,6,6,28,qaoa,stressed,3.053928430780503,3.053928430780503,True,0.002062916988506913,92,0.9186483485650638,0.045497075639358404,34.881600000000006,0.0,1.5870107936218445,True,-3.5870107936218445,modeled_qpu,1024.0,0.04366112378041108,3.8657750903894534,2.706546030109567,0.05783253056729813
routing,6,6,28,mean_field,local,3.053928430780503,3.053928430780503,True,0.0019179170485585928,90,0.9186483485650638,0.045497075639358404,0.0019179170485585928,0.0,8.725961702828532e-05,False,-8.725961702828532e-05,measured_local,,,,,
routing,6,6,29,exact,local,3.669190692305266,3.669190692305266,True,2.4170149117708206e-06,64,0.7617128975420185,0.06968220484044703,2.4170149117708206e-06,0.0,1.6842292818442933e-07,False,-1.6842292818442933e-07,measured_local,,,,,
routing,6,6,29,local_search,local,3.669190692305266,3.669190692305266,True,0.00010191695764660835,348,0.7617128975420185,0.06968220484044703,0.00010191695764660835,0.0,7.101798319446127e-06,False,-7.101798319446127e-06,measured_local,,,,,
routing,6,6,29,annealing,local,3.669190692305266,3.669190692305266,True,0.0010603750124573708,960,0.7617128975420185,0.06968220484044703,0.0010603750124573708,0.0,7.388926882574608e-05,False,-7.388926882574608e-05,measured_local,,,,,
routing,6,6,29,random,local,3.669190692305266,3.669190692305266,True,5.958019755780697e-06,256,0.7617128975420185,0.06968220484044703,5.958019755780697e-06,0.0,4.151679530657407e-07,False,-4.151679530657407e-07,measured_local,,,,,
routing,6,6,29,qaoa,optimistic,3.669190692305266,3.669190692305266,True,0.0022367079509422183,94,0.7617128975420185,0.06968220484044703,1.2075600000000002,0.0,0.08414544327713022,True,-2.08414544327713,modeled_qpu,1024.0,0.056901913045878404,4.390343200612647,2.744250046525436,0.07722039929070862
routing,6,6,29,qaoa,nominal,3.669190692305266,3.669190692305266,True,0.0022367079509422183,94,0.7617128975420185,0.06968220484044703,7.662800000000001,0.0,0.5339607992513775,True,-2.5339607992513775,modeled_qpu,1024.0,0.056901913045878404,4.390343200612647,2.744250046525436,0.07722039929070862
routing,6,6,29,qaoa,stressed,3.669190692305266,3.669190692305266,True,0.0022367079509422183,94,0.7617128975420185,0.06968220484044703,35.5312,0.0,2.4758923566268916,True,-4.4758923566268916,modeled_qpu,1024.0,0.056901913045878404,4.390343200612647,2.744250046525436,0.07722039929070862
routing,6,6,29,mean_field,local,3.699756871852938,3.669190692305266,True,0.0019619170343503356,99,0.7617128975420185,0.06968220484044703,0.0019619170343503356,0.006546354938564539,0.00013671070466756243,False,-0.0066830656432321014,measured_local,,,,,
routing,8,8,0,exact,local,5.146422531836168,5.146422531836168,True,2.666027285158634e-06,256,0.29367865709782043,0.058125488114001186,2.666027285158634e-06,0.0,1.5496413727509105e-07,False,-1.5496413727509105e-07,measured_local,,,,,
routing,8,8,0,local_search,local,5.146422531836168,5.146422531836168,True,0.00010858301538974047,616,0.29367865709782043,0.058125488114001186,0.00010858301538974047,0.0,6.311440770418768e-06,False,-6.311440770418768e-06,measured_local,,,,,
routing,8,8,0,annealing,local,5.146422531836168,5.146422531836168,True,0.0010389999952167273,960,0.29367865709782043,0.058125488114001186,0.0010389999952167273,0.0,6.039238187241717e-05,False,-6.039238187241717e-05,measured_local,,,,,
routing,8,8,0,random,local,5.146422531836168,5.146422531836168,True,6.66698906570673e-06,256,0.29367865709782043,0.058125488114001186,6.66698906570673e-06,0.0,3.875219936949124e-07,False,-3.875219936949124e-07,measured_local,,,,,
routing,8,8,0,qaoa,optimistic,5.146422531836168,5.146422531836168,True,0.0034761669812723994,102,0.29367865709782043,0.058125488114001186,1.3094800000000002,0.0,0.07611416417552229,True,-2.076114164175522,modeled_qpu,1024.0,0.022085697711931113,6.591898890669689,2.6437206883661535,0.034120038223951
routing,8,8,0,qaoa,nominal,5.146422531836168,5.146422531836168,True,0.0034761669812723994,102,0.29367865709782043,0.058125488114001186,8.272400000000001,0.0,0.4808372878742635,True,-2.4808372878742633,modeled_qpu,1024.0,0.022085697711931113,6.591898890669689,2.6437206883661535,0.034120038223951
routing,8,8,0,qaoa,stressed,5.146422531836168,5.146422531836168,True,0.0034761669812723994,102,0.29367865709782043,0.058125488114001186,38.1296,0.0,2.2163016115916196,True,-4.21630161159162,modeled_qpu,1024.0,0.022085697711931113,6.591898890669689,2.6437206883661535,0.034120038223951
routing,8,8,0,mean_field,local,5.218362262573404,5.146422531836168,True,0.003325750003568828,112,0.29367865709782043,0.058125488114001186,0.003325750003568828,0.011704325624314747,0.00019331084230257933,False,-0.011897636466617326,measured_local,,,,,
routing,8,8,1,exact,local,3.2383704321621387,3.2383704321621387,True,3.875000402331352e-06,256,0.153580885581411,0.08401990876631778,3.875000402331352e-06,0.0,3.255771802733249e-07,False,-3.255771802733249e-07,measured_local,,,,,
routing,8,8,1,local_search,local,3.2383704321621387,3.2383704321621387,True,0.00011087500024586916,584,0.153580885581411,0.08401990876631778,0.00011087500024586916,0.0,9.315707405123387e-06,False,-9.315707405123387e-06,measured_local,,,,,
routing,8,8,1,annealing,local,3.2383704321621387,3.2383704321621387,True,0.0010357499122619629,960,0.153580885581411,0.08401990876631778,0.0010357499122619629,0.0,8.702361313297176e-05,False,-8.702361313297176e-05,measured_local,,,,,
routing,8,8,1,random,local,4.1333115569936245,3.2383704321621387,True,7.417052984237671e-06,256,0.153580885581411,0.08401990876631778,7.417052984237671e-06,0.21115217255206867,6.231801150505941e-07,False,-0.2111527957321837,measured_local,,,,,
routing,8,8,1,qaoa,optimistic,3.2383704321621387,3.2383704321621387,True,0.003545166924595833,106,0.153580885581411,0.08401990876631778,1.36044,0.0,0.11430404468204937,True,-2.1143040446820494,modeled_qpu,1024.0,0.020290033498254104,6.130906717593017,2.6600603872558715,0.04047614087852241
routing,8,8,1,qaoa,nominal,3.2383704321621387,3.2383704321621387,True,0.003545166924595833,106,0.153580885581411,0.08401990876631778,8.577200000000001,0.0,0.720655561470461,True,-2.720655561470461,modeled_qpu,1024.0,0.020290033498254104,6.130906717593017,2.6600603872558715,0.04047614087852241
routing,8,8,1,qaoa,stressed,3.2383704321621387,3.2383704321621387,True,0.003545166924595833,106,0.153580885581411,0.08401990876631778,39.4288,0.0,3.312804178765391,True,-5.312804178765391,modeled_qpu,1024.0,0.020290033498254104,6.130906717593017,2.6600603872558715,0.04047614087852241
routing,8,8,1,mean_field,local,3.2383704321621387,3.2383704321621387,True,0.003082167007960379,108,0.153580885581411,0.08401990876631778,0.003082167007960379,0.0,0.0002589633908113857,False,-0.0002589633908113857,measured_local,,,,,
routing,8,8,2,exact,local,3.0535940520612224,3.0535940520612224,True,3.3329706639051437e-06,256,0.8065318438214648,0.14565704977402136,3.3329706639051437e-06,0.0,4.854706738877845e-07,False,-4.854706738877845e-07,measured_local,,,,,
routing,8,8,2,local_search,local,3.0535940520612224,3.0535940520612224,True,0.00012158299796283245,704,0.8065318438214648,0.14565704977402136,0.00012158299796283245,0.0,1.7709420785947023e-05,False,-1.7709420785947023e-05,measured_local,,,,,
routing,8,8,2,annealing,local,3.0535940520612224,3.0535940520612224,True,0.0010928339324891567,960,0.8065318438214648,0.14565704977402136,0.0010928339324891567,0.0,0.0001591789664993126,False,-0.0001591789664993126,measured_local,,,,,
routing,8,8,2,random,local,3.735644906322025,3.0535940520612224,True,8.499948307871819e-06,256,0.8065318438214648,0.14565704977402136,8.499948307871819e-06,0.16825830250909932,1.238077393756294e-06,False,-0.16825954058649306,measured_local,,,,,
routing,8,8,2,qaoa,optimistic,3.0535940520612224,3.0535940520612224,True,0.003794749965891242,115,0.8065318438214648,0.14565704977402136,1.4751,0.0,0.2148587141216589,True,-2.214858714121659,modeled_qpu,1024.0,0.02504770610937589,6.9429817539861975,2.643987247895958,0.03522135048279021
routing,8,8,2,qaoa,nominal,3.0535940520612224,3.0535940520612224,True,0.003794749965891242,115,0.8065318438214648,0.14565704977402136,9.263,0.0,1.34922125205676,True,-3.34922125205676,modeled_qpu,1024.0,0.02504770610937589,6.9429817539861975,2.643987247895958,0.03522135048279021
routing,8,8,2,qaoa,stressed,3.0535940520612224,3.0535940520612224,True,0.003794749965891242,115,0.8065318438214648,0.14565704977402136,42.352000000000004,0.0,6.168867372029353,True,-8.168867372029354,modeled_qpu,1024.0,0.02504770610937589,6.9429817539861975,2.643987247895958,0.03522135048279021
routing,8,8,2,mean_field,local,3.0535940520612224,3.0535940520612224,True,0.0028161659138277173,95,0.8065318438214648,0.14565704977402136,0.0028161659138277173,0.0,0.0004101944186823062,False,-0.0004101944186823062,measured_local,,,,,
routing,8,8,3,exact,local,2.3749234619441753,2.3749234619441753,True,3.2499665394425392e-06,256,0.3393480989537834,0.08548676207654411,3.2499665394425392e-06,0.0,2.778291163140538e-07,False,-2.778291163140538e-07,measured_local,,,,,
routing,8,8,3,local_search,local,2.3749234619441753,2.3749234619441753,True,0.00012558395974338055,672,0.3393480989537834,0.08548676207654411,0.00012558395974338055,0.0,1.0735766087212667e-05,False,-1.0735766087212667e-05,measured_local,,,,,
routing,8,8,3,annealing,local,2.3749234619441753,2.3749234619441753,True,0.0010575830237939954,960,0.3393480989537834,0.08548676207654411,0.0010575830237939954,0.0,9.040934833126937e-05,False,-9.040934833126937e-05,measured_local,,,,,
routing,8,8,3,random,local,2.3749234619441753,2.3749234619441753,True,6.832997314631939e-06,256,0.3393480989537834,0.08548676207654411,6.832997314631939e-06,0.0,5.841308157056054e-07,False,-5.841308157056054e-07,measured_local,,,,,
routing,8,8,3,qaoa,optimistic,2.3749234619441753,2.3749234619441753,True,0.003469291958026588,101,0.3393480989537834,0.08548676207654411,1.2967400000000002,0.0,0.11085410385513783,True,-2.1108541038551376,modeled_qpu,1024.0,0.011765508011306165,4.081658650373937,2.6731929830567074,0.058130601632641256
routing,8,8,3,qaoa,nominal,2.3749234619441753,2.3749234619441753,True,0.003469291958026588,101,0.3393480989537834,0.08548676207654411,8.196200000000001,0.0,0.7006665993317709,True,-2.700666599331771,modeled_qpu,1024.0,0.011765508011306165,4.081658650373937,2.6731929830567074,0.058130601632641256
routing,8,8,3,qaoa,stressed,2.3749234619441753,2.3749234619441753,True,0.003469291958026588,101,0.3393480989537834,0.08548676207654411,37.8048,0.0,3.231809942951335,True,-5.231809942951335,modeled_qpu,1024.0,0.011765508011306165,4.081658650373937,2.6731929830567074,0.058130601632641256
routing,8,8,3,mean_field,local,2.3749234619441753,2.3749234619441753,True,0.003524333005771041,127,0.3393480989537834,0.08548676207654411,0.003524333005771041,0.0,0.00030128381714286055,False,-0.00030128381714286055,measured_local,,,,,
routing,8,8,4,exact,local,4.106122312882555,4.106122312882555,True,3.4170225262641907e-06,256,0.5963355346460947,0.14473103934616863,3.4170225262641907e-06,0.0,4.945492216954871e-07,False,-4.945492216954871e-07,measured_local,,,,,
routing,8,8,4,local_search,local,4.106122312882555,4.106122312882555,True,0.00011908297892659903,632,0.5963355346460947,0.14473103934616863,0.00011908297892659903,0.0,1.7235003308484573e-05,False,-1.7235003308484573e-05,measured_local,,,,,
routing,8,8,4,annealing,local,4.106122312882555,4.106122312882555,True,0.0010744159808382392,960,0.5963355346460947,0.14473103934616863,0.0010744159808382392,0.0,0.00015550134159685155,False,-0.00015550134159685155,measured_local,,,,,
routing,8,8,4,random,local,4.106122312882555,4.106122312882555,True,7.1660615503787994e-06,256,0.5963355346460947,0.14473103934616863,7.1660615503787994e-06,0.0,1.0371515362049402e-06,False,-1.0371515362049402e-06,measured_local,,,,,
routing,8,8,4,qaoa,optimistic,4.106122312882555,4.106122312882555,True,0.0033095410326495767,96,0.5963355346460947,0.14473103934616863,1.2330400000000001,0.0,0.17845916075539978,True,-2.1784591607554,modeled_qpu,1024.0,0.017582646823703023,6.240258105274464,2.68897864767088,0.04540363266431103
routing,8,8,4,qaoa,nominal,4.106122312882555,4.106122312882555,True,0.0033095410326495767,96,0.5963355346460947,0.14473103934616863,7.815200000000001,0.0,1.1311020186981773,True,-3.1311020186981775,modeled_qpu,1024.0,0.017582646823703023,6.240258105274464,2.68897864767088,0.04540363266431103
routing,8,8,4,qaoa,stressed,4.106122312882555,4.106122312882555,True,0.0033095410326495767,96,0.5963355346460947,0.14473103934616863,36.180800000000005,0.0,5.236484788375859,True,-7.236484788375859,modeled_qpu,1024.0,0.017582646823703023,6.240258105274464,2.68897864767088,0.04540363266431103
routing,8,8,4,mean_field,local,4.173906936230493,4.106122312882555,True,0.002681249985471368,91,0.5963355346460947,0.14473103934616863,0.002681249985471368,0.013275166397193457,0.0003880600971441706,False,-0.013663226494337627,measured_local,,,,,
routing,8,8,5,exact,local,3.347437207014564,3.347437207014564,True,2.7909409254789352e-06,256,0.6834690248747671,0.13891717386884514,2.7909409254789352e-06,0.0,3.8770962580243284e-07,False,-3.8770962580243284e-07,measured_local,,,,,
routing,8,8,5,local_search,local,3.347437207014564,3.347437207014564,True,0.00010112498421221972,608,0.6834690248747671,0.13891717386884514,0.00010112498421221972,0.0,1.4047997014293146e-05,False,-1.4047997014293146e-05,measured_local,,,,,
routing,8,8,5,annealing,local,3.347437207014564,3.347437207014564,True,0.0009978340240195394,960,0.6834690248747671,0.13891717386884514,0.0009978340240195394,0.0,0.00013861628260697175,False,-0.00013861628260697175,measured_local,,,,,
routing,8,8,5,random,local,3.6466400090509605,3.347437207014564,True,6.249989382922649e-06,256,0.6834690248747671,0.13891717386884514,6.249989382922649e-06,0.06882280014387204,8.682308617859019e-07,False,-0.06882366837473383,measured_local,,,,,
routing,8,8,5,qaoa,optimistic,3.347437207014564,3.347437207014564,True,0.0032384590012952685,95,0.6834690248747671,0.13891717386884514,1.2203000000000002,0.0,0.16952062727215175,True,-2.169520627272152,modeled_qpu,1024.0,0.022661436741568605,6.202939173119308,2.635908814866511,0.03791950994749459
routing,8,8,5,qaoa,nominal,3.347437207014564,3.347437207014564,True,0.0032384590012952685,95,0.6834690248747671,0.13891717386884514,7.739000000000001,0.0,1.0750800085709926,True,-3.0750800085709926,modeled_qpu,1024.0,0.022661436741568605,6.202939173119308,2.635908814866511,0.03791950994749459
routing,8,8,5,qaoa,stressed,3.347437207014564,3.347437207014564,True,0.0032384590012952685,95,0.6834690248747671,0.13891717386884514,35.856,0.0,4.981014186241311,True,-6.981014186241311,modeled_qpu,1024.0,0.022661436741568605,6.202939173119308,2.635908814866511,0.03791950994749459
routing,8,8,5,mean_field,local,3.6466400090509605,3.347437207014564,True,0.003102875081822276,112,0.6834690248747671,0.13891717386884514,0.003102875081822276,0.06882280014387204,0.0004310426372348122,False,-0.06925384278110686,measured_local,,,,,
routing,8,8,6,exact,local,3.0504014212835964,3.0504014212835964,True,2.9579969123005867e-06,256,0.18491312058719137,0.09894623010679054,2.9579969123005867e-06,0.0,2.926826431396698e-07,False,-2.926826431396698e-07,measured_local,,,,,
routing,8,8,6,local_search,local,3.0504014212835964,3.0504014212835964,True,0.00011704105418175459,656,0.18491312058719137,0.09894623010679054,0.00011704105418175459,0.0,1.158077107900923e-05,False,-1.158077107900923e-05,measured_local,,,,,
routing,8,8,6,annealing,local,3.0504014212835964,3.0504014212835964,True,0.0010622909758239985,960,0.18491312058719137,0.09894623010679054,0.0010622909758239985,0.0,0.00010510968733424842,False,-0.00010510968733424842,measured_local,,,,,
routing,8,8,6,random,local,3.0504014212835964,3.0504014212835964,True,6.749993190169334e-06,256,0.18491312058719137,0.09894623010679054,6.749993190169334e-06,0.0,6.678863794137642e-07,False,-6.678863794137642e-07,measured_local,,,,,
routing,8,8,6,qaoa,optimistic,3.0504014212835964,3.0504014212835964,True,0.00360212498344481,106,0.18491312058719137,0.09894623010679054,1.36044,0.0,0.13461040928648213,True,-2.134610409286482,modeled_qpu,1024.0,0.018264428291933876,6.367348405781648,2.6608586607158182,0.04232399949829864
routing,8,8,6,qaoa,nominal,3.0504014212835964,3.0504014212835964,True,0.00360212498344481,106,0.18491312058719137,0.09894623010679054,8.577200000000001,0.0,0.848681604871964,True,-2.848681604871964,modeled_qpu,1024.0,0.018264428291933876,6.367348405781648,2.6608586607158182,0.04232399949829864
routing,8,8,6,qaoa,stressed,3.0504014212835964,3.0504014212835964,True,0.00360212498344481,106,0.18491312058719137,0.09894623010679054,39.4288,0.0,3.9013311176346233,True,-5.901331117634623,modeled_qpu,1024.0,0.018264428291933876,6.367348405781648,2.6608586607158182,0.04232399949829864
routing,8,8,6,mean_field,local,3.0504014212835964,3.0504014212835964,True,0.0031155420001596212,112,0.18491312058719137,0.09894623010679054,0.0031155420001596212,0.0,0.00030827113565516434,False,-0.00030827113565516434,measured_local,,,,,
routing,8,8,7,exact,local,3.489326379030393,3.489326379030393,True,3.0410010367631912e-06,256,0.34840042092483214,0.07208918456831785,3.0410010367631912e-06,0.0,2.1922328501166765e-07,False,-2.1922328501166765e-07,measured_local,,,,,
routing,8,8,7,local_search,local,3.489326379030393,3.489326379030393,True,0.00013879104517400265,656,0.34840042092483214,0.07208918456831785,0.00013879104517400265,0.0,1.0005333271978418e-05,False,-1.0005333271978418e-05,measured_local,,,,,
routing,8,8,7,annealing,local,3.489326379030393,3.489326379030393,True,0.0010689579648897052,960,0.34840042092483214,0.07208918456831785,0.0010689579648897052,0.0,7.70603080267074e-05,False,-7.70603080267074e-05,measured_local,,,,,
routing,8,8,7,random,local,3.489326379030393,3.489326379030393,True,6.249989382922649e-06,256,0.34840042092483214,0.07208918456831785,6.249989382922649e-06,0.0,4.5055663817553785e-07,False,-4.5055663817553785e-07,measured_local,,,,,
routing,8,8,7,qaoa,optimistic,3.489326379030393,3.489326379030393,True,0.003305582911707461,97,0.34840042092483214,0.07208918456831785,1.24578,0.0,0.08980726435151902,True,-2.089807264351519,modeled_qpu,1024.0,0.02075746840872785,6.0534076022428085,2.6906874242588956,0.046558086009873136
routing,8,8,7,qaoa,nominal,3.489326379030393,3.489326379030393,True,0.003305582911707461,97,0.34840042092483214,0.07208918456831785,7.8914,0.0,0.5688845911024235,True,-2.5688845911024236,modeled_qpu,1024.0,0.02075746840872785,6.0534076022428085,2.6906874242588956,0.046558086009873136
routing,8,8,7,qaoa,stressed,3.489326379030393,3.489326379030393,True,0.003305582911707461,97,0.34840042092483214,0.07208918456831785,36.5056,0.0,2.631658936177184,True,-4.631658936177184,modeled_qpu,1024.0,0.02075746840872785,6.0534076022428085,2.6906874242588956,0.046558086009873136
routing,8,8,7,mean_field,local,4.088797535620197,3.489326379030393,True,0.003450290998443961,108,0.34840042092483214,0.07208918456831785,0.003450290998443961,0.13353254051430266,0.00024872866460123237,False,-0.1337812691789039,measured_local,,,,,
routing,8,8,8,exact,local,4.0203373615880444,4.0203373615880444,True,1.0499963536858559e-05,256,0.7853334095492511,0.1257994013114589,1.0499963536858559e-05,0.0,1.3208891267289551e-06,False,-1.3208891267289551e-06,measured_local,,,,,
routing,8,8,8,local_search,local,4.0203373615880444,4.0203373615880444,True,0.0004768751095980406,576,0.7853334095492511,0.1257994013114589,0.0004768751095980406,0.0,5.999060328776985e-05,False,-5.999060328776985e-05,measured_local,,,,,
routing,8,8,8,annealing,local,4.0203373615880444,4.0203373615880444,True,0.0015594159485772252,960,0.7853334095492511,0.1257994013114589,0.0015594159485772252,0.0,0.0001961735927265557,False,-0.0001961735927265557,measured_local,,,,,
routing,8,8,8,random,local,4.0203373615880444,4.0203373615880444,True,3.200001083314419e-05,256,0.7853334095492511,0.1257994013114589,3.200001083314419e-05,0.0,4.025582204769738e-06,False,-4.025582204769738e-06,measured_local,,,,,
routing,8,8,8,qaoa,optimistic,4.0203373615880444,4.0203373615880444,True,0.00477937504183501,103,0.7853334095492511,0.1257994013114589,1.3222200000000002,0.0,0.16633448440203719,True,-2.166334484402037,modeled_qpu,1024.0,0.024052454583121215,6.379243588525145,2.6703187789897567,0.03668472778169364
routing,8,8,8,qaoa,nominal,4.0203373615880444,4.0203373615880444,True,0.00477937504183501,103,0.7853334095492511,0.1257994013114589,8.348600000000001,0.0,1.0502488817888458,True,-3.050248881788846,modeled_qpu,1024.0,0.024052454583121215,6.379243588525145,2.6703187789897567,0.03668472778169364
routing,8,8,8,qaoa,stressed,4.0203373615880444,4.0203373615880444,True,0.00477937504183501,103,0.7853334095492511,0.1257994013114589,38.45440000000001,0.0,4.837540497791366,True,-6.837540497791366,modeled_qpu,1024.0,0.024052454583121215,6.379243588525145,2.6703187789897567,0.03668472778169364
routing,8,8,8,mean_field,local,4.877806929753801,4.0203373615880444,True,0.004361458006314933,112,0.7853334095492511,0.1257994013114589,0.004361458006314933,0.17079919264519697,0.0005486688060394877,False,-0.17134786145123646,measured_local,,,,,
routing,8,8,9,exact,local,3.350347213258153,3.350347213258153,True,6.332993507385254e-06,256,0.41611691707274046,0.10299800822531728,6.332993507385254e-06,0.0,6.522857173645474e-07,False,-6.522857173645474e-07,measured_local,,,,,
routing,8,8,9,local_search,local,3.350347213258153,3.350347213258153,True,0.00016595807392150164,632,0.41611691707274046,0.10299800822531728,0.00016595807392150164,0.0,1.7093351062824638e-05,False,-1.7093351062824638e-05,measured_local,,,,,
routing,8,8,9,annealing,local,3.350347213258153,3.350347213258153,True,0.0014831249136477709,960,0.41611691707274046,0.10299800822531728,0.0014831249136477709,0.0,0.0001527589120550661,False,-0.0001527589120550661,measured_local,,,,,
routing,8,8,9,random,local,3.350347213258153,3.350347213258153,True,1.7958926036953926e-05,256,0.41611691707274046,0.10299800822531728,1.7958926036953926e-05,0.0,1.8497336116720452e-06,False,-1.8497336116720452e-06,measured_local,,,,,
routing,8,8,9,qaoa,optimistic,3.350347213258153,3.350347213258153,True,0.0045770000433549285,103,0.41611691707274046,0.10299800822531728,1.3222200000000002,0.0,0.13618602643567904,True,-2.136186026435679,modeled_qpu,1024.0,0.017922903346179492,6.707939106918312,2.6982390737809583,0.0460671173442891
routing,8,8,9,qaoa,nominal,3.350347213258153,3.350347213258153,True,0.0045770000433549285,103,0.41611691707274046,0.10299800822531728,8.348600000000001,0.0,0.859889171469884,True,-2.859889171469884,modeled_qpu,1024.0,0.017922903346179492,6.707939106918312,2.6982390737809583,0.0460671173442891
routing,8,8,9,qaoa,stressed,3.350347213258153,3.350347213258153,True,0.0045770000433549285,103,0.41611691707274046,0.10299800822531728,38.45440000000001,0.0,3.9607266074996414,True,-5.960726607499641,modeled_qpu,1024.0,0.017922903346179492,6.707939106918312,2.6982390737809583,0.0460671173442891
routing,8,8,9,mean_field,local,3.350347213258153,3.350347213258153,True,0.00352179107721895,97,0.41611691707274046,0.10299800822531728,0.00352179107721895,0.0,0.0003627374663392464,False,-0.0003627374663392464,measured_local,,,,,
routing,8,8,10,exact,local,2.9199745465351485,2.9199745465351485,True,6.541027687489986e-06,256,0.3592439020251158,0.1382594630478393,6.541027687489986e-06,0.0,9.043589758534155e-07,False,-9.043589758534155e-07,measured_local,,,,,
routing,8,8,10,local_search,local,2.9199745465351485,2.9199745465351485,True,0.00018979201558977365,688,0.3592439020251158,0.1382594630478393,0.00018979201558977365,0.0,2.624054216620925e-05,False,-2.624054216620925e-05,measured_local,,,,,
routing,8,8,10,annealing,local,2.9199745465351485,2.9199745465351485,True,0.0013126670382916927,960,0.3592439020251158,0.1382594630478393,0.0013126670382916927,0.0,0.00018148863987480694,False,-0.00018148863987480694,measured_local,,,,,
routing,8,8,10,random,local,2.9199745465351485,2.9199745465351485,True,2.5667017325758934e-05,256,0.3592439020251158,0.1382594630478393,2.5667017325758934e-05,0.0,3.5487080334990183e-06,False,-3.5487080334990183e-06,measured_local,,,,,
routing,8,8,10,qaoa,optimistic,2.9199745465351485,2.9199745465351485,True,0.0035839580232277513,101,0.3592439020251158,0.1382594630478393,1.2967400000000002,0.0,0.17928657611265514,True,-2.179286576112655,modeled_qpu,1024.0,0.024035768492757202,6.45264193556736,2.6517233736906087,0.03624337727293072
routing,8,8,10,qaoa,nominal,2.9199745465351485,2.9199745465351485,True,0.0035839580232277513,101,0.3592439020251158,0.1382594630478393,8.196200000000001,0.0,1.1332022110327005,True,-3.1332022110327005,modeled_qpu,1024.0,0.024035768492757202,6.45264193556736,2.6517233736906087,0.03624337727293072
routing,8,8,10,qaoa,stressed,2.9199745465351485,2.9199745465351485,True,0.0035839580232277513,101,0.3592439020251158,0.1382594630478393,37.8048,0.0,5.226871348630954,True,-7.226871348630954,modeled_qpu,1024.0,0.024035768492757202,6.45264193556736,2.6517233736906087,0.03624337727293072
routing,8,8,10,mean_field,local,2.9199745465351485,2.9199745465351485,True,0.0026219580322504044,94,0.3592439020251158,0.1382594630478393,0.0026219580322504044,0.0,0.0003625105096729102,False,-0.0003625105096729102,measured_local,,,,,
routing,8,8,11,exact,local,7.933356646734364,7.933356646734364,True,3.374996595084667e-06,256,0.6640353129227734,0.04536663872706048,3.374996595084667e-06,0.0,1.5311225123426532e-07,False,-1.5311225123426532e-07,measured_local,,,,,
routing,8,8,11,local_search,local,7.933356646734364,7.933356646734364,True,0.00010808301158249378,600,0.6640353129227734,0.04536663872706048,0.00010808301158249378,0.0,4.903362938995689e-06,False,-4.903362938995689e-06,measured_local,,,,,
routing,8,8,11,annealing,local,7.933356646734364,7.933356646734364,True,0.0010726670734584332,960,0.6640353129227734,0.04536663872706048,0.0010726670734584332,0.0,4.866329959600198e-05,False,-4.866329959600198e-05,measured_local,,,,,
routing,8,8,11,random,local,9.430113777613789,7.933356646734364,False,9.082956239581108e-06,256,0.6640353129227734,0.04536663872706048,9.082956239581108e-06,0.16754700277488335,4.1206319429477593e-07,False,-5.167547414838078,measured_local,,,,,
routing,8,8,11,qaoa,optimistic,7.933356646734364,7.933356646734364,True,0.003824832965619862,114,0.6640353129227734,0.04536663872706048,1.46236,0.0,0.06634235780890417,True,-2.066342357808904,modeled_qpu,1024.0,0.022513027694830587,7.26068395250646,2.647201990880153,0.025183718768500687
routing,8,8,11,qaoa,nominal,7.933356646734364,7.933356646734364,True,0.003824832965619862,114,0.6640353129227734,0.04536663872706048,9.1868,0.0,0.41677423665775926,True,-2.4167742366577594,modeled_qpu,1024.0,0.022513027694830587,7.26068395250646,2.647201990880153,0.025183718768500687
routing,8,8,11,qaoa,stressed,7.933356646734364,7.933356646734364,True,0.003824832965619862,114,0.6640353129227734,0.04536663872706048,42.0272,0.0,1.9066327991099163,True,-3.906632799109916,modeled_qpu,1024.0,0.022513027694830587,7.26068395250646,2.647201990880153,0.025183718768500687
routing,8,8,11,mean_field,local,7.933356646734364,7.933356646734364,True,0.003493000054731965,132,0.6640353129227734,0.04536663872706048,0.003493000054731965,0.0,0.00015846567155662755,False,-0.00015846567155662755,measured_local,,,,,
routing,8,8,12,exact,local,5.039696430144922,5.039696430144922,True,4.00003045797348e-06,256,0.43328584577722135,0.03573872974281321,4.00003045797348e-06,0.0,1.4295600750053556e-07,False,-1.4295600750053556e-07,measured_local,,,,,
routing,8,8,12,local_search,local,5.039696430144922,5.039696430144922,True,0.0001307919155806303,688,0.43328584577722135,0.03573872974281321,0.0001307919155806303,0.0,4.6743369234809865e-06,False,-4.6743369234809865e-06,measured_local,,,,,
routing,8,8,12,annealing,local,5.039696430144922,5.039696430144922,True,0.001054749940522015,960,0.43328584577722135,0.03573872974281321,0.001054749940522015,0.0,3.769542307056461e-05,False,-3.769542307056461e-05,measured_local,,,,,
routing,8,8,12,random,local,5.039696430144922,5.039696430144922,True,7.750000804662704e-06,256,0.43328584577722135,0.03573872974281321,7.750000804662704e-06,0.0,2.769751842644253e-07,False,-2.769751842644253e-07,measured_local,,,,,
routing,8,8,12,qaoa,optimistic,5.039696430144922,5.039696430144922,True,0.0036385409766808152,104,0.43328584577722135,0.03573872974281321,1.3349600000000001,0.0,0.047709774657465925,True,-2.047709774657466,modeled_qpu,1024.0,0.020616125340156992,6.329759709019592,2.6738264790567685,0.03674674120512522
routing,8,8,12,qaoa,nominal,5.039696430144922,5.039696430144922,True,0.0036385409766808152,104,0.43328584577722135,0.03573872974281321,8.424800000000001,0.0,0.30109165033725277,True,-2.301091650337253,modeled_qpu,1024.0,0.020616125340156992,6.329759709019592,2.6738264790567685,0.03674674120512522
routing,8,8,12,qaoa,stressed,5.039696430144922,5.039696430144922,True,0.0036385409766808152,104,0.43328584577722135,0.03573872974281321,38.7792,0.0,1.385919348442502,True,-3.385919348442502,modeled_qpu,1024.0,0.020616125340156992,6.329759709019592,2.6738264790567685,0.03674674120512522
routing,8,8,12,mean_field,local,5.039696430144922,5.039696430144922,True,0.0026505000423640013,93,0.43328584577722135,0.03573872974281321,0.0026505000423640013,0.0,9.472550469736201e-05,False,-9.472550469736201e-05,measured_local,,,,,
routing,8,8,13,exact,local,3.7370998973718264,3.7370998973718264,True,3.7499703466892242e-06,256,0.9520763584176223,0.07369059849814708,3.7499703466892242e-06,0.0,2.76337559197833e-07,False,-2.76337559197833e-07,measured_local,,,,,
routing,8,8,13,local_search,local,3.7370998973718264,3.7370998973718264,True,0.00010645890142768621,592,0.9520763584176223,0.07369059849814708,0.00010645890142768621,0.0,7.84502016166144e-06,False,-7.84502016166144e-06,measured_local,,,,,
routing,8,8,13,annealing,local,3.7370998973718264,3.7370998973718264,True,0.0010888329707086086,960,0.9520763584176223,0.07369059849814708,0.0010888329707086086,0.0,8.023675327603281e-05,False,-8.023675327603281e-05,measured_local,,,,,
routing,8,8,13,random,local,3.7370998973718264,3.7370998973718264,True,8.624978363513947e-06,256,0.9520763584176223,0.07369059849814708,8.624978363513947e-06,0.0,6.355798176409119e-07,False,-6.355798176409119e-07,measured_local,,,,,
routing,8,8,13,qaoa,optimistic,3.7370998973718264,3.7370998973718264,True,0.0035604999866336584,105,0.9520763584176223,0.07369059849814708,1.3477000000000001,0.0,0.09931281959595283,True,-2.0993128195959527,modeled_qpu,1024.0,0.02158223758279127,6.950360408820224,2.7083501229630675,0.047705565052075884
routing,8,8,13,qaoa,nominal,3.7370998973718264,3.7370998973718264,True,0.0035604999866336584,105,0.9520763584176223,0.07369059849814708,8.501000000000001,0.0,0.6264437778327484,True,-2.6264437778327485,modeled_qpu,1024.0,0.02158223758279127,6.950360408820224,2.7083501229630675,0.047705565052075884
routing,8,8,13,qaoa,stressed,3.7370998973718264,3.7370998973718264,True,0.0035604999866336584,105,0.9520763584176223,0.07369059849814708,39.104000000000006,0.0,2.8815971636715436,True,-4.881597163671543,modeled_qpu,1024.0,0.02158223758279127,6.950360408820224,2.7083501229630675,0.047705565052075884
routing,8,8,13,mean_field,local,3.7370998973718264,3.7370998973718264,True,0.0029875829350203276,114,0.9520763584176223,0.07369059849814708,0.0029875829350203276,0.0,0.0002201567745444988,False,-0.0002201567745444988,measured_local,,,,,
routing,8,8,14,exact,local,2.9585732661401956,2.9585732661401956,True,2.9579969123005867e-06,256,0.8511541554791047,0.14545599176504487,2.9579969123005867e-06,0.0,4.302583745166223e-07,False,-4.302583745166223e-07,measured_local,,,,,
routing,8,8,14,local_search,local,2.9585732661401956,2.9585732661401956,True,0.0001055840402841568,568,0.8511541554791047,0.14545599176504487,0.0001055840402841568,0.0,1.5357831294092477e-05,False,-1.5357831294092477e-05,measured_local,,,,,
routing,8,8,14,annealing,local,2.9585732661401956,2.9585732661401956,True,0.0010761249577626586,960,0.8511541554791047,0.14545599176504487,0.0010761249577626586,0.0,0.00015652882299448454,False,-0.00015652882299448454,measured_local,,,,,
routing,8,8,14,random,local,2.9585732661401956,2.9585732661401956,True,7.458031177520752e-06,256,0.8511541554791047,0.14545599176504487,7.458031177520752e-06,0.0,1.0848153215409063e-06,False,-1.0848153215409063e-06,measured_local,,,,,
routing,8,8,14,qaoa,optimistic,2.9585732661401956,2.9585732661401956,True,0.0035505410050973296,104,0.8511541554791047,0.14545599176504487,1.3349600000000001,0.0,0.19417793076666431,True,-2.1941779307666645,modeled_qpu,1024.0,0.02119293676703246,6.4566864434694144,2.7044421666499203,0.04207781434658276
routing,8,8,14,qaoa,nominal,2.9585732661401956,2.9585732661401956,True,0.0035505410050973296,104,0.8511541554791047,0.14545599176504487,8.424800000000001,0.0,1.2254376394221502,True,-3.2254376394221502,modeled_qpu,1024.0,0.02119293676703246,6.4566864434694144,2.7044421666499203,0.04207781434658276
routing,8,8,14,qaoa,stressed,2.9585732661401956,2.9585732661401956,True,0.0035505410050973296,104,0.8511541554791047,0.14545599176504487,38.7792,0.0,5.640666995855028,True,-7.640666995855028,modeled_qpu,1024.0,0.02119293676703246,6.4566864434694144,2.7044421666499203,0.04207781434658276
routing,8,8,14,mean_field,local,2.9585732661401956,2.9585732661401956,True,0.002618666971102357,93,0.8511541554791047,0.14545599176504487,0.002618666971102357,0.0,0.0003809008013840594,False,-0.0003809008013840594,measured_local,,,,,
routing,8,8,15,exact,local,3.007370637355062,3.007370637355062,True,2.9999064281582832e-06,256,0.4572331396447283,0.07305280384173114,2.9999064281582832e-06,0.0,2.191515758397954e-07,False,-2.191515758397954e-07,measured_local,,,,,
routing,8,8,15,local_search,local,3.007370637355062,3.007370637355062,True,0.00010349997319281101,584,0.4572331396447283,0.07305280384173114,0.00010349997319281101,0.0,7.5609632392788545e-06,False,-7.5609632392788545e-06,measured_local,,,,,
routing,8,8,15,annealing,local,3.007370637355062,3.007370637355062,True,0.0010394169948995113,960,0.4572331396447283,0.07305280384173114,0.0010394169948995113,0.0,7.593232583815566e-05,False,-7.593232583815566e-05,measured_local,,,,,
routing,8,8,15,random,local,4.136848816458249,3.007370637355062,True,6.749993190169334e-06,256,0.4572331396447283,0.07305280384173114,6.749993190169334e-06,0.28185019088942154,4.931059284544614e-07,False,-0.28185068399535,measured_local,,,,,
routing,8,8,15,qaoa,optimistic,3.007370637355062,3.007370637355062,True,0.003929959028027952,110,0.4572331396447283,0.07305280384173114,1.4114000000000002,0.0,0.10310672734221935,True,-2.1031067273422193,modeled_qpu,1024.0,0.03375110471251371,6.907973667203634,2.6226432764483283,0.031537055715623485
routing,8,8,15,qaoa,nominal,3.007370637355062,3.007370637355062,True,0.003929959028027952,110,0.4572331396447283,0.07305280384173114,8.882,0.0,0.648855003722256,True,-2.648855003722256,modeled_qpu,1024.0,0.03375110471251371,6.907973667203634,2.6226432764483283,0.031537055715623485
routing,8,8,15,qaoa,stressed,3.007370637355062,3.007370637355062,True,0.003929959028027952,110,0.4572331396447283,0.07305280384173114,40.728,0.0,2.975294594866026,True,-4.9752945948660265,modeled_qpu,1024.0,0.03375110471251371,6.907973667203634,2.6226432764483283,0.031537055715623485
routing,8,8,15,mean_field,local,3.007370637355062,3.007370637355062,True,0.0026134579675272107,91,0.4572331396447283,0.07305280384173114,0.0026134579675272107,0.0,0.00019092043225037468,False,-0.00019092043225037468,measured_local,,,,,
routing,8,8,16,exact,local,3.449095122354789,3.449095122354789,True,3.7079444155097008e-06,256,0.9989413221138362,0.06690000212990312,3.7079444155097008e-06,0.0,2.4806148929516135e-07,False,-2.4806148929516135e-07,measured_local,,,,,
routing,8,8,16,local_search,local,3.449095122354789,3.449095122354789,True,0.0001194169744849205,712,0.9989413221138362,0.06690000212990312,0.0001194169744849205,0.0,7.988995847387768e-06,False,-7.988995847387768e-06,measured_local,,,,,
routing,8,8,16,annealing,local,3.449095122354789,3.449095122354789,True,0.0010561669478192925,960,0.9989413221138362,0.06690000212990312,0.0010561669478192925,0.0,7.065757105864395e-05,False,-7.065757105864395e-05,measured_local,,,,,
routing,8,8,16,random,local,3.449095122354789,3.449095122354789,True,7.6249707490205765e-06,256,0.9989413221138362,0.06690000212990312,7.6249707490205765e-06,0.0,5.101105593499255e-07,False,-5.101105593499255e-07,measured_local,,,,,
routing,8,8,16,qaoa,optimistic,3.449095122354789,3.449095122354789,True,0.00346475001424551,104,0.9989413221138362,0.06690000212990312,1.3349600000000001,0.0,0.08930882684333548,True,-2.0893088268433355,modeled_qpu,1024.0,0.018418527162842323,6.7097501064400795,2.6958214320803955,0.0476360191474092
routing,8,8,16,qaoa,nominal,3.449095122354789,3.449095122354789,True,0.00346475001424551,104,0.9989413221138362,0.06690000212990312,8.424800000000001,0.0,0.5636191379440079,True,-2.563619137944008,modeled_qpu,1024.0,0.018418527162842323,6.7097501064400795,2.6958214320803955,0.0476360191474092
routing,8,8,16,qaoa,stressed,3.449095122354789,3.449095122354789,True,0.00346475001424551,104,0.9989413221138362,0.06690000212990312,38.7792,0.0,2.594328562595939,True,-4.594328562595939,modeled_qpu,1024.0,0.018418527162842323,6.7097501064400795,2.6958214320803955,0.0476360191474092
routing,8,8,16,mean_field,local,3.449095122354789,3.449095122354789,True,0.003080833936110139,108,0.9989413221138362,0.06690000212990312,0.003080833936110139,0.0,0.0002061077968876461,False,-0.0002061077968876461,measured_local,,,,,
routing,8,8,17,exact,local,2.993047650677492,2.993047650677492,True,4.500034265220165e-06,256,0.4003179082764517,0.05213944501443451,4.500034265220165e-06,0.0,2.34629289134518e-07,False,-2.34629289134518e-07,measured_local,,,,,
routing,8,8,17,local_search,local,2.993047650677492,2.993047650677492,True,0.000111832981929183,608,0.4003179082764517,0.05213944501443451,0.000111832981929183,0.0,5.830909612096885e-06,False,-5.830909612096885e-06,measured_local,,,,,
routing,8,8,17,annealing,local,2.993047650677492,2.993047650677492,True,0.0010496670147404075,960,0.4003179082764517,0.05213944501443451,0.0010496670147404075,0.0,5.472905559852309e-05,False,-5.472905559852309e-05,measured_local,,,,,
routing,8,8,17,random,local,2.993047650677492,2.993047650677492,True,8.00006091594696e-06,256,0.4003179082764517,0.05213944501443451,8.00006091594696e-06,0.0,4.171187362391431e-07,False,-4.171187362391431e-07,measured_local,,,,,
routing,8,8,17,qaoa,optimistic,2.993047650677492,2.993047650677492,True,0.0030705409590154886,91,0.4003179082764517,0.05213944501443451,1.16934,0.0,0.06096873863317885,True,-2.060968738633179,modeled_qpu,1024.0,0.018721202346234464,5.370001954705566,2.6665554305988644,0.05119927592759571
routing,8,8,17,qaoa,nominal,2.993047650677492,2.993047650677492,True,0.0030705409590154886,91,0.4003179082764517,0.05213944501443451,7.434200000000001,0.0,0.38761506212630903,True,-2.387615062126309,modeled_qpu,1024.0,0.018721202346234464,5.370001954705566,2.6665554305988644,0.05119927592759571
routing,8,8,17,qaoa,stressed,2.993047650677492,2.993047650677492,True,0.0030705409590154886,91,0.4003179082764517,0.05213944501443451,34.5568,0.0,1.8017723734748106,True,-3.801772373474811,modeled_qpu,1024.0,0.018721202346234464,5.370001954705566,2.6665554305988644,0.05119927592759571
routing,8,8,17,mean_field,local,2.993047650677492,2.993047650677492,True,0.0032179580302909017,112,0.4003179082764517,0.05213944501443451,0.0032179580302909017,0.0,0.00016778254577911044,False,-0.00016778254577911044,measured_local,,,,,
routing,8,8,18,exact,local,3.0177344890049427,3.0177344890049427,True,4.499917849898338e-06,256,0.6345081402594653,0.04463452233724106,4.499917849898338e-06,0.0,2.0085168378703715e-07,False,-2.0085168378703715e-07,measured_local,,,,,
routing,8,8,18,local_search,local,3.0177344890049427,3.0177344890049427,True,0.0001223749713972211,720,0.6345081402594653,0.04463452233724106,0.0001223749713972211,0.0,5.4621483943485005e-06,False,-5.4621483943485005e-06,measured_local,,,,,
routing,8,8,18,annealing,local,3.0177344890049427,3.0177344890049427,True,0.001060917042195797,960,0.6345081402594653,0.04463452233724106,0.001060917042195797,0.0,4.7353525417848016e-05,False,-4.7353525417848016e-05,measured_local,,,,,
routing,8,8,18,random,local,3.364655130276575,3.0177344890049427,True,2.179096918553114e-05,256,0.6345081402594653,0.04463452233724106,2.179096918553114e-05,0.08634732887925421,9.726295008617212e-07,False,-0.08634830150875507,measured_local,,,,,
routing,8,8,18,qaoa,optimistic,3.0177344890049427,3.0177344890049427,True,0.003356541972607374,98,0.6345081402594653,0.04463452233724106,1.25852,0.0,0.05617343905186462,True,-2.0561734390518644,modeled_qpu,1024.0,0.021092059781370995,5.910325493656383,2.6627441769481974,0.05294813110151321
routing,8,8,18,qaoa,nominal,3.0177344890049427,3.0177344890049427,True,0.003356541972607374,98,0.6345081402594653,0.04463452233724106,7.9676,0.0,0.35563002017420187,True,-2.355630020174202,modeled_qpu,1024.0,0.021092059781370995,5.910325493656383,2.6627441769481974,0.05294813110151321
routing,8,8,18,qaoa,stressed,3.0177344890049427,3.0177344890049427,True,0.003356541972607374,98,0.6345081402594653,0.04463452233724106,36.830400000000004,0.0,1.6439073114895233,True,-3.6439073114895235,modeled_qpu,1024.0,0.021092059781370995,5.910325493656383,2.6627441769481974,0.05294813110151321
routing,8,8,18,mean_field,local,3.938043938840375,3.0177344890049427,True,0.002750667044892907,91,0.6345081402594653,0.04463452233724106,0.002750667044892907,0.22906178901417704,0.0001227747096575853,False,-0.2291845637238346,measured_local,,,,,
routing,8,8,19,exact,local,3.9038912859779344,3.9038912859779344,True,3.999914042651653e-06,256,0.21485057469077948,0.05739045583844878,3.999914042651653e-06,0.0,2.2955689022239085e-07,False,-2.2955689022239085e-07,measured_local,,,,,
routing,8,8,19,local_search,local,3.9038912859779344,3.9038912859779344,True,0.00010845798533409834,584,0.21485057469077948,0.05739045583844878,0.00010845798533409834,0.0,6.224453217643696e-06,False,-6.224453217643696e-06,measured_local,,,,,
routing,8,8,19,annealing,local,3.9038912859779344,3.9038912859779344,True,0.0010140000376850367,960,0.21485057469077948,0.05739045583844878,0.0010140000376850367,0.0,5.81939243829485e-05,False,-5.81939243829485e-05,measured_local,,,,,
routing,8,8,19,random,local,3.9038912859779344,3.9038912859779344,True,7.6669966802001e-06,256,0.21485057469077948,0.05739045583844878,7.6669966802001e-06,0.0,4.400124343885573e-07,False,-4.400124343885573e-07,measured_local,,,,,
routing,8,8,19,qaoa,optimistic,3.9038912859779344,3.9038912859779344,True,0.0037066249642521143,107,0.21485057469077948,0.05739045583844878,1.37318,0.0,0.0788074261482411,True,-2.078807426148241,modeled_qpu,1024.0,0.022447702231248222,6.4285598927419905,2.682054103597144,0.041772815166526686
routing,8,8,19,qaoa,nominal,3.9038912859779344,3.9038912859779344,True,0.0037066249642521143,107,0.21485057469077948,0.05739045583844878,8.6534,0.0,0.4966225705524327,True,-2.4966225705524328,modeled_qpu,1024.0,0.022447702231248222,6.4285598927419905,2.682054103597144,0.041772815166526686
routing,8,8,19,qaoa,stressed,3.9038912859779344,3.9038912859779344,True,0.0037066249642521143,107,0.21485057469077948,0.05739045583844878,39.753600000000006,0.0,2.281477225219358,True,-4.2814772252193585,modeled_qpu,1024.0,0.022447702231248222,6.4285598927419905,2.682054103597144,0.041772815166526686
routing,8,8,19,mean_field,local,3.9038912859779344,3.9038912859779344,True,0.0030381660908460617,105,0.21485057469077948,0.05739045583844878,0.0030381660908460617,0.0,0.00017436173686657348,False,-0.00017436173686657348,measured_local,,,,,
routing,8,8,20,exact,local,3.1665401616406443,3.1665401616406443,True,3.832974471151829e-06,256,0.4474612381854702,0.12732602759437367,3.832974471151829e-06,0.0,4.880374132824076e-07,False,-4.880374132824076e-07,measured_local,,,,,
routing,8,8,20,local_search,local,3.1665401616406443,3.1665401616406443,True,0.00012075004633516073,688,0.4474612381854702,0.12732602759437367,0.00012075004633516073,0.0,1.5374623731692576e-05,False,-1.5374623731692576e-05,measured_local,,,,,
routing,8,8,20,annealing,local,3.1665401616406443,3.1665401616406443,True,0.0010562079260125756,960,0.4474612381854702,0.12732602759437367,0.0010562079260125756,0.0,0.0001344827595328734,False,-0.0001344827595328734,measured_local,,,,,
routing,8,8,20,random,local,3.1665401616406443,3.1665401616406443,True,7.790978997945786e-06,256,0.4474612381854702,0.12732602759437367,7.790978997945786e-06,0.0,9.919944068796308e-07,False,-9.919944068796308e-07,measured_local,,,,,
routing,8,8,20,qaoa,optimistic,3.1665401616406443,3.1665401616406443,True,0.0034172909799963236,100,0.4474612381854702,0.12732602759437367,1.284,0.0,0.1634866194311758,True,-2.163486619431176,modeled_qpu,1024.0,0.02049398591438001,6.344728418740968,2.671422352400958,0.0457182221455437
routing,8,8,20,qaoa,nominal,3.1665401616406443,3.1665401616406443,True,0.0034172909799963236,100,0.4474612381854702,0.12732602759437367,8.120000000000001,0.0,1.0338873440663143,True,-3.033887344066314,modeled_qpu,1024.0,0.02049398591438001,6.344728418740968,2.671422352400958,0.0457182221455437
routing,8,8,20,qaoa,stressed,3.1665401616406443,3.1665401616406443,True,0.0034172909799963236,100,0.4474612381854702,0.12732602759437367,37.480000000000004,0.0,4.772179514237125,True,-6.772179514237125,modeled_qpu,1024.0,0.02049398591438001,6.344728418740968,2.671422352400958,0.0457182221455437
routing,8,8,20,mean_field,local,3.1665401616406443,3.1665401616406443,True,0.0029875829350203276,103,0.4474612381854702,0.12732602759437367,0.0029875829350203276,0.0,0.0003803970672248781,False,-0.0003803970672248781,measured_local,,,,,
routing,8,8,21,exact,local,2.5960392834733907,2.5960392834733907,True,3.5420525819063187e-06,256,0.633016978039686,0.08364662579021094,3.5420525819063187e-06,0.0,2.9628074684796835e-07,False,-2.9628074684796835e-07,measured_local,,,,,
routing,8,8,21,local_search,local,2.5960392834733907,2.5960392834733907,True,0.00010912504512816668,560,0.633016978039686,0.08364662579021094,0.00010912504512816668,0.0,9.12794181417564e-06,False,-9.12794181417564e-06,measured_local,,,,,
routing,8,8,21,annealing,local,2.5960392834733907,2.5960392834733907,True,0.0010824579512700438,960,0.633016978039686,0.08364662579021094,0.0010824579512700438,0.0,9.054395518352375e-05,False,-9.054395518352375e-05,measured_local,,,,,
routing,8,8,21,random,local,2.5960392834733907,2.5960392834733907,True,6.9999368861317635e-06,256,0.633016978039686,0.08364662579021094,6.9999368861317635e-06,0.0,5.85521101269358e-07,False,-5.85521101269358e-07,measured_local,,,,,
routing,8,8,21,qaoa,optimistic,2.5960392834733907,2.5960392834733907,True,0.0032539580715820193,98,0.633016978039686,0.08364662579021094,1.25852,0.0,0.10527095148949628,True,-2.105270951489496,modeled_qpu,1024.0,0.020048515320319912,6.083987229605725,2.6611158823806633,0.03807177125603596
routing,8,8,21,qaoa,nominal,2.5960392834733907,2.5960392834733907,True,0.0032539580715820193,98,0.633016978039686,0.08364662579021094,7.9676,0.0,0.6664628556460847,True,-2.6664628556460848,modeled_qpu,1024.0,0.020048515320319912,6.083987229605725,2.6611158823806633,0.03807177125603596
routing,8,8,21,qaoa,stressed,2.5960392834733907,2.5960392834733907,True,0.0032539580715820193,98,0.633016978039686,0.08364662579021094,36.830400000000004,0.0,3.0807386865037856,True,-5.080738686503786,modeled_qpu,1024.0,0.020048515320319912,6.083987229605725,2.6611158823806633,0.03807177125603596
routing,8,8,21,mean_field,local,2.5960392834733907,2.5960392834733907,True,0.002794582978822291,100,0.633016978039686,0.08364662579021094,0.002794582978822291,0.0,0.00023375743666924115,False,-0.00023375743666924115,measured_local,,,,,
routing,8,8,22,exact,local,3.7456847968415206,3.7456847968415206,True,2.9170187190175056e-06,256,0.8677254330545906,0.08950203138408026,2.9170187190175056e-06,0.0,2.6107910093745437e-07,False,-2.6107910093745437e-07,measured_local,,,,,
routing,8,8,22,local_search,local,3.7456847968415206,3.7456847968415206,True,9.79589531198144e-05,576,0.8677254330545906,0.08950203138408026,9.79589531198144e-05,0.0,8.767525296481275e-06,False,-8.767525296481275e-06,measured_local,,,,,
routing,8,8,22,annealing,local,3.7456847968415206,3.7456847968415206,True,0.001125665963627398,960,0.8677254330545906,0.08950203138408026,0.001125665963627398,0.0,0.00010074939040457033,False,-0.00010074939040457033,measured_local,,,,,
routing,8,8,22,random,local,3.7456847968415206,3.7456847968415206,True,9.416951797902584e-06,256,0.8677254330545906,0.08950203138408026,9.416951797902584e-06,0.0,8.428363153582482e-07,False,-8.428363153582482e-07,measured_local,,,,,
routing,8,8,22,qaoa,optimistic,3.7456847968415206,3.7456847968415206,True,0.0032017920166254044,98,0.8677254330545906,0.08950203138408026,1.25852,0.0,0.1126400965374927,True,-2.1126400965374925,modeled_qpu,1024.0,0.015819684887614288,6.023823562995031,2.669751099105243,0.03890445859366128
routing,8,8,22,qaoa,nominal,3.7456847968415206,3.7456847968415206,True,0.0032017920166254044,98,0.8677254330545906,0.08950203138408026,7.9676,0.0,0.7131163852557979,True,-2.713116385255798,modeled_qpu,1024.0,0.015819684887614288,6.023823562995031,2.669751099105243,0.03890445859366128
routing,8,8,22,qaoa,stressed,3.7456847968415206,3.7456847968415206,True,0.0032017920166254044,98,0.8677254330545906,0.08950203138408026,36.830400000000004,0.0,3.2963956166882302,True,-5.29639561668823,modeled_qpu,1024.0,0.015819684887614288,6.023823562995031,2.669751099105243,0.03890445859366128
routing,8,8,22,mean_field,local,3.7456847968415206,3.7456847968415206,True,0.0026216250844299793,95,0.8677254330545906,0.08950203138408026,0.0026216250844299793,0.0,0.00023464077058394408,False,-0.00023464077058394408,measured_local,,,,,
routing,8,8,23,exact,local,3.4770946878230173,3.4770946878230173,True,3.250082954764366e-06,256,0.3990085069164167,0.0821957292656863,3.250082954764366e-06,0.0,2.6714293864083364e-07,False,-2.6714293864083364e-07,measured_local,,,,,
routing,8,8,23,local_search,local,3.4770946878230173,3.4770946878230173,True,0.00012091593816876411,672,0.3990085069164167,0.0821957292656863,0.00012091593816876411,0.0,9.9387737176262e-06,False,-9.9387737176262e-06,measured_local,,,,,
routing,8,8,23,annealing,local,3.4770946878230173,3.4770946878230173,True,0.0010488750413060188,960,0.3990085069164167,0.0821957292656863,0.0010488750413060188,0.0,8.621304892872505e-05,False,-8.621304892872505e-05,measured_local,,,,,
routing,8,8,23,random,local,3.4770946878230173,3.4770946878230173,True,6.3749030232429504e-06,256,0.3990085069164167,0.0821957292656863,6.3749030232429504e-06,0.0,5.239898029934827e-07,False,-5.239898029934827e-07,measured_local,,,,,
routing,8,8,23,qaoa,optimistic,3.4770946878230173,3.4770946878230173,True,0.00324683403596282,95,0.3990085069164167,0.0821957292656863,1.2203000000000002,0.0,0.10030344842291701,True,-2.100303448422917,modeled_qpu,1024.0,0.01601111278844818,5.121963219132377,2.643299843181813,0.04869657989299628
routing,8,8,23,qaoa,nominal,3.4770946878230173,3.4770946878230173,True,0.00324683403596282,95,0.3990085069164167,0.0821957292656863,7.739000000000001,0.0,0.6361127487871463,True,-2.6361127487871463,modeled_qpu,1024.0,0.01601111278844818,5.121963219132377,2.643299843181813,0.04869657989299628
routing,8,8,23,qaoa,stressed,3.4770946878230173,3.4770946878230173,True,0.00324683403596282,95,0.3990085069164167,0.0821957292656863,35.856,0.0,2.947210068550448,True,-4.947210068550448,modeled_qpu,1024.0,0.01601111278844818,5.121963219132377,2.643299843181813,0.04869657989299628
routing,8,8,23,mean_field,local,3.0945970654424206,3.4770946878230173,False,0.002816000021994114,102,0.3990085069164167,0.0821957292656863,0.002816000021994114,0.0,0.00023146317541999486,False,-5.00023146317542,measured_local,,,,,
routing,8,8,24,exact,local,3.5986268483510706,3.5986268483510706,True,3.583962097764015e-06,256,0.6407221591015891,0.0935839121220717,3.583962097764015e-06,0.0,3.354011940059834e-07,False,-3.354011940059834e-07,measured_local,,,,,
routing,8,8,24,local_search,local,3.5986268483510706,3.5986268483510706,True,9.841599967330694e-05,600,0.6407221591015891,0.0935839121220717,9.841599967330694e-05,0.0,9.210154264832594e-06,False,-9.210154264832594e-06,measured_local,,,,,
routing,8,8,24,annealing,local,3.5986268483510706,3.5986268483510706,True,0.0010661249980330467,960,0.6407221591015891,0.0935839121220717,0.0010661249980330467,0.0,9.977214812706852e-05,False,-9.977214812706852e-05,measured_local,,,,,
routing,8,8,24,random,local,3.5986268483510706,3.5986268483510706,True,7.2909751906991005e-06,256,0.6407221591015891,0.0935839121220717,7.2909751906991005e-06,0.0,6.823179815305896e-07,False,-6.823179815305896e-07,measured_local,,,,,
routing,8,8,24,qaoa,optimistic,3.5986268483510706,3.5986268483510706,True,0.0035293750697746873,105,0.6407221591015891,0.0935839121220717,1.3477000000000001,0.0,0.12612303836691605,True,-2.126123038366916,modeled_qpu,1024.0,0.021028262082013832,6.649943235426868,2.709716686208833,0.04857287795080317
routing,8,8,24,qaoa,nominal,3.5986268483510706,3.5986268483510706,True,0.0035293750697746873,105,0.6407221591015891,0.0935839121220717,8.501000000000001,0.0,0.7955568369497317,True,-2.7955568369497317,modeled_qpu,1024.0,0.021028262082013832,6.649943235426868,2.709716686208833,0.04857287795080317
routing,8,8,24,qaoa,stressed,3.5986268483510706,3.5986268483510706,True,0.0035293750697746873,105,0.6407221591015891,0.0935839121220717,39.104000000000006,0.0,3.6595052996214927,True,-5.659505299621493,modeled_qpu,1024.0,0.021028262082013832,6.649943235426868,2.709716686208833,0.04857287795080317
routing,8,8,24,mean_field,local,4.158847792841113,3.5986268483510706,True,0.0030001249397173524,106,0.6407221591015891,0.0935839121220717,0.0030001249397173524,0.1218235275364691,0.00028076342871374436,False,-0.12210429096518285,measured_local,,,,,
routing,8,8,25,exact,local,4.017563694755808,4.017563694755808,True,3.750086762011051e-06,256,0.8422502087550822,0.05420948161356566,3.750086762011051e-06,0.0,2.0329025937451406e-07,False,-2.0329025937451406e-07,measured_local,,,,,
routing,8,8,25,local_search,local,4.017563694755808,4.017563694755808,True,0.00012574996799230576,688,0.8422502087550822,0.05420948161356566,0.00012574996799230576,0.0,6.816840577785369e-06,False,-6.816840577785369e-06,measured_local,,,,,
routing,8,8,25,annealing,local,4.017563694755808,4.017563694755808,True,0.001018292037770152,960,0.8422502087550822,0.05420948161356566,0.001018292037770152,0.0,5.520108349874137e-05,False,-5.520108349874137e-05,measured_local,,,,,
routing,8,8,25,random,local,4.017563694755808,4.017563694755808,True,8.541974239051342e-06,256,0.8422502087550822,0.05420948161356566,8.541974239051342e-06,0.0,4.6305599545540525e-07,False,-4.6305599545540525e-07,measured_local,,,,,
routing,8,8,25,qaoa,optimistic,4.017563694755808,4.017563694755808,True,0.003682709066197276,109,0.8422502087550822,0.05420948161356566,1.3986600000000002,0.0,0.07582063355362977,True,-2.07582063355363,modeled_qpu,1024.0,0.026623368745775075,6.891053261700604,2.6307498948854735,0.03192843630712293
routing,8,8,25,qaoa,nominal,4.017563694755808,4.017563694755808,True,0.003682709066197276,109,0.8422502087550822,0.05420948161356566,8.8058,0.0,0.4773578531927365,True,-2.4773578531927365,modeled_qpu,1024.0,0.026623368745775075,6.891053261700604,2.6307498948854735,0.03192843630712293
routing,8,8,25,qaoa,stressed,4.017563694755808,4.017563694755808,True,0.003682709066197276,109,0.8422502087550822,0.05420948161356566,40.403200000000005,0.0,2.1902365275292164,True,-4.190236527529216,modeled_qpu,1024.0,0.026623368745775075,6.891053261700604,2.6307498948854735,0.03192843630712293
routing,8,8,25,mean_field,local,5.996505639722987,4.017563694755808,True,0.002469999948516488,88,0.8422502087550822,0.05420948161356566,0.002469999948516488,0.3944029543731558,0.0001338974167946127,False,-0.3945368517899504,measured_local,,,,,
routing,8,8,26,exact,local,2.4972630059293133,2.4972630059293133,True,3.2079406082630157e-06,256,0.6902204046970825,0.12544135766909684,3.2079406082630157e-06,0.0,4.0240842522234103e-07,False,-4.0240842522234103e-07,measured_local,,,,,
routing,8,8,26,local_search,local,2.4972630059293133,2.4972630059293133,True,0.00010754191316664219,608,0.6902204046970825,0.12544135766909684,0.00010754191316664219,0.0,1.3490203593955716e-05,False,-1.3490203593955716e-05,measured_local,,,,,
routing,8,8,26,annealing,local,2.8887636615101004,2.4972630059293133,True,0.0011309999972581863,960,0.6902204046970825,0.12544135766909684,0.0011309999972581863,0.11194487086531123,0.0001418741751798117,False,-0.11208674504049104,measured_local,,,,,
routing,8,8,26,random,local,2.8887636615101004,2.4972630059293133,True,1.0167015716433525e-05,256,0.6902204046970825,0.12544135766909684,1.0167015716433525e-05,0.11194487086531123,1.2753642549124667e-06,False,-0.11194614622956614,measured_local,,,,,
routing,8,8,26,qaoa,optimistic,2.4972630059293133,2.4972630059293133,True,0.003535332973115146,105,0.6902204046970825,0.12544135766909684,1.3477000000000001,0.0,0.1690573177306418,True,-2.169057317730642,modeled_qpu,1024.0,0.020414396377584573,6.856980304018938,2.6999173457969077,0.04356629078644789
routing,8,8,26,qaoa,nominal,2.4972630059293133,2.4972630059293133,True,0.003535332973115146,105,0.6902204046970825,0.12544135766909684,8.501000000000001,0.0,1.0663769815449924,True,-3.0663769815449924,modeled_qpu,1024.0,0.020414396377584573,6.856980304018938,2.6999173457969077,0.04356629078644789
routing,8,8,26,qaoa,stressed,2.4972630059293133,2.4972630059293133,True,0.003535332973115146,105,0.6902204046970825,0.12544135766909684,39.104000000000006,0.0,4.9052588502923635,True,-6.9052588502923635,modeled_qpu,1024.0,0.020414396377584573,6.856980304018938,2.6999173457969077,0.04356629078644789
routing,8,8,26,mean_field,local,2.4972630059293133,2.4972630059293133,True,0.002839875058270991,107,0.6902204046970825,0.12544135766909684,0.002839875058270991,0.0,0.00035623778292011857,False,-0.00035623778292011857,measured_local,,,,,
routing,8,8,27,exact,local,3.662290811014594,3.662290811014594,True,3.125052899122238e-06,256,0.8046953923916209,0.13229615153344332,3.125052899122238e-06,0.0,4.1343247189230197e-07,False,-4.1343247189230197e-07,measured_local,,,,,
routing,8,8,27,local_search,local,3.662290811014594,3.662290811014594,True,0.00010833400301635265,608,0.8046953923916209,0.13229615153344332,0.00010833400301635265,0.0,1.4332171679275896e-05,False,-1.4332171679275896e-05,measured_local,,,,,
routing,8,8,27,annealing,local,3.662290811014594,3.662290811014594,True,0.0010424170177429914,960,0.8046953923916209,0.13229615153344332,0.0010424170177429914,0.0,0.00013790775974036686,False,-0.00013790775974036686,measured_local,,,,,
routing,8,8,27,random,local,3.662290811014594,3.662290811014594,True,1.0041985660791397e-05,256,0.8046953923916209,0.13229615153344332,1.0041985660791397e-05,0.0,1.3285160566767235e-06,False,-1.3285160566767235e-06,measured_local,,,,,
routing,8,8,27,qaoa,optimistic,3.662290811014594,3.662290811014594,True,0.0036964169703423977,103,0.8046953923916209,0.13229615153344332,1.3222200000000002,0.0,0.17492461748054944,True,-2.174924617480549,modeled_qpu,1024.0,0.016837327774231532,6.818827531853561,2.6909079443915944,0.04358918904509284
routing,8,8,27,qaoa,nominal,3.662290811014594,3.662290811014594,True,0.0036964169703423977,103,0.8046953923916209,0.13229615153344332,8.348600000000001,0.0,1.104487650692105,True,-3.1044876506921053,modeled_qpu,1024.0,0.016837327774231532,6.818827531853561,2.6909079443915944,0.04358918904509284
routing,8,8,27,qaoa,stressed,3.662290811014594,3.662290811014594,True,0.0036964169703423977,103,0.8046953923916209,0.13229615153344332,38.45440000000001,0.0,5.0873691295276435,True,-7.0873691295276435,modeled_qpu,1024.0,0.016837327774231532,6.818827531853561,2.6909079443915944,0.04358918904509284
routing,8,8,27,mean_field,local,3.662290811014594,3.662290811014594,True,0.002704540966078639,103,0.8046953923916209,0.13229615153344332,0.002704540966078639,0.0,0.00035780036147674483,False,-0.00035780036147674483,measured_local,,,,,
routing,8,8,28,exact,local,2.7538192660831395,2.7538192660831395,True,3.291061148047447e-06,256,0.38681064664504305,0.12355713392202401,3.291061148047447e-06,0.0,4.066340830148685e-07,False,-4.066340830148685e-07,measured_local,,,,,
routing,8,8,28,local_search,local,2.7538192660831395,2.7538192660831395,True,0.00012287497520446777,704,0.38681064664504305,0.12355713392202401,0.00012287497520446777,0.0,1.5182079767003805e-05,False,-1.5182079767003805e-05,measured_local,,,,,
routing,8,8,28,annealing,local,2.7538192660831395,2.7538192660831395,True,0.00107179197948426,960,0.38681064664504305,0.12355713392202401,0.00107179197948426,0.0,0.00013242754514568793,False,-0.00013242754514568793,measured_local,,,,,
routing,8,8,28,random,local,4.8359003142944115,2.7538192660831395,True,7.750000804662704e-06,256,0.38681064664504305,0.12355713392202401,7.750000804662704e-06,0.5546567111058026,9.575678873175036e-07,False,-0.5546576686736899,measured_local,,,,,
routing,8,8,28,qaoa,optimistic,2.7538192660831395,2.7538192660831395,True,0.0033857079688459635,100,0.38681064664504305,0.12355713392202401,1.284,0.0,0.15864735995587884,True,-2.1586473599558786,modeled_qpu,1024.0,0.01870644495650221,6.085031833199291,2.699440579272732,0.05417057375761165
routing,8,8,28,qaoa,nominal,2.7538192660831395,2.7538192660831395,True,0.0033857079688459635,100,0.38681064664504305,0.12355713392202401,8.120000000000001,0.0,1.003283927446835,True,-3.003283927446835,modeled_qpu,1024.0,0.01870644495650221,6.085031833199291,2.699440579272732,0.05417057375761165
routing,8,8,28,qaoa,stressed,2.7538192660831395,2.7538192660831395,True,0.0033857079688459635,100,0.38681064664504305,0.12355713392202401,37.480000000000004,0.0,4.630921379397461,True,-6.630921379397461,modeled_qpu,1024.0,0.01870644495650221,6.085031833199291,2.699440579272732,0.05417057375761165
routing,8,8,28,mean_field,local,2.7538192660831395,2.7538192660831395,True,0.002962416037917137,100,0.38681064664504305,0.12355713392202401,0.002962416037917137,0.0,0.0003660276351296795,False,-0.0003660276351296795,measured_local,,,,,
routing,8,8,29,exact,local,3.1348383244055498,3.1348383244055498,True,3.7499703466892242e-06,256,0.7790526244821138,0.05411251534697646,3.7499703466892242e-06,0.0,2.029203279359273e-07,False,-2.029203279359273e-07,measured_local,,,,,
routing,8,8,29,local_search,local,3.1348383244055498,3.1348383244055498,True,0.00011141702998429537,632,0.7790526244821138,0.05411251534697646,0.00011141702998429537,0.0,6.0290557449397195e-06,False,-6.0290557449397195e-06,measured_local,,,,,
routing,8,8,29,annealing,local,3.1348383244055498,3.1348383244055498,True,0.001041750074364245,960,0.7790526244821138,0.05411251534697646,0.001041750074364245,0.0,5.6371716886749073e-05,False,-5.6371716886749073e-05,measured_local,,,,,
routing,8,8,29,random,local,3.1348383244055498,3.1348383244055498,True,7.457914762198925e-06,256,0.7790526244821138,0.05411251534697646,7.457914762198925e-06,0.0,4.0356652702593166e-07,False,-4.0356652702593166e-07,measured_local,,,,,
routing,8,8,29,qaoa,optimistic,3.1348383244055498,3.1348383244055498,True,0.003138166037388146,94,0.7790526244821138,0.05411251534697646,1.2075600000000002,0.0,0.0653441090323949,True,-2.0653441090323947,modeled_qpu,1024.0,0.01333480984210025,5.434370546689342,2.6882347904579973,0.04549307503098059
routing,8,8,29,qaoa,nominal,3.1348383244055498,3.1348383244055498,True,0.003138166037388146,94,0.7790526244821138,0.05411251534697646,7.662800000000001,0.0,0.41465338260081125,True,-2.4146533826008114,modeled_qpu,1024.0,0.01333480984210025,5.434370546689342,2.6882347904579973,0.04549307503098059
routing,8,8,29,qaoa,stressed,3.1348383244055498,3.1348383244055498,True,0.003138166037388146,94,0.7790526244821138,0.05411251534697646,35.5312,0.0,1.92268260529649,True,-3.9226826052964903,modeled_qpu,1024.0,0.01333480984210025,5.434370546689342,2.6882347904579973,0.04549307503098059
routing,8,8,29,mean_field,local,3.1348383244055498,3.1348383244055498,True,0.002842250047251582,101,0.7790526244821138,0.05411251534697646,0.002842250047251582,0.0,0.0001538012993018458,False,-0.0001538012993018458,measured_local,,,,,
routing,9,9,0,exact,local,7.592629869938358,7.592629869938358,True,3.625056706368923e-06,512,0.4747286060301453,0.0693312586904766,3.625056706368923e-06,0.0,2.513297442769109e-07,False,-2.513297442769109e-07,measured_local,,,,,
routing,9,9,0,local_search,local,7.592629869938358,7.592629869938358,True,0.00011770904529839754,666,0.4747286060301453,0.0693312586904766,0.00011770904529839754,0.0,8.160916269792229e-06,False,-8.160916269792229e-06,measured_local,,,,,
routing,9,9,0,annealing,local,7.592629869938358,7.592629869938358,True,0.0010712089715525508,960,0.4747286060301453,0.0693312586904766,0.0010712089715525508,0.0,7.426826631826929e-05,False,-7.426826631826929e-05,measured_local,,,,,
routing,9,9,0,random,local,8.001237430660218,7.592629869938358,True,1.0999967344105244e-05,256,0.4747286060301453,0.0693312586904766,1.0999967344105244e-05,0.047553259817624524,7.626415815209555e-07,False,-0.04755402245920604,measured_local,,,,,
routing,9,9,0,qaoa,optimistic,7.592629869938358,7.592629869938358,True,0.004517291905358434,103,0.4747286060301453,0.0693312586904766,1.3222200000000002,0.0,0.09167117686572199,True,-2.091671176865722,modeled_qpu,1024.0,0.0070603482470208865,6.3190399462274245,2.7071554813477388,0.04758337001201222
routing,9,9,0,qaoa,nominal,7.592629869938358,7.592629869938358,True,0.004517291905358434,103,0.4747286060301453,0.0693312586904766,8.348600000000001,0.0,0.578818946303313,True,-2.578818946303313,modeled_qpu,1024.0,0.0070603482470208865,6.3190399462274245,2.7071554813477388,0.04758337001201222
routing,9,9,0,qaoa,stressed,7.592629869938358,7.592629869938358,True,0.004517291905358434,103,0.4747286060301453,0.0693312586904766,38.45440000000001,0.0,2.666091954187064,True,-4.666091954187063,modeled_qpu,1024.0,0.0070603482470208865,6.3190399462274245,2.7071554813477388,0.04758337001201222
routing,9,9,0,mean_field,local,7.592629869938358,7.592629869938358,True,0.0034870420349761844,102,0.4747286060301453,0.0693312586904766,0.0034870420349761844,0.0,0.0002417610133914998,False,-0.0002417610133914998,measured_local,,,,,
routing,9,9,1,exact,local,5.176014971269157,5.176014971269157,True,3.2919924706220627e-06,512,0.7067883466519141,0.13627825097940127,3.2919924706220627e-06,0.0,4.4862697613373274e-07,False,-4.4862697613373274e-07,measured_local,,,,,
routing,9,9,1,local_search,local,5.176014971269157,5.176014971269157,True,0.0001409579999744892,810,0.7067883466519141,0.13627825097940127,0.0001409579999744892,0.0,1.9209509698077878e-05,False,-1.9209509698077878e-05,measured_local,,,,,
routing,9,9,1,annealing,local,5.176014971269157,5.176014971269157,True,0.0010586659191176295,960,0.7067883466519141,0.13627825097940127,0.0010586659191176295,0.0,0.00014427313982885086,False,-0.00014427313982885086,measured_local,,,,,
routing,9,9,1,random,local,6.916182114335179,5.176014971269157,True,7.750000804662704e-06,256,0.7067883466519141,0.13627825097940127,7.750000804662704e-06,0.2817621315947719,1.056156554748386e-06,False,-0.2817631877513267,measured_local,,,,,
routing,9,9,1,qaoa,optimistic,5.176014971269157,5.176014971269157,True,0.0047388330567628145,107,0.7067883466519141,0.13627825097940127,1.37318,0.0,0.18713456867989425,True,-2.187134568679894,modeled_qpu,1024.0,0.009412613154643892,6.829255560010878,2.6683500685866983,0.04056037120054723
routing,9,9,1,qaoa,nominal,5.176014971269157,5.176014971269157,True,0.0047388330567628145,107,0.7067883466519141,0.13627825097940127,8.6534,0.0,1.179270217025151,True,-3.179270217025151,modeled_qpu,1024.0,0.009412613154643892,6.829255560010878,2.6683500685866983,0.04056037120054723
routing,9,9,1,qaoa,stressed,5.176014971269157,5.176014971269157,True,0.0047388330567628145,107,0.7067883466519141,0.13627825097940127,39.753600000000006,0.0,5.417551078134728,True,-7.417551078134728,modeled_qpu,1024.0,0.009412613154643892,6.829255560010878,2.6683500685866983,0.04056037120054723
routing,9,9,1,mean_field,local,5.176014971269157,5.176014971269157,True,0.003142166999168694,95,0.7067883466519141,0.13627825097940127,0.003142166999168694,0.0,0.0004282090229319034,False,-0.0004282090229319034,measured_local,,,,,
routing,9,9,2,exact,local,4.941903773428905,4.941903773428905,True,3.08395829051733e-06,512,0.16006837445709607,0.06691852141518431,3.08395829051733e-06,0.0,2.0637392890751917e-07,False,-2.0637392890751917e-07,measured_local,,,,,
routing,9,9,2,local_search,local,4.941903773428905,4.941903773428905,True,0.00011516595259308815,666,0.16006837445709607,0.06691852141518431,0.00011516595259308815,0.0,7.70673526490067e-06,False,-7.70673526490067e-06,measured_local,,,,,
routing,9,9,2,annealing,local,4.941903773428905,4.941903773428905,True,0.0010358750587329268,960,0.16006837445709607,0.06691852141518431,0.0010358750587329268,0.0,6.931922730127468e-05,False,-6.931922730127468e-05,measured_local,,,,,
routing,9,9,2,random,local,4.941903773428905,4.941903773428905,True,7.083057425916195e-06,256,0.16006837445709607,0.06691852141518431,7.083057425916195e-06,0.0,4.7398773004115314e-07,False,-4.7398773004115314e-07,measured_local,,,,,
routing,9,9,2,qaoa,optimistic,4.941903773428905,4.941903773428905,True,0.004550040932372212,104,0.16006837445709607,0.06691852141518431,1.3349600000000001,0.0,0.08933354934841446,True,-2.0893335493484146,modeled_qpu,1024.0,0.00840088697866785,6.889926591801559,2.693099776055293,0.046988189852234186
routing,9,9,2,qaoa,nominal,4.941903773428905,4.941903773428905,True,0.004550040932372212,104,0.16006837445709607,0.06691852141518431,8.424800000000001,0.0,0.5637751592186449,True,-2.563775159218645,modeled_qpu,1024.0,0.00840088697866785,6.889926591801559,2.693099776055293,0.046988189852234186
routing,9,9,2,qaoa,stressed,4.941903773428905,4.941903773428905,True,0.004550040932372212,104,0.16006837445709607,0.06691852141518431,38.7792,0.0,2.5950467256637157,True,-4.595046725663716,modeled_qpu,1024.0,0.00840088697866785,6.889926591801559,2.693099776055293,0.046988189852234186
routing,9,9,2,mean_field,local,5.781007743945208,4.941903773428905,True,0.003252082969993353,93,0.16006837445709607,0.06691852141518431,0.003252082969993353,0.141218034238222,0.0002176245838714564,False,-0.14143565882209344,measured_local,,,,,
routing,9,9,3,exact,local,5.301097062318508,5.301097062318508,True,4.332978278398514e-06,512,0.407291655595035,0.0975518788634575,4.332978278398514e-06,0.0,4.226901721323244e-07,False,-4.226901721323244e-07,measured_local,,,,,
routing,9,9,3,local_search,local,5.301097062318508,5.301097062318508,True,0.00012291606981307268,711,0.407291655595035,0.0975518788634575,0.00012291606981307268,0.0,1.199069355277715e-05,False,-1.199069355277715e-05,measured_local,,,,,
routing,9,9,3,annealing,local,5.301097062318508,5.301097062318508,True,0.0010387500515207648,960,0.407291655595035,0.0975518788634575,0.0010387500515207648,0.0,0.00010133201919536388,False,-0.00010133201919536388,measured_local,,,,,
routing,9,9,3,random,local,5.301097062318508,5.301097062318508,True,8.042086847126484e-06,256,0.407291655595035,0.0975518788634575,8.042086847126484e-06,0.0,7.845206819202876e-07,False,-7.845206819202876e-07,measured_local,,,,,
routing,9,9,3,qaoa,optimistic,5.301097062318508,5.301097062318508,True,0.00432366703171283,100,0.407291655595035,0.0975518788634575,1.284,0.0,0.12525661246067943,True,-2.1252566124606793,modeled_qpu,1024.0,0.010099033298983822,6.269621298608021,2.6802933653545815,0.04776744899660788
routing,9,9,3,qaoa,nominal,5.301097062318508,5.301097062318508,True,0.00432366703171283,100,0.407291655595035,0.0975518788634575,8.120000000000001,0.0,0.792121256371275,True,-2.792121256371275,modeled_qpu,1024.0,0.010099033298983822,6.269621298608021,2.6802933653545815,0.04776744899660788
routing,9,9,3,qaoa,stressed,5.301097062318508,5.301097062318508,True,0.00432366703171283,100,0.407291655595035,0.0975518788634575,37.480000000000004,0.0,3.656244419802387,True,-5.656244419802388,modeled_qpu,1024.0,0.010099033298983822,6.269621298608021,2.6802933653545815,0.04776744899660788
routing,9,9,3,mean_field,local,5.301097062318508,5.301097062318508,True,0.0030531249940395355,94,0.407291655595035,0.0975518788634575,0.0030531249940395355,0.0,0.00029783807957353914,False,-0.00029783807957353914,measured_local,,,,,
routing,9,9,4,exact,local,6.732093310679485,6.732093310679485,True,4.249974153935909e-06,512,0.5958833558679543,0.05153309518703855,4.249974153935909e-06,0.0,2.1901432261723284e-07,False,-2.1901432261723284e-07,measured_local,,,,,
routing,9,9,4,local_search,local,6.732093310679485,6.732093310679485,True,0.00013820803724229336,747,0.5958833558679543,0.05153309518703855,0.00013820803724229336,0.0,7.122287938820873e-06,False,-7.122287938820873e-06,measured_local,,,,,
routing,9,9,4,annealing,local,6.732093310679485,6.732093310679485,True,0.001099583925679326,960,0.5958833558679543,0.05153309518703855,0.001099583925679326,0.0,5.666496310817023e-05,False,-5.666496310817023e-05,measured_local,,,,,
routing,9,9,4,random,local,14.405386956486232,6.732093310679485,False,7.833004929125309e-06,256,0.5958833558679543,0.05153309518703855,7.833004929125309e-06,0.9923953756751068,4.036589886131567e-07,False,-5.992395779334096,measured_local,,,,,
routing,9,9,4,qaoa,optimistic,6.732093310679485,6.732093310679485,True,0.004909708048216999,113,0.5958833558679543,0.05153309518703855,1.4496200000000001,0.0,0.07470340544503483,True,-2.074703405445035,modeled_qpu,1024.0,0.01288577045550477,6.817615862279151,2.6439456454598664,0.044976509669851304
routing,9,9,4,qaoa,nominal,6.732093310679485,6.732093310679485,True,0.004909708048216999,113,0.5958833558679543,0.05153309518703855,9.1106,0.0,0.4694974170110334,True,-2.4694974170110333,modeled_qpu,1024.0,0.01288577045550477,6.817615862279151,2.6439456454598664,0.044976509669851304
routing,9,9,4,qaoa,stressed,6.732093310679485,6.732093310679485,True,0.004909708048216999,113,0.5958833558679543,0.05153309518703855,41.702400000000004,0.0,2.149053748727957,True,-4.149053748727956,modeled_qpu,1024.0,0.01288577045550477,6.817615862279151,2.6439456454598664,0.044976509669851304
routing,9,9,4,mean_field,local,6.732093310679485,6.732093310679485,True,0.0034076670417562127,105,0.5958833558679543,0.05153309518703855,0.0034076670417562127,0.0,0.00017560763002855698,False,-0.00017560763002855698,measured_local,,,,,
routing,9,9,5,exact,local,3.8232816528784674,3.8232816528784674,True,3.5830307751893997e-06,512,0.24503791664740882,0.08034122044997884,3.5830307751893997e-06,0.0,2.8786506538855015e-07,False,-2.8786506538855015e-07,measured_local,,,,,
routing,9,9,5,local_search,local,3.8232816528784674,3.8232816528784674,True,0.00013470801059156656,828,0.24503791664740882,0.08034122044997884,0.00013470801059156656,0.0,1.0822605975315134e-05,False,-1.0822605975315134e-05,measured_local,,,,,
routing,9,9,5,annealing,local,3.8232816528784674,3.8232816528784674,True,0.001033750013448298,960,0.24503791664740882,0.08034122044997884,0.001033750013448298,0.0,8.30527377206183e-05,False,-8.30527377206183e-05,measured_local,,,,,
routing,9,9,5,random,local,3.8232816528784674,3.8232816528784674,True,7.00005330145359e-06,256,0.24503791664740882,0.08034122044997884,7.00005330145359e-06,0.0,5.623928254536851e-07,False,-5.623928254536851e-07,measured_local,,,,,
routing,9,9,5,qaoa,optimistic,3.8232816528784674,3.8232816528784674,True,0.004493542015552521,103,0.24503791664740882,0.08034122044997884,1.3222200000000002,0.0,0.10622876850337103,True,-2.106228768503371,modeled_qpu,1024.0,0.009152066432667654,6.086383211587913,2.627537323619235,0.05492670648299702
routing,9,9,5,qaoa,nominal,3.8232816528784674,3.8232816528784674,True,0.004493542015552521,103,0.24503791664740882,0.08034122044997884,8.348600000000001,0.0,0.6707367130486934,True,-2.6707367130486936,modeled_qpu,1024.0,0.009152066432667654,6.086383211587913,2.627537323619235,0.05492670648299702
routing,9,9,5,qaoa,stressed,3.8232816528784674,3.8232816528784674,True,0.004493542015552521,103,0.24503791664740882,0.08034122044997884,38.45440000000001,0.0,3.089473427671667,True,-5.089473427671667,modeled_qpu,1024.0,0.009152066432667654,6.086383211587913,2.627537323619235,0.05492670648299702
routing,9,9,5,mean_field,local,3.8232816528784674,3.8232816528784674,True,0.0032795420847833157,101,0.24503791664740882,0.08034122044997884,0.0032795420847833157,0.0,0.00026348241360855956,False,-0.00026348241360855956,measured_local,,,,,
routing,9,9,6,exact,local,5.234518360955661,5.234518360955661,True,3.959052264690399e-06,512,0.13442015862587922,0.034713225751925335,3.959052264690399e-06,0.0,1.374314750278691e-07,False,-1.374314750278691e-07,measured_local,,,,,
routing,9,9,6,local_search,local,5.234518360955661,5.234518360955661,True,0.00011775002349168062,729,0.13442015862587922,0.034713225751925335,0.00011775002349168062,0.0,4.087483147761221e-06,False,-4.087483147761221e-06,measured_local,,,,,
routing,9,9,6,annealing,local,5.234518360955661,5.234518360955661,True,0.0011637079296633601,960,0.13442015862587922,0.034713225751925335,0.0011637079296633601,0.0,4.039605607170987e-05,False,-4.039605607170987e-05,measured_local,,,,,
routing,9,9,6,random,local,10.565757365721844,5.234518360955661,False,1.0874937288463116e-05,256,0.13442015862587922,0.034713225751925335,1.0874937288463116e-05,0.8551164173568944,3.775041531324509e-07,False,-5.855116794861048,measured_local,,,,,
routing,9,9,6,qaoa,optimistic,5.234518360955661,5.234518360955661,True,0.004764624987728894,109,0.13442015862587922,0.034713225751925335,1.3986600000000002,0.0,0.048552000330187896,True,-2.048552000330188,modeled_qpu,1024.0,0.010787524136005536,6.435749007144356,2.630244984404177,0.04217203625707888
routing,9,9,6,qaoa,nominal,5.234518360955661,5.234518360955661,True,0.004764624987728894,109,0.13442015862587922,0.034713225751925335,8.8058,0.0,0.3056777233263041,True,-2.305677723326304,modeled_qpu,1024.0,0.010787524136005536,6.435749007144356,2.630244984404177,0.04217203625707888
routing,9,9,6,qaoa,stressed,5.234518360955661,5.234518360955661,True,0.004764624987728894,109,0.13442015862587922,0.034713225751925335,40.403200000000005,0.0,1.4025254027001899,True,-3.40252540270019,modeled_qpu,1024.0,0.010787524136005536,6.435749007144356,2.630244984404177,0.04217203625707888
routing,9,9,6,mean_field,local,5.234518360955661,5.234518360955661,True,0.003555416944436729,97,0.13442015862587922,0.034713225751925335,0.003555416944436729,0.0,0.00012341999103445274,False,-0.00012341999103445274,measured_local,,,,,
routing,9,9,7,exact,local,5.188711160282802,5.188711160282802,True,6.749993190169334e-06,512,0.40057343158120556,0.07741846480476842,6.749993190169334e-06,0.0,5.225741102255512e-07,False,-5.225741102255512e-07,measured_local,,,,,
routing,9,9,7,local_search,local,5.188711160282802,5.188711160282802,True,0.00014170794747769833,855,0.40057343158120556,0.07741846480476842,0.00014170794747769833,0.0,1.097081174435816e-05,False,-1.097081174435816e-05,measured_local,,,,,
routing,9,9,7,annealing,local,5.188711160282802,5.188711160282802,True,0.000977667048573494,960,0.40057343158120556,0.07741846480476842,0.000977667048573494,0.0,7.568948199076887e-05,False,-7.568948199076887e-05,measured_local,,,,,
routing,9,9,7,random,local,5.3566054182167875,5.188711160282802,True,9.124982170760632e-06,256,0.40057343158120556,0.07741846480476842,9.124982170760632e-06,0.02712911518822823,7.064421110311713e-07,False,-0.027129821630339262,measured_local,,,,,
routing,9,9,7,qaoa,optimistic,5.188711160282802,5.188711160282802,True,0.004002625006251037,91,0.40057343158120556,0.07741846480476842,1.16934,0.0,0.09052850763480791,True,-2.090528507634808,modeled_qpu,1024.0,0.006891610436442152,4.850318184641519,2.690023720118587,0.06502156772894577
routing,9,9,7,qaoa,nominal,5.188711160282802,5.188711160282802,True,0.004002625006251037,91,0.40057343158120556,0.07741846480476842,7.434200000000001,0.0,0.5755443510516095,True,-2.5755443510516094,modeled_qpu,1024.0,0.006891610436442152,4.850318184641519,2.690023720118587,0.06502156772894577
routing,9,9,7,qaoa,stressed,5.188711160282802,5.188711160282802,True,0.004002625006251037,91,0.40057343158120556,0.07741846480476842,34.5568,0.0,2.6753344045654215,True,-4.6753344045654215,modeled_qpu,1024.0,0.006891610436442152,4.850318184641519,2.690023720118587,0.06502156772894577
routing,9,9,7,mean_field,local,7.271474987626506,5.188711160282802,False,0.003111250000074506,80,0.40057343158120556,0.07741846480476842,0.003111250000074506,0.3365424194798792,0.00024086819862960388,False,-5.336783287678508,measured_local,,,,,
routing,9,9,8,exact,local,6.5797429568324715,6.5797429568324715,True,3.2919924706220627e-06,512,0.9570086502399499,0.07975385711826259,3.2919924706220627e-06,0.0,2.625490971363882e-07,False,-2.625490971363882e-07,measured_local,,,,,
routing,9,9,8,local_search,local,6.5797429568324715,6.5797429568324715,True,0.00012266694102436304,720,0.9570086502399499,0.07975385711826259,0.00012266694102436304,0.0,9.783161687591394e-06,False,-9.783161687591394e-06,measured_local,,,,,
routing,9,9,8,annealing,local,6.5797429568324715,6.5797429568324715,True,0.0009839590638875961,960,0.9570086502399499,0.07975385711826259,0.0009839590638875961,0.0,7.847453059151076e-05,False,-7.847453059151076e-05,measured_local,,,,,
routing,9,9,8,random,local,7.365360297653557,6.5797429568324715,True,7.916940376162529e-06,256,0.9570086502399499,0.07975385711826259,7.916940376162529e-06,0.10364696339905834,6.314065315742704e-07,False,-0.10364759480558991,measured_local,,,,,
routing,9,9,8,qaoa,optimistic,6.5797429568324715,6.5797429568324715,True,0.004365041037090123,100,0.9570086502399499,0.07975385711826259,1.284,0.0,0.10240395253984917,True,-2.102403952539849,modeled_qpu,1024.0,0.008070666816573547,6.315270738713945,2.7050714750739018,0.04597123690607936
routing,9,9,8,qaoa,nominal,6.5797429568324715,6.5797429568324715,True,0.004365041037090123,100,0.9570086502399499,0.07975385711826259,8.120000000000001,0.0,0.6476013198002923,True,-2.6476013198002923,modeled_qpu,1024.0,0.008070666816573547,6.315270738713945,2.7050714750739018,0.04597123690607936
routing,9,9,8,qaoa,stressed,6.5797429568324715,6.5797429568324715,True,0.004365041037090123,100,0.9570086502399499,0.07975385711826259,37.480000000000004,0.0,2.9891745647924823,True,-4.989174564792482,modeled_qpu,1024.0,0.008070666816573547,6.315270738713945,2.7050714750739018,0.04597123690607936
routing,9,9,8,mean_field,local,6.5797429568324715,6.5797429568324715,True,0.003487457986921072,104,0.9570086502399499,0.07975385711826259,0.003487457986921072,0.0,0.00027813822599484685,False,-0.00027813822599484685,measured_local,,,,,
routing,9,9,9,exact,local,5.664965787838803,5.664965787838803,True,2.874992787837982e-06,512,0.6529023019918357,0.04953776355553228,2.874992787837982e-06,0.0,1.4242071294777853e-07,False,-1.4242071294777853e-07,measured_local,,,,,
routing,9,9,9,local_search,local,5.664965787838803,5.664965787838803,True,0.00014462496619671583,1008,0.6529023019918357,0.04953776355553228,0.00014462496619671583,0.0,7.164397379679757e-06,False,-7.164397379679757e-06,measured_local,,,,,
routing,9,9,9,annealing,local,5.664965787838803,5.664965787838803,True,0.0010231249034404755,960,0.6529023019918357,0.04953776355553228,0.0010231249034404755,0.0,5.0683319554411065e-05,False,-5.0683319554411065e-05,measured_local,,,,,
routing,9,9,9,random,local,23.81068980112699,5.664965787838803,False,6.4999330788850784e-06,256,0.6529023019918357,0.04953776355553228,6.4999330788850784e-06,2.7225532119606215,3.2199214798859195e-07,False,-7.722553533952769,measured_local,,,,,
routing,9,9,9,qaoa,optimistic,5.664965787838803,5.664965787838803,True,0.004944666987285018,114,0.6529023019918357,0.04953776355553228,1.46236,0.0,0.07244204391306819,True,-2.0724420439130684,modeled_qpu,1024.0,0.015238796075816761,7.465427975336861,2.5959475109643324,0.031049339746439388
routing,9,9,9,qaoa,nominal,5.664965787838803,5.664965787838803,True,0.004944666987285018,114,0.6529023019918357,0.04953776355553228,9.1868,0.0,0.4550935262319639,True,-2.455093526231964,modeled_qpu,1024.0,0.015238796075816761,7.465427975336861,2.5959475109643324,0.031049339746439388
routing,9,9,9,qaoa,stressed,5.664965787838803,5.664965787838803,True,0.004944666987285018,114,0.6529023019918357,0.04953776355553228,42.0272,0.0,2.0819334965010663,True,-4.081933496501066,modeled_qpu,1024.0,0.015238796075816761,7.465427975336861,2.5959475109643324,0.031049339746439388
routing,9,9,9,mean_field,local,5.664965787838803,5.664965787838803,True,0.002873250050470233,86,0.6529023019918357,0.04953776355553228,0.002873250050470233,0.0,0.0001423343816361156,False,-0.0001423343816361156,measured_local,,,,,
routing,9,9,10,exact,local,5.732781851268748,5.732781851268748,True,2.666027285158634e-06,512,0.3837163274485483,0.1257718247491545,2.666027285158634e-06,0.0,3.353111164854359e-07,False,-3.353111164854359e-07,measured_local,,,,,
routing,9,9,10,local_search,local,5.732781851268748,5.732781851268748,True,0.00012758304364979267,765,0.3837163274485483,0.1257718247491545,0.00012758304364979267,0.0,1.604635220688545e-05,False,-1.604635220688545e-05,measured_local,,,,,
routing,9,9,10,annealing,local,5.732781851268748,5.732781851268748,True,0.0010571660241112113,960,0.3837163274485483,0.1257718247491545,0.0010571660241112113,0.0,0.0001329616999152757,False,-0.0001329616999152757,measured_local,,,,,
routing,9,9,10,random,local,6.700256372200005,5.732781851268748,True,7.083057425916195e-06,256,0.3837163274485483,0.1257718247491545,7.083057425916195e-06,0.14369610397356664,8.90849057260529e-07,False,-0.1436969948226239,measured_local,,,,,
routing,9,9,10,qaoa,optimistic,5.732781851268748,5.732781851268748,True,0.004100124933756888,95,0.3837163274485483,0.1257718247491545,1.2203000000000002,0.0,0.15347935774139324,True,-2.1534793577413933,modeled_qpu,1024.0,0.007707711727493054,5.712574604164203,2.673822665307706,0.04302501395751547
routing,9,9,10,qaoa,nominal,5.732781851268748,5.732781851268748,True,0.004100124933756888,95,0.3837163274485483,0.1257718247491545,7.739000000000001,0.0,0.9733481517337067,True,-2.9733481517337066,modeled_qpu,1024.0,0.007707711727493054,5.712574604164203,2.673822665307706,0.04302501395751547
routing,9,9,10,qaoa,stressed,5.732781851268748,5.732781851268748,True,0.004100124933756888,95,0.3837163274485483,0.1257718247491545,35.856,0.0,4.509674548205684,True,-6.509674548205684,modeled_qpu,1024.0,0.007707711727493054,5.712574604164203,2.673822665307706,0.04302501395751547
routing,9,9,10,mean_field,local,5.732781851268748,5.732781851268748,True,0.0036411250475794077,106,0.3837163274485483,0.1257718247491545,0.0036411250475794077,0.0,0.0004579509413739141,False,-0.0004579509413739141,measured_local,,,,,
routing,9,9,11,exact,local,10.877048541669744,10.877048541669744,True,3.2919924706220627e-06,512,0.5231623783685269,0.12211763203910693,3.2919924706220627e-06,0.0,4.020103252029356e-07,False,-4.020103252029356e-07,measured_local,,,,,
routing,9,9,11,local_search,local,10.877048541669744,10.877048541669744,True,0.00011720904149115086,711,0.5231623783685269,0.12211763203910693,0.00011720904149115086,0.0,1.4313290600472778e-05,False,-1.4313290600472778e-05,measured_local,,,,,
routing,9,9,11,annealing,local,10.877048541669744,10.877048541669744,True,0.0010506670223549008,960,0.5231623783685269,0.12211763203910693,0.0010506670223549008,0.0,0.0001283049688315599,False,-0.0001283049688315599,measured_local,,,,,
routing,9,9,11,random,local,11.899734330750418,10.877048541669744,False,7.459078915417194e-06,256,0.5231623783685269,0.12211763203910693,7.459078915417194e-06,0.08610605450442141,9.108850543435778e-07,False,-5.086106965389476,measured_local,,,,,
routing,9,9,11,qaoa,optimistic,10.877048541669744,10.877048541669744,True,0.005181125015951693,119,0.5231623783685269,0.12211763203910693,1.5260600000000002,0.0,0.18635883354959953,True,-2.1863588335495994,modeled_qpu,1024.0,0.008137129197544168,7.4139363766802795,2.6728360982019614,0.029027278003319883
routing,9,9,11,qaoa,nominal,10.877048541669744,10.877048541669744,True,0.005181125015951693,119,0.5231623783685269,0.12211763203910693,9.5678,0.0,1.1683970798237673,True,-3.1683970798237673,modeled_qpu,1024.0,0.008137129197544168,7.4139363766802795,2.6728360982019614,0.029027278003319883
routing,9,9,11,qaoa,stressed,10.877048541669744,10.877048541669744,True,0.005181125015951693,119,0.5231623783685269,0.12211763203910693,43.6512,0.0,5.330581179665465,True,-7.330581179665465,modeled_qpu,1024.0,0.008137129197544168,7.4139363766802795,2.6728360982019614,0.029027278003319883
routing,9,9,11,mean_field,local,10.90339135358525,10.877048541669744,False,0.0033342079259455204,100,0.5231623783685269,0.12211763203910693,0.0033342079259455204,0.002217959438583023,0.00040716557664248894,False,-5.002625125015225,measured_local,,,,,
routing,9,9,12,exact,local,6.221397552789626,6.221397552789626,True,4.00003045797348e-06,512,0.5149717023336097,0.04369094593013142,4.00003045797348e-06,0.0,1.7476511445819814e-07,False,-1.7476511445819814e-07,measured_local,,,,,
routing,9,9,12,local_search,local,6.221397552789626,6.221397552789626,True,0.00012337497901171446,639,0.5149717023336097,0.04369094593013142,0.00012337497901171446,0.0,5.390369537131915e-06,False,-5.390369537131915e-06,measured_local,,,,,
routing,9,9,12,annealing,local,6.221397552789626,6.221397552789626,True,0.001053582993336022,960,0.5149717023336097,0.04369094593013142,0.001053582993336022,0.0,4.6032037594750144e-05,False,-4.6032037594750144e-05,measured_local,,,,,
routing,9,9,12,random,local,6.221397552789626,6.221397552789626,True,8.25000461190939e-06,256,0.5149717023336097,0.04369094593013142,8.25000461190939e-06,0.0,3.6045050542226795e-07,False,-3.6045050542226795e-07,measured_local,,,,,
routing,9,9,12,qaoa,optimistic,6.221397552789626,6.221397552789626,True,0.004523332929238677,106,0.5149717023336097,0.04369094593013142,1.36044,0.0,0.05943891048118799,True,-2.059438910481188,modeled_qpu,1024.0,0.010195731873074269,6.994901827104293,2.7208426072221785,0.04732665897501169
routing,9,9,12,qaoa,nominal,6.221397552789626,6.221397552789626,True,0.004523332929238677,106,0.5149717023336097,0.04369094593013142,8.577200000000001,0.0,0.3747459814319233,True,-2.374745981431923,modeled_qpu,1024.0,0.010195731873074269,6.994901827104293,2.7208426072221785,0.04732665897501169
routing,9,9,12,qaoa,stressed,6.221397552789626,6.221397552789626,True,0.004523332929238677,106,0.5149717023336097,0.04369094593013142,39.4288,0.0,1.7226815688899657,True,-3.722681568889966,modeled_qpu,1024.0,0.010195731873074269,6.994901827104293,2.7208426072221785,0.04732665897501169
routing,9,9,12,mean_field,local,6.221397552789626,6.221397552789626,True,0.0031282500131055713,95,0.5149717023336097,0.04369094593013142,0.0031282500131055713,0.0,0.0001366762021785284,False,-0.0001366762021785284,measured_local,,,,,
routing,9,9,13,exact,local,5.3378289683868,5.3378289683868,True,3.7919962778687477e-06,512,0.6271370538922152,0.09783347206481394,3.7919962778687477e-06,0.0,3.7098416192075055e-07,False,-3.7098416192075055e-07,measured_local,,,,,
routing,9,9,13,local_search,local,5.3378289683868,5.3378289683868,True,0.0001112909521907568,693,0.6271370538922152,0.09783347206481394,0.0001112909521907568,0.0,1.0887980262220948e-05,False,-1.0887980262220948e-05,measured_local,,,,,
routing,9,9,13,annealing,local,5.3378289683868,5.3378289683868,True,0.0010537090711295605,960,0.6271370538922152,0.09783347206481394,0.0010537090711295605,0.0,0.0001030880169747949,False,-0.0001030880169747949,measured_local,,,,,
routing,9,9,13,random,local,7.793249126708499,5.3378289683868,False,7.58306123316288e-06,256,0.6271370538922152,0.09783347206481394,7.58306123316288e-06,0.387422912572961,7.418772093204141e-07,False,-5.387423654450171,measured_local,,,,,
routing,9,9,13,qaoa,optimistic,5.3378289683868,5.3378289683868,True,0.004601750057190657,107,0.6271370538922152,0.09783347206481394,1.37318,0.0,0.13434296716996122,True,-2.134342967169961,modeled_qpu,1024.0,0.012419996205646258,6.9990587067990155,2.6638267846346766,0.04836140198854254
routing,9,9,13,qaoa,nominal,5.3378289683868,5.3378289683868,True,0.004601750057190657,107,0.6271370538922152,0.09783347206481394,8.6534,0.0,0.8465921671656609,True,-2.846592167165661,modeled_qpu,1024.0,0.012419996205646258,6.9990587067990155,2.6638267846346766,0.04836140198854254
routing,9,9,13,qaoa,stressed,5.3378289683868,5.3378289683868,True,0.004601750057190657,107,0.6271370538922152,0.09783347206481394,39.753600000000006,0.0,3.8892327150757877,True,-5.889232715075788,modeled_qpu,1024.0,0.012419996205646258,6.9990587067990155,2.6638267846346766,0.04836140198854254
routing,9,9,13,mean_field,local,5.3378289683868,5.3378289683868,True,0.0031380830332636833,98,0.6271370538922152,0.09783347206481394,0.0031380830332636833,0.0,0.0003070095587718691,False,-0.0003070095587718691,measured_local,,,,,
routing,9,9,14,exact,local,5.455132318383378,5.455132318383378,True,4.041008651256561e-06,512,0.5491369849836092,0.10559281339478847,4.041008651256561e-06,0.0,4.267014724388599e-07,False,-4.267014724388599e-07,measured_local,,,,,
routing,9,9,14,local_search,local,5.455132318383378,5.455132318383378,True,0.00011666701175272465,648,0.5491369849836092,0.10559281339478847,0.00011666701175272465,0.0,1.2319198001333047e-05,False,-1.2319198001333047e-05,measured_local,,,,,
routing,9,9,14,annealing,local,5.455132318383378,5.455132318383378,True,0.0010340420994907618,960,0.5491369849836092,0.10559281339478847,0.0010340420994907618,0.0,0.0001091874144538833,False,-0.0001091874144538833,measured_local,,,,,
routing,9,9,14,random,local,5.455132318383378,5.455132318383378,True,6.9160014390945435e-06,256,0.5491369849836092,0.10559281339478847,6.9160014390945435e-06,0.0,7.302800493963987e-07,False,-7.302800493963987e-07,measured_local,,,,,
routing,9,9,14,qaoa,optimistic,5.455132318383378,5.455132318383378,True,0.004599665990099311,104,0.5491369849836092,0.10559281339478847,1.3349600000000001,0.0,0.14096218216950684,True,-2.140962182169507,modeled_qpu,1024.0,0.010090050363675574,6.435079144771509,2.7128922457262084,0.05308796453784437
routing,9,9,14,qaoa,nominal,5.455132318383378,5.455132318383378,True,0.004599665990099311,104,0.5491369849836092,0.10559281339478847,8.424800000000001,0.0,0.8895983342884141,True,-2.889598334288414,modeled_qpu,1024.0,0.010090050363675574,6.435079144771509,2.7128922457262084,0.05308796453784437
routing,9,9,14,qaoa,stressed,5.455132318383378,5.455132318383378,True,0.004599665990099311,104,0.5491369849836092,0.10559281339478847,38.7792,0.0,4.094804829199181,True,-6.094804829199181,modeled_qpu,1024.0,0.010090050363675574,6.435079144771509,2.7128922457262084,0.05308796453784437
routing,9,9,14,mean_field,local,5.455132318383378,5.455132318383378,True,0.003286459017544985,99,0.5491369849836092,0.10559281339478847,0.003286459017544985,0.0,0.00034702645376924745,False,-0.00034702645376924745,measured_local,,,,,
routing,9,9,15,exact,local,5.55850565935004,5.55850565935004,True,4.250090569257736e-06,512,0.8622756909545979,0.04993668154273771,4.250090569257736e-06,0.0,2.1223541928481642e-07,False,-2.1223541928481642e-07,measured_local,,,,,
routing,9,9,15,local_search,local,5.55850565935004,5.55850565935004,True,0.00013074988964945078,774,0.8622756909545979,0.04993668154273771,0.00013074988964945078,0.0,6.529215601172721e-06,False,-6.529215601172721e-06,measured_local,,,,,
routing,9,9,15,annealing,local,5.55850565935004,5.55850565935004,True,0.0011255419813096523,960,0.8622756909545979,0.04993668154273771,0.0011255419813096523,0.0,5.620583148364215e-05,False,-5.620583148364215e-05,measured_local,,,,,
routing,9,9,15,random,local,5.55850565935004,5.55850565935004,True,1.00000761449337e-05,256,0.8622756909545979,0.04993668154273771,1.00000761449337e-05,0.0,4.993706178526824e-07,False,-4.993706178526824e-07,measured_local,,,,,
routing,9,9,15,qaoa,optimistic,5.55850565935004,5.55850565935004,True,0.004786166944541037,108,0.8622756909545979,0.04993668154273771,1.3859200000000003,0.0,0.06920824568371106,True,-2.069208245683711,modeled_qpu,1024.0,0.010694263859307697,6.676729693482925,2.680490046262886,0.048215320130360215
routing,9,9,15,qaoa,nominal,5.55850565935004,5.55850565935004,True,0.004786166944541037,108,0.8622756909545979,0.04993668154273771,8.7296,0.0,0.4359272551954831,True,-2.435927255195483,modeled_qpu,1024.0,0.010694263859307697,6.676729693482925,2.680490046262886,0.048215320130360215
routing,9,9,15,qaoa,stressed,5.55850565935004,5.55850565935004,True,0.004786166944541037,108,0.8622756909545979,0.04993668154273771,40.0784,0.0,2.001382297542459,True,-4.0013822975424596,modeled_qpu,1024.0,0.010694263859307697,6.676729693482925,2.680490046262886,0.048215320130360215
routing,9,9,15,mean_field,local,5.55850565935004,5.55850565935004,True,0.0033673750003799796,102,0.8622756909545979,0.04993668154273771,0.0033673750003799796,0.0,0.00016815553302895132,False,-0.00016815553302895132,measured_local,,,,,
routing,9,9,16,exact,local,6.116511011175708,6.116511011175708,True,3.1670788303017616e-06,512,0.7908000671905736,0.1087606895525694,3.1670788303017616e-06,0.0,3.444536774509645e-07,False,-3.444536774509645e-07,measured_local,,,,,
routing,9,9,16,local_search,local,6.116511011175708,6.116511011175708,True,0.00012329197488725185,738,0.7908000671905736,0.1087606895525694,0.00012329197488725185,0.0,1.3409320205035582e-05,False,-1.3409320205035582e-05,measured_local,,,,,
routing,9,9,16,annealing,local,6.116511011175708,6.116511011175708,True,0.0010055000893771648,960,0.7908000671905736,0.1087606895525694,0.0010055000893771648,0.0,0.00010935888306583062,False,-0.00010935888306583062,measured_local,,,,,
routing,9,9,16,random,local,7.720306985770296,6.116511011175708,True,6.9999368861317635e-06,256,0.7908000671905736,0.1087606895525694,6.9999368861317635e-06,0.22536267731139606,7.613179625601561e-07,False,-0.22536343862935862,measured_local,,,,,
routing,9,9,16,qaoa,optimistic,6.116511011175708,6.116511011175708,True,0.004969459027051926,114,0.7908000671905736,0.1087606895525694,1.46236,0.0,0.1590472819740954,True,-2.1590472819740953,modeled_qpu,1024.0,0.009665055098530943,7.606574865639452,2.687549645887808,0.0386386188849056
routing,9,9,16,qaoa,nominal,6.116511011175708,6.116511011175708,True,0.004969459027051926,114,0.7908000671905736,0.1087606895525694,9.1868,0.0,0.9991627027815445,True,-2.9991627027815446,modeled_qpu,1024.0,0.009665055098530943,7.606574865639452,2.687549645887808,0.0386386188849056
routing,9,9,16,qaoa,stressed,6.116511011175708,6.116511011175708,True,0.004969459027051926,114,0.7908000671905736,0.1087606895525694,42.0272,0.0,4.570907251963745,True,-6.570907251963745,modeled_qpu,1024.0,0.009665055098530943,7.606574865639452,2.687549645887808,0.0386386188849056
routing,9,9,16,mean_field,local,6.33742546475972,6.116511011175708,True,0.0035350420512259007,109,0.7908000671905736,0.1087606895525694,0.0035350420512259007,0.031042522555939218,0.00038447361108865833,False,-0.031426996167027876,measured_local,,,,,
routing,9,9,17,exact,local,3.5301294554937996,3.5301294554937996,True,4.165922291576862e-06,512,0.1287179180837649,0.05982015076497988,4.165922291576862e-06,0.0,2.492060995573184e-07,False,-2.492060995573184e-07,measured_local,,,,,
routing,9,9,17,local_search,local,3.5301294554937996,3.5301294554937996,True,0.00013025000225752592,738,0.1287179180837649,0.05982015076497988,0.00013025000225752592,0.0,7.79157477218417e-06,False,-7.79157477218417e-06,measured_local,,,,,
routing,9,9,17,annealing,local,3.5301294554937996,3.5301294554937996,True,0.0010559579823166132,960,0.1287179180837649,0.05982015076497988,0.0010559579823166132,0.0,6.316756570366376e-05,False,-6.316756570366376e-05,measured_local,,,,,
routing,9,9,17,random,local,12.206972923286873,3.5301294554937996,False,7.00005330145359e-06,256,0.1287179180837649,0.05982015076497988,7.00005330145359e-06,1.9153632480128027,4.187442438558489e-07,False,-6.915363666757046,measured_local,,,,,
routing,9,9,17,qaoa,optimistic,3.5301294554937996,3.5301294554937996,True,0.004884333000518382,109,0.1287179180837649,0.05982015076497988,1.3986600000000002,0.0,0.08366805206894677,True,-2.083668052068947,modeled_qpu,1024.0,0.012876301003336522,6.961065286682169,2.6669446284438223,0.056618972399645535
routing,9,9,17,qaoa,nominal,3.5301294554937996,3.5301294554937996,True,0.004884333000518382,109,0.1287179180837649,0.05982015076497988,8.8058,0.0,0.5267642836062598,True,-2.52676428360626,modeled_qpu,1024.0,0.012876301003336522,6.961065286682169,2.6669446284438223,0.056618972399645535
routing,9,9,17,qaoa,stressed,3.5301294554937996,3.5301294554937996,True,0.004884333000518382,109,0.1287179180837649,0.05982015076497988,40.403200000000005,0.0,2.4169255153876352,True,-4.416925515387636,modeled_qpu,1024.0,0.012876301003336522,6.961065286682169,2.6669446284438223,0.056618972399645535
routing,9,9,17,mean_field,local,3.5301294554937996,3.5301294554937996,True,0.0031781670404598117,96,0.1287179180837649,0.05982015076497988,0.0031781670404598117,0.0,0.00019011843151659584,False,-0.00019011843151659584,measured_local,,,,,
routing,9,9,18,exact,local,4.889839052340906,4.889839052340906,True,3.4999102354049683e-06,512,0.39885359861788966,0.032612397517159594,3.4999102354049683e-06,0.0,1.1414046387140244e-07,False,-1.1414046387140244e-07,measured_local,,,,,
routing,9,9,18,local_search,local,4.889839052340906,4.889839052340906,True,0.00013337505515664816,783,0.39885359861788966,0.032612397517159594,0.00013337505515664816,0.0,4.349680317641697e-06,False,-4.349680317641697e-06,measured_local,,,,,
routing,9,9,18,annealing,local,4.889839052340906,4.889839052340906,True,0.001070332946255803,960,0.39885359861788966,0.032612397517159594,0.001070332946255803,0.0,3.4906123519006866e-05,False,-3.4906123519006866e-05,measured_local,,,,,
routing,9,9,18,random,local,4.922990778618956,4.889839052340906,True,6.749993190169334e-06,256,0.39885359861788966,0.032612397517159594,6.749993190169334e-06,0.005628630253465789,2.2013346115592257e-07,False,-0.005628850386926945,measured_local,,,,,
routing,9,9,18,qaoa,optimistic,4.889839052340906,4.889839052340906,True,0.004477582988329232,101,0.39885359861788966,0.032612397517159594,1.2967400000000002,0.0,0.04228980035640154,True,-2.0422898003564014,modeled_qpu,1024.0,0.011019459981738554,6.523131223656007,2.7134916828877236,0.07096795790411642
routing,9,9,18,qaoa,nominal,4.889839052340906,4.889839052340906,True,0.004477582988329232,101,0.39885359861788966,0.032612397517159594,8.196200000000001,0.0,0.2672977325301435,True,-2.2672977325301433,modeled_qpu,1024.0,0.011019459981738554,6.523131223656007,2.7134916828877236,0.07096795790411642
routing,9,9,18,qaoa,stressed,4.889839052340906,4.889839052340906,True,0.004477582988329232,101,0.39885359861788966,0.032612397517159594,37.8048,0.0,1.232905165656715,True,-3.2329051656567147,modeled_qpu,1024.0,0.011019459981738554,6.523131223656007,2.7134916828877236,0.07096795790411642
routing,9,9,18,mean_field,local,4.889839052340906,4.889839052340906,True,0.003428832977078855,106,0.39885359861788966,0.032612397517159594,0.003428832977078855,0.0,0.00011182246406844139,False,-0.00011182246406844139,measured_local,,,,,
routing,9,9,19,exact,local,6.927346274945821,6.927346274945821,True,3.374996595084667e-06,512,0.8003427343121933,0.0988223144620109,3.374996595084667e-06,0.0,3.3352497482767303e-07,False,-3.3352497482767303e-07,measured_local,,,,,
routing,9,9,19,local_search,local,6.927346274945821,6.927346274945821,True,0.0001288340426981449,765,0.8003427343121933,0.0988223144620109,0.0001288340426981449,0.0,1.2731678280928215e-05,False,-1.2731678280928215e-05,measured_local,,,,,
routing,9,9,19,annealing,local,6.927346274945821,6.927346274945821,True,0.0011113339569419622,960,0.8003427343121933,0.0988223144620109,0.0011113339569419622,0.0,0.00010982459376522947,False,-0.00010982459376522947,measured_local,,,,,
routing,9,9,19,random,local,7.2704913250700915,6.927346274945821,False,8.916947990655899e-06,256,0.8003427343121933,0.0988223144620109,8.916947990655899e-06,0.043286244630031126,8.811934383739935e-07,False,-5.043287125823469,measured_local,,,,,
routing,9,9,19,qaoa,optimistic,6.927346274945821,6.927346274945821,True,0.004794083070009947,111,0.8003427343121933,0.0988223144620109,1.4241400000000002,0.0,0.14073681091792822,True,-2.1407368109179283,modeled_qpu,1024.0,0.010105317140405523,6.745738834525831,2.6603325847892565,0.04784594652976872
routing,9,9,19,qaoa,nominal,6.927346274945821,6.927346274945821,True,0.004794083070009947,111,0.8003427343121933,0.0988223144620109,8.9582,0.0,0.885270057413586,True,-2.885270057413586,modeled_qpu,1024.0,0.010105317140405523,6.745738834525831,2.6603325847892565,0.04784594652976872
routing,9,9,19,qaoa,stressed,6.927346274945821,6.927346274945821,True,0.004794083070009947,111,0.8003427343121933,0.0988223144620109,41.052800000000005,0.0,4.056932711146041,True,-6.056932711146041,modeled_qpu,1024.0,0.010105317140405523,6.745738834525831,2.6603325847892565,0.04784594652976872
routing,9,9,19,mean_field,local,7.614339585193741,6.927346274945821,False,0.003436375060118735,105,0.8003427343121933,0.0988223144620109,0.003436375060118735,0.08666119612046533,0.0003395905368004652,False,-5.087000786657265,measured_local,,,,,
routing,9,9,20,exact,local,4.728484856680911,4.728484856680911,True,4.749977961182594e-06,512,0.2108547357683226,0.1276444388090271,4.749977961182594e-06,0.0,6.063082712103989e-07,False,-6.063082712103989e-07,measured_local,,,,,
routing,9,9,20,local_search,local,4.728484856680911,4.728484856680911,True,0.00011141702998429537,612,0.2108547357683226,0.1276444388090271,0.00011141702998429537,0.0,1.4221764266113926e-05,False,-1.4221764266113926e-05,measured_local,,,,,
routing,9,9,20,annealing,local,4.728484856680911,4.728484856680911,True,0.001040915958583355,960,0.2108547357683226,0.1276444388090271,0.001040915958583355,0.0,0.00013286713338073284,False,-0.00013286713338073284,measured_local,,,,,
routing,9,9,20,random,local,4.728484856680911,4.728484856680911,True,9.417068213224411e-06,256,0.2108547357683226,0.1276444388090271,9.417068213224411e-06,0.0,1.2020363873033575e-06,False,-1.2020363873033575e-06,measured_local,,,,,
routing,9,9,20,qaoa,optimistic,4.728484856680911,4.728484856680911,True,0.004576125065796077,105,0.2108547357683226,0.1276444388090271,1.3477000000000001,0.0,0.17202641018292583,True,-2.1720264101829256,modeled_qpu,1024.0,0.009307407598811065,6.3681234206319655,2.7007792653116054,0.057992117420259975
routing,9,9,20,qaoa,nominal,4.728484856680911,4.728484856680911,True,0.004576125065796077,105,0.2108547357683226,0.1276444388090271,8.501000000000001,0.0,1.0851053743155394,True,-3.0851053743155394,modeled_qpu,1024.0,0.009307407598811065,6.3681234206319655,2.7007792653116054,0.057992117420259975
routing,9,9,20,qaoa,stressed,4.728484856680911,4.728484856680911,True,0.004576125065796077,105,0.2108547357683226,0.1276444388090271,39.104000000000006,0.0,4.9914081351881965,True,-6.9914081351881965,modeled_qpu,1024.0,0.009307407598811065,6.3681234206319655,2.7007792653116054,0.057992117420259975
routing,9,9,20,mean_field,local,4.728484856680911,4.728484856680911,True,0.0031594999600201845,94,0.2108547357683226,0.1276444388090271,0.0031594999600201845,0.0,0.00040329259931391997,False,-0.00040329259931391997,measured_local,,,,,
routing,9,9,21,exact,local,5.107257367467323,5.107257367467323,True,3.4170225262641907e-06,512,0.26216981492676233,0.12843048288105038,3.4170225262641907e-06,0.0,4.3884985306353667e-07,False,-4.3884985306353667e-07,measured_local,,,,,
routing,9,9,21,local_search,local,5.107257367467323,5.107257367467323,True,0.0001259170239791274,756,0.26216981492676233,0.12843048288105038,0.0001259170239791274,0.0,1.6171584192584134e-05,False,-1.6171584192584134e-05,measured_local,,,,,
routing,9,9,21,annealing,local,5.107257367467323,5.107257367467323,True,0.0010165420826524496,960,0.26216981492676233,0.12843048288105038,0.0010165420826524496,0.0,0.00013055499054396273,False,-0.00013055499054396273,measured_local,,,,,
routing,9,9,21,random,local,5.107257367467323,5.107257367467323,True,7.08398874849081e-06,256,0.26216981492676233,0.12843048288105038,7.08398874849081e-06,0.0,9.098000956926025e-07,False,-9.098000956926025e-07,measured_local,,,,,
routing,9,9,21,qaoa,optimistic,5.107257367467323,5.107257367467323,True,0.0043778750114142895,101,0.26216981492676233,0.12843048288105038,1.2967400000000002,0.0,0.1665409443711733,True,-2.166540944371173,modeled_qpu,1024.0,0.008921896337408657,6.177185872808285,2.6992150823546566,0.05307329415666549
routing,9,9,21,qaoa,nominal,5.107257367467323,5.107257367467323,True,0.0043778750114142895,101,0.26216981492676233,0.12843048288105038,8.196200000000001,0.0,1.0526419237896654,True,-3.0526419237896656,modeled_qpu,1024.0,0.008921896337408657,6.177185872808285,2.6992150823546566,0.05307329415666549
routing,9,9,21,qaoa,stressed,5.107257367467323,5.107257367467323,True,0.0043778750114142895,101,0.26216981492676233,0.12843048288105038,37.8048,0.0,4.855288719221534,True,-6.855288719221534,modeled_qpu,1024.0,0.008921896337408657,6.177185872808285,2.6992150823546566,0.05307329415666549
routing,9,9,21,mean_field,local,5.107257367467323,5.107257367467323,True,0.002885957947000861,83,0.26216981492676233,0.12843048288105038,0.002885957947000861,0.0,0.0003706449727077254,False,-0.0003706449727077254,measured_local,,,,,
routing,9,9,22,exact,local,5.44136881724763,5.44136881724763,True,3.625056706368923e-06,512,0.7484362078873544,0.13444538610192996,3.625056706368923e-06,0.0,4.873721485291604e-07,False,-4.873721485291604e-07,measured_local,,,,,
routing,9,9,22,local_search,local,5.44136881724763,5.44136881724763,True,0.00011395802721381187,639,0.7484362078873544,0.13444538610192996,0.00011395802721381187,0.0,1.532113096817518e-05,False,-1.532113096817518e-05,measured_local,,,,,
routing,9,9,22,annealing,local,5.44136881724763,5.44136881724763,True,0.0010132499737665057,960,0.7484362078873544,0.13444538610192996,0.0010132499737665057,0.0,0.00013622678394080827,False,-0.00013622678394080827,measured_local,,,,,
routing,9,9,22,random,local,6.542610178490047,5.44136881724763,True,7.792026735842228e-06,256,0.7484362078873544,0.13444538610192996,7.792026735842228e-06,0.1709638731279747,1.0476020430168693e-06,False,-0.17096492073001773,measured_local,,,,,
routing,9,9,22,qaoa,optimistic,5.44136881724763,5.44136881724763,True,0.0043377080000936985,98,0.7484362078873544,0.13444538610192996,1.25852,0.0,0.16920220731700092,True,-2.1692022073170008,modeled_qpu,1024.0,0.006387470577711987,6.071862649191957,2.70591703938517,0.053572587607247486
routing,9,9,22,qaoa,nominal,5.44136881724763,5.44136881724763,True,0.0043377080000936985,98,0.7484362078873544,0.13444538610192996,7.9676,0.0,1.0712070583057371,True,-3.0712070583057374,modeled_qpu,1024.0,0.006387470577711987,6.071862649191957,2.70591703938517,0.053572587607247486
routing,9,9,22,qaoa,stressed,5.44136881724763,5.44136881724763,True,0.0043377080000936985,98,0.7484362078873544,0.13444538610192996,36.830400000000004,0.0,4.951677348288522,True,-6.951677348288522,modeled_qpu,1024.0,0.006387470577711987,6.071862649191957,2.70591703938517,0.053572587607247486
routing,9,9,22,mean_field,local,5.44136881724763,5.44136881724763,True,0.0032839999767020345,97,0.7484362078873544,0.13444538610192996,0.0032839999767020345,0.0,0.000441518644826434,False,-0.000441518644826434,measured_local,,,,,
routing,9,9,23,exact,local,5.813695543607096,5.813695543607096,True,3.250082954764366e-06,512,0.5913287544981434,0.0787895647393917,3.250082954764366e-06,0.0,2.5607262137280045e-07,False,-2.5607262137280045e-07,measured_local,,,,,
routing,9,9,23,local_search,local,5.813695543607096,5.813695543607096,True,0.00013408390805125237,855,0.5913287544981434,0.0787895647393917,0.00013408390805125237,0.0,1.0564412753914791e-05,False,-1.0564412753914791e-05,measured_local,,,,,
routing,9,9,23,annealing,local,5.813695543607096,5.813695543607096,True,0.0011155420215800405,960,0.5913287544981434,0.0787895647393917,0.0011155420215800405,0.0,8.789307032879248e-05,False,-8.789307032879248e-05,measured_local,,,,,
routing,9,9,23,random,local,5.906155006183328,5.813695543607096,True,1.1041061952710152e-05,256,0.5913287544981434,0.0787895647393917,1.1041061952710152e-05,0.013569649830183689,8.699204655146909e-07,False,-0.013570519750649204,measured_local,,,,,
routing,9,9,23,qaoa,optimistic,5.813695543607096,5.813695543607096,True,0.004143332946114242,96,0.5913287544981434,0.0787895647393917,1.2330400000000001,0.0,0.09715068490625954,True,-2.0971506849062593,modeled_qpu,1024.0,0.010770863704299376,5.712155148493007,2.644246804428019,0.05298055761537358
routing,9,9,23,qaoa,nominal,5.813695543607096,5.813695543607096,True,0.004143332946114242,96,0.5913287544981434,0.0787895647393917,7.815200000000001,0.0,0.615756206351294,True,-2.615756206351294,modeled_qpu,1024.0,0.010770863704299376,5.712155148493007,2.644246804428019,0.05298055761537358
routing,9,9,23,qaoa,stressed,5.813695543607096,5.813695543607096,True,0.004143332946114242,96,0.5913287544981434,0.0787895647393917,36.180800000000005,0.0,2.8506694839229834,True,-4.850669483922983,modeled_qpu,1024.0,0.010770863704299376,5.712155148493007,2.644246804428019,0.05298055761537358
routing,9,9,23,mean_field,local,5.906155006183328,5.813695543607096,True,0.0036512919468805194,109,0.5913287544981434,0.0787895647393917,0.0036512919468805194,0.013569649830183689,0.0002876837032311622,False,-0.013857333533414852,measured_local,,,,,
routing,9,9,24,exact,local,6.4016021439551976,6.4016021439551976,True,3.1670788303017616e-06,512,0.6917059389139357,0.11484634286803745,3.1670788303017616e-06,0.0,3.637274212349391e-07,False,-3.637274212349391e-07,measured_local,,,,,
routing,9,9,24,local_search,local,6.4016021439551976,6.4016021439551976,True,0.00016141601372510195,738,0.6917059389139357,0.11484634286803745,0.00016141601372510195,0.0,1.8538038856664896e-05,False,-1.8538038856664896e-05,measured_local,,,,,
routing,9,9,24,annealing,local,6.4016021439551976,6.4016021439551976,True,0.0010057080071419477,960,0.6917059389139357,0.11484634286803745,0.0010057080071419477,0.0,0.00011550188661335479,False,-0.00011550188661335479,measured_local,,,,,
routing,9,9,24,random,local,6.4016021439551976,6.4016021439551976,True,6.500049494206905e-06,256,0.6917059389139357,0.11484634286803745,6.500049494206905e-06,0.0,7.465069128708996e-07,False,-7.465069128708996e-07,measured_local,,,,,
routing,9,9,24,qaoa,optimistic,6.4016021439551976,6.4016021439551976,True,0.004518166999332607,105,0.6917059389139357,0.11484634286803745,1.3477000000000001,0.0,0.1547784162832541,True,-2.154778416283254,modeled_qpu,1024.0,0.01196345254651369,6.917917191018555,2.7236635889016787,0.06550364187117609
routing,9,9,24,qaoa,nominal,6.4016021439551976,6.4016021439551976,True,0.004518166999332607,105,0.6917059389139357,0.11484634286803745,8.501000000000001,0.0,0.9763087607211866,True,-2.9763087607211864,modeled_qpu,1024.0,0.01196345254651369,6.917917191018555,2.7236635889016787,0.06550364187117609
routing,9,9,24,qaoa,stressed,6.4016021439551976,6.4016021439551976,True,0.004518166999332607,105,0.6917059389139357,0.11484634286803745,39.104000000000006,0.0,4.490951391511738,True,-6.490951391511738,modeled_qpu,1024.0,0.01196345254651369,6.917917191018555,2.7236635889016787,0.06550364187117609
routing,9,9,24,mean_field,local,6.4016021439551976,6.4016021439551976,True,0.0032165839802473783,93,0.6917059389139357,0.11484634286803745,0.0032165839802473783,0.0,0.000369412906659327,False,-0.000369412906659327,measured_local,,,,,
routing,9,9,25,exact,local,7.466149845372773,7.466149845372773,True,3.7909485399723053e-06,512,0.9276489925492178,0.0727839441660608,3.7909485399723053e-06,0.0,2.7592018686975396e-07,False,-2.7592018686975396e-07,measured_local,,,,,
routing,9,9,25,local_search,local,7.466149845372773,7.466149845372773,True,0.00011095800437033176,675,0.9276489925492178,0.0727839441660608,0.00011095800437033176,0.0,8.075961194867756e-06,False,-8.075961194867756e-06,measured_local,,,,,
routing,9,9,25,annealing,local,7.466149845372773,7.466149845372773,True,0.0009930409723892808,960,0.9276489925492178,0.0727839441660608,0.0009930409723892808,0.0,7.227743868899213e-05,False,-7.227743868899213e-05,measured_local,,,,,
routing,9,9,25,random,local,7.466149845372773,7.466149845372773,True,7.166992872953415e-06,256,0.9276489925492178,0.0727839441660608,7.166992872953415e-06,0.0,5.21642009103597e-07,False,-5.21642009103597e-07,measured_local,,,,,
routing,9,9,25,qaoa,optimistic,7.466149845372773,7.466149845372773,True,0.004413499962538481,102,0.9276489925492178,0.0727839441660608,1.3094800000000002,0.0,0.0953091192065733,True,-2.0953091192065734,modeled_qpu,1024.0,0.009062401311078666,6.845966773926468,2.724867198145473,0.043256951226256134
routing,9,9,25,qaoa,nominal,7.466149845372773,7.466149845372773,True,0.004413499962538481,102,0.9276489925492178,0.0727839441660608,8.272400000000001,0.0,0.6020978997193214,True,-2.6020978997193214,modeled_qpu,1024.0,0.009062401311078666,6.845966773926468,2.724867198145473,0.043256951226256134
routing,9,9,25,qaoa,stressed,7.466149845372773,7.466149845372773,True,0.004413499962538481,102,0.9276489925492178,0.0727839441660608,38.1296,0.0,2.7752226774742317,True,-4.775222677474232,modeled_qpu,1024.0,0.009062401311078666,6.845966773926468,2.724867198145473,0.043256951226256134
routing,9,9,25,mean_field,local,9.076865605590664,7.466149845372773,True,0.0033383340341970325,93,0.9276489925492178,0.0727839441660608,0.0033383340341970325,0.19025363236374054,0.00024297711795265729,False,-0.1904966094816932,measured_local,,,,,
routing,9,9,26,exact,local,5.3496847312022116,5.3496847312022116,True,3.875000402331352e-06,512,0.6181697204117448,0.1117136758208832,3.875000402331352e-06,0.0,4.328905387518366e-07,False,-4.328905387518366e-07,measured_local,,,,,
routing,9,9,26,local_search,local,5.3496847312022116,5.3496847312022116,True,0.00012274994514882565,756,0.6181697204117448,0.1117136758208832,0.00012274994514882565,0.0,1.3712847579387101e-05,False,-1.3712847579387101e-05,measured_local,,,,,
routing,9,9,26,annealing,local,5.3496847312022116,5.3496847312022116,True,0.0010495000751689076,960,0.6181697204117448,0.1117136758208832,0.0010495000751689076,0.0,0.0001172435111714119,False,-0.0001172435111714119,measured_local,,,,,
routing,9,9,26,random,local,5.3496847312022116,5.3496847312022116,True,7.2089023888111115e-06,256,0.6181697204117448,0.1117136758208832,7.2089023888111115e-06,0.0,8.053329844880349e-07,False,-8.053329844880349e-07,measured_local,,,,,
routing,9,9,26,qaoa,optimistic,5.3496847312022116,5.3496847312022116,True,0.004902250017039478,112,0.6181697204117448,0.1117136758208832,1.4368800000000002,0.0,0.16051914651351065,True,-2.1605191465135105,modeled_qpu,1024.0,0.014528680478454625,7.614024975259298,2.6423060164803283,0.03890739897677284
routing,9,9,26,qaoa,nominal,5.3496847312022116,5.3496847312022116,True,0.004902250017039478,112,0.6181697204117448,0.1117136758208832,9.0344,0.0,1.009266032836187,True,-3.0092660328361873,modeled_qpu,1024.0,0.014528680478454625,7.614024975259298,2.6423060164803283,0.03890739897677284
routing,9,9,26,qaoa,stressed,5.3496847312022116,5.3496847312022116,True,0.004902250017039478,112,0.6181697204117448,0.1117136758208832,41.3776,0.0,4.622443792646177,True,-6.622443792646177,modeled_qpu,1024.0,0.014528680478454625,7.614024975259298,2.6423060164803283,0.03890739897677284
routing,9,9,26,mean_field,local,5.3496847312022116,5.3496847312022116,True,0.0031836250564083457,90,0.6181697204117448,0.1117136758208832,0.0031836250564083457,0.0,0.0003556544574868429,False,-0.0003556544574868429,measured_local,,,,,
routing,9,9,27,exact,local,6.637668284924448,6.637668284924448,True,4.333909600973129e-06,512,0.7216065106837067,0.12105191601070348,4.333909600973129e-06,0.0,5.246280610149807e-07,False,-5.246280610149807e-07,measured_local,,,,,
routing,9,9,27,local_search,local,6.637668284924448,6.637668284924448,True,0.00013345805928111076,657,0.7216065106837067,0.12105191601070348,0.00013345805928111076,0.0,1.6155353783048505e-05,False,-1.6155353783048505e-05,measured_local,,,,,
routing,9,9,27,annealing,local,6.637668284924448,6.637668284924448,True,0.0010760000441223383,960,0.7216065106837067,0.12105191601070348,0.0010760000441223383,0.0,0.00013025186696861052,False,-0.00013025186696861052,measured_local,,,,,
routing,9,9,27,random,local,7.402524858744263,6.637668284924448,True,8.707982487976551e-06,256,0.7216065106837067,0.12105191601070348,8.707982487976551e-06,0.10014268036876135,1.0541179647572141e-06,False,-0.10014373448672612,measured_local,,,,,
routing,9,9,27,qaoa,optimistic,6.637668284924448,6.637668284924448,True,0.004998084041289985,111,0.7216065106837067,0.12105191601070348,1.4241400000000002,0.0,0.17239487566748327,True,-2.172394875667483,modeled_qpu,1024.0,0.01123398630895247,7.44451287120005,2.738039273060001,0.06144276008368514
routing,9,9,27,qaoa,nominal,6.637668284924448,6.637668284924448,True,0.004998084041289985,111,0.7216065106837067,0.12105191601070348,8.9582,0.0,1.0844072740070838,True,-3.084407274007084,modeled_qpu,1024.0,0.01123398630895247,7.44451287120005,2.738039273060001,0.06144276008368514
routing,9,9,27,qaoa,stressed,6.637668284924448,6.637668284924448,True,0.004998084041289985,111,0.7216065106837067,0.12105191601070348,41.052800000000005,0.0,4.969520097604208,True,-6.969520097604208,modeled_qpu,1024.0,0.01123398630895247,7.44451287120005,2.738039273060001,0.06144276008368514
routing,9,9,27,mean_field,local,6.700194029033653,6.637668284924448,True,0.0036592920077964664,116,0.7216065106837067,0.12105191601070348,0.0036592920077964664,0.008186496424912872,0.0004429643087864163,False,-0.008629460733699289,measured_local,,,,,
routing,9,9,28,exact,local,5.438017542246594,5.438017542246594,True,2.791057340800762e-06,512,0.11950691156368383,0.06572276654870682,2.791057340800762e-06,0.0,1.8343601003350294e-07,False,-1.8343601003350294e-07,measured_local,,,,,
routing,9,9,28,local_search,local,5.438017542246594,5.438017542246594,True,0.00012670806609094143,765,0.11950691156368383,0.06572276654870682,0.00012670806609094143,0.0,8.327604647533058e-06,False,-8.327604647533058e-06,measured_local,,,,,
routing,9,9,28,annealing,local,5.438017542246594,5.438017542246594,True,0.0010944169480353594,960,0.11950691156368383,0.06572276654870682,0.0010944169480353594,0.0,7.192810958267612e-05,False,-7.192810958267612e-05,measured_local,,,,,
routing,9,9,28,random,local,5.438017542246594,5.438017542246594,True,7.2499969974160194e-06,256,0.11950691156368383,0.06572276654870682,7.2499969974160194e-06,0.0,4.764898601399984e-07,False,-4.764898601399984e-07,measured_local,,,,,
routing,9,9,28,qaoa,optimistic,5.438017542246594,5.438017542246594,True,0.005360333947464824,121,0.11950691156368383,0.06572276654870682,1.5515400000000001,0.0,0.10197150121098059,True,-2.1019715012109805,modeled_qpu,1024.0,0.01049798143975568,7.854106088720645,2.669311843184308,0.03705814366622383
routing,9,9,28,qaoa,nominal,5.438017542246594,5.438017542246594,True,0.005360333947464824,121,0.11950691156368383,0.06572276654870682,9.7202,0.0,0.63883843540674,True,-2.63883843540674,modeled_qpu,1024.0,0.01049798143975568,7.854106088720645,2.669311843184308,0.03705814366622383
routing,9,9,28,qaoa,stressed,5.438017542246594,5.438017542246594,True,0.005360333947464824,121,0.11950691156368383,0.06572276654870682,44.3008,0.0,2.9115711363209513,True,-4.911571136320951,modeled_qpu,1024.0,0.01049798143975568,7.854106088720645,2.669311843184308,0.03705814366622383
routing,9,9,28,mean_field,local,5.438017542246594,5.438017542246594,True,0.002988958964124322,90,0.11950691156368383,0.06572276654870682,0.002988958964124322,0.0,0.00019644265222280738,False,-0.00019644265222280738,measured_local,,,,,
routing,9,9,29,exact,local,5.647547221245621,5.647547221245621,True,4.124944098293781e-06,512,0.6250805884154437,0.13276215664635926,4.124944098293781e-06,0.0,5.476364745351542e-07,False,-5.476364745351542e-07,measured_local,,,,,
routing,9,9,29,local_search,local,5.647547221245621,5.647547221245621,True,0.00013245909940451384,810,0.6250805884154437,0.13276215664635926,0.00013245909940451384,0.0,1.758555570437774e-05,False,-1.758555570437774e-05,measured_local,,,,,
routing,9,9,29,annealing,local,5.647547221245621,5.647547221245621,True,0.0010599590605124831,960,0.6250805884154437,0.13276215664635926,0.0010599590605124831,0.0,0.0001407224508304861,False,-0.0001407224508304861,measured_local,,,,,
routing,9,9,29,random,local,6.338301489230484,5.647547221245621,True,8.167000487446785e-06,256,0.6250805884154437,0.13276215664635926,8.167000487446785e-06,0.10391114872824159,1.0842685980453024e-06,False,-0.10391223299683963,measured_local,,,,,
routing,9,9,29,qaoa,optimistic,5.647547221245621,5.647547221245621,True,0.004304375033825636,98,0.6250805884154437,0.13276215664635926,1.25852,0.0,0.16708382938257607,True,-2.1670838293825763,modeled_qpu,1024.0,0.009563535833692072,6.106621374540307,2.6801685323187034,0.045155397261255614
routing,9,9,29,qaoa,nominal,5.647547221245621,5.647547221245621,True,0.004304375033825636,98,0.6250805884154437,0.13276215664635926,7.9676,0.0,1.057795759295532,True,-3.057795759295532,modeled_qpu,1024.0,0.009563535833692072,6.106621374540307,2.6801685323187034,0.045155397261255614
routing,9,9,29,qaoa,stressed,5.647547221245621,5.647547221245621,True,0.004304375033825636,98,0.6250805884154437,0.13276215664635926,36.830400000000004,0.0,4.889683334148071,True,-6.889683334148071,modeled_qpu,1024.0,0.009563535833692072,6.106621374540307,2.6801685323187034,0.045155397261255614
routing,9,9,29,mean_field,local,5.647547221245621,5.647547221245621,True,0.003345999983139336,104,0.6250805884154437,0.13276215664635926,0.003345999983139336,0.0,0.00044422217390026,False,-0.00044422217390026,measured_local,,,,,
routing,12,12,0,exact,local,5.141467545520397,5.141467545520397,True,7.4589625000953674e-06,4096,0.33048356314268024,0.08843999403404426,7.4589625000953674e-06,0.0,6.596705990085942e-07,False,-6.596705990085942e-07,measured_local,,,,,
routing,12,12,0,local_search,local,5.141467545520397,5.141467545520397,True,0.0002306249225512147,1332,0.33048356314268024,0.08843999403404426,0.0002306249225512147,0.0,2.039646677453135e-05,False,-2.039646677453135e-05,measured_local,,,,,
routing,12,12,0,annealing,local,5.141467545520397,5.141467545520397,True,0.0010327920317649841,960,0.33048356314268024,0.08843999403404426,0.0010327920317649841,0.0,9.134012112770364e-05,False,-9.134012112770364e-05,measured_local,,,,,
routing,12,12,0,random,local,6.302370024922952,5.141467545520397,True,7.2910916060209274e-06,256,0.33048356314268024,0.08843999403404426,7.2910916060209274e-06,0.18902688499092052,6.44824098138161e-07,False,-0.18902752981501866,measured_local,,,,,
routing,12,12,0,qaoa,optimistic,5.141467545520397,5.141467545520397,True,0.021269874996505678,117,0.33048356314268024,0.08843999403404426,1.5005800000000002,0.0,0.13271128624760617,True,-2.132711286247606,modeled_qpu,1024.0,0.004278725047075472,10.445908281238612,2.5956693592093503,0.030713402746034305
routing,12,12,0,qaoa,nominal,5.141467545520397,5.141467545520397,True,0.021269874996505678,117,0.33048356314268024,0.08843999403404426,9.4154,0.0,0.8326979198281403,True,-2.8326979198281403,modeled_qpu,1024.0,0.004278725047075472,10.445908281238612,2.5956693592093503,0.030713402746034305
routing,12,12,0,qaoa,stressed,5.141467545520397,5.141467545520397,True,0.021269874996505678,117,0.33048356314268024,0.08843999403404426,43.0016,0.0,3.803061247454358,True,-5.803061247454358,modeled_qpu,1024.0,0.004278725047075472,10.445908281238612,2.5956693592093503,0.030713402746034305
routing,12,12,0,mean_field,local,5.141467545520397,5.141467545520397,True,0.008157625095918775,93,0.33048356314268024,0.08843999403404426,0.008157625095918775,0.0,0.0007214603148150262,False,-0.0007214603148150262,measured_local,,,,,
routing,12,12,1,exact,local,5.658852760668616,5.658852760668616,True,7.6669966802001e-06,4096,0.4867760088710097,0.08915681011494322,7.6669966802001e-06,0.0,6.835649671685003e-07,False,-6.835649671685003e-07,measured_local,,,,,
routing,12,12,1,local_search,local,5.658852760668616,5.658852760668616,True,0.0001632090425118804,1272,0.4867760088710097,0.08915681011494322,0.0001632090425118804,0.0,1.4551197612273416e-05,False,-1.4551197612273416e-05,measured_local,,,,,
routing,12,12,1,annealing,local,5.658852760668616,5.658852760668616,True,0.0010185419814661145,960,0.4867760088710097,0.08915681011494322,0.0010185419814661145,0.0,9.08099540356724e-05,False,-9.08099540356724e-05,measured_local,,,,,
routing,12,12,1,random,local,5.658852760668616,5.658852760668616,True,8.750008419156075e-06,256,0.4867760088710097,0.08915681011494322,8.750008419156075e-06,0.0,7.801228391308527e-07,False,-7.801228391308527e-07,measured_local,,,,,
routing,12,12,1,qaoa,optimistic,5.658852760668616,5.658852760668616,True,0.021490999963134527,117,0.4867760088710097,0.08915681011494322,1.5005800000000002,0.0,0.13378692612228152,True,-2.1337869261222817,modeled_qpu,1024.0,0.002936155859620931,9.141014340204581,2.590567972281624,0.03796753707018365
routing,12,12,1,qaoa,nominal,5.658852760668616,5.658852760668616,True,0.021490999963134527,117,0.4867760088710097,0.08915681011494322,9.4154,0.0,0.8394470299562364,True,-2.8394470299562364,modeled_qpu,1024.0,0.002936155859620931,9.141014340204581,2.590567972281624,0.03796753707018365
routing,12,12,1,qaoa,stressed,5.658852760668616,5.658852760668616,True,0.021490999963134527,117,0.4867760088710097,0.08915681011494322,43.0016,0.0,3.833885485838743,True,-5.833885485838743,modeled_qpu,1024.0,0.002936155859620931,9.141014340204581,2.590567972281624,0.03796753707018365
routing,12,12,1,mean_field,local,5.911329312670883,5.658852760668616,True,0.007826291024684906,95,0.4867760088710097,0.08915681011494322,0.007826291024684906,0.03791592351967194,0.0006977671427921166,False,-0.038613690662464055,measured_local,,,,,
routing,12,12,2,exact,local,5.655901377967366,5.655901377967366,True,0.0003137920284643769,4096,0.37257770718283606,0.12167159572418974,0.0003137920284643769,0.0,3.817957682879111e-05,False,-3.817957682879111e-05,measured_local,,,,,
routing,12,12,2,local_search,local,5.655901377967366,5.655901377967366,True,0.0014195418916642666,1440,0.37257770718283606,0.12167159572418974,0.0014195418916642666,0.0,0.0001727179271561262,False,-0.0001727179271561262,measured_local,,,,,
routing,12,12,2,annealing,local,7.2824219230177345,5.655901377967366,True,0.0015843750443309546,960,0.37257770718283606,0.12167159572418974,0.0015843750443309546,0.2443726931463472,0.0001927734398693311,False,-0.24456546658621653,measured_local,,,,,
routing,12,12,2,random,local,25.32273420601816,5.655901377967366,False,2.820801455527544e-05,256,0.37257770718283606,0.12167159572418974,2.820801455527544e-05,2.954796309505537,3.4321141431515332e-06,False,-7.954799741619681,measured_local,,,,,
routing,12,12,2,qaoa,optimistic,5.655901377967366,5.655901377967366,True,0.02642591600306332,117,0.37257770718283606,0.12167159572418974,1.5005800000000002,0.0,0.1825779631118047,True,-2.1825779631118047,modeled_qpu,1024.0,0.004723325792242936,10.108892599081235,2.585669600166462,0.027190857182634615
routing,12,12,2,qaoa,nominal,5.655901377967366,5.655901377967366,True,0.02642591600306332,117,0.37257770718283606,0.12167159572418974,9.4154,0.0,1.145586742381536,True,-3.145586742381536,modeled_qpu,1024.0,0.004723325792242936,10.108892599081235,2.585669600166462,0.027190857182634615
routing,12,12,2,qaoa,stressed,5.655901377967366,5.655901377967366,True,0.02642591600306332,117,0.37257770718283606,0.12167159572418974,43.0016,0.0,5.232073290693318,True,-7.232073290693318,modeled_qpu,1024.0,0.004723325792242936,10.108892599081235,2.585669600166462,0.027190857182634615
routing,12,12,2,mean_field,local,5.655901377967366,5.655901377967366,True,0.009684749995358288,94,0.37257770718283606,0.12167159572418974,0.009684749995358288,0.0,0.0011783589861250822,False,-0.0011783589861250822,measured_local,,,,,
routing,12,12,3,exact,local,6.359414036823093,6.359414036823093,True,1.0458054021000862e-05,4096,0.6759715030164691,0.14875101839230995,1.0458054021000862e-05,0.0,1.5556461860256702e-06,False,-1.5556461860256702e-06,measured_local,,,,,
routing,12,12,3,local_search,local,6.359414036823093,6.359414036823093,True,0.00024379196111112833,1392,0.6759715030164691,0.14875101839230995,0.00024379196111112833,0.0,3.626430249113876e-05,False,-3.626430249113876e-05,measured_local,,,,,
routing,12,12,3,annealing,local,6.685772731608162,6.359414036823093,True,0.0013882080093026161,960,0.6759715030164691,0.14875101839230995,0.0013882080093026161,0.044345744532393615,0.00020649735512412543,False,-0.04455224188751774,measured_local,,,,,
routing,12,12,3,random,local,14.560284632284727,6.359414036823093,False,1.8749968148767948e-05,256,0.6759715030164691,0.14875101839230995,1.8749968148767948e-05,1.1143374396967316,2.7890768569526067e-06,False,-6.114340228773588,measured_local,,,,,
routing,12,12,3,qaoa,optimistic,6.359414036823093,6.359414036823093,True,0.022651834064163268,120,0.6759715030164691,0.14875101839230995,1.5388000000000002,0.0,0.22889806710208657,True,-2.2288980671020866,modeled_qpu,1024.0,0.004038896953067191,10.784933574727743,2.5966981208274893,0.026357303101393167
routing,12,12,3,qaoa,nominal,6.359414036823093,6.359414036823093,True,0.022651834064163268,120,0.6759715030164691,0.14875101839230995,9.644,0.0,1.434554821375437,True,-3.4345548213754373,modeled_qpu,1024.0,0.004038896953067191,10.784933574727743,2.5966981208274893,0.026357303101393167
routing,12,12,3,qaoa,stressed,6.359414036823093,6.359414036823093,True,0.022651834064163268,120,0.6759715030164691,0.14875101839230995,43.976000000000006,0.0,6.541474784820223,True,-8.541474784820224,modeled_qpu,1024.0,0.004038896953067191,10.784933574727743,2.5966981208274893,0.026357303101393167
routing,12,12,3,mean_field,local,6.359414036823093,6.359414036823093,True,0.008320166962221265,95,0.6759715030164691,0.14875101839230995,0.008320166962221265,0.0,0.001237633308824465,False,-0.001237633308824465,measured_local,,,,,
routing,12,12,4,exact,local,7.421794964224064,7.421794964224064,True,9.582960046827793e-06,4096,0.39183235235052205,0.12855437141172418,9.582960046827793e-06,0.0,1.231931405083614e-06,False,-1.231931405083614e-06,measured_local,,,,,
routing,12,12,4,local_search,local,7.421794964224064,7.421794964224064,True,0.00016608298756182194,1260,0.39183235235052205,0.12855437141172418,0.00016608298756182194,0.0,2.1350694068191227e-05,False,-2.1350694068191227e-05,measured_local,,,,,
routing,12,12,4,annealing,local,7.513975843461257,7.421794964224064,True,0.0010514999739825726,960,0.39183235235052205,0.12855437141172418,0.0010514999739825726,0.010945514540401225,0.00013517491819477396,False,-0.011080689458596,measured_local,,,,,
routing,12,12,4,random,local,12.338881277215982,7.421794964224064,True,9.00006853044033e-06,256,0.39183235235052205,0.12855437141172418,9.00006853044033e-06,0.5838525318984598,1.1569981525931968e-06,False,-0.5838536888966124,measured_local,,,,,
routing,12,12,4,qaoa,optimistic,7.421794964224064,7.421794964224064,True,0.022289375076070428,121,0.39183235235052205,0.12855437141172418,1.5515400000000001,0.0,0.19945724942014656,True,-2.1994572494201465,modeled_qpu,1024.0,0.0033824723956366563,10.359657657055525,2.6238973277622666,0.03308708478244791
routing,12,12,4,qaoa,nominal,7.421794964224064,7.421794964224064,True,0.022289375076070428,121,0.39183235235052205,0.12855437141172418,9.7202,0.0,1.2495742009962414,True,-3.2495742009962414,modeled_qpu,1024.0,0.0033824723956366563,10.359657657055525,2.6238973277622666,0.03308708478244791
routing,12,12,4,qaoa,stressed,7.421794964224064,7.421794964224064,True,0.022289375076070428,121,0.39183235235052205,0.12855437141172418,44.3008,0.0,5.695061497036511,True,-7.695061497036511,modeled_qpu,1024.0,0.0033824723956366563,10.359657657055525,2.6238973277622666,0.03308708478244791
routing,12,12,4,mean_field,local,7.5952786288846355,7.421794964224064,True,0.009697292000055313,110,0.39183235235052205,0.12855437141172418,0.009697292000055313,0.020599369302806918,0.0012466292774630523,False,-0.02184599858026997,measured_local,,,,,
routing,12,12,5,exact,local,9.086867136014991,9.086867136014991,True,8.292030543088913e-06,4096,0.3029987526573249,0.031038244416564817,8.292030543088913e-06,0.0,2.5737007070601437e-07,False,-2.5737007070601437e-07,measured_local,,,,,
routing,12,12,5,local_search,local,9.086867136014991,9.086867136014991,True,0.00015658291522413492,1284,0.3029987526573249,0.031038244416564817,0.00015658291522413492,0.0,4.860058794184948e-06,False,-4.860058794184948e-06,measured_local,,,,,
routing,12,12,5,annealing,local,10.086921069470698,9.086867136014991,False,0.0011433749459683895,960,0.3029987526573249,0.031038244416564817,0.0011433749459683895,0.09914415645319952,3.5488351032743465e-05,False,-5.099179644804233,measured_local,,,,,
routing,12,12,5,random,local,21.761621114261754,9.086867136014991,False,1.4833989553153515e-05,256,0.3029987526573249,0.031038244416564817,1.4833989553153515e-05,1.2565600208008851,4.604209934235479e-07,False,-6.256560481221879,measured_local,,,,,
routing,12,12,5,qaoa,optimistic,9.086867136014991,9.086867136014991,True,0.020590417087078094,112,0.3029987526573249,0.031038244416564817,1.4368800000000002,0.0,0.04459823263727366,True,-2.0445982326372736,modeled_qpu,1024.0,0.0052696716732717015,11.435735177854529,2.6274855878346886,0.024095769361413704
routing,12,12,5,qaoa,nominal,9.086867136014991,9.086867136014991,True,0.020590417087078094,112,0.3029987526573249,0.031038244416564817,9.0344,0.0,0.28041191535701315,True,-2.2804119153570133,modeled_qpu,1024.0,0.0052696716732717015,11.435735177854529,2.6274855878346886,0.024095769361413704
routing,12,12,5,qaoa,stressed,9.086867136014991,9.086867136014991,True,0.020590417087078094,112,0.3029987526573249,0.031038244416564817,41.3776,0.0,1.2842880621708523,True,-3.2842880621708526,modeled_qpu,1024.0,0.0052696716732717015,11.435735177854529,2.6274855878346886,0.024095769361413704
routing,12,12,5,mean_field,local,10.209154387040172,9.086867136014991,False,0.010382500011473894,119,0.3029987526573249,0.031038244416564817,0.010382500011473894,0.11126222204494725,0.0003222545730111137,False,-5.111584476617958,measured_local,,,,,
routing,12,12,6,exact,local,7.027176444739847,7.027176444739847,True,8.500064723193645e-06,4096,0.7187198411443386,0.07699962093350712,8.500064723193645e-06,0.0,6.545017615961869e-07,False,-6.545017615961869e-07,measured_local,,,,,
routing,12,12,6,local_search,local,7.027176444739847,7.027176444739847,True,0.0001682499423623085,1320,0.7187198411443386,0.07699962093350712,0.0001682499423623085,0.0,1.2955181783982177e-05,False,-1.2955181783982177e-05,measured_local,,,,,
routing,12,12,6,annealing,local,9.272125108385714,7.027176444739847,True,0.0011288340901955962,960,0.7187198411443386,0.07699962093350712,0.0011288340901955962,0.27966853340030495,8.691979704188129e-05,False,-0.27975545319734685,measured_local,,,,,
routing,12,12,6,random,local,26.2032518645819,7.027176444739847,False,1.2416974641382694e-05,256,0.7187198411443386,0.07699962093350712,1.2416974641382694e-05,2.3888942210069395,9.56102340527438e-07,False,-7.38889517710928,measured_local,,,,,
routing,12,12,6,qaoa,optimistic,7.027176444739847,7.027176444739847,True,0.02240725001320243,121,0.7187198411443386,0.07699962093350712,1.5515400000000001,0.0,0.11946799186317365,True,-2.1194679918631736,modeled_qpu,1024.0,0.004492391983907059,11.114992815749765,2.601353866794461,0.024427338628643727
routing,12,12,6,qaoa,nominal,7.027176444739847,7.027176444739847,True,0.02240725001320243,121,0.7187198411443386,0.07699962093350712,9.7202,0.0,0.7484517153978759,True,-2.748451715397876,modeled_qpu,1024.0,0.004492391983907059,11.114992815749765,2.601353866794461,0.024427338628643727
routing,12,12,6,qaoa,stressed,7.027176444739847,7.027176444739847,True,0.02240725001320243,121,0.7187198411443386,0.07699962093350712,44.3008,0.0,3.411144807051113,True,-5.411144807051112,modeled_qpu,1024.0,0.004492391983907059,11.114992815749765,2.601353866794461,0.024427338628643727
routing,12,12,6,mean_field,local,7.570652492321578,7.027176444739847,True,0.009206125047057867,107,0.7187198411443386,0.07699962093350712,0.009206125047057867,0.06770450996350873,0.0007088681388899212,False,-0.06841337810239864,measured_local,,,,,
routing,12,12,7,exact,local,5.832297591103469,5.832297591103469,True,8.709030225872993e-06,4096,0.23711219466505035,0.03916799459917061,8.709030225872993e-06,0.0,3.4111524885100696e-07,False,-3.4111524885100696e-07,measured_local,,,,,
routing,12,12,7,local_search,local,5.832297591103469,5.832297591103469,True,0.00017574999947100878,1404,0.23711219466505035,0.03916799459917061,0.00017574999947100878,0.0,6.883775030084709e-06,False,-6.883775030084709e-06,measured_local,,,,,
routing,12,12,7,annealing,local,5.852055181159167,5.832297591103469,True,0.0011342919897288084,960,0.23711219466505035,0.03916799459917061,0.0011342919897288084,0.0028917929572366413,4.442794252758045e-05,False,-0.0029362208997642217,measured_local,,,,,
routing,12,12,7,random,local,8.789664197221793,5.832297591103469,True,1.1709053069353104e-05,256,0.23711219466505035,0.03916799459917061,1.1709053069353104e-05,0.4328509650939672,4.586201273818244e-07,False,-0.4328514237140946,measured_local,,,,,
routing,12,12,7,qaoa,optimistic,5.832297591103469,5.832297591103469,True,0.022001540986821055,120,0.23711219466505035,0.03916799459917061,1.5388000000000002,0.0,0.060271710089203734,True,-2.0602717100892036,modeled_qpu,1024.0,0.0034454658701285287,10.555370871462172,2.637082449285767,0.034496525955241504
routing,12,12,7,qaoa,nominal,5.832297591103469,5.832297591103469,True,0.022001540986821055,120,0.23711219466505035,0.03916799459917061,9.644,0.0,0.37773613991440136,True,-2.3777361399144015,modeled_qpu,1024.0,0.0034454658701285287,10.555370871462172,2.637082449285767,0.034496525955241504
routing,12,12,7,qaoa,stressed,5.832297591103469,5.832297591103469,True,0.022001540986821055,120,0.23711219466505035,0.03916799459917061,43.976000000000006,0.0,1.7224517304931268,True,-3.722451730493127,modeled_qpu,1024.0,0.0034454658701285287,10.555370871462172,2.637082449285767,0.034496525955241504
routing,12,12,7,mean_field,local,5.832297591103469,5.832297591103469,True,0.009999040979892015,116,0.23711219466505035,0.03916799459917061,0.009999040979892015,0.0,0.000391642383097296,False,-0.000391642383097296,measured_local,,,,,
routing,12,12,8,exact,local,6.65825470071696,6.65825470071696,True,1.2416974641382694e-05,4096,0.28407551045486085,0.10574135376426304,1.2416974641382694e-05,0.0,1.3129877082363307e-06,False,-1.3129877082363307e-06,measured_local,,,,,
routing,12,12,8,local_search,local,6.65825470071696,6.65825470071696,True,0.00017708400264382362,1368,0.28407551045486085,0.10574135376426304,0.00017708400264382362,0.0,1.8725102169552245e-05,False,-1.8725102169552245e-05,measured_local,,,,,
routing,12,12,8,annealing,local,6.65825470071696,6.65825470071696,True,0.0010346670169383287,960,0.28407551045486085,0.10574135376426304,0.0010346670169383287,0.0,0.00010940709106629055,False,-0.00010940709106629055,measured_local,,,,,
routing,12,12,8,random,local,25.281373176795086,6.65825470071696,False,1.00000761449337e-05,256,0.28407551045486085,0.10574135376426304,1.00000761449337e-05,2.43177058009505,1.0574215893110022e-06,False,-7.431771637516639,measured_local,,,,,
routing,12,12,8,qaoa,optimistic,6.65825470071696,6.65825470071696,True,0.02158995799254626,116,0.28407551045486085,0.10574135376426304,1.48784,0.0,0.15732621578462114,True,-2.157326215784621,modeled_qpu,1024.0,0.0030612836730889575,9.78617840620807,2.602391977970166,0.03359792997296753
routing,12,12,8,qaoa,nominal,6.65825470071696,6.65825470071696,True,0.02158995799254626,116,0.28407551045486085,0.10574135376426304,9.3392,0.0,0.9875396510752054,True,-2.9875396510752052,modeled_qpu,1024.0,0.0030612836730889575,9.78617840620807,2.602391977970166,0.03359792997296753
routing,12,12,8,qaoa,stressed,6.65825470071696,6.65825470071696,True,0.02158995799254626,116,0.28407551045486085,0.10574135376426304,42.67680000000001,0.0,4.512702606326702,True,-6.512702606326702,modeled_qpu,1024.0,0.0030612836730889575,9.78617840620807,2.602391977970166,0.03359792997296753
routing,12,12,8,mean_field,local,7.692268843174519,6.65825470071696,True,0.009230041992850602,105,0.28407551045486085,0.10574135376426304,0.009230041992850602,0.13501955509011146,0.0009759971356250189,False,-0.13599555222573648,measured_local,,,,,
routing,12,12,9,exact,local,6.987478034577821,6.987478034577821,True,8.499948307871819e-06,4096,0.5894801039586001,0.13717856881209187,8.499948307871819e-06,0.0,1.166010743850618e-06,False,-1.166010743850618e-06,measured_local,,,,,
routing,12,12,9,local_search,local,6.987478034577821,6.987478034577821,True,0.0001735410187393427,1332,0.5894801039586001,0.13717856881209187,0.0001735410187393427,0.0,2.3806108580855447e-05,False,-2.3806108580855447e-05,measured_local,,,,,
routing,12,12,9,annealing,local,6.987478034577821,6.987478034577821,True,0.0009919160511344671,960,0.5894801039586001,0.13717856881209187,0.0009919160511344671,0.0,0.00013606962427636793,False,-0.00013606962427636793,measured_local,,,,,
routing,12,12,9,random,local,12.815867880383834,6.987478034577821,False,1.0541989468038082e-05,256,0.5894801039586001,0.13717856881209187,1.0541989468038082e-05,0.7296908762158585,1.4461350276576098e-06,False,-5.729692322350886,measured_local,,,,,
routing,12,12,9,qaoa,optimistic,6.987478034577821,6.987478034577821,True,0.021545749972574413,116,0.5894801039586001,0.13717856881209187,1.48784,0.0,0.20409976182138276,True,-2.2040997618213827,modeled_qpu,1024.0,0.0032305281225732028,10.3875122793855,2.624337522065756,0.026040127977819585
routing,12,12,9,qaoa,nominal,6.987478034577821,6.987478034577821,True,0.021545749972574413,116,0.5894801039586001,0.13717856881209187,9.3392,0.0,1.2811380898498883,True,-3.2811380898498883,modeled_qpu,1024.0,0.0032305281225732028,10.3875122793855,2.624337522065756,0.026040127977819585
routing,12,12,9,qaoa,stressed,6.987478034577821,6.987478034577821,True,0.021545749972574413,116,0.5894801039586001,0.13717856881209187,42.67680000000001,0.0,5.854342345479883,True,-7.854342345479883,modeled_qpu,1024.0,0.0032305281225732028,10.3875122793855,2.624337522065756,0.026040127977819585
routing,12,12,9,mean_field,local,6.987478034577821,6.987478034577821,True,0.01073549990542233,121,0.5894801039586001,0.13717856881209187,0.01073549990542233,0.0,0.001472680512508183,False,-0.001472680512508183,measured_local,,,,,
routing,12,12,10,exact,local,6.78545546569819,6.78545546569819,True,8.999952115118504e-06,4096,0.8345433491875951,0.10524080394659041,8.999952115118504e-06,0.0,9.471621960758881e-07,False,-9.471621960758881e-07,measured_local,,,,,
routing,12,12,10,local_search,local,6.78545546569819,6.78545546569819,True,0.0001582909608259797,1296,0.8345433491875951,0.10524080394659041,0.0001582909608259797,0.0,1.6658667974804354e-05,False,-1.6658667974804354e-05,measured_local,,,,,
routing,12,12,10,annealing,local,7.367315516685427,6.78545546569819,True,0.0010592910693958402,960,0.8345433491875951,0.10524080394659041,0.0010592910693958402,0.07473680294632022,0.00011148064375666172,False,-0.07484828359007688,measured_local,,,,,
routing,12,12,10,random,local,8.227879984898212,6.78545546569819,True,1.1332915164530277e-05,256,0.8345433491875951,0.10524080394659041,1.1332915164530277e-05,0.18527169355154324,1.1926851029736724e-06,False,-0.18527288623664623,measured_local,,,,,
routing,12,12,10,qaoa,optimistic,6.78545546569819,6.78545546569819,True,0.025227874983102083,126,0.8345433491875951,0.10524080394659041,1.6152400000000002,0.0,0.16998915616669072,True,-2.169989156166691,modeled_qpu,1024.0,0.002557673492804461,11.399597896648295,2.6724768530198384,0.0250552452961008
routing,12,12,10,qaoa,nominal,6.78545546569819,6.78545546569819,True,0.025227874983102083,126,0.8345433491875951,0.10524080394659041,10.1012,0.0,1.063058408825299,True,-3.063058408825299,modeled_qpu,1024.0,0.002557673492804461,11.399597896648295,2.6724768530198384,0.0250552452961008
routing,12,12,10,qaoa,stressed,6.78545546569819,6.78545546569819,True,0.025227874983102083,126,0.8345433491875951,0.10524080394659041,45.924800000000005,0.0,4.833162873086375,True,-6.833162873086375,modeled_qpu,1024.0,0.002557673492804461,11.399597896648295,2.6724768530198384,0.0250552452961008
routing,12,12,10,mean_field,local,7.367315516685427,6.78545546569819,True,0.011781250010244548,114,0.8345433491875951,0.10524080394659041,0.011781250010244548,0.07473680294632022,0.0012398682225739127,False,-0.07597667116889413,measured_local,,,,,
routing,12,12,11,exact,local,10.752149566024771,10.752149566024771,True,1.4499993994832039e-05,4096,0.3108678788591633,0.11767714872836814,1.4499993994832039e-05,0.0,1.7063179498902948e-06,False,-1.7063179498902948e-06,measured_local,,,,,
routing,12,12,11,local_search,local,10.752149566024771,10.752149566024771,True,0.00024129089433699846,1416,0.3108678788591633,0.11767714872836814,0.00024129089433699846,0.0,2.839442445969593e-05,False,-2.839442445969593e-05,measured_local,,,,,
routing,12,12,11,annealing,local,11.982784484620844,10.752149566024771,True,0.001149957999587059,960,0.3108678788591633,0.11767714872836814,0.001149957999587059,0.10471572980604443,0.00013532377854878305,False,-0.10485105358459322,measured_local,,,,,
routing,12,12,11,random,local,24.934977344575696,10.752149566024771,False,1.4375080354511738e-05,256,0.3108678788591633,0.11767714872836814,1.4375080354511738e-05,1.206828393296933,1.6916184688601208e-06,False,-6.206830084915402,measured_local,,,,,
routing,12,12,11,qaoa,optimistic,10.752149566024771,10.752149566024771,True,0.022412458900362253,119,0.3108678788591633,0.11767714872836814,1.5260600000000002,0.0,0.1795823895884135,True,-2.1795823895884134,modeled_qpu,1024.0,0.003271136447202021,10.325974397214456,2.6023728633069627,0.027082947515045537
routing,12,12,11,qaoa,nominal,10.752149566024771,10.752149566024771,True,0.022412458900362253,119,0.3108678788591633,0.11767714872836814,9.5678,0.0,1.1259114236032808,True,-3.125911423603281,modeled_qpu,1024.0,0.003271136447202021,10.325974397214456,2.6023728633069627,0.027082947515045537
routing,12,12,11,qaoa,stressed,10.752149566024771,10.752149566024771,True,0.022412458900362253,119,0.3108678788591633,0.11767714872836814,43.6512,0.0,5.136748754571744,True,-7.136748754571744,modeled_qpu,1024.0,0.003271136447202021,10.325974397214456,2.6023728633069627,0.027082947515045537
routing,12,12,11,mean_field,local,10.752149566024771,10.752149566024771,True,0.00867962499614805,101,0.3108678788591633,0.11767714872836814,0.00867962499614805,0.0,0.0010213935215781758,False,-0.0010213935215781758,measured_local,,,,,
routing,12,12,12,exact,local,5.521451379521242,5.521451379521242,True,1.0375049896538258e-05,4096,0.23856484919708695,0.044199357020811236,1.0375049896538258e-05,0.0,4.585705344858251e-07,False,-4.585705344858251e-07,measured_local,,,,,
routing,12,12,12,local_search,local,5.521451379521242,5.521451379521242,True,0.0001615419751033187,1296,0.23856484919708695,0.044199357020811236,0.0001615419751033187,0.0,7.140051431438583e-06,False,-7.140051431438583e-06,measured_local,,,,,
routing,12,12,12,annealing,local,5.521451379521242,5.521451379521242,True,0.0010561250383034348,960,0.23856484919708695,0.044199357020811236,0.0010561250383034348,0.0,4.668004762659146e-05,False,-4.668004762659146e-05,measured_local,,,,,
routing,12,12,12,random,local,13.089332375039643,5.521451379521242,False,1.0458985343575478e-05,256,0.23856484919708695,0.044199357020811236,1.0458985343575478e-05,1.1604596208879472,4.622804272761246e-07,False,-6.160460083168374,measured_local,,,,,
routing,12,12,12,qaoa,optimistic,5.521451379521242,5.521451379521242,True,0.022445625043474138,121,0.23856484919708695,0.044199357020811236,1.5515400000000001,0.0,0.06857707039206948,True,-2.0685770703920694,modeled_qpu,1024.0,0.0048602194407432985,10.442782002583392,2.6182854616950233,0.027155209456503022
routing,12,12,12,qaoa,nominal,5.521451379521242,5.521451379521242,True,0.022445625043474138,121,0.23856484919708695,0.044199357020811236,9.7202,0.0,0.42962659011368937,True,-2.4296265901136893,modeled_qpu,1024.0,0.0048602194407432985,10.442782002583392,2.6182854616950233,0.027155209456503022
routing,12,12,12,qaoa,stressed,5.521451379521242,5.521451379521242,True,0.022445625043474138,121,0.23856484919708695,0.044199357020811236,44.3008,0.0,1.9580668755075545,True,-3.9580668755075545,modeled_qpu,1024.0,0.0048602194407432985,10.442782002583392,2.6182854616950233,0.027155209456503022
routing,12,12,12,mean_field,local,5.521451379521242,5.521451379521242,True,0.010915499995462596,128,0.23856484919708695,0.044199357020811236,0.010915499995462596,0.0,0.0004824580813601147,False,-0.0004824580813601147,measured_local,,,,,
routing,12,12,13,exact,local,5.8380962747206455,5.8380962747206455,True,1.0124989785254002e-05,4096,0.38628500274951366,0.04874258104710933,1.0124989785254002e-05,0.0,4.935181352088972e-07,False,-4.935181352088972e-07,measured_local,,,,,
routing,12,12,13,local_search,local,5.8380962747206455,5.8380962747206455,True,0.00017829204443842173,1308,0.38628500274951366,0.04874258104710933,0.00017829204443842173,0.0,8.69041442609459e-06,False,-8.69041442609459e-06,measured_local,,,,,
routing,12,12,13,annealing,local,5.8380962747206455,5.8380962747206455,True,0.0010061670327559114,960,0.38628500274951366,0.04874258104710933,0.0010061670327559114,0.0,4.9043178141034514e-05,False,-4.9043178141034514e-05,measured_local,,,,,
routing,12,12,13,random,local,8.761373843496912,5.8380962747206455,True,9.208917617797852e-06,256,0.38628500274951366,0.04874258104710933,9.208917617797852e-06,0.427498743997384,4.4886641334166475e-07,False,-0.42749919286379734,measured_local,,,,,
routing,12,12,13,qaoa,optimistic,5.8380962747206455,5.8380962747206455,True,0.02282099996227771,123,0.38628500274951366,0.04874258104710933,1.57702,0.0,0.07686802516291236,True,-2.0768680251629124,modeled_qpu,1024.0,0.0042631763172271625,11.112189034250784,2.6031110328295033,0.025868688284311332
routing,12,12,13,qaoa,nominal,5.8380962747206455,5.8380962747206455,True,0.02282099996227771,123,0.38628500274951366,0.04874258104710933,9.8726,0.0,0.4812160056456916,True,-2.481216005645692,modeled_qpu,1024.0,0.0042631763172271625,11.112189034250784,2.6031110328295033,0.025868688284311332
routing,12,12,13,qaoa,stressed,5.8380962747206455,5.8380962747206455,True,0.02282099996227771,123,0.38628500274951366,0.04874258104710933,44.9504,0.0,2.1909985150999836,True,-4.190998515099984,modeled_qpu,1024.0,0.0042631763172271625,11.112189034250784,2.6031110328295033,0.025868688284311332
routing,12,12,13,mean_field,local,5.8380962747206455,5.8380962747206455,True,0.008004750008694828,92,0.38628500274951366,0.04874258104710933,0.008004750008694828,0.0,0.00039017217606065677,False,-0.00039017217606065677,measured_local,,,,,
routing,12,12,14,exact,local,5.777781796552276,5.777781796552276,True,8.750008419156075e-06,4096,0.2189658135540872,0.03319975251968334,8.750008419156075e-06,0.0,2.904981140611273e-07,False,-2.904981140611273e-07,measured_local,,,,,
routing,12,12,14,local_search,local,5.777781796552276,5.777781796552276,True,0.00014925003051757812,1224,0.2189658135540872,0.03319975251968334,0.00014925003051757812,0.0,4.9550640767387795e-06,False,-4.9550640767387795e-06,measured_local,,,,,
routing,12,12,14,annealing,local,5.777781796552276,5.777781796552276,True,0.0010370840318500996,960,0.2189658135540872,0.03319975251968334,0.0010370840318500996,0.0,3.4430933199538695e-05,False,-3.4430933199538695e-05,measured_local,,,,,
routing,12,12,14,random,local,5.777781796552276,5.777781796552276,True,9.29099041968584e-06,256,0.2189658135540872,0.03319975251968334,9.29099041968584e-06,0.0,3.0845858259631875e-07,False,-3.0845858259631875e-07,measured_local,,,,,
routing,12,12,14,qaoa,optimistic,5.777781796552276,5.777781796552276,True,0.022096875007264316,119,0.2189658135540872,0.03319975251968334,1.5260600000000002,0.0,0.05066481433018796,True,-2.050664814330188,modeled_qpu,1024.0,0.0038235038493489577,10.625562912139063,2.637859197318946,0.034570047531781764
routing,12,12,14,qaoa,nominal,5.777781796552276,5.777781796552276,True,0.022096875007264316,119,0.2189658135540872,0.03319975251968334,9.5678,0.0,0.31764859215782626,True,-2.317648592157826,modeled_qpu,1024.0,0.0038235038493489577,10.625562912139063,2.637859197318946,0.034570047531781764
routing,12,12,14,qaoa,stressed,5.777781796552276,5.777781796552276,True,0.022096875007264316,119,0.2189658135540872,0.03319975251968334,43.6512,0.0,1.4492090371872013,True,-3.4492090371872015,modeled_qpu,1024.0,0.0038235038493489577,10.625562912139063,2.637859197318946,0.034570047531781764
routing,12,12,14,mean_field,local,5.777781796552276,5.777781796552276,True,0.008593042031861842,99,0.2189658135540872,0.03319975251968334,0.008593042031861842,0.0,0.00028528686884905,False,-0.00028528686884905,measured_local,,,,,
routing,12,12,15,exact,local,5.4444217906487005,5.4444217906487005,True,8.833012543618679e-06,4096,0.28029483564476987,0.07857199415592932,8.833012543618679e-06,0.0,6.940274099564572e-07,False,-6.940274099564572e-07,measured_local,,,,,
routing,12,12,15,local_search,local,5.4444217906487005,5.4444217906487005,True,0.00018149998504668474,1356,0.28029483564476987,0.07857199415592932,0.00018149998504668474,0.0,1.4260815764389372e-05,False,-1.4260815764389372e-05,measured_local,,,,,
routing,12,12,15,annealing,local,5.4444217906487005,5.4444217906487005,True,0.0010549169965088367,960,0.28029483564476987,0.07857199415592932,0.0010549169965088367,0.0,8.288693208468283e-05,False,-8.288693208468283e-05,measured_local,,,,,
routing,12,12,15,random,local,7.679747937233917,5.4444217906487005,True,9.207986295223236e-06,256,0.28029483564476987,0.07857199415592932,9.207986295223236e-06,0.3468621730856954,7.234898453761573e-07,False,-0.34686289657554076,measured_local,,,,,
routing,12,12,15,qaoa,optimistic,5.4444217906487005,5.4444217906487005,True,0.023257958004251122,125,0.28029483564476987,0.07857199415592932,1.6025000000000003,0.0,0.12591162063487676,True,-2.1259116206348767,modeled_qpu,1024.0,0.003885585999116165,10.580769267434922,2.6123562767724904,0.03199025029468588
routing,12,12,15,qaoa,nominal,5.4444217906487005,5.4444217906487005,True,0.023257958004251122,125,0.28029483564476987,0.07857199415592932,10.025,0.0,0.7876842414131915,True,-2.7876842414131913,modeled_qpu,1024.0,0.003885585999116165,10.580769267434922,2.6123562767724904,0.03199025029468588
routing,12,12,15,qaoa,stressed,5.4444217906487005,5.4444217906487005,True,0.023257958004251122,125,0.28029483564476987,0.07857199415592932,45.6,0.0,3.582882933510377,True,-5.582882933510377,modeled_qpu,1024.0,0.003885585999116165,10.580769267434922,2.6123562767724904,0.03199025029468588
routing,12,12,15,mean_field,local,5.4444217906487005,5.4444217906487005,True,0.00858320901170373,98,0.28029483564476987,0.07857199415592932,0.00858320901170373,0.0,0.0006743998483067053,False,-0.0006743998483067053,measured_local,,,,,
routing,12,12,16,exact,local,6.065167946315393,6.065167946315393,True,9.333016350865364e-06,4096,0.7224224322059125,0.08426765417721549,9.333016350865364e-06,0.0,7.864713942850201e-07,False,-7.864713942850201e-07,measured_local,,,,,
routing,12,12,16,local_search,local,6.065167946315393,6.065167946315393,True,0.000148666906170547,1188,0.7224224322059125,0.08426765417721549,0.000148666906170547,0.0,1.2527811436776199e-05,False,-1.2527811436776199e-05,measured_local,,,,,
routing,12,12,16,annealing,local,6.065167946315393,6.065167946315393,True,0.001039292081259191,960,0.7224224322059125,0.08426765417721549,0.001039292081259191,0.0,8.757870569266805e-05,False,-8.757870569266805e-05,measured_local,,,,,
routing,12,12,16,random,local,9.554313531080126,6.065167946315393,True,1.025001984089613e-05,256,0.7224224322059125,0.08426765417721549,1.025001984089613e-05,0.493851754307466,8.637451272622324e-07,False,-0.49385261805259323,measured_local,,,,,
routing,12,12,16,qaoa,optimistic,6.065167946315393,6.065167946315393,True,0.02224662504158914,120,0.7224224322059125,0.08426765417721549,1.5388000000000002,0.0,0.1296710662478992,True,-2.1296710662478993,modeled_qpu,1024.0,0.002550600731159716,9.660750092995332,2.6196439775227756,0.03984944870246142
routing,12,12,16,qaoa,nominal,6.065167946315393,6.065167946315393,True,0.02224662504158914,120,0.7224224322059125,0.08426765417721549,9.644,0.0,0.8126772568850662,True,-2.812677256885066,modeled_qpu,1024.0,0.002550600731159716,9.660750092995332,2.6196439775227756,0.03984944870246142
routing,12,12,16,qaoa,stressed,6.065167946315393,6.065167946315393,True,0.02224662504158914,120,0.7224224322059125,0.08426765417721549,43.976000000000006,0.0,3.7057543600972287,True,-5.705754360097229,modeled_qpu,1024.0,0.002550600731159716,9.660750092995332,2.6196439775227756,0.03984944870246142
routing,12,12,16,mean_field,local,7.292018034775756,6.065167946315393,True,0.008935540914535522,103,0.7224224322059125,0.08426765417721549,0.008935540914535522,0.17364768930937965,0.0007529770716724392,False,-0.1744006663810521,measured_local,,,,,
routing,12,12,17,exact,local,5.072353322148093,5.072353322148093,True,8.582952432334423e-06,4096,0.39210230179159816,0.04253523158373689,8.582952432334423e-06,0.0,3.6507786938154253e-07,False,-3.6507786938154253e-07,measured_local,,,,,
routing,12,12,17,local_search,local,5.072353322148093,5.072353322148093,True,0.0001682910369709134,1332,0.39210230179159816,0.04253523158373689,0.0001682910369709134,0.0,7.158298231025029e-06,False,-7.158298231025029e-06,measured_local,,,,,
routing,12,12,17,annealing,local,5.865082366624267,5.072353322148093,True,0.0010394580895081162,960,0.39210230179159816,0.04253523158373689,0.0010394580895081162,0.1305472528393237,4.421359055881643e-05,False,-0.1305914664298825,measured_local,,,,,
routing,12,12,17,random,local,7.154779555790775,5.072353322148093,True,1.066701952368021e-05,256,0.39210230179159816,0.04253523158373689,1.066701952368021e-05,0.3429356170773713,4.537241457479805e-07,False,-0.34293607080151706,measured_local,,,,,
routing,12,12,17,qaoa,optimistic,5.072353322148093,5.072353322148093,True,0.021398582961410284,115,0.39210230179159816,0.04253523158373689,1.4751,0.0,0.06274372010917029,True,-2.0627437201091703,modeled_qpu,1024.0,0.0045258032162640545,9.094322742184662,2.5839907971111495,0.03382764962345686
routing,12,12,17,qaoa,nominal,5.072353322148093,5.072353322148093,True,0.021398582961410284,115,0.39210230179159816,0.04253523158373689,9.263,0.0,0.3940038501601548,True,-2.394003850160155,modeled_qpu,1024.0,0.0045258032162640545,9.094322742184662,2.5839907971111495,0.03382764962345686
routing,12,12,17,qaoa,stressed,5.072353322148093,5.072353322148093,True,0.021398582961410284,115,0.39210230179159816,0.04253523158373689,42.352000000000004,0.0,1.8014521280344251,True,-3.801452128034425,modeled_qpu,1024.0,0.0045258032162640545,9.094322742184662,2.5839907971111495,0.03382764962345686
routing,12,12,17,mean_field,local,5.072353322148093,5.072353322148093,True,0.00804104097187519,94,0.39210230179159816,0.04253523158373689,0.00804104097187519,0.0,0.000342027539913028,False,-0.000342027539913028,measured_local,,,,,
routing,12,12,18,exact,local,6.449074310128199,6.449074310128199,True,8.958973921835423e-06,4096,0.4908483717548165,0.04277988964868747,8.958973921835423e-06,0.0,3.832639157415882e-07,False,-3.832639157415882e-07,measured_local,,,,,
routing,12,12,18,local_search,local,6.449074310128199,6.449074310128199,True,0.0001714590471237898,1380,0.4908483717548165,0.04277988964868747,0.0001714590471237898,0.0,7.3349991152248325e-06,False,-7.3349991152248325e-06,measured_local,,,,,
routing,12,12,18,annealing,local,6.962196068553305,6.449074310128199,True,0.001067166100256145,960,0.4908483717548165,0.04277988964868747,0.001067166100256145,0.06888396290092519,4.5653248005778035e-05,False,-0.06892961614893096,measured_local,,,,,
routing,12,12,18,random,local,24.654346241885847,6.449074310128199,False,1.0457937605679035e-05,256,0.4908483717548165,0.04277988964868747,1.0457937605679035e-05,2.4439643335286223,4.47389416723808e-07,False,-7.44396478091804,measured_local,,,,,
routing,12,12,18,qaoa,optimistic,6.449074310128199,6.449074310128199,True,0.021082333056256175,115,0.4908483717548165,0.04277988964868747,1.4751,0.0,0.0631046152207789,True,-2.063104615220779,modeled_qpu,1024.0,0.0034756517433450025,8.436856359965706,2.592208617029144,0.03372070133952128
routing,12,12,18,qaoa,nominal,6.449074310128199,6.449074310128199,True,0.021082333056256175,115,0.4908483717548165,0.04277988964868747,9.263,0.0,0.3962701178157921,True,-2.396270117815792,modeled_qpu,1024.0,0.0034756517433450025,8.436856359965706,2.592208617029144,0.03372070133952128
routing,12,12,18,qaoa,stressed,6.449074310128199,6.449074310128199,True,0.021082333056256175,115,0.4908483717548165,0.04277988964868747,42.352000000000004,0.0,1.811813886401212,True,-3.811813886401212,modeled_qpu,1024.0,0.0034756517433450025,8.436856359965706,2.592208617029144,0.03372070133952128
routing,12,12,18,mean_field,local,6.449074310128199,6.449074310128199,True,0.009282375103794038,105,0.4908483717548165,0.04277988964868747,0.009282375103794038,0.0,0.00039709898261803286,False,-0.00039709898261803286,measured_local,,,,,
routing,12,12,19,exact,local,5.973443594900447,5.973443594900447,True,8.416012860834599e-06,4096,0.8665481582118305,0.03222640667897417,8.416012860834599e-06,0.0,2.712178530687326e-07,False,-2.712178530687326e-07,measured_local,,,,,
routing,12,12,19,local_search,local,5.973443594900447,5.973443594900447,True,0.00018341699615120888,1536,0.8665481582118305,0.03222640667897417,0.00018341699615120888,0.0,5.910870709804697e-06,False,-5.910870709804697e-06,measured_local,,,,,
routing,12,12,19,annealing,local,5.973443594900447,5.973443594900447,True,0.0010950829600915313,960,0.8665481582118305,0.03222640667897417,0.0010950829600915313,0.0,3.5290588819124524e-05,False,-3.5290588819124524e-05,measured_local,,,,,
routing,12,12,19,random,local,25.411545202049467,5.973443594900447,False,1.0458985343575478e-05,256,0.8665481582118305,0.03222640667897417,1.0458985343575478e-05,2.7874465954472987,3.370555151314937e-07,False,-7.787446932502814,measured_local,,,,,
routing,12,12,19,qaoa,optimistic,5.973443594900447,5.973443594900447,True,0.02169412502553314,117,0.8665481582118305,0.03222640667897417,1.5005800000000002,0.0,0.048358301334335066,True,-2.048358301334335,modeled_qpu,1024.0,0.004532218303919397,10.07337328861127,2.5752256934551054,0.030081241000360148
routing,12,12,19,qaoa,nominal,5.973443594900447,5.973443594900447,True,0.02169412502553314,117,0.8665481582118305,0.03222640667897417,9.4154,0.0,0.3034245094452134,True,-2.3034245094452133,modeled_qpu,1024.0,0.004532218303919397,10.07337328861127,2.5752256934551054,0.030081241000360148
routing,12,12,19,qaoa,stressed,5.973443594900447,5.973443594900447,True,0.02169412502553314,117,0.8665481582118305,0.03222640667897417,43.0016,0.0,1.3857870494465756,True,-3.3857870494465754,modeled_qpu,1024.0,0.004532218303919397,10.07337328861127,2.5752256934551054,0.030081241000360148
routing,12,12,19,mean_field,local,5.973443594900447,5.973443594900447,True,0.008056332939304411,91,0.8665481582118305,0.03222640667897417,0.008056332939304411,0.0,0.00025962666164323927,False,-0.00025962666164323927,measured_local,,,,,
routing,12,12,20,exact,local,4.151950195058666,4.151950195058666,True,9.166891686618328e-06,4096,0.865831837895541,0.056271280115854916,9.166891686618328e-06,0.0,5.158327298894017e-07,False,-5.158327298894017e-07,measured_local,,,,,
routing,12,12,20,local_search,local,4.151950195058666,4.151950195058666,True,0.00016491708811372519,1332,0.865831837895541,0.056271280115854916,0.00016491708811372519,0.0,9.280095661138557e-06,False,-9.280095661138557e-06,measured_local,,,,,
routing,12,12,20,annealing,local,4.151950195058666,4.151950195058666,True,0.0010081250220537186,960,0.865831837895541,0.056271280115854916,0.0010081250220537186,0.0,5.6728485507787215e-05,False,-5.6728485507787215e-05,measured_local,,,,,
routing,12,12,20,random,local,26.296817453189064,4.151950195058666,False,9.083072654902935e-06,256,0.865831837895541,0.056271280115854916,9.083072654902935e-06,4.298346532808093,5.11116125676705e-07,False,-9.298347043924219,measured_local,,,,,
routing,12,12,20,qaoa,optimistic,4.151950195058666,4.151950195058666,True,0.022560416953638196,122,0.865831837895541,0.056271280115854916,1.5642800000000001,0.0,0.08802403805962954,True,-2.0880240380596296,modeled_qpu,1024.0,0.008393773817277315,9.621746617320362,2.553991129616466,0.02827747359192892
routing,12,12,20,qaoa,nominal,4.151950195058666,4.151950195058666,True,0.022560416953638196,122,0.865831837895541,0.056271280115854916,9.7964,0.0,0.5512559685269611,True,-2.551255968526961,modeled_qpu,1024.0,0.008393773817277315,9.621746617320362,2.553991129616466,0.02827747359192892
routing,12,12,20,qaoa,stressed,4.151950195058666,4.151950195058666,True,0.022560416953638196,122,0.865831837895541,0.056271280115854916,44.625600000000006,0.0,2.5111396379380952,True,-4.511139637938095,modeled_qpu,1024.0,0.008393773817277315,9.621746617320362,2.553991129616466,0.02827747359192892
routing,12,12,20,mean_field,local,4.151950195058666,4.151950195058666,True,0.008793874992989004,97,0.865831837895541,0.056271280115854916,0.008793874992989004,0.0,0.0004948426030342959,False,-0.0004948426030342959,measured_local,,,,,
routing,12,12,21,exact,local,8.479639683257494,8.479639683257494,True,8.624978363513947e-06,4096,0.36517202548935784,0.07787975837165405,8.624978363513947e-06,0.0,6.717112309112103e-07,False,-6.717112309112103e-07,measured_local,,,,,
routing,12,12,21,local_search,local,8.479639683257494,8.479639683257494,True,0.00015391700435429811,1116,0.36517202548935784,0.07787975837165405,0.00015391700435429811,0.0,1.1987019108401561e-05,False,-1.1987019108401561e-05,measured_local,,,,,
routing,12,12,21,annealing,local,8.479639683257494,8.479639683257494,True,0.0010426249355077744,960,0.36517202548935784,0.07787975837165405,0.0010426249355077744,0.0,8.119937804960686e-05,False,-8.119937804960686e-05,measured_local,,,,,
routing,12,12,21,random,local,8.55790932324422,8.479639683257494,False,8.833012543618679e-06,256,0.36517202548935784,0.07787975837165405,8.833012543618679e-06,0.008256604955667438,6.87912882590812e-07,False,-5.008257292868549,measured_local,,,,,
routing,12,12,21,qaoa,optimistic,8.479639683257494,8.479639683257494,True,0.022574709029868245,120,0.36517202548935784,0.07787975837165405,1.5388000000000002,0.0,0.11984137218230126,True,-2.119841372182301,modeled_qpu,1024.0,0.0026241770542463102,10.460370347837735,2.6084495487271417,0.029522307565998305
routing,12,12,21,qaoa,nominal,8.479639683257494,8.479639683257494,True,0.022574709029868245,120,0.36517202548935784,0.07787975837165405,9.644,0.0,0.7510723897362317,True,-2.7510723897362315,modeled_qpu,1024.0,0.0026241770542463102,10.460370347837735,2.6084495487271417,0.029522307565998305
routing,12,12,21,qaoa,stressed,8.479639683257494,8.479639683257494,True,0.022574709029868245,120,0.36517202548935784,0.07787975837165405,43.976000000000006,0.0,3.4248402541518588,True,-5.424840254151858,modeled_qpu,1024.0,0.0026241770542463102,10.460370347837735,2.6084495487271417,0.029522307565998305
routing,12,12,21,mean_field,local,7.643450116517968,8.479639683257494,False,0.008062665932811797,97,0.36517202548935784,0.07787975837165405,0.008062665932811797,0.0,0.0006279184746787494,False,-5.000627918474679,measured_local,,,,,
routing,12,12,22,exact,local,5.903359879922351,5.903359879922351,True,1.1082971468567848e-05,4096,0.5297963273129453,0.054494099668333566,1.1082971468567848e-05,0.0,6.039565518294335e-07,False,-6.039565518294335e-07,measured_local,,,,,
routing,12,12,22,local_search,local,5.903359879922351,5.903359879922351,True,0.00018495798576623201,1428,0.5297963273129453,0.054494099668333566,0.00018495798576623201,0.0,1.0079118910799269e-05,False,-1.0079118910799269e-05,measured_local,,,,,
routing,12,12,22,annealing,local,6.005240184429592,5.903359879922351,True,0.0010430000256747007,960,0.5297963273129453,0.054494099668333566,0.0010430000256747007,0.014758075238631065,5.683734735319161e-05,False,-0.014814912585984257,measured_local,,,,,
routing,12,12,22,random,local,13.798339108119256,5.903359879922351,False,1.3209064491093159e-05,256,0.5297963273129453,0.054494099668333566,1.3209064491093159e-05,1.1436430036276346,7.198160769030764e-07,False,-6.143643723443711,measured_local,,,,,
routing,12,12,22,qaoa,optimistic,5.903359879922351,5.903359879922351,True,0.021714208996854722,119,0.5297963273129453,0.054494099668333566,1.5260600000000002,0.0,0.08316126573985713,True,-2.0831612657398573,modeled_qpu,1024.0,0.0028787658944640303,9.346713900611062,2.6188523989736123,0.03436067003186217
routing,12,12,22,qaoa,nominal,5.903359879922351,5.903359879922351,True,0.021714208996854722,119,0.5297963273129453,0.054494099668333566,9.5678,0.0,0.521388646806682,True,-2.521388646806682,modeled_qpu,1024.0,0.0028787658944640303,9.346713900611062,2.6188523989736123,0.03436067003186217
routing,12,12,22,qaoa,stressed,5.903359879922351,5.903359879922351,True,0.021714208996854722,119,0.5297963273129453,0.054494099668333566,43.6512,0.0,2.3787328434423625,True,-4.3787328434423625,modeled_qpu,1024.0,0.0028787658944640303,9.346713900611062,2.6188523989736123,0.03436067003186217
routing,12,12,22,mean_field,local,5.903359879922351,5.903359879922351,True,0.009045541053637862,106,0.5297963273129453,0.054494099668333566,0.009045541053637862,0.0,0.0004929286157309446,False,-0.0004929286157309446,measured_local,,,,,
routing,12,12,23,exact,local,3.946681767835954,3.946681767835954,True,7.999944500625134e-06,4096,0.36877423563333955,0.13012069329651796,7.999944500625134e-06,0.0,1.0409583247550086e-06,False,-1.0409583247550086e-06,measured_local,,,,,
routing,12,12,23,local_search,local,3.946681767835954,3.946681767835954,True,0.00014770799316465855,1248,0.36877423563333955,0.13012069329651796,0.00014770799316465855,0.0,1.9219866476022707e-05,False,-1.9219866476022707e-05,measured_local,,,,,
routing,12,12,23,annealing,local,3.946681767835954,3.946681767835954,True,0.0010605420684441924,960,0.36877423563333955,0.13012069329651796,0.0010605420684441924,0.0,0.0001379984692160815,False,-0.0001379984692160815,measured_local,,,,,
routing,12,12,23,random,local,4.400059886177554,3.946681767835954,True,1.2499978765845299e-05,256,0.36877423563333955,0.13012069329651796,1.2499978765845299e-05,0.09165297862691127,1.6265059032035432e-06,False,-0.09165460513281447,measured_local,,,,,
routing,12,12,23,qaoa,optimistic,3.946681767835954,3.946681767835954,True,0.021777666988782585,120,0.36877423563333955,0.13012069329651796,1.5388000000000002,0.0,0.20022972284468185,True,-2.2002297228446817,modeled_qpu,1024.0,0.004002796114422038,9.85082059948205,2.610460053219579,0.02947171663598913
routing,12,12,23,qaoa,nominal,3.946681767835954,3.946681767835954,True,0.021777666988782585,120,0.36877423563333955,0.13012069329651796,9.644,0.0,1.2548839661516191,True,-3.254883966151619,modeled_qpu,1024.0,0.004002796114422038,9.85082059948205,2.610460053219579,0.02947171663598913
routing,12,12,23,qaoa,stressed,3.946681767835954,3.946681767835954,True,0.021777666988782585,120,0.36877423563333955,0.13012069329651796,43.976000000000006,0.0,5.722187608407674,True,-7.722187608407674,modeled_qpu,1024.0,0.004002796114422038,9.85082059948205,2.610460053219579,0.02947171663598913
routing,12,12,23,mean_field,local,3.946681767835954,3.946681767835954,True,0.008748166030272841,102,0.36877423563333955,0.13012069329651796,0.008748166030272841,0.0,0.0011383174289321494,False,-0.0011383174289321494,measured_local,,,,,
routing,12,12,24,exact,local,5.069363213760779,5.069363213760779,True,9.416951797902584e-06,4096,0.6277353407522543,0.1387346101079778,9.416951797902584e-06,0.0,1.3064571360876356e-06,False,-1.3064571360876356e-06,measured_local,,,,,
routing,12,12,24,local_search,local,5.069363213760779,5.069363213760779,True,0.00016837508883327246,1272,0.6277353407522543,0.1387346101079778,0.00016837508883327246,0.0,2.335945230118018e-05,False,-2.335945230118018e-05,measured_local,,,,,
routing,12,12,24,annealing,local,5.069363213760779,5.069363213760779,True,0.0010263329604640603,960,0.6277353407522543,0.1387346101079778,0.0010263329604640603,0.0,0.000142387903110948,False,-0.000142387903110948,measured_local,,,,,
routing,12,12,24,random,local,10.887711847585596,5.069363213760779,True,8.917064405977726e-06,256,0.6277353407522543,0.1387346101079778,8.917064405977726e-06,0.9586423532263074,1.2371054536710466e-06,False,-0.958643590331761,measured_local,,,,,
routing,12,12,24,qaoa,optimistic,5.069363213760779,5.069363213760779,True,0.021547375014051795,118,0.6277353407522543,0.1387346101079778,1.5133200000000002,0.0,0.209949860168605,True,-2.209949860168605,modeled_qpu,1024.0,0.0038191461107403416,9.525785443843912,2.617181033254334,0.03809884523059894
routing,12,12,24,qaoa,nominal,5.069363213760779,5.069363213760779,True,0.021547375014051795,118,0.6277353407522543,0.1387346101079778,9.4916,0.0,1.316813425300882,True,-3.3168134253008823,modeled_qpu,1024.0,0.0038191461107403416,9.525785443843912,2.617181033254334,0.03809884523059894
routing,12,12,24,qaoa,stressed,5.069363213760779,5.069363213760779,True,0.021547375014051795,118,0.6277353407522543,0.1387346101079778,43.32640000000001,0.0,6.01087121138229,True,-8.010871211382291,modeled_qpu,1024.0,0.0038191461107403416,9.525785443843912,2.617181033254334,0.03809884523059894
routing,12,12,24,mean_field,local,5.069363213760779,5.069363213760779,True,0.007383791962638497,83,0.6277353407522543,0.1387346101079778,0.007383791962638497,0.0,0.001024387499055072,False,-0.001024387499055072,measured_local,,,,,
routing,12,12,25,exact,local,6.8447769173922035,6.8447769173922035,True,9.833020158112049e-06,4096,0.45297654656650815,0.1485849753945896,9.833020158112049e-06,0.0,1.4610390582475823e-06,False,-1.4610390582475823e-06,measured_local,,,,,
routing,12,12,25,local_search,local,6.8447769173922035,6.8447769173922035,True,0.00015950005035847425,1320,0.45297654656650815,0.1485849753945896,0.00015950005035847425,0.0,2.3699311057949697e-05,False,-2.3699311057949697e-05,measured_local,,,,,
routing,12,12,25,annealing,local,7.553542730490962,6.8447769173922035,True,0.0011002910323441029,960,0.45297654656650815,0.1485849753945896,0.0011002910323441029,0.09034875313374365,0.0001634867159677361,False,-0.09051223984971138,measured_local,,,,,
routing,12,12,25,random,local,11.551984982060684,6.8447769173922035,False,9.124982170760632e-06,256,0.45297654656650815,0.1485849753945896,9.124982170760632e-06,0.6000435849529896,1.3558352513185372e-06,False,-5.600044940788241,measured_local,,,,,
routing,12,12,25,qaoa,optimistic,6.8447769173922035,6.8447769173922035,True,0.021787666948512197,118,0.45297654656650815,0.1485849753945896,1.5133200000000002,0.0,0.22485661496414036,True,-2.2248566149641404,modeled_qpu,1024.0,0.0031485569381186126,11.446417544360017,2.648690705161988,0.026178876916299117
routing,12,12,25,qaoa,nominal,6.8447769173922035,6.8447769173922035,True,0.021787666948512197,118,0.45297654656650815,0.1485849753945896,9.4916,0.0,1.4103091524552867,True,-3.4103091524552864,modeled_qpu,1024.0,0.0031485569381186126,11.446417544360017,2.648690705161988,0.026178876916299117
routing,12,12,25,qaoa,stressed,6.8447769173922035,6.8447769173922035,True,0.021787666948512197,118,0.45297654656650815,0.1485849753945896,43.32640000000001,0.0,6.437652077936147,True,-8.437652077936146,modeled_qpu,1024.0,0.0031485569381186126,11.446417544360017,2.648690705161988,0.026178876916299117
routing,12,12,25,mean_field,local,6.8447769173922035,6.8447769173922035,True,0.007817917037755251,89,0.45297654656650815,0.1485849753945896,0.007817917037755251,0.0,0.0011616250106918067,False,-0.0011616250106918067,measured_local,,,,,
routing,12,12,26,exact,local,4.967402280510866,4.967402280510866,True,1.1208001524209976e-05,4096,0.3517079214930923,0.119173446156055,1.1208001524209976e-05,0.0,1.33569616616242e-06,False,-1.33569616616242e-06,measured_local,,,,,
routing,12,12,26,local_search,local,4.967402280510866,4.967402280510866,True,0.0001828339882194996,1416,0.3517079214930923,0.119173446156055,0.0001828339882194996,0.0,2.178895645057333e-05,False,-2.178895645057333e-05,measured_local,,,,,
routing,12,12,26,annealing,local,5.336830806004857,4.967402280510866,True,0.0010743750026449561,960,0.3517079214930923,0.119173446156055,0.0010743750026449561,0.061907762897185484,0.00012803697152912014,False,-0.0620357998687146,measured_local,,,,,
routing,12,12,26,random,local,16.151833164923737,4.967402280510866,False,1.1709053069353104e-05,256,0.3517079214930923,0.119173446156055,1.1709053069353104e-05,1.8742545514218925,1.3954082054989427e-06,False,-6.8742559468300986,measured_local,,,,,
routing,12,12,26,qaoa,optimistic,4.967402280510866,4.967402280510866,True,0.0210649169748649,116,0.3517079214930923,0.119173446156055,1.48784,0.0,0.17731102012882488,True,-2.177311020128825,modeled_qpu,1024.0,0.00335678639790989,9.269424682268806,2.597762033899941,0.035230523787598604
routing,12,12,26,qaoa,nominal,4.967402280510866,4.967402280510866,True,0.0210649169748649,116,0.3517079214930923,0.119173446156055,9.3392,0.0,1.112984648340629,True,-3.112984648340629,modeled_qpu,1024.0,0.00335678639790989,9.269424682268806,2.597762033899941,0.035230523787598604
routing,12,12,26,qaoa,stressed,4.967402280510866,4.967402280510866,True,0.0210649169748649,116,0.3517079214930923,0.119173446156055,42.67680000000001,0.0,5.085941326912729,True,-7.085941326912729,modeled_qpu,1024.0,0.00335678639790989,9.269424682268806,2.597762033899941,0.035230523787598604
routing,12,12,26,mean_field,local,4.967402280510866,4.967402280510866,True,0.008633832912892103,101,0.3517079214930923,0.119173446156055,0.008633832912892103,0.0,0.0010289236217649227,False,-0.0010289236217649227,measured_local,,,,,
routing,12,12,27,exact,local,10.286059532813173,10.286059532813173,True,8.833012543618679e-06,4096,0.7396872495847301,0.07301229616685806,8.833012543618679e-06,0.0,6.449185278802592e-07,False,-6.449185278802592e-07,measured_local,,,,,
routing,12,12,27,local_search,local,10.286059532813173,10.286059532813173,True,0.00015287497080862522,1164,0.7396872495847301,0.07301229616685806,0.00015287497080862522,0.0,1.1161752645179125e-05,False,-1.1161752645179125e-05,measured_local,,,,,
routing,12,12,27,annealing,local,10.286059532813173,10.286059532813173,True,0.001087416079826653,960,0.7396872495847301,0.07301229616685806,0.001087416079826653,0.0,7.939474487690735e-05,False,-7.939474487690735e-05,measured_local,,,,,
routing,12,12,27,random,local,10.652111918159935,10.286059532813173,False,1.0375049896538258e-05,256,0.7396872495847301,0.07301229616685806,1.0375049896538258e-05,0.03243402928032578,7.575062157919814e-07,False,-5.032434786786542,measured_local,,,,,
routing,12,12,27,qaoa,optimistic,10.286059532813173,10.286059532813173,True,0.022063708980567753,120,0.7396872495847301,0.07301229616685806,1.5388000000000002,0.0,0.1123513213415612,True,-2.1123513213415612,modeled_qpu,1024.0,0.0035140722206676717,10.454834773922478,2.6279995327924572,0.024121625584961184
routing,12,12,27,qaoa,nominal,10.286059532813173,10.286059532813173,True,0.022063708980567753,120,0.7396872495847301,0.07301229616685806,9.644,0.0,0.7041305842331791,True,-2.7041305842331793,modeled_qpu,1024.0,0.0035140722206676717,10.454834773922478,2.6279995327924572,0.024121625584961184
routing,12,12,27,qaoa,stressed,10.286059532813173,10.286059532813173,True,0.022063708980567753,120,0.7396872495847301,0.07301229616685806,43.976000000000006,0.0,3.2107887362337504,True,-5.21078873623375,modeled_qpu,1024.0,0.0035140722206676717,10.454834773922478,2.6279995327924572,0.024121625584961184
routing,12,12,27,mean_field,local,10.425619867723096,10.286059532813173,False,0.008985624997876585,104,0.7396872495847301,0.07301229616685806,0.008985624997876585,0.012365727338595416,0.0006560611135892885,False,-5.013021788452185,measured_local,,,,,
routing,12,12,28,exact,local,8.336936641128187,8.336936641128187,True,8.875038474798203e-06,4096,0.9412183127569321,0.08782509128350247,8.875038474798203e-06,0.0,7.794510641937487e-07,False,-7.794510641937487e-07,measured_local,,,,,
routing,12,12,28,local_search,local,8.336936641128187,8.336936641128187,True,0.0001687919721007347,1320,0.9412183127569321,0.08782509128350247,0.0001687919721007347,0.0,1.4824170357669427e-05,False,-1.4824170357669427e-05,measured_local,,,,,
routing,12,12,28,annealing,local,8.759638777612626,8.336936641128187,True,0.0011092920321971178,960,0.9412183127569321,0.08782509128350247,0.0011092920321971178,0.04527203650740032,9.742367398777383e-05,False,-0.04536946018138809,measured_local,,,,,
routing,12,12,28,random,local,24.951331379501404,8.336936641128187,False,9.708921425044537e-06,256,0.9412183127569321,0.08782509128350247,9.708921425044537e-06,1.779426741013602,8.526869104188893e-07,False,-6.779427593700512,measured_local,,,,,
routing,12,12,28,qaoa,optimistic,8.336936641128187,8.336936641128187,True,0.021669749985449016,117,0.9412183127569321,0.08782509128350247,1.5005800000000002,0.0,0.13178857547819814,True,-2.1317885754781982,modeled_qpu,1024.0,0.0031955343548252546,10.891377202891531,2.615932958467581,0.024894736744019694
routing,12,12,28,qaoa,nominal,8.336936641128187,8.336936641128187,True,0.021669749985449016,117,0.9412183127569321,0.08782509128350247,9.4154,0.0,0.8269083644706892,True,-2.826908364470689,modeled_qpu,1024.0,0.0031955343548252546,10.891377202891531,2.615932958467581,0.024894736744019694
routing,12,12,28,qaoa,stressed,8.336936641128187,8.336936641128187,True,0.021669749985449016,117,0.9412183127569321,0.08782509128350247,43.0016,0.0,3.7766194453366597,True,-5.77661944533666,modeled_qpu,1024.0,0.0031955343548252546,10.891377202891531,2.615932958467581,0.024894736744019694
routing,12,12,28,mean_field,local,8.446386604139501,8.336936641128187,True,0.009370582993142307,107,0.9412183127569321,0.08782509128350247,0.009370582993142307,0.011722256155107627,0.0008229723067523588,False,-0.012545228461859986,measured_local,,,,,
routing,12,12,29,exact,local,6.090002020028917,6.090002020028917,True,8.707982487976551e-06,4096,0.8104338567266488,0.13964974567429725,8.707982487976551e-06,0.0,1.2160675397821595e-06,False,-1.2160675397821595e-06,measured_local,,,,,
routing,12,12,29,local_search,local,6.090002020028917,6.090002020028917,True,0.0001669999910518527,1284,0.8104338567266488,0.13964974567429725,0.0001669999910518527,0.0,2.3321506278001146e-05,False,-2.3321506278001146e-05,measured_local,,,,,
routing,12,12,29,annealing,local,6.090002020028917,6.090002020028917,True,0.0010912080761045218,960,0.8104338567266488,0.13964974567429725,0.0010912080761045218,0.0,0.00015238693030573565,False,-0.00015238693030573565,measured_local,,,,,
routing,12,12,29,random,local,24.990829245814012,6.090002020028917,False,1.0333023965358734e-05,256,0.8104338567266488,0.13964974567429725,1.0333023965358734e-05,2.6658422906497288,1.4430041688087658e-06,False,-7.665843733653897,measured_local,,,,,
routing,12,12,29,qaoa,optimistic,6.090002020028917,6.090002020028917,True,0.02263658307492733,123,0.8104338567266488,0.13964974567429725,1.57702,0.0,0.22023044192328026,True,-2.22023044192328,modeled_qpu,1024.0,0.0039407602581905945,10.180298769602778,2.6249587661267944,0.03082261549861419
routing,12,12,29,qaoa,nominal,6.090002020028917,6.090002020028917,True,0.02263658307492733,123,0.8104338567266488,0.13964974567429725,9.8726,0.0,1.378706079144067,True,-3.378706079144067,modeled_qpu,1024.0,0.0039407602581905945,10.180298769602778,2.6249587661267944,0.03082261549861419
routing,12,12,29,qaoa,stressed,6.090002020028917,6.090002020028917,True,0.02263658307492733,123,0.8104338567266488,0.13964974567429725,44.9504,0.0,6.277311927957931,True,-8.277311927957932,modeled_qpu,1024.0,0.0039407602581905945,10.180298769602778,2.6249587661267944,0.03082261549861419
routing,12,12,29,mean_field,local,6.090002020028917,6.090002020028917,True,0.008986999979242682,106,0.8104338567266488,0.13964974567429725,0.008986999979242682,0.0,0.0012550322614761553,False,-0.0012550322614761553,measured_local,,,,,
