task,size_label,n_vars,seed,algorithm,profile,shots,cost,optimum,feasible,runtime_s,evals,deadline_s,volatility,success_prob,gamma,beta,delay_s,gap,staleness_loss,deadline_miss,utility,timing_evidence
channel,6,6,15,qaoa_transfer,optimistic,16,1.5739490431701018,1.5739490431701018,True,4.1624996811151505e-05,1,0.2338871130567523,0.0247375817279673,0.10974946034692676,3.665177284107002,1.2656995908155886,0.012660000000000001,0.0,0.000313177784676066,False,-0.000313177784676066,modeled_qpu
channel,6,6,15,qaoa_transfer,nominal,16,1.5739490431701018,1.5739490431701018,True,4.1624996811151505e-05,1,0.2338871130567523,0.0247375817279673,0.10974946034692676,3.665177284107002,1.2656995908155886,0.5258,0.0,0.013007020472565207,True,-2.0130070204725654,modeled_qpu
channel,6,6,15,qaoa_transfer,stressed,16,1.5739490431701018,1.5739490431701018,True,4.1624996811151505e-05,1,0.2338871130567523,0.0247375817279673,0.10974946034692676,3.665177284107002,1.2656995908155886,5.1232,0.0,0.12673557870872207,True,-2.126735578708722,modeled_qpu
channel,6,6,15,qaoa_transfer,optimistic,64,1.5739490431701018,1.5739490431701018,True,4.1624996811151505e-05,1,0.2338871130567523,0.0247375817279673,0.10974946034692676,3.665177284107002,1.2656995908155886,0.01314,0.0,0.0003250518239054903,False,-0.0003250518239054903,modeled_qpu
channel,6,6,15,qaoa_transfer,nominal,64,1.5739490431701018,1.5739490431701018,True,4.1624996811151505e-05,1,0.2338871130567523,0.0247375817279673,0.10974946034692676,3.665177284107002,1.2656995908155886,0.5282,0.0,0.013066390668712327,True,-2.0130663906687123,modeled_qpu
channel,6,6,15,qaoa_transfer,stressed,64,1.5739490431701018,1.5739490431701018,True,4.1624996811151505e-05,1,0.2338871130567523,0.0247375817279673,0.10974946034692676,3.665177284107002,1.2656995908155886,5.1328,0.0,0.12697305949331053,True,-2.1269730594933107,modeled_qpu
channel,6,6,15,qaoa_transfer,optimistic,256,1.5739490431701018,1.5739490431701018,True,4.1624996811151505e-05,1,0.2338871130567523,0.0247375817279673,0.10974946034692676,3.665177284107002,1.2656995908155886,0.01506,0.0,0.0003725479808231875,False,-0.0003725479808231875,modeled_qpu
channel,6,6,15,qaoa_transfer,nominal,256,1.5739490431701018,1.5739490431701018,True,4.1624996811151505e-05,1,0.2338871130567523,0.0247375817279673,0.10974946034692676,3.665177284107002,1.2656995908155886,0.5378000000000001,0.0,0.013303871453300815,True,-2.0133038714533007,modeled_qpu
channel,6,6,15,qaoa_transfer,stressed,256,1.5739490431701018,1.5739490431701018,True,4.1624996811151505e-05,1,0.2338871130567523,0.0247375817279673,0.10974946034692676,3.665177284107002,1.2656995908155886,5.1712,0.0,0.1279229826316645,True,-2.1279229826316644,modeled_qpu
channel,6,6,15,qaoa_transfer,optimistic,1024,1.5739490431701018,1.5739490431701018,True,4.1624996811151505e-05,1,0.2338871130567523,0.0247375817279673,0.10974946034692676,3.665177284107002,1.2656995908155886,0.022740000000000003,0.0,0.0005625326084939765,False,-0.0005625326084939765,modeled_qpu
channel,6,6,15,qaoa_transfer,nominal,1024,1.5739490431701018,1.5739490431701018,True,4.1624996811151505e-05,1,0.2338871130567523,0.0247375817279673,0.10974946034692676,3.665177284107002,1.2656995908155886,0.5762,0.0,0.014253794591654758,True,-2.0142537945916548,modeled_qpu
channel,6,6,15,qaoa_transfer,stressed,1024,1.5739490431701018,1.5739490431701018,True,4.1624996811151505e-05,1,0.2338871130567523,0.0247375817279673,0.10974946034692676,3.665177284107002,1.2656995908155886,5.3248,0.0,0.13172267518508027,True,-2.13172267518508,modeled_qpu
channel,6,6,16,qaoa_transfer,optimistic,16,3.157297787566354,2.744888058863449,True,2.6084017008543015e-05,1,0.4453532206893916,0.01984985579331936,0.12365020649119295,3.665177284107002,1.2656995908155886,0.012660000000000001,0.11012604975649627,0.00025129917434342313,False,-0.1103773489308397,modeled_qpu
channel,6,6,16,qaoa_transfer,nominal,16,3.157297787566354,2.744888058863449,True,2.6084017008543015e-05,1,0.4453532206893916,0.01984985579331936,0.12365020649119295,3.665177284107002,1.2656995908155886,0.5258,0.11012604975649627,0.01043705417612732,True,-2.1205631039326236,modeled_qpu
channel,6,6,16,qaoa_transfer,stressed,16,3.157297787566354,2.744888058863449,True,2.6084017008543015e-05,1,0.4453532206893916,0.01984985579331936,0.12365020649119295,3.665177284107002,1.2656995908155886,5.1232,0.11012604975649627,0.10169478120033375,True,-2.21182083095683,modeled_qpu
channel,6,6,16,qaoa_transfer,optimistic,64,2.744888058863449,2.744888058863449,True,2.6084017008543015e-05,1,0.4453532206893916,0.01984985579331936,0.12365020649119295,3.665177284107002,1.2656995908155886,0.01314,0.0,0.0002608271051242164,False,-0.0002608271051242164,modeled_qpu
channel,6,6,16,qaoa_transfer,nominal,64,2.744888058863449,2.744888058863449,True,2.6084017008543015e-05,1,0.4453532206893916,0.01984985579331936,0.12365020649119295,3.665177284107002,1.2656995908155886,0.5282,0.0,0.010484693830031287,True,-2.010484693830031,modeled_qpu
channel,6,6,16,qaoa_transfer,stressed,64,2.744888058863449,2.744888058863449,True,2.6084017008543015e-05,1,0.4453532206893916,0.01984985579331936,0.12365020649119295,3.665177284107002,1.2656995908155886,5.1328,0.0,0.1018853398159496,True,-2.10188533981595,modeled_qpu
channel,6,6,16,qaoa_transfer,optimistic,256,2.744888058863449,2.744888058863449,True,2.6084017008543015e-05,1,0.4453532206893916,0.01984985579331936,0.12365020649119295,3.665177284107002,1.2656995908155886,0.01506,0.0,0.00029893882824738957,False,-0.00029893882824738957,modeled_qpu
channel,6,6,16,qaoa_transfer,nominal,256,2.744888058863449,2.744888058863449,True,2.6084017008543015e-05,1,0.4453532206893916,0.01984985579331936,0.12365020649119295,3.665177284107002,1.2656995908155886,0.5378000000000001,0.0,0.010675252445647154,True,-2.010675252445647,modeled_qpu
channel,6,6,16,qaoa_transfer,stressed,256,2.744888058863449,2.744888058863449,True,2.6084017008543015e-05,1,0.4453532206893916,0.01984985579331936,0.12365020649119295,3.665177284107002,1.2656995908155886,5.1712,0.0,0.10264757427841308,True,-2.102647574278413,modeled_qpu
channel,6,6,16,qaoa_transfer,optimistic,1024,2.744888058863449,2.744888058863449,True,2.6084017008543015e-05,1,0.4453532206893916,0.01984985579331936,0.12365020649119295,3.665177284107002,1.2656995908155886,0.022740000000000003,0.0,0.00045138572074008236,False,-0.00045138572074008236,modeled_qpu
channel,6,6,16,qaoa_transfer,nominal,1024,2.744888058863449,2.744888058863449,True,2.6084017008543015e-05,1,0.4453532206893916,0.01984985579331936,0.12365020649119295,3.665177284107002,1.2656995908155886,0.5762,0.0,0.011437486908110616,True,-2.0114374869081106,modeled_qpu
channel,6,6,16,qaoa_transfer,stressed,1024,2.744888058863449,2.744888058863449,True,2.6084017008543015e-05,1,0.4453532206893916,0.01984985579331936,0.12365020649119295,3.665177284107002,1.2656995908155886,5.3248,0.0,0.10569651212826693,True,-2.105696512128267,modeled_qpu
channel,6,6,17,qaoa_transfer,optimistic,16,3.324205311790928,3.324205311790928,True,2.320797648280859e-05,1,0.36469492589427205,0.05152941670352942,0.09724054951575092,3.665177284107002,1.2656995908155886,0.012660000000000001,0.0,0.0006523624154666825,False,-0.0006523624154666825,modeled_qpu
channel,6,6,17,qaoa_transfer,nominal,16,3.324205311790928,3.324205311790928,True,2.320797648280859e-05,1,0.36469492589427205,0.05152941670352942,0.09724054951575092,3.665177284107002,1.2656995908155886,0.5258,0.0,0.027094167302715768,True,-2.0270941673027156,modeled_qpu
channel,6,6,17,qaoa_transfer,stressed,16,3.324205311790928,3.324205311790928,True,2.320797648280859e-05,1,0.36469492589427205,0.05152941670352942,0.09724054951575092,3.665177284107002,1.2656995908155886,5.1232,0.0,0.2639955076555219,True,-2.263995507655522,modeled_qpu
channel,6,6,17,qaoa_transfer,optimistic,64,3.324205311790928,3.324205311790928,True,2.320797648280859e-05,1,0.36469492589427205,0.05152941670352942,0.09724054951575092,3.665177284107002,1.2656995908155886,0.01314,0.0,0.0006770965354843765,False,-0.0006770965354843765,modeled_qpu
channel,6,6,17,qaoa_transfer,nominal,64,3.324205311790928,3.324205311790928,True,2.320797648280859e-05,1,0.36469492589427205,0.05152941670352942,0.09724054951575092,3.665177284107002,1.2656995908155886,0.5282,0.0,0.02721783790280424,True,-2.0272178379028043,modeled_qpu
channel,6,6,17,qaoa_transfer,stressed,64,3.324205311790928,3.324205311790928,True,2.320797648280859e-05,1,0.36469492589427205,0.05152941670352942,0.09724054951575092,3.665177284107002,1.2656995908155886,5.1328,0.0,0.26449019005587576,True,-2.264490190055876,modeled_qpu
channel,6,6,17,qaoa_transfer,optimistic,256,3.324205311790928,3.324205311790928,True,2.320797648280859e-05,1,0.36469492589427205,0.05152941670352942,0.09724054951575092,3.665177284107002,1.2656995908155886,0.01506,0.0,0.0007760330155551531,False,-0.0007760330155551531,modeled_qpu
channel,6,6,17,qaoa_transfer,nominal,256,3.324205311790928,3.324205311790928,True,2.320797648280859e-05,1,0.36469492589427205,0.05152941670352942,0.09724054951575092,3.665177284107002,1.2656995908155886,0.5378000000000001,0.0,0.027712520303158125,True,-2.027712520303158,modeled_qpu
channel,6,6,17,qaoa_transfer,stressed,256,3.324205311790928,3.324205311790928,True,2.320797648280859e-05,1,0.36469492589427205,0.05152941670352942,0.09724054951575092,3.665177284107002,1.2656995908155886,5.1712,0.0,0.2664689196572913,True,-2.2664689196572914,modeled_qpu
channel,6,6,17,qaoa_transfer,optimistic,1024,3.324205311790928,3.324205311790928,True,2.320797648280859e-05,1,0.36469492589427205,0.05152941670352942,0.09724054951575092,3.665177284107002,1.2656995908155886,0.022740000000000003,0.0,0.0011717789358382592,False,-0.0011717789358382592,modeled_qpu
channel,6,6,17,qaoa_transfer,nominal,1024,3.324205311790928,3.324205311790928,True,2.320797648280859e-05,1,0.36469492589427205,0.05152941670352942,0.09724054951575092,3.665177284107002,1.2656995908155886,0.5762,0.0,0.02969124990457365,True,-2.0296912499045736,modeled_qpu
channel,6,6,17,qaoa_transfer,stressed,1024,3.324205311790928,3.324205311790928,True,2.320797648280859e-05,1,0.36469492589427205,0.05152941670352942,0.09724054951575092,3.665177284107002,1.2656995908155886,5.3248,0.0,0.2743838380629534,True,-2.2743838380629535,modeled_qpu
channel,6,6,18,qaoa_transfer,optimistic,16,2.153379216578286,2.153379216578286,True,2.191704697906971e-05,1,0.16355664281053567,0.02088300203323386,0.12759130782428404,3.665177284107002,1.2656995908155886,0.012660000000000001,0.0,0.0002643788057407407,False,-0.0002643788057407407,modeled_qpu
channel,6,6,18,qaoa_transfer,nominal,16,2.153379216578286,2.153379216578286,True,2.191704697906971e-05,1,0.16355664281053567,0.02088300203323386,0.12759130782428404,3.665177284107002,1.2656995908155886,0.5258,0.0,0.010980282469074365,True,-2.0109802824690743,modeled_qpu
channel,6,6,18,qaoa_transfer,stressed,16,2.153379216578286,2.153379216578286,True,2.191704697906971e-05,1,0.16355664281053567,0.02088300203323386,0.12759130782428404,3.665177284107002,1.2656995908155886,5.1232,0.0,0.10698779601666371,True,-2.106987796016664,modeled_qpu
channel,6,6,18,qaoa_transfer,optimistic,64,2.153379216578286,2.153379216578286,True,2.191704697906971e-05,1,0.16355664281053567,0.02088300203323386,0.12759130782428404,3.665177284107002,1.2656995908155886,0.01314,0.0,0.0002744026467166929,False,-0.0002744026467166929,modeled_qpu
channel,6,6,18,qaoa_transfer,nominal,64,2.153379216578286,2.153379216578286,True,2.191704697906971e-05,1,0.16355664281053567,0.02088300203323386,0.12759130782428404,3.665177284107002,1.2656995908155886,0.5282,0.0,0.011030401673954126,True,-2.011030401673954,modeled_qpu
channel,6,6,18,qaoa_transfer,stressed,64,2.153379216578286,2.153379216578286,True,2.191704697906971e-05,1,0.16355664281053567,0.02088300203323386,0.12759130782428404,3.665177284107002,1.2656995908155886,5.1328,0.0,0.10718827283618275,True,-2.107188272836183,modeled_qpu
channel,6,6,18,qaoa_transfer,optimistic,256,2.153379216578286,2.153379216578286,True,2.191704697906971e-05,1,0.16355664281053567,0.02088300203323386,0.12759130782428404,3.665177284107002,1.2656995908155886,0.01506,0.0,0.00031449801062050195,False,-0.00031449801062050195,modeled_qpu
channel,6,6,18,qaoa_transfer,nominal,256,2.153379216578286,2.153379216578286,True,2.191704697906971e-05,1,0.16355664281053567,0.02088300203323386,0.12759130782428404,3.665177284107002,1.2656995908155886,0.5378000000000001,0.0,0.011230878493473172,True,-2.0112308784934734,modeled_qpu
channel,6,6,18,qaoa_transfer,stressed,256,2.153379216578286,2.153379216578286,True,2.191704697906971e-05,1,0.16355664281053567,0.02088300203323386,0.12759130782428404,3.665177284107002,1.2656995908155886,5.1712,0.0,0.10799018011425894,True,-2.107990180114259,modeled_qpu
channel,6,6,18,qaoa_transfer,optimistic,1024,2.153379216578286,2.153379216578286,True,2.191704697906971e-05,1,0.16355664281053567,0.02088300203323386,0.12759130782428404,3.665177284107002,1.2656995908155886,0.022740000000000003,0.0,0.00047487946623573805,False,-0.00047487946623573805,modeled_qpu
channel,6,6,18,qaoa_transfer,nominal,1024,2.153379216578286,2.153379216578286,True,2.191704697906971e-05,1,0.16355664281053567,0.02088300203323386,0.12759130782428404,3.665177284107002,1.2656995908155886,0.5762,0.0,0.012032785771549351,True,-2.012032785771549,modeled_qpu
channel,6,6,18,qaoa_transfer,stressed,1024,2.153379216578286,2.153379216578286,True,2.191704697906971e-05,1,0.16355664281053567,0.02088300203323386,0.12759130782428404,3.665177284107002,1.2656995908155886,5.3248,0.0,0.11119780922656367,True,-2.1111978092265637,modeled_qpu
channel,6,6,19,qaoa_transfer,optimistic,16,1.5875851971350665,1.5875851971350665,True,2.2958964109420776e-05,1,0.3218442135706413,0.07654877537211006,0.08848986626188816,3.665177284107002,1.2656995908155886,0.012660000000000001,0.0,0.0009691074962109135,False,-0.0009691074962109135,modeled_qpu
channel,6,6,19,qaoa_transfer,nominal,16,1.5875851971350665,1.5875851971350665,True,2.2958964109420776e-05,1,0.3218442135706413,0.07654877537211006,0.08848986626188816,3.665177284107002,1.2656995908155886,0.5258,0.0,0.040249346090655475,True,-2.0402493460906554,modeled_qpu
channel,6,6,19,qaoa_transfer,stressed,16,1.5875851971350665,1.5875851971350665,True,2.2958964109420776e-05,1,0.3218442135706413,0.07654877537211006,0.08848986626188816,3.665177284107002,1.2656995908155886,5.1232,0.0,0.39217468598639427,True,-2.392174685986394,modeled_qpu
channel,6,6,19,qaoa_transfer,optimistic,64,1.5875851971350665,1.5875851971350665,True,2.2958964109420776e-05,1,0.3218442135706413,0.07654877537211006,0.08848986626188816,3.665177284107002,1.2656995908155886,0.01314,0.0,0.0010058509083895263,False,-0.0010058509083895263,modeled_qpu
channel,6,6,19,qaoa_transfer,nominal,64,1.5875851971350665,1.5875851971350665,True,2.2958964109420776e-05,1,0.3218442135706413,0.07654877537211006,0.08848986626188816,3.665177284107002,1.2656995908155886,0.5282,0.0,0.040433063151548536,True,-2.0404330631515486,modeled_qpu
channel,6,6,19,qaoa_transfer,stressed,64,1.5875851971350665,1.5875851971350665,True,2.2958964109420776e-05,1,0.3218442135706413,0.07654877537211006,0.08848986626188816,3.665177284107002,1.2656995908155886,5.1328,0.0,0.3929095542299665,True,-2.3929095542299663,modeled_qpu
channel,6,6,19,qaoa_transfer,optimistic,256,1.5875851971350665,1.5875851971350665,True,2.2958964109420776e-05,1,0.3218442135706413,0.07654877537211006,0.08848986626188816,3.665177284107002,1.2656995908155886,0.01506,0.0,0.0011528245571039775,False,-0.0011528245571039775,modeled_qpu
channel,6,6,19,qaoa_transfer,nominal,256,1.5875851971350665,1.5875851971350665,True,2.2958964109420776e-05,1,0.3218442135706413,0.07654877537211006,0.08848986626188816,3.665177284107002,1.2656995908155886,0.5378000000000001,0.0,0.041167931395120795,True,-2.0411679313951208,modeled_qpu
channel,6,6,19,qaoa_transfer,stressed,256,1.5875851971350665,1.5875851971350665,True,2.2958964109420776e-05,1,0.3218442135706413,0.07654877537211006,0.08848986626188816,3.665177284107002,1.2656995908155886,5.1712,0.0,0.3958490272042556,True,-2.3958490272042554,modeled_qpu
channel,6,6,19,qaoa_transfer,optimistic,1024,1.5875851971350665,1.5875851971350665,True,2.2958964109420776e-05,1,0.3218442135706413,0.07654877537211006,0.08848986626188816,3.665177284107002,1.2656995908155886,0.022740000000000003,0.0,0.0017407191519617832,False,-0.0017407191519617832,modeled_qpu
channel,6,6,19,qaoa_transfer,nominal,1024,1.5875851971350665,1.5875851971350665,True,2.2958964109420776e-05,1,0.3218442135706413,0.07654877537211006,0.08848986626188816,3.665177284107002,1.2656995908155886,0.5762,0.0,0.044107404369409825,True,-2.04410740436941,modeled_qpu
channel,6,6,19,qaoa_transfer,stressed,1024,1.5875851971350665,1.5875851971350665,True,2.2958964109420776e-05,1,0.3218442135706413,0.07654877537211006,0.08848986626188816,3.665177284107002,1.2656995908155886,5.3248,0.0,0.40760691910141167,True,-2.407606919101412,modeled_qpu
channel,6,6,20,qaoa_transfer,optimistic,16,2.994929204737875,2.994929204737875,True,2.0165927708148956e-05,1,0.22660022581475103,0.04720565411666313,0.09828589010172374,3.665177284107002,1.2656995908155886,0.012660000000000001,0.0,0.0005976235811169553,False,-0.0005976235811169553,modeled_qpu
channel,6,6,20,qaoa_transfer,nominal,16,2.994929204737875,2.994929204737875,True,2.0165927708148956e-05,1,0.22660022581475103,0.04720565411666313,0.09828589010172374,3.665177284107002,1.2656995908155886,0.5258,0.0,0.024820732934541477,True,-2.0248207329345416,modeled_qpu
channel,6,6,20,qaoa_transfer,stressed,16,2.994929204737875,2.994929204737875,True,2.0165927708148956e-05,1,0.22660022581475103,0.04720565411666313,0.09828589010172374,3.665177284107002,1.2656995908155886,5.1232,0.0,0.24184400717048854,True,-2.2418440071704886,modeled_qpu
channel,6,6,20,qaoa_transfer,optimistic,64,2.994929204737875,2.994929204737875,True,2.0165927708148956e-05,1,0.22660022581475103,0.04720565411666313,0.09828589010172374,3.665177284107002,1.2656995908155886,0.01314,0.0,0.0006202822950929535,False,-0.0006202822950929535,modeled_qpu
channel,6,6,20,qaoa_transfer,nominal,64,2.994929204737875,2.994929204737875,True,2.0165927708148956e-05,1,0.22660022581475103,0.04720565411666313,0.09828589010172374,3.665177284107002,1.2656995908155886,0.5282,0.0,0.024934026504421464,True,-2.0249340265044213,modeled_qpu
channel,6,6,20,qaoa_transfer,stressed,64,2.994929204737875,2.994929204737875,True,2.0165927708148956e-05,1,0.22660022581475103,0.04720565411666313,0.09828589010172374,3.665177284107002,1.2656995908155886,5.1328,0.0,0.2422971814500085,True,-2.2422971814500086,modeled_qpu
channel,6,6,20,qaoa_transfer,optimistic,256,2.994929204737875,2.994929204737875,True,2.0165927708148956e-05,1,0.22660022581475103,0.04720565411666313,0.09828589010172374,3.665177284107002,1.2656995908155886,0.01506,0.0,0.0007109171509969468,False,-0.0007109171509969468,modeled_qpu
channel,6,6,20,qaoa_transfer,nominal,256,2.994929204737875,2.994929204737875,True,2.0165927708148956e-05,1,0.22660022581475103,0.04720565411666313,0.09828589010172374,3.665177284107002,1.2656995908155886,0.5378000000000001,0.0,0.025387200783941435,True,-2.0253872007839413,modeled_qpu
channel,6,6,20,qaoa_transfer,stressed,256,2.994929204737875,2.994929204737875,True,2.0165927708148956e-05,1,0.22660022581475103,0.04720565411666313,0.09828589010172374,3.665177284107002,1.2656995908155886,5.1712,0.0,0.24410987856808836,True,-2.2441098785680884,modeled_qpu
channel,6,6,20,qaoa_transfer,optimistic,1024,2.994929204737875,2.994929204737875,True,2.0165927708148956e-05,1,0.22660022581475103,0.04720565411666313,0.09828589010172374,3.665177284107002,1.2656995908155886,0.022740000000000003,0.0,0.0010734565746129197,False,-0.0010734565746129197,modeled_qpu
channel,6,6,20,qaoa_transfer,nominal,1024,2.994929204737875,2.994929204737875,True,2.0165927708148956e-05,1,0.22660022581475103,0.04720565411666313,0.09828589010172374,3.665177284107002,1.2656995908155886,0.5762,0.0,0.0271998979020213,True,-2.027199897902021,modeled_qpu
channel,6,6,20,qaoa_transfer,stressed,1024,2.994929204737875,2.994929204737875,True,2.0165927708148956e-05,1,0.22660022581475103,0.04720565411666313,0.09828589010172374,3.665177284107002,1.2656995908155886,5.3248,0.0,0.2513606670404078,True,-2.251360667040408,modeled_qpu
channel,6,6,21,qaoa_transfer,optimistic,16,0.7622211228284784,0.7622211228284784,True,2.13750172406435e-05,1,0.1651422600792,0.03951216106514597,0.1304578806443875,3.665177284107002,1.2656995908155886,0.012660000000000001,0.0,0.000500223959084748,False,-0.000500223959084748,modeled_qpu
channel,6,6,21,qaoa_transfer,nominal,16,0.7622211228284784,0.7622211228284784,True,2.13750172406435e-05,1,0.1651422600792,0.03951216106514597,0.1304578806443875,3.665177284107002,1.2656995908155886,0.5258,0.0,0.020775494288053753,True,-2.0207754942880536,modeled_qpu
channel,6,6,21,qaoa_transfer,stressed,16,0.7622211228284784,0.7622211228284784,True,2.13750172406435e-05,1,0.1651422600792,0.03951216106514597,0.1304578806443875,3.665177284107002,1.2656995908155886,5.1232,0.0,0.20242870356895581,True,-2.202428703568956,modeled_qpu
channel,6,6,21,qaoa_transfer,optimistic,64,0.7622211228284784,0.7622211228284784,True,2.13750172406435e-05,1,0.1651422600792,0.03951216106514597,0.1304578806443875,3.665177284107002,1.2656995908155886,0.01314,0.0,0.000519189796396018,False,-0.000519189796396018,modeled_qpu
channel,6,6,21,qaoa_transfer,nominal,64,0.7622211228284784,0.7622211228284784,True,2.13750172406435e-05,1,0.1651422600792,0.03951216106514597,0.1304578806443875,3.665177284107002,1.2656995908155886,0.5282,0.0,0.0208703234746101,True,-2.02087032347461,modeled_qpu
channel,6,6,21,qaoa_transfer,stressed,64,0.7622211228284784,0.7622211228284784,True,2.13750172406435e-05,1,0.1651422600792,0.03951216106514597,0.1304578806443875,3.665177284107002,1.2656995908155886,5.1328,0.0,0.20280802031518122,True,-2.202808020315181,modeled_qpu
channel,6,6,21,qaoa_transfer,optimistic,256,0.7622211228284784,0.7622211228284784,True,2.13750172406435e-05,1,0.1651422600792,0.03951216106514597,0.1304578806443875,3.665177284107002,1.2656995908155886,0.01506,0.0,0.0005950531456410983,False,-0.0005950531456410983,modeled_qpu
channel,6,6,21,qaoa_transfer,nominal,256,0.7622211228284784,0.7622211228284784,True,2.13750172406435e-05,1,0.1651422600792,0.03951216106514597,0.1304578806443875,3.665177284107002,1.2656995908155886,0.5378000000000001,0.0,0.021249640220835503,True,-2.0212496402208355,modeled_qpu
channel,6,6,21,qaoa_transfer,stressed,256,0.7622211228284784,0.7622211228284784,True,2.13750172406435e-05,1,0.1651422600792,0.03951216106514597,0.1304578806443875,3.665177284107002,1.2656995908155886,5.1712,0.0,0.20432528730008281,True,-2.2043252873000827,modeled_qpu
channel,6,6,21,qaoa_transfer,optimistic,1024,0.7622211228284784,0.7622211228284784,True,2.13750172406435e-05,1,0.1651422600792,0.03951216106514597,0.1304578806443875,3.665177284107002,1.2656995908155886,0.022740000000000003,0.0,0.0008985065426214195,False,-0.0008985065426214195,modeled_qpu
channel,6,6,21,qaoa_transfer,nominal,1024,0.7622211228284784,0.7622211228284784,True,2.13750172406435e-05,1,0.1651422600792,0.03951216106514597,0.1304578806443875,3.665177284107002,1.2656995908155886,0.5762,0.0,0.02276690720573711,True,-2.022766907205737,modeled_qpu
channel,6,6,21,qaoa_transfer,stressed,1024,0.7622211228284784,0.7622211228284784,True,2.13750172406435e-05,1,0.1651422600792,0.03951216106514597,0.1304578806443875,3.665177284107002,1.2656995908155886,5.3248,0.0,0.21039435523968925,True,-2.210394355239689,modeled_qpu
channel,6,6,22,qaoa_transfer,optimistic,16,3.486335946599789,3.486335946599789,True,2.091703936457634e-05,1,0.360828951511683,0.03348647638886858,0.08781800762678438,3.665177284107002,1.2656995908155886,0.012660000000000001,0.0,0.0004239387910830762,False,-0.0004239387910830762,modeled_qpu
channel,6,6,22,qaoa_transfer,nominal,16,3.486335946599789,3.486335946599789,True,2.091703936457634e-05,1,0.360828951511683,0.03348647638886858,0.08781800762678438,3.665177284107002,1.2656995908155886,0.5258,0.0,0.0176071892852671,True,-2.017607189285267,modeled_qpu
channel,6,6,22,qaoa_transfer,stressed,16,3.486335946599789,3.486335946599789,True,2.091703936457634e-05,1,0.360828951511683,0.03348647638886858,0.08781800762678438,3.665177284107002,1.2656995908155886,5.1232,0.0,0.1715579158354515,True,-2.1715579158354514,modeled_qpu
channel,6,6,22,qaoa_transfer,optimistic,64,3.486335946599789,3.486335946599789,True,2.091703936457634e-05,1,0.360828951511683,0.03348647638886858,0.08781800762678438,3.665177284107002,1.2656995908155886,0.01314,0.0,0.0004400122997497331,False,-0.0004400122997497331,modeled_qpu
channel,6,6,22,qaoa_transfer,nominal,64,3.486335946599789,3.486335946599789,True,2.091703936457634e-05,1,0.360828951511683,0.03348647638886858,0.08781800762678438,3.665177284107002,1.2656995908155886,0.5282,0.0,0.017687556828600383,True,-2.0176875568286006,modeled_qpu
channel,6,6,22,qaoa_transfer,stressed,64,3.486335946599789,3.486335946599789,True,2.091703936457634e-05,1,0.360828951511683,0.03348647638886858,0.08781800762678438,3.665177284107002,1.2656995908155886,5.1328,0.0,0.1718793860087846,True,-2.1718793860087846,modeled_qpu
channel,6,6,22,qaoa_transfer,optimistic,256,3.486335946599789,3.486335946599789,True,2.091703936457634e-05,1,0.360828951511683,0.03348647638886858,0.08781800762678438,3.665177284107002,1.2656995908155886,0.01506,0.0,0.0005043063344163608,False,-0.0005043063344163608,modeled_qpu
channel,6,6,22,qaoa_transfer,nominal,256,3.486335946599789,3.486335946599789,True,2.091703936457634e-05,1,0.360828951511683,0.03348647638886858,0.08781800762678438,3.665177284107002,1.2656995908155886,0.5378000000000001,0.0,0.018009027001933523,True,-2.0180090270019337,modeled_qpu
channel,6,6,22,qaoa_transfer,stressed,256,3.486335946599789,3.486335946599789,True,2.091703936457634e-05,1,0.360828951511683,0.03348647638886858,0.08781800762678438,3.665177284107002,1.2656995908155886,5.1712,0.0,0.17316526670211718,True,-2.1731652667021173,modeled_qpu
channel,6,6,22,qaoa_transfer,optimistic,1024,3.486335946599789,3.486335946599789,True,2.091703936457634e-05,1,0.360828951511683,0.03348647638886858,0.08781800762678438,3.665177284107002,1.2656995908155886,0.022740000000000003,0.0,0.0007614824730828716,False,-0.0007614824730828716,modeled_qpu
channel,6,6,22,qaoa_transfer,nominal,1024,3.486335946599789,3.486335946599789,True,2.091703936457634e-05,1,0.360828951511683,0.03348647638886858,0.08781800762678438,3.665177284107002,1.2656995908155886,0.5762,0.0,0.019294907695266077,True,-2.019294907695266,modeled_qpu
channel,6,6,22,qaoa_transfer,stressed,1024,3.486335946599789,3.486335946599789,True,2.091703936457634e-05,1,0.360828951511683,0.03348647638886858,0.08781800762678438,3.665177284107002,1.2656995908155886,5.3248,0.0,0.1783087894754474,True,-2.1783087894754476,modeled_qpu
channel,6,6,23,qaoa_transfer,optimistic,16,2.2875847316059312,2.2875847316059312,True,2.1499930880963802e-05,1,0.19258061213708288,0.06479416174351756,0.08913019486100127,3.665177284107002,1.2656995908155886,0.012660000000000001,0.0,0.0008202940876729323,False,-0.0008202940876729323,modeled_qpu
channel,6,6,23,qaoa_transfer,nominal,16,2.2875847316059312,2.2875847316059312,True,2.1499930880963802e-05,1,0.19258061213708288,0.06479416174351756,0.08913019486100127,3.665177284107002,1.2656995908155886,0.5258,0.0,0.03406877024474153,True,-2.0340687702447413,modeled_qpu
channel,6,6,23,qaoa_transfer,stressed,16,2.2875847316059312,2.2875847316059312,True,2.1499930880963802e-05,1,0.19258061213708288,0.06479416174351756,0.08913019486100127,3.665177284107002,1.2656995908155886,5.1232,0.0,0.33195344944438915,True,-2.331953449444389,modeled_qpu
channel,6,6,23,qaoa_transfer,optimistic,64,2.2875847316059312,2.2875847316059312,True,2.1499930880963802e-05,1,0.19258061213708288,0.06479416174351756,0.08913019486100127,3.665177284107002,1.2656995908155886,0.01314,0.0,0.0008513952853098207,False,-0.0008513952853098207,modeled_qpu
channel,6,6,23,qaoa_transfer,nominal,64,2.2875847316059312,2.2875847316059312,True,2.1499930880963802e-05,1,0.19258061213708288,0.06479416174351756,0.08913019486100127,3.665177284107002,1.2656995908155886,0.5282,0.0,0.034224276232925975,True,-2.034224276232926,modeled_qpu
channel,6,6,23,qaoa_transfer,stressed,64,2.2875847316059312,2.2875847316059312,True,2.1499930880963802e-05,1,0.19258061213708288,0.06479416174351756,0.08913019486100127,3.665177284107002,1.2656995908155886,5.1328,0.0,0.3325754733971269,True,-2.332575473397127,modeled_qpu
channel,6,6,23,qaoa_transfer,optimistic,256,2.2875847316059312,2.2875847316059312,True,2.1499930880963802e-05,1,0.19258061213708288,0.06479416174351756,0.08913019486100127,3.665177284107002,1.2656995908155886,0.01506,0.0,0.0009758000758573744,False,-0.0009758000758573744,modeled_qpu
channel,6,6,23,qaoa_transfer,nominal,256,2.2875847316059312,2.2875847316059312,True,2.1499930880963802e-05,1,0.19258061213708288,0.06479416174351756,0.08913019486100127,3.665177284107002,1.2656995908155886,0.5378000000000001,0.0,0.034846300185663745,True,-2.034846300185664,modeled_qpu
channel,6,6,23,qaoa_transfer,stressed,256,2.2875847316059312,2.2875847316059312,True,2.1499930880963802e-05,1,0.19258061213708288,0.06479416174351756,0.08913019486100127,3.665177284107002,1.2656995908155886,5.1712,0.0,0.33506356920807795,True,-2.335063569208078,modeled_qpu
channel,6,6,23,qaoa_transfer,optimistic,1024,2.2875847316059312,2.2875847316059312,True,2.1499930880963802e-05,1,0.19258061213708288,0.06479416174351756,0.08913019486100127,3.665177284107002,1.2656995908155886,0.022740000000000003,0.0,0.0014734192380475894,False,-0.0014734192380475894,modeled_qpu
channel,6,6,23,qaoa_transfer,nominal,1024,2.2875847316059312,2.2875847316059312,True,2.1499930880963802e-05,1,0.19258061213708288,0.06479416174351756,0.08913019486100127,3.665177284107002,1.2656995908155886,0.5762,0.0,0.03733439599661482,True,-2.037334395996615,modeled_qpu
channel,6,6,23,qaoa_transfer,stressed,1024,2.2875847316059312,2.2875847316059312,True,2.1499930880963802e-05,1,0.19258061213708288,0.06479416174351756,0.08913019486100127,3.665177284107002,1.2656995908155886,5.3248,0.0,0.34501595245188227,True,-2.3450159524518823,modeled_qpu
channel,6,6,24,qaoa_transfer,optimistic,16,2.724683588651197,2.724683588651197,True,2.1166051737964153e-05,1,0.2965821600549718,0.061139376627150153,0.10371504276969908,3.665177284107002,1.2656995908155886,0.012660000000000001,0.0,0.000774024508099721,False,-0.000774024508099721,modeled_qpu
channel,6,6,24,qaoa_transfer,nominal,16,2.724683588651197,2.724683588651197,True,2.1166051737964153e-05,1,0.2965821600549718,0.061139376627150153,0.10371504276969908,3.665177284107002,1.2656995908155886,0.5258,0.0,0.03214708423055555,True,-2.0321470842305556,modeled_qpu
channel,6,6,24,qaoa_transfer,stressed,16,2.724683588651197,2.724683588651197,True,2.1166051737964153e-05,1,0.2965821600549718,0.061139376627150153,0.10371504276969908,3.665177284107002,1.2656995908155886,5.1232,0.0,0.3132292543362157,True,-2.313229254336216,modeled_qpu
channel,6,6,24,qaoa_transfer,optimistic,64,2.724683588651197,2.724683588651197,True,2.1166051737964153e-05,1,0.2965821600549718,0.061139376627150153,0.10371504276969908,3.665177284107002,1.2656995908155886,0.01314,0.0,0.000803371408880753,False,-0.000803371408880753,modeled_qpu
channel,6,6,24,qaoa_transfer,nominal,64,2.724683588651197,2.724683588651197,True,2.1166051737964153e-05,1,0.2965821600549718,0.061139376627150153,0.10371504276969908,3.665177284107002,1.2656995908155886,0.5282,0.0,0.03229381873446071,True,-2.032293818734461,modeled_qpu
channel,6,6,24,qaoa_transfer,stressed,64,2.724683588651197,2.724683588651197,True,2.1166051737964153e-05,1,0.2965821600549718,0.061139376627150153,0.10371504276969908,3.665177284107002,1.2656995908155886,5.1328,0.0,0.3138161923518363,True,-2.3138161923518363,modeled_qpu
channel,6,6,24,qaoa_transfer,optimistic,256,2.724683588651197,2.724683588651197,True,2.1166051737964153e-05,1,0.2965821600549718,0.061139376627150153,0.10371504276969908,3.665177284107002,1.2656995908155886,0.01506,0.0,0.0009207590120048813,False,-0.0009207590120048813,modeled_qpu
channel,6,6,24,qaoa_transfer,nominal,256,2.724683588651197,2.724683588651197,True,2.1166051737964153e-05,1,0.2965821600549718,0.061139376627150153,0.10371504276969908,3.665177284107002,1.2656995908155886,0.5378000000000001,0.0,0.032880756750081355,True,-2.0328807567500813,modeled_qpu
channel,6,6,24,qaoa_transfer,stressed,256,2.724683588651197,2.724683588651197,True,2.1166051737964153e-05,1,0.2965821600549718,0.061139376627150153,0.10371504276969908,3.665177284107002,1.2656995908155886,5.1712,0.0,0.3161639444143189,True,-2.3161639444143187,modeled_qpu
channel,6,6,24,qaoa_transfer,optimistic,1024,2.724683588651197,2.724683588651197,True,2.1166051737964153e-05,1,0.2965821600549718,0.061139376627150153,0.10371504276969908,3.665177284107002,1.2656995908155886,0.022740000000000003,0.0,0.0013903094245013947,False,-0.0013903094245013947,modeled_qpu
channel,6,6,24,qaoa_transfer,nominal,1024,2.724683588651197,2.724683588651197,True,2.1166051737964153e-05,1,0.2965821600549718,0.061139376627150153,0.10371504276969908,3.665177284107002,1.2656995908155886,0.5762,0.0,0.035228508812563925,True,-2.035228508812564,modeled_qpu
channel,6,6,24,qaoa_transfer,stressed,1024,2.724683588651197,2.724683588651197,True,2.1166051737964153e-05,1,0.2965821600549718,0.061139376627150153,0.10371504276969908,3.665177284107002,1.2656995908155886,5.3248,0.0,0.3255549526642491,True,-2.325554952664249,modeled_qpu
channel,6,6,25,qaoa_transfer,optimistic,16,3.513161712562085,3.513161712562085,True,2.4416949599981308e-05,1,0.33878750514949985,0.07608380502290002,0.11662238187434831,3.665177284107002,1.2656995908155886,0.012660000000000001,0.0,0.0009632209715899143,False,-0.0009632209715899143,modeled_qpu
channel,6,6,25,qaoa_transfer,nominal,16,3.513161712562085,3.513161712562085,True,2.4416949599981308e-05,1,0.33878750514949985,0.07608380502290002,0.11662238187434831,3.665177284107002,1.2656995908155886,0.5258,0.0,0.040004864681040836,True,-2.0400048646810407,modeled_qpu
channel,6,6,25,qaoa_transfer,stressed,16,3.513161712562085,3.513161712562085,True,2.4416949599981308e-05,1,0.33878750514949985,0.07608380502290002,0.11662238187434831,3.665177284107002,1.2656995908155886,5.1232,0.0,0.38979254989332135,True,-2.3897925498933215,modeled_qpu
channel,6,6,25,qaoa_transfer,optimistic,64,3.513161712562085,3.513161712562085,True,2.4416949599981308e-05,1,0.33878750514949985,0.07608380502290002,0.11662238187434831,3.665177284107002,1.2656995908155886,0.01314,0.0,0.0009997411980009062,False,-0.0009997411980009062,modeled_qpu
channel,6,6,25,qaoa_transfer,nominal,64,3.513161712562085,3.513161712562085,True,2.4416949599981308e-05,1,0.33878750514949985,0.07608380502290002,0.11662238187434831,3.665177284107002,1.2656995908155886,0.5282,0.0,0.04018746581309579,True,-2.0401874658130956,modeled_qpu
channel,6,6,25,qaoa_transfer,stressed,64,3.513161712562085,3.513161712562085,True,2.4416949599981308e-05,1,0.33878750514949985,0.07608380502290002,0.11662238187434831,3.665177284107002,1.2656995908155886,5.1328,0.0,0.39052295442154117,True,-2.390522954421541,modeled_qpu
channel,6,6,25,qaoa_transfer,optimistic,256,3.513161712562085,3.513161712562085,True,2.4416949599981308e-05,1,0.33878750514949985,0.07608380502290002,0.11662238187434831,3.665177284107002,1.2656995908155886,0.01506,0.0,0.0011458221036448743,False,-0.0011458221036448743,modeled_qpu
channel,6,6,25,qaoa_transfer,nominal,256,3.513161712562085,3.513161712562085,True,2.4416949599981308e-05,1,0.33878750514949985,0.07608380502290002,0.11662238187434831,3.665177284107002,1.2656995908155886,0.5378000000000001,0.0,0.04091787034131564,True,-2.0409178703413158,modeled_qpu
channel,6,6,25,qaoa_transfer,stressed,256,3.513161712562085,3.513161712562085,True,2.4416949599981308e-05,1,0.33878750514949985,0.07608380502290002,0.11662238187434831,3.665177284107002,1.2656995908155886,5.1712,0.0,0.39344457253442056,True,-2.3934445725344204,modeled_qpu
channel,6,6,25,qaoa_transfer,optimistic,1024,3.513161712562085,3.513161712562085,True,2.4416949599981308e-05,1,0.33878750514949985,0.07608380502290002,0.11662238187434831,3.665177284107002,1.2656995908155886,0.022740000000000003,0.0,0.0017301457262207467,False,-0.0017301457262207467,modeled_qpu
channel,6,6,25,qaoa_transfer,nominal,1024,3.513161712562085,3.513161712562085,True,2.4416949599981308e-05,1,0.33878750514949985,0.07608380502290002,0.11662238187434831,3.665177284107002,1.2656995908155886,0.5762,0.0,0.043839488454195,True,-2.043839488454195,modeled_qpu
channel,6,6,25,qaoa_transfer,stressed,1024,3.513161712562085,3.513161712562085,True,2.4416949599981308e-05,1,0.33878750514949985,0.07608380502290002,0.11662238187434831,3.665177284107002,1.2656995908155886,5.3248,0.0,0.405131044985938,True,-2.405131044985938,modeled_qpu
channel,6,6,26,qaoa_transfer,optimistic,16,3.6113334685876857,2.511581232196857,True,2.095801755785942e-05,1,0.42442756771632917,0.04458250079174823,0.11560012761701906,3.665177284107002,1.2656995908155886,0.012660000000000001,0.3131786405245195,0.0005644144600235326,False,-0.313743054984543,modeled_qpu
channel,6,6,26,qaoa_transfer,nominal,16,3.6113334685876857,2.511581232196857,True,2.095801755785942e-05,1,0.42442756771632917,0.04458250079174823,0.11560012761701906,3.665177284107002,1.2656995908155886,0.5258,0.3131786405245195,0.02344147891630122,True,-2.3366201194408207,modeled_qpu
channel,6,6,26,qaoa_transfer,stressed,16,3.6113334685876857,2.511581232196857,True,2.095801755785942e-05,1,0.42442756771632917,0.04458250079174823,0.11560012761701906,3.665177284107002,1.2656995908155886,5.1232,0.3131786405245195,0.2284050680562845,True,-2.541583708580804,modeled_qpu
channel,6,6,26,qaoa_transfer,optimistic,64,2.511581232196857,2.511581232196857,True,2.095801755785942e-05,1,0.42442756771632917,0.04458250079174823,0.11560012761701906,3.665177284107002,1.2656995908155886,0.01314,0.0,0.0005858140604035717,False,-0.0005858140604035717,modeled_qpu
channel,6,6,26,qaoa_transfer,nominal,64,2.511581232196857,2.511581232196857,True,2.095801755785942e-05,1,0.42442756771632917,0.04458250079174823,0.11560012761701906,3.665177284107002,1.2656995908155886,0.5282,0.0,0.023548476918201413,True,-2.0235484769182013,modeled_qpu
channel,6,6,26,qaoa_transfer,stressed,64,2.511581232196857,2.511581232196857,True,2.095801755785942e-05,1,0.42442756771632917,0.04458250079174823,0.11560012761701906,3.665177284107002,1.2656995908155886,5.1328,0.0,0.2288330600638853,True,-2.2288330600638853,modeled_qpu
channel,6,6,26,qaoa_transfer,optimistic,256,2.511581232196857,2.511581232196857,True,2.095801755785942e-05,1,0.42442756771632917,0.04458250079174823,0.11560012761701906,3.665177284107002,1.2656995908155886,0.01506,0.0,0.0006714124619237284,False,-0.0006714124619237284,modeled_qpu
channel,6,6,26,qaoa_transfer,nominal,256,2.511581232196857,2.511581232196857,True,2.095801755785942e-05,1,0.42442756771632917,0.04458250079174823,0.11560012761701906,3.665177284107002,1.2656995908155886,0.5378000000000001,0.0,0.0239764689258022,True,-2.0239764689258024,modeled_qpu
channel,6,6,26,qaoa_transfer,stressed,256,2.511581232196857,2.511581232196857,True,2.095801755785942e-05,1,0.42442756771632917,0.04458250079174823,0.11560012761701906,3.665177284107002,1.2656995908155886,5.1712,0.0,0.23054502809428842,True,-2.2305450280942885,modeled_qpu
channel,6,6,26,qaoa_transfer,optimistic,1024,2.511581232196857,2.511581232196857,True,2.095801755785942e-05,1,0.42442756771632917,0.04458250079174823,0.11560012761701906,3.665177284107002,1.2656995908155886,0.022740000000000003,0.0,0.0010138060680043549,False,-0.0010138060680043549,modeled_qpu
channel,6,6,26,qaoa_transfer,nominal,1024,2.511581232196857,2.511581232196857,True,2.095801755785942e-05,1,0.42442756771632917,0.04458250079174823,0.11560012761701906,3.665177284107002,1.2656995908155886,0.5762,0.0,0.02568843695620533,True,-2.025688436956205,modeled_qpu
channel,6,6,26,qaoa_transfer,stressed,1024,2.511581232196857,2.511581232196857,True,2.095801755785942e-05,1,0.42442756771632917,0.04458250079174823,0.11560012761701906,3.665177284107002,1.2656995908155886,5.3248,0.0,0.23739290021590095,True,-2.2373929002159008,modeled_qpu
channel,6,6,27,qaoa_transfer,optimistic,16,2.1305622466023038,2.1305622466023038,True,2.0625069737434387e-05,1,0.32257807048731324,0.048933633430026165,0.13543220811155363,3.665177284107002,1.2656995908155886,0.012660000000000001,0.0,0.0006194997992241313,False,-0.0006194997992241313,modeled_qpu
channel,6,6,27,qaoa_transfer,nominal,16,2.1305622466023038,2.1305622466023038,True,2.0625069737434387e-05,1,0.32257807048731324,0.048933633430026165,0.13543220811155363,3.665177284107002,1.2656995908155886,0.5258,0.0,0.02572930445750776,True,-2.0257293044575078,modeled_qpu
channel,6,6,27,qaoa_transfer,stressed,16,2.1305622466023038,2.1305622466023038,True,2.0625069737434387e-05,1,0.32257807048731324,0.048933633430026165,0.13543220811155363,3.665177284107002,1.2656995908155886,5.1232,0.0,0.25069679078871004,True,-2.25069679078871,modeled_qpu
channel,6,6,27,qaoa_transfer,optimistic,64,2.1305622466023038,2.1305622466023038,True,2.0625069737434387e-05,1,0.32257807048731324,0.048933633430026165,0.13543220811155363,3.665177284107002,1.2656995908155886,0.01314,0.0,0.0006429879432705438,False,-0.0006429879432705438,modeled_qpu
channel,6,6,27,qaoa_transfer,nominal,64,2.1305622466023038,2.1305622466023038,True,2.0625069737434387e-05,1,0.32257807048731324,0.048933633430026165,0.13543220811155363,3.665177284107002,1.2656995908155886,0.5282,0.0,0.02584674517773982,True,-2.02584674517774,modeled_qpu
channel,6,6,27,qaoa_transfer,stressed,64,2.1305622466023038,2.1305622466023038,True,2.0625069737434387e-05,1,0.32257807048731324,0.048933633430026165,0.13543220811155363,3.665177284107002,1.2656995908155886,5.1328,0.0,0.2511665536696383,True,-2.251166553669638,modeled_qpu
channel,6,6,27,qaoa_transfer,optimistic,256,2.1305622466023038,2.1305622466023038,True,2.0625069737434387e-05,1,0.32257807048731324,0.048933633430026165,0.13543220811155363,3.665177284107002,1.2656995908155886,0.01506,0.0,0.000736940519456194,False,-0.000736940519456194,modeled_qpu
channel,6,6,27,qaoa_transfer,nominal,256,2.1305622466023038,2.1305622466023038,True,2.0625069737434387e-05,1,0.32257807048731324,0.048933633430026165,0.13543220811155363,3.665177284107002,1.2656995908155886,0.5378000000000001,0.0,0.026316508058668073,True,-2.026316508058668,modeled_qpu
channel,6,6,27,qaoa_transfer,stressed,256,2.1305622466023038,2.1305622466023038,True,2.0625069737434387e-05,1,0.32257807048731324,0.048933633430026165,0.13543220811155363,3.665177284107002,1.2656995908155886,5.1712,0.0,0.2530456051933513,True,-2.253045605193351,modeled_qpu
channel,6,6,27,qaoa_transfer,optimistic,1024,2.1305622466023038,2.1305622466023038,True,2.0625069737434387e-05,1,0.32257807048731324,0.048933633430026165,0.13543220811155363,3.665177284107002,1.2656995908155886,0.022740000000000003,0.0,0.0011127508241987952,False,-0.0011127508241987952,modeled_qpu
channel,6,6,27,qaoa_transfer,nominal,1024,2.1305622466023038,2.1305622466023038,True,2.0625069737434387e-05,1,0.32257807048731324,0.048933633430026165,0.13543220811155363,3.665177284107002,1.2656995908155886,0.5762,0.0,0.02819555958238108,True,-2.028195559582381,modeled_qpu
channel,6,6,27,qaoa_transfer,stressed,1024,2.1305622466023038,2.1305622466023038,True,2.0625069737434387e-05,1,0.32257807048731324,0.048933633430026165,0.13543220811155363,3.665177284107002,1.2656995908155886,5.3248,0.0,0.2605618112882033,True,-2.2605618112882033,modeled_qpu
channel,6,6,28,qaoa_transfer,optimistic,16,1.7479586675785281,1.7479586675785281,True,2.0583043806254864e-05,1,0.38989065232131975,0.025965760595908785,0.14124164660876448,3.665177284107002,1.2656995908155886,0.012660000000000001,0.0,0.00032872652914420523,False,-0.00032872652914420523,modeled_qpu
channel,6,6,28,qaoa_transfer,nominal,16,1.7479586675785281,1.7479586675785281,True,2.0583043806254864e-05,1,0.38989065232131975,0.025965760595908785,0.14124164660876448,3.665177284107002,1.2656995908155886,0.5258,0.0,0.01365279692132884,True,-2.013652796921329,modeled_qpu
channel,6,6,28,qaoa_transfer,stressed,16,1.7479586675785281,1.7479586675785281,True,2.0583043806254864e-05,1,0.38989065232131975,0.025965760595908785,0.14124164660876448,3.665177284107002,1.2656995908155886,5.1232,0.0,0.13302778468495988,True,-2.13302778468496,modeled_qpu
channel,6,6,28,qaoa_transfer,optimistic,64,1.7479586675785281,1.7479586675785281,True,2.0583043806254864e-05,1,0.38989065232131975,0.025965760595908785,0.14124164660876448,3.665177284107002,1.2656995908155886,0.01314,0.0,0.00034119009423024145,False,-0.00034119009423024145,modeled_qpu
channel,6,6,28,qaoa_transfer,nominal,64,1.7479586675785281,1.7479586675785281,True,2.0583043806254864e-05,1,0.38989065232131975,0.025965760595908785,0.14124164660876448,3.665177284107002,1.2656995908155886,0.5282,0.0,0.01371511474675902,True,-2.013715114746759,modeled_qpu
channel,6,6,28,qaoa_transfer,stressed,64,1.7479586675785281,1.7479586675785281,True,2.0583043806254864e-05,1,0.38989065232131975,0.025965760595908785,0.14124164660876448,3.665177284107002,1.2656995908155886,5.1328,0.0,0.1332770559866806,True,-2.1332770559866807,modeled_qpu
channel,6,6,28,qaoa_transfer,optimistic,256,1.7479586675785281,1.7479586675785281,True,2.0583043806254864e-05,1,0.38989065232131975,0.025965760595908785,0.14124164660876448,3.665177284107002,1.2656995908155886,0.01506,0.0,0.0003910443545743863,False,-0.0003910443545743863,modeled_qpu
channel,6,6,28,qaoa_transfer,nominal,256,1.7479586675785281,1.7479586675785281,True,2.0583043806254864e-05,1,0.38989065232131975,0.025965760595908785,0.14124164660876448,3.665177284107002,1.2656995908155886,0.5378000000000001,0.0,0.013964386048479747,True,-2.01396438604848,modeled_qpu
channel,6,6,28,qaoa_transfer,stressed,256,1.7479586675785281,1.7479586675785281,True,2.0583043806254864e-05,1,0.38989065232131975,0.025965760595908785,0.14124164660876448,3.665177284107002,1.2656995908155886,5.1712,0.0,0.1342741411935635,True,-2.1342741411935635,modeled_qpu
channel,6,6,28,qaoa_transfer,optimistic,1024,1.7479586675785281,1.7479586675785281,True,2.0583043806254864e-05,1,0.38989065232131975,0.025965760595908785,0.14124164660876448,3.665177284107002,1.2656995908155886,0.022740000000000003,0.0,0.0005904613959509658,False,-0.0005904613959509658,modeled_qpu
channel,6,6,28,qaoa_transfer,nominal,1024,1.7479586675785281,1.7479586675785281,True,2.0583043806254864e-05,1,0.38989065232131975,0.025965760595908785,0.14124164660876448,3.665177284107002,1.2656995908155886,0.5762,0.0,0.014961471255362643,True,-2.0149614712553627,modeled_qpu
channel,6,6,28,qaoa_transfer,stressed,1024,1.7479586675785281,1.7479586675785281,True,2.0583043806254864e-05,1,0.38989065232131975,0.025965760595908785,0.14124164660876448,3.665177284107002,1.2656995908155886,5.3248,0.0,0.1382624820210951,True,-2.138262482021095,modeled_qpu
channel,6,6,29,qaoa_transfer,optimistic,16,4.228564850551121,3.5778448023246305,True,2.0749983377754688e-05,1,0.09606158553558247,0.02717693295175391,0.11063333835026039,3.665177284107002,1.2656995908155886,0.012660000000000001,0.14214550215770844,0.00034405997116920454,False,-0.14248956212887764,modeled_qpu
channel,6,6,29,qaoa_transfer,nominal,16,4.228564850551121,3.5778448023246305,True,2.0749983377754688e-05,1,0.09606158553558247,0.02717693295175391,0.11063333835026039,3.665177284107002,1.2656995908155886,0.5258,0.14214550215770844,0.014289631346032207,True,-2.1564351335037406,modeled_qpu
channel,6,6,29,qaoa_transfer,stressed,16,4.228564850551121,3.5778448023246305,True,2.0749983377754688e-05,1,0.09606158553558247,0.02717693295175391,0.11063333835026039,3.665177284107002,1.2656995908155886,5.1232,0.14214550215770844,0.13923286289842562,True,-2.281378365056134,modeled_qpu
channel,6,6,29,qaoa_transfer,optimistic,64,3.5778448023246305,3.5778448023246305,True,2.0749983377754688e-05,1,0.09606158553558247,0.02717693295175391,0.11063333835026039,3.665177284107002,1.2656995908155886,0.01314,0.0,0.0003571048989860464,False,-0.0003571048989860464,modeled_qpu
channel,6,6,29,qaoa_transfer,nominal,64,3.5778448023246305,3.5778448023246305,True,2.0749983377754688e-05,1,0.09606158553558247,0.02717693295175391,0.11063333835026039,3.665177284107002,1.2656995908155886,0.5282,0.0,0.014354855985116415,True,-2.0143548559851165,modeled_qpu
channel,6,6,29,qaoa_transfer,stressed,64,3.5778448023246305,3.5778448023246305,True,2.0749983377754688e-05,1,0.09606158553558247,0.02717693295175391,0.11063333835026039,3.665177284107002,1.2656995908155886,5.1328,0.0,0.13949376145476244,True,-2.139493761454762,modeled_qpu
channel,6,6,29,qaoa_transfer,optimistic,256,3.5778448023246305,3.5778448023246305,True,2.0749983377754688e-05,1,0.09606158553558247,0.02717693295175391,0.11063333835026039,3.665177284107002,1.2656995908155886,0.01506,0.0,0.0004092846102534139,False,-0.0004092846102534139,modeled_qpu
channel,6,6,29,qaoa_transfer,nominal,256,3.5778448023246305,3.5778448023246305,True,2.0749983377754688e-05,1,0.09606158553558247,0.02717693295175391,0.11063333835026039,3.665177284107002,1.2656995908155886,0.5378000000000001,0.0,0.014615754541453254,True,-2.0146157545414534,modeled_qpu
channel,6,6,29,qaoa_transfer,stressed,256,3.5778448023246305,3.5778448023246305,True,2.0749983377754688e-05,1,0.09606158553558247,0.02717693295175391,0.11063333835026039,3.665177284107002,1.2656995908155886,5.1712,0.0,0.1405373556801098,True,-2.14053735568011,modeled_qpu
channel,6,6,29,qaoa_transfer,optimistic,1024,3.5778448023246305,3.5778448023246305,True,2.0749983377754688e-05,1,0.09606158553558247,0.02717693295175391,0.11063333835026039,3.665177284107002,1.2656995908155886,0.022740000000000003,0.0,0.000618003455322884,False,-0.000618003455322884,modeled_qpu
channel,6,6,29,qaoa_transfer,nominal,1024,3.5778448023246305,3.5778448023246305,True,2.0749983377754688e-05,1,0.09606158553558247,0.02717693295175391,0.11063333835026039,3.665177284107002,1.2656995908155886,0.5762,0.0,0.015659348766800602,True,-2.0156593487668006,modeled_qpu
channel,6,6,29,qaoa_transfer,stressed,1024,3.5778448023246305,3.5778448023246305,True,2.0749983377754688e-05,1,0.09606158553558247,0.02717693295175391,0.11063333835026039,3.665177284107002,1.2656995908155886,5.3248,0.0,0.14471173258149922,True,-2.144711732581499,modeled_qpu
channel,8,8,15,qaoa_transfer,optimistic,16,2.0819064594124095,1.145988538449194,True,3.587501123547554e-05,1,0.1821532822162765,0.07956026311191533,0.07274508656817562,5.622922808614484,1.2666498260473342,0.012660000000000001,0.4361243800675469,0.0010072329309968482,False,-0.43713161299854375,modeled_qpu
channel,8,8,15,qaoa_transfer,nominal,16,2.0819064594124095,1.145988538449194,True,3.587501123547554e-05,1,0.1821532822162765,0.07956026311191533,0.07274508656817562,5.622922808614484,1.2666498260473342,0.5258,0.4361243800675469,0.04183278634424509,True,-2.477957166411792,modeled_qpu
channel,8,8,15,qaoa_transfer,stressed,16,2.0819064594124095,1.145988538449194,True,3.587501123547554e-05,1,0.1821532822162765,0.07956026311191533,0.07274508656817562,5.622922808614484,1.2666498260473342,5.1232,0.4361243800675469,0.4076031399749646,True,-2.8437275200425116,modeled_qpu
channel,8,8,15,qaoa_transfer,optimistic,64,1.145988538449194,1.145988538449194,True,3.587501123547554e-05,1,0.1821532822162765,0.07956026311191533,0.07274508656817562,5.622922808614484,1.2666498260473342,0.01314,0.0,0.0010454218572905675,False,-0.0010454218572905675,modeled_qpu
channel,8,8,15,qaoa_transfer,nominal,64,1.145988538449194,1.145988538449194,True,3.587501123547554e-05,1,0.1821532822162765,0.07956026311191533,0.07274508656817562,5.622922808614484,1.2666498260473342,0.5282,0.0,0.04202373097571368,True,-2.0420237309757137,modeled_qpu
channel,8,8,15,qaoa_transfer,stressed,64,1.145988538449194,1.145988538449194,True,3.587501123547554e-05,1,0.1821532822162765,0.07956026311191533,0.07274508656817562,5.622922808614484,1.2666498260473342,5.1328,0.0,0.40836691850083895,True,-2.408366918500839,modeled_qpu
channel,8,8,15,qaoa_transfer,optimistic,256,1.145988538449194,1.145988538449194,True,3.587501123547554e-05,1,0.1821532822162765,0.07956026311191533,0.07274508656817562,5.622922808614484,1.2666498260473342,0.01506,0.0,0.001198177562465445,False,-0.001198177562465445,modeled_qpu
channel,8,8,15,qaoa_transfer,nominal,256,1.145988538449194,1.145988538449194,True,3.587501123547554e-05,1,0.1821532822162765,0.07956026311191533,0.07274508656817562,5.622922808614484,1.2666498260473342,0.5378000000000001,0.0,0.04278750950158807,True,-2.042787509501588,modeled_qpu
channel,8,8,15,qaoa_transfer,stressed,256,1.145988538449194,1.145988538449194,True,3.587501123547554e-05,1,0.1821532822162765,0.07956026311191533,0.07274508656817562,5.622922808614484,1.2666498260473342,5.1712,0.0,0.4114220326043365,True,-2.4114220326043365,modeled_qpu
channel,8,8,15,qaoa_transfer,optimistic,1024,1.145988538449194,1.145988538449194,True,3.587501123547554e-05,1,0.1821532822162765,0.07956026311191533,0.07274508656817562,5.622922808614484,1.2666498260473342,0.022740000000000003,0.0,0.0018092003831649548,False,-0.0018092003831649548,modeled_qpu
channel,8,8,15,qaoa_transfer,nominal,1024,1.145988538449194,1.145988538449194,True,3.587501123547554e-05,1,0.1821532822162765,0.07956026311191533,0.07274508656817562,5.622922808614484,1.2666498260473342,0.5762,0.0,0.04584262360508562,True,-2.0458426236050857,modeled_qpu
channel,8,8,15,qaoa_transfer,stressed,1024,1.145988538449194,1.145988538449194,True,3.587501123547554e-05,1,0.1821532822162765,0.07956026311191533,0.07274508656817562,5.622922808614484,1.2666498260473342,5.3248,0.0,0.42364248901832674,True,-2.423642489018327,modeled_qpu
channel,8,8,16,qaoa_transfer,optimistic,16,2.1780181326795898,2.1780181326795898,True,3.6209006793797016e-05,1,0.20943840551099058,0.07921859996904998,0.05505862029231327,5.622922808614484,1.2666498260473342,0.012660000000000001,0.0,0.0010029074756081728,False,-0.0010029074756081728,modeled_qpu
channel,8,8,16,qaoa_transfer,nominal,16,2.1780181326795898,2.1780181326795898,True,3.6209006793797016e-05,1,0.20943840551099058,0.07921859996904998,0.05505862029231327,5.622922808614484,1.2666498260473342,0.5258,0.0,0.041653139863726485,True,-2.0416531398637265,modeled_qpu
channel,8,8,16,qaoa_transfer,stressed,16,2.1780181326795898,2.1780181326795898,True,3.6209006793797016e-05,1,0.20943840551099058,0.07921859996904998,0.05505862029231327,5.622922808614484,1.2666498260473342,5.1232,0.0,0.40585273136143685,True,-2.4058527313614366,modeled_qpu
channel,8,8,16,qaoa_transfer,optimistic,64,2.1780181326795898,2.1780181326795898,True,3.6209006793797016e-05,1,0.20943840551099058,0.07921859996904998,0.05505862029231327,5.622922808614484,1.2666498260473342,0.01314,0.0,0.0010409324035933168,False,-0.0010409324035933168,modeled_qpu
channel,8,8,16,qaoa_transfer,nominal,64,2.1780181326795898,2.1780181326795898,True,3.6209006793797016e-05,1,0.20943840551099058,0.07921859996904998,0.05505862029231327,5.622922808614484,1.2666498260473342,0.5282,0.0,0.0418432645036522,True,-2.0418432645036524,modeled_qpu
channel,8,8,16,qaoa_transfer,stressed,64,2.1780181326795898,2.1780181326795898,True,3.6209006793797016e-05,1,0.20943840551099058,0.07921859996904998,0.05505862029231327,5.622922808614484,1.2666498260473342,5.1328,0.0,0.4066132299211397,True,-2.4066132299211396,modeled_qpu
channel,8,8,16,qaoa_transfer,optimistic,256,2.1780181326795898,2.1780181326795898,True,3.6209006793797016e-05,1,0.20943840551099058,0.07921859996904998,0.05505862029231327,5.622922808614484,1.2666498260473342,0.01506,0.0,0.0011930321155338927,False,-0.0011930321155338927,modeled_qpu
channel,8,8,16,qaoa_transfer,nominal,256,2.1780181326795898,2.1780181326795898,True,3.6209006793797016e-05,1,0.20943840551099058,0.07921859996904998,0.05505862029231327,5.622922808614484,1.2666498260473342,0.5378000000000001,0.0,0.04260376306335508,True,-2.042603763063355,modeled_qpu
channel,8,8,16,qaoa_transfer,stressed,256,2.1780181326795898,2.1780181326795898,True,3.6209006793797016e-05,1,0.20943840551099058,0.07921859996904998,0.05505862029231327,5.622922808614484,1.2666498260473342,5.1712,0.0,0.40965522415995126,True,-2.4096552241599514,modeled_qpu
channel,8,8,16,qaoa_transfer,optimistic,1024,2.1780181326795898,2.1780181326795898,True,3.6209006793797016e-05,1,0.20943840551099058,0.07921859996904998,0.05505862029231327,5.622922808614484,1.2666498260473342,0.022740000000000003,0.0,0.0018014309632961968,False,-0.0018014309632961968,modeled_qpu
channel,8,8,16,qaoa_transfer,nominal,1024,2.1780181326795898,2.1780181326795898,True,3.6209006793797016e-05,1,0.20943840551099058,0.07921859996904998,0.05505862029231327,5.622922808614484,1.2666498260473342,0.5762,0.0,0.0456457573021666,True,-2.0456457573021667,modeled_qpu
channel,8,8,16,qaoa_transfer,stressed,1024,2.1780181326795898,2.1780181326795898,True,3.6209006793797016e-05,1,0.20943840551099058,0.07921859996904998,0.05505862029231327,5.622922808614484,1.2666498260473342,5.3248,0.0,0.42182320111519733,True,-2.421823201115197,modeled_qpu
channel,8,8,17,qaoa_transfer,optimistic,16,4.605624909306815,4.605624909306815,True,3.445800393819809e-05,1,0.2595566276516636,0.038493038829836235,0.04900681731864189,5.622922808614484,1.2666498260473342,0.012660000000000001,0.0,0.0004873218715857268,False,-0.0004873218715857268,modeled_qpu
channel,8,8,17,qaoa_transfer,nominal,16,4.605624909306815,4.605624909306815,True,3.445800393819809e-05,1,0.2595566276516636,0.038493038829836235,0.04900681731864189,5.622922808614484,1.2666498260473342,0.5258,0.0,0.020239639816727894,True,-2.0202396398167277,modeled_qpu
channel,8,8,17,qaoa_transfer,stressed,16,4.605624909306815,4.605624909306815,True,3.445800393819809e-05,1,0.2595566276516636,0.038493038829836235,0.04900681731864189,5.622922808614484,1.2666498260473342,5.1232,0.0,0.19720753653301698,True,-2.197207536533017,modeled_qpu
channel,8,8,17,qaoa_transfer,optimistic,64,4.605624909306815,4.605624909306815,True,3.445800393819809e-05,1,0.2595566276516636,0.038493038829836235,0.04900681731864189,5.622922808614484,1.2666498260473342,0.01314,0.0,0.0005057985302240482,False,-0.0005057985302240482,modeled_qpu
channel,8,8,17,qaoa_transfer,nominal,64,4.605624909306815,4.605624909306815,True,3.445800393819809e-05,1,0.2595566276516636,0.038493038829836235,0.04900681731864189,5.622922808614484,1.2666498260473342,0.5282,0.0,0.0203320231099195,True,-2.0203320231099196,modeled_qpu
channel,8,8,17,qaoa_transfer,stressed,64,4.605624909306815,4.605624909306815,True,3.445800393819809e-05,1,0.2595566276516636,0.038493038829836235,0.04900681731864189,5.622922808614484,1.2666498260473342,5.1328,0.0,0.1975770697057834,True,-2.1975770697057833,modeled_qpu
channel,8,8,17,qaoa_transfer,optimistic,256,4.605624909306815,4.605624909306815,True,3.445800393819809e-05,1,0.2595566276516636,0.038493038829836235,0.04900681731864189,5.622922808614484,1.2666498260473342,0.01506,0.0,0.0005797051647773337,False,-0.0005797051647773337,modeled_qpu
channel,8,8,17,qaoa_transfer,nominal,256,4.605624909306815,4.605624909306815,True,3.445800393819809e-05,1,0.2595566276516636,0.038493038829836235,0.04900681731864189,5.622922808614484,1.2666498260473342,0.5378000000000001,0.0,0.02070155628268593,True,-2.020701556282686,modeled_qpu
channel,8,8,17,qaoa_transfer,stressed,256,4.605624909306815,4.605624909306815,True,3.445800393819809e-05,1,0.2595566276516636,0.038493038829836235,0.04900681731864189,5.622922808614484,1.2666498260473342,5.1712,0.0,0.19905520239684912,True,-2.199055202396849,modeled_qpu
channel,8,8,17,qaoa_transfer,optimistic,1024,4.605624909306815,4.605624909306815,True,3.445800393819809e-05,1,0.2595566276516636,0.038493038829836235,0.04900681731864189,5.622922808614484,1.2666498260473342,0.022740000000000003,0.0,0.0008753317029904761,False,-0.0008753317029904761,modeled_qpu
channel,8,8,17,qaoa_transfer,nominal,1024,4.605624909306815,4.605624909306815,True,3.445800393819809e-05,1,0.2595566276516636,0.038493038829836235,0.04900681731864189,5.622922808614484,1.2666498260473342,0.5762,0.0,0.02217968897375164,True,-2.0221796889737518,modeled_qpu
channel,8,8,17,qaoa_transfer,stressed,1024,4.605624909306815,4.605624909306815,True,3.445800393819809e-05,1,0.2595566276516636,0.038493038829836235,0.04900681731864189,5.622922808614484,1.2666498260473342,5.3248,0.0,0.20496773316111197,True,-2.204967733161112,modeled_qpu
channel,8,8,18,qaoa_transfer,optimistic,16,3.0350523643965017,3.0350523643965017,True,3.208301495760679e-05,1,0.08568875193608598,0.012887260849878924,0.05211885348556302,5.622922808614484,1.2666498260473342,0.012660000000000001,0.0,0.00016315272235946718,False,-0.00016315272235946718,modeled_qpu
channel,8,8,18,qaoa_transfer,nominal,16,3.0350523643965017,3.0350523643965017,True,3.208301495760679e-05,1,0.08568875193608598,0.012887260849878924,0.05211885348556302,5.622922808614484,1.2666498260473342,0.5258,0.0,0.006776121754866338,True,-2.0067761217548665,modeled_qpu
channel,8,8,18,qaoa_transfer,stressed,16,3.0350523643965017,3.0350523643965017,True,3.208301495760679e-05,1,0.08568875193608598,0.012887260849878924,0.05211885348556302,5.622922808614484,1.2666498260473342,5.1232,0.0,0.06602401478609969,True,-2.0660240147860995,modeled_qpu
channel,8,8,18,qaoa_transfer,optimistic,64,3.0350523643965017,3.0350523643965017,True,3.208301495760679e-05,1,0.08568875193608598,0.012887260849878924,0.05211885348556302,5.622922808614484,1.2666498260473342,0.01314,0.0,0.00016933860756740906,False,-0.00016933860756740906,modeled_qpu
channel,8,8,18,qaoa_transfer,nominal,64,3.0350523643965017,3.0350523643965017,True,3.208301495760679e-05,1,0.08568875193608598,0.012887260849878924,0.05211885348556302,5.622922808614484,1.2666498260473342,0.5282,0.0,0.006807051180906048,True,-2.006807051180906,modeled_qpu
channel,8,8,18,qaoa_transfer,stressed,64,3.0350523643965017,3.0350523643965017,True,3.208301495760679e-05,1,0.08568875193608598,0.012887260849878924,0.05211885348556302,5.622922808614484,1.2666498260473342,5.1328,0.0,0.06614773249025853,True,-2.0661477324902586,modeled_qpu
channel,8,8,18,qaoa_transfer,optimistic,256,3.0350523643965017,3.0350523643965017,True,3.208301495760679e-05,1,0.08568875193608598,0.012887260849878924,0.05211885348556302,5.622922808614484,1.2666498260473342,0.01506,0.0,0.0001940821483991766,False,-0.0001940821483991766,modeled_qpu
channel,8,8,18,qaoa_transfer,nominal,256,3.0350523643965017,3.0350523643965017,True,3.208301495760679e-05,1,0.08568875193608598,0.012887260849878924,0.05211885348556302,5.622922808614484,1.2666498260473342,0.5378000000000001,0.0,0.0069307688850648854,True,-2.006930768885065,modeled_qpu
channel,8,8,18,qaoa_transfer,stressed,256,3.0350523643965017,3.0350523643965017,True,3.208301495760679e-05,1,0.08568875193608598,0.012887260849878924,0.05211885348556302,5.622922808614484,1.2666498260473342,5.1712,0.0,0.06664260330689388,True,-2.066642603306894,modeled_qpu
channel,8,8,18,qaoa_transfer,optimistic,1024,3.0350523643965017,3.0350523643965017,True,3.208301495760679e-05,1,0.08568875193608598,0.012887260849878924,0.05211885348556302,5.622922808614484,1.2666498260473342,0.022740000000000003,0.0,0.00029305631172624674,False,-0.00029305631172624674,modeled_qpu
channel,8,8,18,qaoa_transfer,nominal,1024,3.0350523643965017,3.0350523643965017,True,3.208301495760679e-05,1,0.08568875193608598,0.012887260849878924,0.05211885348556302,5.622922808614484,1.2666498260473342,0.5762,0.0,0.0074256397017002365,True,-2.0074256397017,modeled_qpu
channel,8,8,18,qaoa_transfer,stressed,1024,3.0350523643965017,3.0350523643965017,True,3.208301495760679e-05,1,0.08568875193608598,0.012887260849878924,0.05211885348556302,5.622922808614484,1.2666498260473342,5.3248,0.0,0.06862208657343528,True,-2.0686220865734355,modeled_qpu
channel,8,8,19,qaoa_transfer,optimistic,16,2.7811613097750407,2.698373233250244,True,3.133295103907585e-05,1,0.3233116134644368,0.02533643399505067,0.04536160269418355,5.622922808614484,1.2666498260473342,0.012660000000000001,0.02238499775536172,0.0003207592543773415,False,-0.022705757009739064,modeled_qpu
channel,8,8,19,qaoa_transfer,nominal,16,2.7811613097750407,2.698373233250244,True,3.133295103907585e-05,1,0.3233116134644368,0.02533643399505067,0.04536160269418355,5.622922808614484,1.2666498260473342,0.5258,0.02238499775536172,0.013321896994597644,True,-2.0357068947499593,modeled_qpu
channel,8,8,19,qaoa_transfer,stressed,16,2.7811613097750407,2.698373233250244,True,3.133295103907585e-05,1,0.3233116134644368,0.02533643399505067,0.04536160269418355,5.622922808614484,1.2666498260473342,5.1232,0.02238499775536172,0.12980361864344359,True,-2.1521886163988055,modeled_qpu
channel,8,8,19,qaoa_transfer,optimistic,64,2.698373233250244,2.698373233250244,True,3.133295103907585e-05,1,0.3233116134644368,0.02533643399505067,0.04536160269418355,5.622922808614484,1.2666498260473342,0.01314,0.0,0.0003329207426949658,False,-0.0003329207426949658,modeled_qpu
channel,8,8,19,qaoa_transfer,nominal,64,2.698373233250244,2.698373233250244,True,3.133295103907585e-05,1,0.3233116134644368,0.02533643399505067,0.04536160269418355,5.622922808614484,1.2666498260473342,0.5282,0.0,0.013382704436185763,True,-2.013382704436186,modeled_qpu
channel,8,8,19,qaoa_transfer,stressed,64,2.698373233250244,2.698373233250244,True,3.133295103907585e-05,1,0.3233116134644368,0.02533643399505067,0.04536160269418355,5.622922808614484,1.2666498260473342,5.1328,0.0,0.13004684840979605,True,-2.130046848409796,modeled_qpu
channel,8,8,19,qaoa_transfer,optimistic,256,2.698373233250244,2.698373233250244,True,3.133295103907585e-05,1,0.3233116134644368,0.02533643399505067,0.04536160269418355,5.622922808614484,1.2666498260473342,0.01506,0.0,0.00038156669596546306,False,-0.00038156669596546306,modeled_qpu
channel,8,8,19,qaoa_transfer,nominal,256,2.698373233250244,2.698373233250244,True,3.133295103907585e-05,1,0.3233116134644368,0.02533643399505067,0.04536160269418355,5.622922808614484,1.2666498260473342,0.5378000000000001,0.0,0.013625934202538251,True,-2.013625934202538,modeled_qpu
channel,8,8,19,qaoa_transfer,stressed,256,2.698373233250244,2.698373233250244,True,3.133295103907585e-05,1,0.3233116134644368,0.02533643399505067,0.04536160269418355,5.622922808614484,1.2666498260473342,5.1712,0.0,0.13101976747520602,True,-2.131019767475206,modeled_qpu
channel,8,8,19,qaoa_transfer,optimistic,1024,2.698373233250244,2.698373233250244,True,3.133295103907585e-05,1,0.3233116134644368,0.02533643399505067,0.04536160269418355,5.622922808614484,1.2666498260473342,0.022740000000000003,0.0,0.0005761505090474523,False,-0.0005761505090474523,modeled_qpu
channel,8,8,19,qaoa_transfer,nominal,1024,2.698373233250244,2.698373233250244,True,3.133295103907585e-05,1,0.3233116134644368,0.02533643399505067,0.04536160269418355,5.622922808614484,1.2666498260473342,0.5762,0.0,0.014598853267948197,True,-2.014598853267948,modeled_qpu
channel,8,8,19,qaoa_transfer,stressed,1024,2.698373233250244,2.698373233250244,True,3.133295103907585e-05,1,0.3233116134644368,0.02533643399505067,0.04536160269418355,5.622922808614484,1.2666498260473342,5.3248,0.0,0.1349114437368458,True,-2.1349114437368457,modeled_qpu
channel,8,8,20,qaoa_transfer,optimistic,16,6.8607210984450875,6.295517528052198,True,3.145798109471798e-05,1,0.46091924665964407,0.03760626715817884,0.036944182878665535,5.622922808614484,1.2666498260473342,0.012660000000000001,0.07747271776397079,0.00047609534222254414,False,-0.07794881310619332,modeled_qpu
channel,8,8,20,qaoa_transfer,nominal,16,6.8607210984450875,6.295517528052198,True,3.145798109471798e-05,1,0.46091924665964407,0.03760626715817884,0.036944182878665535,5.622922808614484,1.2666498260473342,0.5258,0.07747271776397079,0.019773375271770435,True,-2.097246093035741,modeled_qpu
channel,8,8,20,qaoa_transfer,stressed,16,6.8607210984450875,6.295517528052198,True,3.145798109471798e-05,1,0.46091924665964407,0.03760626715817884,0.036944182878665535,5.622922808614484,1.2666498260473342,5.1232,0.07747271776397079,0.1926644279047818,True,-2.2701371456687527,modeled_qpu
channel,8,8,20,qaoa_transfer,optimistic,64,6.295517528052198,6.295517528052198,True,3.145798109471798e-05,1,0.46091924665964407,0.03760626715817884,0.036944182878665535,5.622922808614484,1.2666498260473342,0.01314,0.0,0.00049414635045847,False,-0.00049414635045847,modeled_qpu
channel,8,8,20,qaoa_transfer,nominal,64,6.295517528052198,6.295517528052198,True,3.145798109471798e-05,1,0.46091924665964407,0.03760626715817884,0.036944182878665535,5.622922808614484,1.2666498260473342,0.5282,0.0,0.019863630312950062,True,-2.0198636303129502,modeled_qpu
channel,8,8,20,qaoa_transfer,stressed,64,6.295517528052198,6.295517528052198,True,3.145798109471798e-05,1,0.46091924665964407,0.03760626715817884,0.036944182878665535,5.622922808614484,1.2666498260473342,5.1328,0.0,0.1930254480695003,True,-2.1930254480695,modeled_qpu
channel,8,8,20,qaoa_transfer,optimistic,256,6.295517528052198,6.295517528052198,True,3.145798109471798e-05,1,0.46091924665964407,0.03760626715817884,0.036944182878665535,5.622922808614484,1.2666498260473342,0.01506,0.0,0.0005663503834021733,False,-0.0005663503834021733,modeled_qpu
channel,8,8,20,qaoa_transfer,nominal,256,6.295517528052198,6.295517528052198,True,3.145798109471798e-05,1,0.46091924665964407,0.03760626715817884,0.036944182878665535,5.622922808614484,1.2666498260473342,0.5378000000000001,0.0,0.020224650477668582,True,-2.0202246504776684,modeled_qpu
channel,8,8,20,qaoa_transfer,stressed,256,6.295517528052198,6.295517528052198,True,3.145798109471798e-05,1,0.46091924665964407,0.03760626715817884,0.036944182878665535,5.622922808614484,1.2666498260473342,5.1712,0.0,0.1944695287283744,True,-2.194469528728374,modeled_qpu
channel,8,8,20,qaoa_transfer,optimistic,1024,6.295517528052198,6.295517528052198,True,3.145798109471798e-05,1,0.46091924665964407,0.03760626715817884,0.036944182878665535,5.622922808614484,1.2666498260473342,0.022740000000000003,0.0,0.0008551665151769869,False,-0.0008551665151769869,modeled_qpu
channel,8,8,20,qaoa_transfer,nominal,1024,6.295517528052198,6.295517528052198,True,3.145798109471798e-05,1,0.46091924665964407,0.03760626715817884,0.036944182878665535,5.622922808614484,1.2666498260473342,0.5762,0.0,0.02166873113654265,True,-2.0216687311365424,modeled_qpu
channel,8,8,20,qaoa_transfer,stressed,1024,6.295517528052198,6.295517528052198,True,3.145798109471798e-05,1,0.46091924665964407,0.03760626715817884,0.036944182878665535,5.622922808614484,1.2666498260473342,5.3248,0.0,0.20024585136387066,True,-2.2002458513638707,modeled_qpu
channel,8,8,21,qaoa_transfer,optimistic,16,4.604656308141162,4.604656308141162,True,3.116601146757603e-05,1,0.2544334136101991,0.06207195512916059,0.04502135532140812,5.622922808614484,1.2666498260473342,0.012660000000000001,0.0,0.0007858309519351731,False,-0.0007858309519351731,modeled_qpu
channel,8,8,21,qaoa_transfer,nominal,16,4.604656308141162,4.604656308141162,True,3.116601146757603e-05,1,0.2544334136101991,0.06207195512916059,0.04502135532140812,5.622922808614484,1.2666498260473342,0.5258,0.0,0.032637434006912644,True,-2.0326374340069124,modeled_qpu
channel,8,8,21,qaoa_transfer,stressed,16,4.604656308141162,4.604656308141162,True,3.116601146757603e-05,1,0.2544334136101991,0.06207195512916059,0.04502135532140812,5.622922808614484,1.2666498260473342,5.1232,0.0,0.3180070405177155,True,-2.3180070405177156,modeled_qpu
channel,8,8,21,qaoa_transfer,optimistic,64,4.604656308141162,4.604656308141162,True,3.116601146757603e-05,1,0.2544334136101991,0.06207195512916059,0.04502135532140812,5.622922808614484,1.2666498260473342,0.01314,0.0,0.0008156254903971702,False,-0.0008156254903971702,modeled_qpu
channel,8,8,21,qaoa_transfer,nominal,64,4.604656308141162,4.604656308141162,True,3.116601146757603e-05,1,0.2544334136101991,0.06207195512916059,0.04502135532140812,5.622922808614484,1.2666498260473342,0.5282,0.0,0.03278640669922262,True,-2.0327864066992225,modeled_qpu
channel,8,8,21,qaoa_transfer,stressed,64,4.604656308141162,4.604656308141162,True,3.116601146757603e-05,1,0.2544334136101991,0.06207195512916059,0.04502135532140812,5.622922808614484,1.2666498260473342,5.1328,0.0,0.31860293128695544,True,-2.3186029312869554,modeled_qpu
channel,8,8,21,qaoa_transfer,optimistic,256,4.604656308141162,4.604656308141162,True,3.116601146757603e-05,1,0.2544334136101991,0.06207195512916059,0.04502135532140812,5.622922808614484,1.2666498260473342,0.01506,0.0,0.0009348036442451585,False,-0.0009348036442451585,modeled_qpu
channel,8,8,21,qaoa_transfer,nominal,256,4.604656308141162,4.604656308141162,True,3.116601146757603e-05,1,0.2544334136101991,0.06207195512916059,0.04502135532140812,5.622922808614484,1.2666498260473342,0.5378000000000001,0.0,0.033382297468462566,True,-2.0333822974684628,modeled_qpu
channel,8,8,21,qaoa_transfer,stressed,256,4.604656308141162,4.604656308141162,True,3.116601146757603e-05,1,0.2544334136101991,0.06207195512916059,0.04502135532140812,5.622922808614484,1.2666498260473342,5.1712,0.0,0.32098649436391524,True,-2.320986494363915,modeled_qpu
channel,8,8,21,qaoa_transfer,optimistic,1024,4.604656308141162,4.604656308141162,True,3.116601146757603e-05,1,0.2544334136101991,0.06207195512916059,0.04502135532140812,5.622922808614484,1.2666498260473342,0.022740000000000003,0.0,0.001411516259637112,False,-0.001411516259637112,modeled_qpu
channel,8,8,21,qaoa_transfer,nominal,1024,4.604656308141162,4.604656308141162,True,3.116601146757603e-05,1,0.2544334136101991,0.06207195512916059,0.04502135532140812,5.622922808614484,1.2666498260473342,0.5762,0.0,0.035765860545422336,True,-2.0357658605454225,modeled_qpu
channel,8,8,21,qaoa_transfer,stressed,1024,4.604656308141162,4.604656308141162,True,3.116601146757603e-05,1,0.2544334136101991,0.06207195512916059,0.04502135532140812,5.622922808614484,1.2666498260473342,5.3248,0.0,0.3305207466717543,True,-2.330520746671754,modeled_qpu
channel,8,8,22,qaoa_transfer,optimistic,16,3.3479122517929545,3.3479122517929545,True,3.1917006708681583e-05,1,0.11728832057680014,0.011605311792540115,0.05412930025940836,5.622922808614484,1.2666498260473342,0.012660000000000001,0.0,0.00014692324729355787,False,-0.00014692324729355787,modeled_qpu
channel,8,8,22,qaoa_transfer,nominal,16,3.3479122517929545,3.3479122517929545,True,3.1917006708681583e-05,1,0.11728832057680014,0.011605311792540115,0.05412930025940836,5.622922808614484,1.2666498260473342,0.5258,0.0,0.0061020729405175935,True,-2.0061020729405175,modeled_qpu
channel,8,8,22,qaoa_transfer,stressed,16,3.3479122517929545,3.3479122517929545,True,3.1917006708681583e-05,1,0.11728832057680014,0.011605311792540115,0.05412930025940836,5.622922808614484,1.2666498260473342,5.1232,0.0,0.059456333375541515,True,-2.0594563333755413,modeled_qpu
channel,8,8,22,qaoa_transfer,optimistic,64,3.3479122517929545,3.3479122517929545,True,3.1917006708681583e-05,1,0.11728832057680014,0.011605311792540115,0.05412930025940836,5.622922808614484,1.2666498260473342,0.01314,0.0,0.00015249379695397711,False,-0.00015249379695397711,modeled_qpu
channel,8,8,22,qaoa_transfer,nominal,64,3.3479122517929545,3.3479122517929545,True,3.1917006708681583e-05,1,0.11728832057680014,0.011605311792540115,0.05412930025940836,5.622922808614484,1.2666498260473342,0.5282,0.0,0.006129925688819689,True,-2.00612992568882,modeled_qpu
channel,8,8,22,qaoa_transfer,stressed,64,3.3479122517929545,3.3479122517929545,True,3.1917006708681583e-05,1,0.11728832057680014,0.011605311792540115,0.05412930025940836,5.622922808614484,1.2666498260473342,5.1328,0.0,0.0595677443687499,True,-2.05956774436875,modeled_qpu
channel,8,8,22,qaoa_transfer,optimistic,256,3.3479122517929545,3.3479122517929545,True,3.1917006708681583e-05,1,0.11728832057680014,0.011605311792540115,0.05412930025940836,5.622922808614484,1.2666498260473342,0.01506,0.0,0.00017477599559565413,False,-0.00017477599559565413,modeled_qpu
channel,8,8,22,qaoa_transfer,nominal,256,3.3479122517929545,3.3479122517929545,True,3.1917006708681583e-05,1,0.11728832057680014,0.011605311792540115,0.05412930025940836,5.622922808614484,1.2666498260473342,0.5378000000000001,0.0,0.006241336682028075,True,-2.006241336682028,modeled_qpu
channel,8,8,22,qaoa_transfer,stressed,256,3.3479122517929545,3.3479122517929545,True,3.1917006708681583e-05,1,0.11728832057680014,0.011605311792540115,0.05412930025940836,5.622922808614484,1.2666498260473342,5.1712,0.0,0.06001338834158344,True,-2.0600133883415834,modeled_qpu
channel,8,8,22,qaoa_transfer,optimistic,1024,3.3479122517929545,3.3479122517929545,True,3.1917006708681583e-05,1,0.11728832057680014,0.011605311792540115,0.05412930025940836,5.622922808614484,1.2666498260473342,0.022740000000000003,0.0,0.00026390479016236227,False,-0.00026390479016236227,modeled_qpu
channel,8,8,22,qaoa_transfer,nominal,1024,3.3479122517929545,3.3479122517929545,True,3.1917006708681583e-05,1,0.11728832057680014,0.011605311792540115,0.05412930025940836,5.622922808614484,1.2666498260473342,0.5762,0.0,0.006686980654861615,True,-2.0066869806548615,modeled_qpu
channel,8,8,22,qaoa_transfer,stressed,1024,3.3479122517929545,3.3479122517929545,True,3.1917006708681583e-05,1,0.11728832057680014,0.011605311792540115,0.05412930025940836,5.622922808614484,1.2666498260473342,5.3248,0.0,0.061795964232917604,True,-2.0617959642329176,modeled_qpu
channel,8,8,23,qaoa_transfer,optimistic,16,3.1968057842168593,3.1968057842168593,True,5.191704258322716e-05,1,0.10682012968434126,0.06795057926683164,0.05325874782102883,5.622922808614484,1.2666498260473342,0.012660000000000001,0.0,0.0008602543335180887,False,-0.0008602543335180887,modeled_qpu
channel,8,8,23,qaoa_transfer,nominal,16,3.1968057842168593,3.1968057842168593,True,5.191704258322716e-05,1,0.10682012968434126,0.06795057926683164,0.05325874782102883,5.622922808614484,1.2666498260473342,0.5258,0.0,0.03572841457850008,True,-2.0357284145785,modeled_qpu
channel,8,8,23,qaoa_transfer,stressed,16,3.1968057842168593,3.1968057842168593,True,5.191704258322716e-05,1,0.10682012968434126,0.06795057926683164,0.05325874782102883,5.622922808614484,1.2666498260473342,5.1232,0.0,0.34812440769983183,True,-2.348124407699832,modeled_qpu
channel,8,8,23,qaoa_transfer,optimistic,64,3.1968057842168593,3.1968057842168593,True,5.191704258322716e-05,1,0.10682012968434126,0.06795057926683164,0.05325874782102883,5.622922808614484,1.2666498260473342,0.01314,0.0,0.0008928706115661678,False,-0.0008928706115661678,modeled_qpu
channel,8,8,23,qaoa_transfer,nominal,64,3.1968057842168593,3.1968057842168593,True,5.191704258322716e-05,1,0.10682012968434126,0.06795057926683164,0.05325874782102883,5.622922808614484,1.2666498260473342,0.5282,0.0,0.03589149596874047,True,-2.0358914959687406,modeled_qpu
channel,8,8,23,qaoa_transfer,stressed,64,3.1968057842168593,3.1968057842168593,True,5.191704258322716e-05,1,0.10682012968434126,0.06795057926683164,0.05325874782102883,5.622922808614484,1.2666498260473342,5.1328,0.0,0.3487767332607934,True,-2.3487767332607934,modeled_qpu
channel,8,8,23,qaoa_transfer,optimistic,256,3.1968057842168593,3.1968057842168593,True,5.191704258322716e-05,1,0.10682012968434126,0.06795057926683164,0.05325874782102883,5.622922808614484,1.2666498260473342,0.01506,0.0,0.0010233357237584846,False,-0.0010233357237584846,modeled_qpu
channel,8,8,23,qaoa_transfer,nominal,256,3.1968057842168593,3.1968057842168593,True,5.191704258322716e-05,1,0.10682012968434126,0.06795057926683164,0.05325874782102883,5.622922808614484,1.2666498260473342,0.5378000000000001,0.0,0.03654382152970206,True,-2.036543821529702,modeled_qpu
channel,8,8,23,qaoa_transfer,stressed,256,3.1968057842168593,3.1968057842168593,True,5.191704258322716e-05,1,0.10682012968434126,0.06795057926683164,0.05325874782102883,5.622922808614484,1.2666498260473342,5.1712,0.0,0.35138603550463976,True,-2.35138603550464,modeled_qpu
channel,8,8,23,qaoa_transfer,optimistic,1024,3.1968057842168593,3.1968057842168593,True,5.191704258322716e-05,1,0.10682012968434126,0.06795057926683164,0.05325874782102883,5.622922808614484,1.2666498260473342,0.022740000000000003,0.0,0.0015451961725277516,False,-0.0015451961725277516,modeled_qpu
channel,8,8,23,qaoa_transfer,nominal,1024,3.1968057842168593,3.1968057842168593,True,5.191704258322716e-05,1,0.10682012968434126,0.06795057926683164,0.05325874782102883,5.622922808614484,1.2666498260473342,0.5762,0.0,0.03915312377354839,True,-2.0391531237735485,modeled_qpu
channel,8,8,23,qaoa_transfer,stressed,1024,3.1968057842168593,3.1968057842168593,True,5.191704258322716e-05,1,0.10682012968434126,0.06795057926683164,0.05325874782102883,5.622922808614484,1.2666498260473342,5.3248,0.0,0.36182324448002506,True,-2.361823244480025,modeled_qpu
channel,8,8,24,qaoa_transfer,optimistic,16,3.0577798563619014,2.7987983199872097,True,3.5624951124191284e-05,1,0.25550905966693693,0.043112540488110744,0.048741616822050915,5.622922808614484,1.2666498260473342,0.012660000000000001,0.06817459484807913,0.0005458047625794821,False,-0.06872039961065861,modeled_qpu
channel,8,8,24,qaoa_transfer,nominal,16,3.0577798563619014,2.7987983199872097,True,3.5624951124191284e-05,1,0.25550905966693693,0.043112540488110744,0.048741616822050915,5.622922808614484,1.2666498260473342,0.5258,0.06817459484807913,0.02266857378864863,True,-2.0908431686367277,modeled_qpu
channel,8,8,24,qaoa_transfer,stressed,16,3.0577798563619014,2.7987983199872097,True,3.5624951124191284e-05,1,0.25550905966693693,0.043112540488110744,0.048741616822050915,5.622922808614484,1.2666498260473342,5.1232,0.06817459484807913,0.22087416742868896,True,-2.289048762276768,modeled_qpu
channel,8,8,24,qaoa_transfer,optimistic,64,2.7987983199872097,2.7987983199872097,True,3.5624951124191284e-05,1,0.25550905966693693,0.043112540488110744,0.048741616822050915,5.622922808614484,1.2666498260473342,0.01314,0.0,0.0005664987820137752,False,-0.0005664987820137752,modeled_qpu
channel,8,8,24,qaoa_transfer,nominal,64,2.7987983199872097,2.7987983199872097,True,3.5624951124191284e-05,1,0.25550905966693693,0.043112540488110744,0.048741616822050915,5.622922808614484,1.2666498260473342,0.5282,0.0,0.022772043885820097,True,-2.02277204388582,modeled_qpu
channel,8,8,24,qaoa_transfer,stressed,64,2.7987983199872097,2.7987983199872097,True,3.5624951124191284e-05,1,0.25550905966693693,0.043112540488110744,0.048741616822050915,5.622922808614484,1.2666498260473342,5.1328,0.0,0.22128804781737482,True,-2.221288047817375,modeled_qpu
channel,8,8,24,qaoa_transfer,optimistic,256,2.7987983199872097,2.7987983199872097,True,3.5624951124191284e-05,1,0.25550905966693693,0.043112540488110744,0.048741616822050915,5.622922808614484,1.2666498260473342,0.01506,0.0,0.0006492748597509479,False,-0.0006492748597509479,modeled_qpu
channel,8,8,24,qaoa_transfer,nominal,256,2.7987983199872097,2.7987983199872097,True,3.5624951124191284e-05,1,0.25550905966693693,0.043112540488110744,0.048741616822050915,5.622922808614484,1.2666498260473342,0.5378000000000001,0.0,0.02318592427450596,True,-2.023185924274506,modeled_qpu
channel,8,8,24,qaoa_transfer,stressed,256,2.7987983199872097,2.7987983199872097,True,3.5624951124191284e-05,1,0.25550905966693693,0.043112540488110744,0.048741616822050915,5.622922808614484,1.2666498260473342,5.1712,0.0,0.22294356937211826,True,-2.2229435693721182,modeled_qpu
channel,8,8,24,qaoa_transfer,optimistic,1024,2.7987983199872097,2.7987983199872097,True,3.5624951124191284e-05,1,0.25550905966693693,0.043112540488110744,0.048741616822050915,5.622922808614484,1.2666498260473342,0.022740000000000003,0.0,0.0009803791706996384,False,-0.0009803791706996384,modeled_qpu
channel,8,8,24,qaoa_transfer,nominal,1024,2.7987983199872097,2.7987983199872097,True,3.5624951124191284e-05,1,0.25550905966693693,0.043112540488110744,0.048741616822050915,5.622922808614484,1.2666498260473342,0.5762,0.0,0.024841445829249412,True,-2.0248414458292494,modeled_qpu
channel,8,8,24,qaoa_transfer,stressed,1024,2.7987983199872097,2.7987983199872097,True,3.5624951124191284e-05,1,0.25550905966693693,0.043112540488110744,0.048741616822050915,5.622922808614484,1.2666498260473342,5.3248,0.0,0.22956565559109207,True,-2.229565655591092,modeled_qpu
channel,8,8,25,qaoa_transfer,optimistic,16,5.118707163530018,5.118707163530018,True,3.2917014323174953e-05,1,0.09871562234134221,0.04031316423611707,0.03196954685756209,5.622922808614484,1.2666498260473342,0.012660000000000001,0.0,0.0005103646592292422,False,-0.0005103646592292422,modeled_qpu
channel,8,8,25,qaoa_transfer,nominal,16,5.118707163530018,5.118707163530018,True,3.2917014323174953e-05,1,0.09871562234134221,0.04031316423611707,0.03196954685756209,5.622922808614484,1.2666498260473342,0.5258,0.0,0.021196661755350357,True,-2.0211966617553503,modeled_qpu
channel,8,8,25,qaoa_transfer,stressed,16,5.118707163530018,5.118707163530018,True,3.2917014323174953e-05,1,0.09871562234134221,0.04031316423611707,0.03196954685756209,5.622922808614484,1.2666498260473342,5.1232,0.0,0.20653240301447495,True,-2.206532403014475,modeled_qpu
channel,8,8,25,qaoa_transfer,optimistic,64,5.118707163530018,5.118707163530018,True,3.2917014323174953e-05,1,0.09871562234134221,0.04031316423611707,0.03196954685756209,5.622922808614484,1.2666498260473342,0.01314,0.0,0.0005297149780625783,False,-0.0005297149780625783,modeled_qpu
channel,8,8,25,qaoa_transfer,nominal,64,5.118707163530018,5.118707163530018,True,3.2917014323174953e-05,1,0.09871562234134221,0.04031316423611707,0.03196954685756209,5.622922808614484,1.2666498260473342,0.5282,0.0,0.021293413349517037,True,-2.021293413349517,modeled_qpu
channel,8,8,25,qaoa_transfer,stressed,64,5.118707163530018,5.118707163530018,True,3.2917014323174953e-05,1,0.09871562234134221,0.04031316423611707,0.03196954685756209,5.622922808614484,1.2666498260473342,5.1328,0.0,0.20691940939114167,True,-2.2069194093911415,modeled_qpu
channel,8,8,25,qaoa_transfer,optimistic,256,5.118707163530018,5.118707163530018,True,3.2917014323174953e-05,1,0.09871562234134221,0.04031316423611707,0.03196954685756209,5.622922808614484,1.2666498260473342,0.01506,0.0,0.000607116253395923,False,-0.000607116253395923,modeled_qpu
channel,8,8,25,qaoa_transfer,nominal,256,5.118707163530018,5.118707163530018,True,3.2917014323174953e-05,1,0.09871562234134221,0.04031316423611707,0.03196954685756209,5.622922808614484,1.2666498260473342,0.5378000000000001,0.0,0.021680419726183762,True,-2.021680419726184,modeled_qpu
channel,8,8,25,qaoa_transfer,stressed,256,5.118707163530018,5.118707163530018,True,3.2917014323174953e-05,1,0.09871562234134221,0.04031316423611707,0.03196954685756209,5.622922808614484,1.2666498260473342,5.1712,0.0,0.20846743489780858,True,-2.2084674348978086,modeled_qpu
channel,8,8,25,qaoa_transfer,optimistic,1024,5.118707163530018,5.118707163530018,True,3.2917014323174953e-05,1,0.09871562234134221,0.04031316423611707,0.03196954685756209,5.622922808614484,1.2666498260473342,0.022740000000000003,0.0,0.0009167213547293023,False,-0.0009167213547293023,modeled_qpu
channel,8,8,25,qaoa_transfer,nominal,1024,5.118707163530018,5.118707163530018,True,3.2917014323174953e-05,1,0.09871562234134221,0.04031316423611707,0.03196954685756209,5.622922808614484,1.2666498260473342,0.5762,0.0,0.023228445232850656,True,-2.0232284452328506,modeled_qpu
channel,8,8,25,qaoa_transfer,stressed,1024,5.118707163530018,5.118707163530018,True,3.2917014323174953e-05,1,0.09871562234134221,0.04031316423611707,0.03196954685756209,5.622922808614484,1.2666498260473342,5.3248,0.0,0.21465953692447615,True,-2.214659536924476,modeled_qpu
channel,8,8,26,qaoa_transfer,optimistic,16,2.7181858304502375,2.7181858304502375,True,4.1915918700397015e-05,1,0.2042745485164602,0.041254146895371185,0.05541249905687304,5.622922808614484,1.2666498260473342,0.012660000000000001,0.0,0.0005222774996953992,False,-0.0005222774996953992,modeled_qpu
channel,8,8,26,qaoa_transfer,nominal,16,2.7181858304502375,2.7181858304502375,True,4.1915918700397015e-05,1,0.2042745485164602,0.041254146895371185,0.05541249905687304,5.622922808614484,1.2666498260473342,0.5258,0.0,0.02169143043758617,True,-2.021691430437586,modeled_qpu
channel,8,8,26,qaoa_transfer,stressed,16,2.7181858304502375,2.7181858304502375,True,4.1915918700397015e-05,1,0.2042745485164602,0.041254146895371185,0.05541249905687304,5.622922808614484,1.2666498260473342,5.1232,0.0,0.21135324537436564,True,-2.2113532453743656,modeled_qpu
channel,8,8,26,qaoa_transfer,optimistic,64,2.7181858304502375,2.7181858304502375,True,4.1915918700397015e-05,1,0.2042745485164602,0.041254146895371185,0.05541249905687304,5.622922808614484,1.2666498260473342,0.01314,0.0,0.0005420794902051774,False,-0.0005420794902051774,modeled_qpu
channel,8,8,26,qaoa_transfer,nominal,64,2.7181858304502375,2.7181858304502375,True,4.1915918700397015e-05,1,0.2042745485164602,0.041254146895371185,0.05541249905687304,5.622922808614484,1.2666498260473342,0.5282,0.0,0.02179044039013506,True,-2.0217904403901352,modeled_qpu
channel,8,8,26,qaoa_transfer,stressed,64,2.7181858304502375,2.7181858304502375,True,4.1915918700397015e-05,1,0.2042745485164602,0.041254146895371185,0.05541249905687304,5.622922808614484,1.2666498260473342,5.1328,0.0,0.2117492851845612,True,-2.211749285184561,modeled_qpu
channel,8,8,26,qaoa_transfer,optimistic,256,2.7181858304502375,2.7181858304502375,True,4.1915918700397015e-05,1,0.2042745485164602,0.041254146895371185,0.05541249905687304,5.622922808614484,1.2666498260473342,0.01506,0.0,0.0006212874522442901,False,-0.0006212874522442901,modeled_qpu
channel,8,8,26,qaoa_transfer,nominal,256,2.7181858304502375,2.7181858304502375,True,4.1915918700397015e-05,1,0.2042745485164602,0.041254146895371185,0.05541249905687304,5.622922808614484,1.2666498260473342,0.5378000000000001,0.0,0.022186480200330625,True,-2.0221864802003306,modeled_qpu
channel,8,8,26,qaoa_transfer,stressed,256,2.7181858304502375,2.7181858304502375,True,4.1915918700397015e-05,1,0.2042745485164602,0.041254146895371185,0.05541249905687304,5.622922808614484,1.2666498260473342,5.1712,0.0,0.21333344442534347,True,-2.2133334444253436,modeled_qpu
channel,8,8,26,qaoa_transfer,optimistic,1024,2.7181858304502375,2.7181858304502375,True,4.1915918700397015e-05,1,0.2042745485164602,0.041254146895371185,0.05541249905687304,5.622922808614484,1.2666498260473342,0.022740000000000003,0.0,0.0009381193004007409,False,-0.0009381193004007409,modeled_qpu
channel,8,8,26,qaoa_transfer,nominal,1024,2.7181858304502375,2.7181858304502375,True,4.1915918700397015e-05,1,0.2042745485164602,0.041254146895371185,0.05541249905687304,5.622922808614484,1.2666498260473342,0.5762,0.0,0.02377063944111288,True,-2.023770639441113,modeled_qpu
channel,8,8,26,qaoa_transfer,stressed,1024,2.7181858304502375,2.7181858304502375,True,4.1915918700397015e-05,1,0.2042745485164602,0.041254146895371185,0.05541249905687304,5.622922808614484,1.2666498260473342,5.3248,0.0,0.21967008138847247,True,-2.2196700813884727,modeled_qpu
channel,8,8,27,qaoa_transfer,optimistic,16,7.186828406841656,7.186828406841656,True,3.245798870921135e-05,1,0.21311296506489888,0.0723370690590779,0.03786912425700549,5.622922808614484,1.2666498260473342,0.012660000000000001,0.0,0.0009157872942879263,False,-0.0009157872942879263,modeled_qpu
channel,8,8,27,qaoa_transfer,nominal,16,7.186828406841656,7.186828406841656,True,3.245798870921135e-05,1,0.21311296506489888,0.0723370690590779,0.03786912425700549,5.622922808614484,1.2666498260473342,0.5258,0.0,0.03803483091126316,True,-2.038034830911263,modeled_qpu
channel,8,8,27,qaoa_transfer,stressed,16,7.186828406841656,7.186828406841656,True,3.245798870921135e-05,1,0.21311296506489888,0.0723370690590779,0.03786912425700549,5.622922808614484,1.2666498260473342,5.1232,0.0,0.3705972722034679,True,-2.370597272203468,modeled_qpu
channel,8,8,27,qaoa_transfer,optimistic,64,7.186828406841656,7.186828406841656,True,3.245798870921135e-05,1,0.21311296506489888,0.0723370690590779,0.03786912425700549,5.622922808614484,1.2666498260473342,0.01314,0.0,0.0009505090874362837,False,-0.0009505090874362837,modeled_qpu
channel,8,8,27,qaoa_transfer,nominal,64,7.186828406841656,7.186828406841656,True,3.245798870921135e-05,1,0.21311296506489888,0.0723370690590779,0.03786912425700549,5.622922808614484,1.2666498260473342,0.5282,0.0,0.038208439877004945,True,-2.038208439877005,modeled_qpu
channel,8,8,27,qaoa_transfer,stressed,64,7.186828406841656,7.186828406841656,True,3.245798870921135e-05,1,0.21311296506489888,0.0723370690590779,0.03786912425700549,5.622922808614484,1.2666498260473342,5.1328,0.0,0.371291708066435,True,-2.371291708066435,modeled_qpu
channel,8,8,27,qaoa_transfer,optimistic,256,7.186828406841656,7.186828406841656,True,3.245798870921135e-05,1,0.21311296506489888,0.0723370690590779,0.03786912425700549,5.622922808614484,1.2666498260473342,0.01506,0.0,0.0010893962600297131,False,-0.0010893962600297131,modeled_qpu
channel,8,8,27,qaoa_transfer,nominal,256,7.186828406841656,7.186828406841656,True,3.245798870921135e-05,1,0.21311296506489888,0.0723370690590779,0.03786912425700549,5.622922808614484,1.2666498260473342,0.5378000000000001,0.0,0.0389028757399721,True,-2.0389028757399723,modeled_qpu
channel,8,8,27,qaoa_transfer,stressed,256,7.186828406841656,7.186828406841656,True,3.245798870921135e-05,1,0.21311296506489888,0.0723370690590779,0.03786912425700549,5.622922808614484,1.2666498260473342,5.1712,0.0,0.3740694515183036,True,-2.3740694515183036,modeled_qpu
channel,8,8,27,qaoa_transfer,optimistic,1024,7.186828406841656,7.186828406841656,True,3.245798870921135e-05,1,0.21311296506489888,0.0723370690590779,0.03786912425700549,5.622922808614484,1.2666498260473342,0.022740000000000003,0.0,0.0016449449504034317,False,-0.0016449449504034317,modeled_qpu
channel,8,8,27,qaoa_transfer,nominal,1024,7.186828406841656,7.186828406841656,True,3.245798870921135e-05,1,0.21311296506489888,0.0723370690590779,0.03786912425700549,5.622922808614484,1.2666498260473342,0.5762,0.0,0.04168061919184069,True,-2.041680619191841,modeled_qpu
channel,8,8,27,qaoa_transfer,stressed,1024,7.186828406841656,7.186828406841656,True,3.245798870921135e-05,1,0.21311296506489888,0.0723370690590779,0.03786912425700549,5.622922808614484,1.2666498260473342,5.3248,0.0,0.38518042532577795,True,-2.385180425325778,modeled_qpu
channel,8,8,28,qaoa_transfer,optimistic,16,1.5889288167696036,1.5889288167696036,True,3.187498077750206e-05,1,0.3789569523126244,0.07997958877829896,0.04664781726318476,5.622922808614484,1.2666498260473342,0.012660000000000001,0.0,0.0010125415939332648,False,-0.0010125415939332648,modeled_qpu
channel,8,8,28,qaoa_transfer,nominal,16,1.5889288167696036,1.5889288167696036,True,3.187498077750206e-05,1,0.3789569523126244,0.07997958877829896,0.04664781726318476,5.622922808614484,1.2666498260473342,0.5258,0.0,0.042053267779629595,True,-2.0420532677796297,modeled_qpu
channel,8,8,28,qaoa_transfer,stressed,16,1.5889288167696036,1.5889288167696036,True,3.187498077750206e-05,1,0.3789569523126244,0.07997958877829896,0.04664781726318476,5.622922808614484,1.2666498260473342,5.1232,0.0,0.4097514292289812,True,-2.4097514292289812,modeled_qpu
channel,8,8,28,qaoa_transfer,optimistic,64,1.5889288167696036,1.5889288167696036,True,3.187498077750206e-05,1,0.3789569523126244,0.07997958877829896,0.04664781726318476,5.622922808614484,1.2666498260473342,0.01314,0.0,0.0010509317965468484,False,-0.0010509317965468484,modeled_qpu
channel,8,8,28,qaoa_transfer,nominal,64,1.5889288167696036,1.5889288167696036,True,3.187498077750206e-05,1,0.3789569523126244,0.07997958877829896,0.04664781726318476,5.622922808614484,1.2666498260473342,0.5282,0.0,0.04224521879269751,True,-2.0422452187926976,modeled_qpu
channel,8,8,28,qaoa_transfer,stressed,64,1.5889288167696036,1.5889288167696036,True,3.187498077750206e-05,1,0.3789569523126244,0.07997958877829896,0.04664781726318476,5.622922808614484,1.2666498260473342,5.1328,0.0,0.41051923328125284,True,-2.410519233281253,modeled_qpu
channel,8,8,28,qaoa_transfer,optimistic,256,1.5889288167696036,1.5889288167696036,True,3.187498077750206e-05,1,0.3789569523126244,0.07997958877829896,0.04664781726318476,5.622922808614484,1.2666498260473342,0.01506,0.0,0.0012044926070011823,False,-0.0012044926070011823,modeled_qpu
channel,8,8,28,qaoa_transfer,nominal,256,1.5889288167696036,1.5889288167696036,True,3.187498077750206e-05,1,0.3789569523126244,0.07997958877829896,0.04664781726318476,5.622922808614484,1.2666498260473342,0.5378000000000001,0.0,0.04301302284496918,True,-2.043013022844969,modeled_qpu
channel,8,8,28,qaoa_transfer,stressed,256,1.5889288167696036,1.5889288167696036,True,3.187498077750206e-05,1,0.3789569523126244,0.07997958877829896,0.04664781726318476,5.622922808614484,1.2666498260473342,5.1712,0.0,0.4135904494903396,True,-2.4135904494903397,modeled_qpu
channel,8,8,28,qaoa_transfer,optimistic,1024,1.5889288167696036,1.5889288167696036,True,3.187498077750206e-05,1,0.3789569523126244,0.07997958877829896,0.04664781726318476,5.622922808614484,1.2666498260473342,0.022740000000000003,0.0,0.0018187358488185187,False,-0.0018187358488185187,modeled_qpu
channel,8,8,28,qaoa_transfer,nominal,1024,1.5889288167696036,1.5889288167696036,True,3.187498077750206e-05,1,0.3789569523126244,0.07997958877829896,0.04664781726318476,5.622922808614484,1.2666498260473342,0.5762,0.0,0.04608423905405586,True,-2.0460842390540557,modeled_qpu
channel,8,8,28,qaoa_transfer,stressed,1024,1.5889288167696036,1.5889288167696036,True,3.187498077750206e-05,1,0.3789569523126244,0.07997958877829896,0.04664781726318476,5.622922808614484,1.2666498260473342,5.3248,0.0,0.4258753143266863,True,-2.4258753143266865,modeled_qpu
channel,8,8,29,qaoa_transfer,optimistic,16,3.8440464794763765,2.489361953464548,True,3.0957977287471294e-05,1,0.49139054102970714,0.044008002676364566,0.04520251494007664,5.622922808614484,1.2666498260473342,0.012660000000000001,0.38823273253919033,0.0005571413138827755,False,-0.3887898738530731,modeled_qpu
channel,8,8,29,qaoa_transfer,nominal,16,3.8440464794763765,2.489361953464548,True,3.0957977287471294e-05,1,0.49139054102970714,0.044008002676364566,0.04520251494007664,5.622922808614484,1.2666498260473342,0.5258,0.38823273253919033,0.02313940780723249,True,-2.411372140346423,modeled_qpu
channel,8,8,29,qaoa_transfer,stressed,16,3.8440464794763765,2.489361953464548,True,3.0957977287471294e-05,1,0.49139054102970714,0.044008002676364566,0.04520251494007664,5.622922808614484,1.2666498260473342,5.1232,0.38823273253919033,0.22546179931155094,True,-2.6136945318507414,modeled_qpu
channel,8,8,29,qaoa_transfer,optimistic,64,2.489361953464548,2.489361953464548,True,3.0957977287471294e-05,1,0.49139054102970714,0.044008002676364566,0.04520251494007664,5.622922808614484,1.2666498260473342,0.01314,0.0,0.0005782651551674305,False,-0.0005782651551674305,modeled_qpu
channel,8,8,29,qaoa_transfer,nominal,64,2.489361953464548,2.489361953464548,True,3.0957977287471294e-05,1,0.49139054102970714,0.044008002676364566,0.04520251494007664,5.622922808614484,1.2666498260473342,0.5282,0.0,0.023245027013655765,True,-2.023245027013656,modeled_qpu
channel,8,8,29,qaoa_transfer,stressed,64,2.489361953464548,2.489361953464548,True,3.0957977287471294e-05,1,0.49139054102970714,0.044008002676364566,0.04520251494007664,5.622922808614484,1.2666498260473342,5.1328,0.0,0.22588427613724402,True,-2.225884276137244,modeled_qpu
channel,8,8,29,qaoa_transfer,optimistic,256,2.489361953464548,2.489361953464548,True,3.0957977287471294e-05,1,0.49139054102970714,0.044008002676364566,0.04520251494007664,5.622922808614484,1.2666498260473342,0.01506,0.0,0.0006627605203060504,False,-0.0006627605203060504,modeled_qpu
channel,8,8,29,qaoa_transfer,nominal,256,2.489361953464548,2.489361953464548,True,3.0957977287471294e-05,1,0.49139054102970714,0.044008002676364566,0.04520251494007664,5.622922808614484,1.2666498260473342,0.5378000000000001,0.0,0.023667503839348868,True,-2.023667503839349,modeled_qpu
channel,8,8,29,qaoa_transfer,stressed,256,2.489361953464548,2.489361953464548,True,3.0957977287471294e-05,1,0.49139054102970714,0.044008002676364566,0.04520251494007664,5.622922808614484,1.2666498260473342,5.1712,0.0,0.22757418344001643,True,-2.2275741834400162,modeled_qpu
channel,8,8,29,qaoa_transfer,optimistic,1024,2.489361953464548,2.489361953464548,True,3.0957977287471294e-05,1,0.49139054102970714,0.044008002676364566,0.04520251494007664,5.622922808614484,1.2666498260473342,0.022740000000000003,0.0,0.0010007419808605305,False,-0.0010007419808605305,modeled_qpu
channel,8,8,29,qaoa_transfer,nominal,1024,2.489361953464548,2.489361953464548,True,3.0957977287471294e-05,1,0.49139054102970714,0.044008002676364566,0.04520251494007664,5.622922808614484,1.2666498260473342,0.5762,0.0,0.025357411142121266,True,-2.0253574111421213,modeled_qpu
channel,8,8,29,qaoa_transfer,stressed,1024,2.489361953464548,2.489361953464548,True,3.0957977287471294e-05,1,0.49139054102970714,0.044008002676364566,0.04520251494007664,5.622922808614484,1.2666498260473342,5.3248,0.0,0.23433381265110603,True,-2.234333812651106,modeled_qpu
channel,9,9,15,qaoa_transfer,optimistic,16,6.003019473182673,3.6593816689929657,True,4.900002386420965e-05,1,0.21801141682348554,0.06102799614063604,0.004571143827072514,0.2593956435378983,1.2715572852225145,0.012660000000000001,0.5029933091307024,0.0007726144311404524,False,-0.5037659235618428,modeled_qpu
channel,9,9,15,qaoa_transfer,nominal,16,6.003019473182673,3.6593816689929657,True,4.900002386420965e-05,1,0.21801141682348554,0.06102799614063604,0.004571143827072514,0.2593956435378983,1.2715572852225145,0.5258,0.5029933091307024,0.03208852037074643,True,-2.535081829501449,modeled_qpu
channel,9,9,15,qaoa_transfer,stressed,16,6.003019473182673,3.6593816689929657,True,4.900002386420965e-05,1,0.21801141682348554,0.06102799614063604,0.004571143827072514,0.2593956435378983,1.2715572852225145,5.1232,0.5029933091307024,0.31265862982770654,True,-2.8156519389584087,modeled_qpu
channel,9,9,15,qaoa_transfer,optimistic,64,3.6593816689929657,3.6593816689929657,True,4.900002386420965e-05,1,0.21801141682348554,0.06102799614063604,0.004571143827072514,0.2593956435378983,1.2715572852225145,0.01314,0.0,0.0008019078692879576,False,-0.0008019078692879576,modeled_qpu
channel,9,9,15,qaoa_transfer,nominal,64,3.6593816689929657,3.6593816689929657,True,4.900002386420965e-05,1,0.21801141682348554,0.06102799614063604,0.004571143827072514,0.2593956435378983,1.2715572852225145,0.5282,0.0,0.032234987561483956,True,-2.032234987561484,modeled_qpu
channel,9,9,15,qaoa_transfer,stressed,64,3.6593816689929657,3.6593816689929657,True,4.900002386420965e-05,1,0.21801141682348554,0.06102799614063604,0.004571143827072514,0.2593956435378983,1.2715572852225145,5.1328,0.0,0.3132444985906566,True,-2.313244498590657,modeled_qpu
channel,9,9,15,qaoa_transfer,optimistic,256,3.6593816689929657,3.6593816689929657,True,4.900002386420965e-05,1,0.21801141682348554,0.06102799614063604,0.004571143827072514,0.2593956435378983,1.2715572852225145,0.01506,0.0,0.0009190816218779788,False,-0.0009190816218779788,modeled_qpu
channel,9,9,15,qaoa_transfer,nominal,256,3.6593816689929657,3.6593816689929657,True,4.900002386420965e-05,1,0.21801141682348554,0.06102799614063604,0.004571143827072514,0.2593956435378983,1.2715572852225145,0.5378000000000001,0.0,0.032820856324434065,True,-2.032820856324434,modeled_qpu
channel,9,9,15,qaoa_transfer,stressed,256,3.6593816689929657,3.6593816689929657,True,4.900002386420965e-05,1,0.21801141682348554,0.06102799614063604,0.004571143827072514,0.2593956435378983,1.2715572852225145,5.1712,0.0,0.31558797364245705,True,-2.315587973642457,modeled_qpu
channel,9,9,15,qaoa_transfer,optimistic,1024,3.6593816689929657,3.6593816689929657,True,4.900002386420965e-05,1,0.21801141682348554,0.06102799614063604,0.004571143827072514,0.2593956435378983,1.2715572852225145,0.022740000000000003,0.0,0.0013877766322380636,False,-0.0013877766322380636,modeled_qpu
channel,9,9,15,qaoa_transfer,nominal,1024,3.6593816689929657,3.6593816689929657,True,4.900002386420965e-05,1,0.21801141682348554,0.06102799614063604,0.004571143827072514,0.2593956435378983,1.2715572852225145,0.5762,0.0,0.03516433137623449,True,-2.0351643313762344,modeled_qpu
channel,9,9,15,qaoa_transfer,stressed,1024,3.6593816689929657,3.6593816689929657,True,4.900002386420965e-05,1,0.21801141682348554,0.06102799614063604,0.004571143827072514,0.2593956435378983,1.2715572852225145,5.3248,0.0,0.32496187384965874,True,-2.324961873849659,modeled_qpu
channel,9,9,16,qaoa_transfer,optimistic,16,4.743441844533065,3.720977277999353,True,4.2082974687218666e-05,1,0.05960709114041271,0.02086524106071882,0.004523081924506521,0.2593956435378983,1.2715572852225145,0.012660000000000001,0.21657900606694086,0.00026415395182870027,False,-0.21684316001876955,modeled_qpu
channel,9,9,16,qaoa_transfer,nominal,16,4.743441844533065,3.720977277999353,True,4.2082974687218666e-05,1,0.05960709114041271,0.02086524106071882,0.004523081924506521,0.2593956435378983,1.2715572852225145,0.5258,0.21657900606694086,0.010970943749725955,True,-2.227549949816667,modeled_qpu
channel,9,9,16,qaoa_transfer,stressed,16,4.743441844533065,3.720977277999353,True,4.2082974687218666e-05,1,0.05960709114041271,0.02086524106071882,0.004523081924506521,0.2593956435378983,1.2715572852225145,5.1232,0.21657900606694086,0.10689680300227465,True,-2.3234758090692154,modeled_qpu
channel,9,9,16,qaoa_transfer,optimistic,64,4.836368293006529,3.720977277999353,True,4.2082974687218666e-05,1,0.05960709114041271,0.02086524106071882,0.004523081924506521,0.2593956435378983,1.2715572852225145,0.01314,0.2362627374219971,0.0002741692675378453,False,-0.23653690668953495,modeled_qpu
channel,9,9,16,qaoa_transfer,nominal,64,4.836368293006529,3.720977277999353,True,4.2082974687218666e-05,1,0.05960709114041271,0.02086524106071882,0.004523081924506521,0.2593956435378983,1.2715572852225145,0.5282,0.2362627374219971,0.01102102032827168,True,-2.2472837577502687,modeled_qpu
channel,9,9,16,qaoa_transfer,stressed,64,4.836368293006529,3.720977277999353,True,4.2082974687218666e-05,1,0.05960709114041271,0.02086524106071882,0.004523081924506521,0.2593956435378983,1.2715572852225145,5.1328,0.2362627374219971,0.10709710931645754,True,-2.343359846738455,modeled_qpu
channel,9,9,16,qaoa_transfer,optimistic,256,3.720977277999353,3.720977277999353,True,4.2082974687218666e-05,1,0.05960709114041271,0.02086524106071882,0.004523081924506521,0.2593956435378983,1.2715572852225145,0.01506,0.0,0.0003142305303744254,False,-0.0003142305303744254,modeled_qpu
channel,9,9,16,qaoa_transfer,nominal,256,3.720977277999353,3.720977277999353,True,4.2082974687218666e-05,1,0.05960709114041271,0.02086524106071882,0.004523081924506521,0.2593956435378983,1.2715572852225145,0.5378000000000001,0.0,0.011221326642454581,True,-2.011221326642455,modeled_qpu
channel,9,9,16,qaoa_transfer,stressed,256,3.720977277999353,3.720977277999353,True,4.2082974687218666e-05,1,0.05960709114041271,0.02086524106071882,0.004523081924506521,0.2593956435378983,1.2715572852225145,5.1712,0.0,0.10789833457318915,True,-2.107898334573189,modeled_qpu
channel,9,9,16,qaoa_transfer,optimistic,1024,3.720977277999353,3.720977277999353,True,4.2082974687218666e-05,1,0.05960709114041271,0.02086524106071882,0.004523081924506521,0.2593956435378983,1.2715572852225145,0.022740000000000003,0.0,0.000474475581720746,False,-0.000474475581720746,modeled_qpu
channel,9,9,16,qaoa_transfer,nominal,1024,3.720977277999353,3.720977277999353,True,4.2082974687218666e-05,1,0.05960709114041271,0.02086524106071882,0.004523081924506521,0.2593956435378983,1.2715572852225145,0.5762,0.0,0.012022551899186185,True,-2.0120225518991863,modeled_qpu
channel,9,9,16,qaoa_transfer,stressed,1024,3.720977277999353,3.720977277999353,True,4.2082974687218666e-05,1,0.05960709114041271,0.02086524106071882,0.004523081924506521,0.2593956435378983,1.2715572852225145,5.3248,0.0,0.11110323560011556,True,-2.1111032356001154,modeled_qpu
channel,9,9,17,qaoa_transfer,optimistic,16,4.155162203269757,2.7477416978123235,True,4.062510561197996e-05,1,0.30718030490276355,0.04660451775706269,0.004544965707953248,0.2593956435378983,1.2715572852225145,0.012660000000000001,0.37553828917264764,0.0005900131948044137,False,-0.37612830236745204,modeled_qpu
channel,9,9,17,qaoa_transfer,nominal,16,4.155162203269757,2.7477416978123235,True,4.062510561197996e-05,1,0.30718030490276355,0.04660451775706269,0.004544965707953248,0.2593956435378983,1.2715572852225145,0.5258,0.37553828917264764,0.024504655436663563,True,-2.4000429446093112,modeled_qpu
channel,9,9,17,qaoa_transfer,stressed,16,4.155162203269757,2.7477416978123235,True,4.062510561197996e-05,1,0.30718030490276355,0.04660451775706269,0.004544965707953248,0.2593956435378983,1.2715572852225145,5.1232,0.37553828917264764,0.23876426537298356,True,-2.614302554545631,modeled_qpu
channel,9,9,17,qaoa_transfer,optimistic,64,2.7477416978123235,2.7477416978123235,True,4.062510561197996e-05,1,0.30718030490276355,0.04660451775706269,0.004544965707953248,0.2593956435378983,1.2715572852225145,0.01314,0.0,0.0006123833633278038,False,-0.0006123833633278038,modeled_qpu
channel,9,9,17,qaoa_transfer,nominal,64,2.7477416978123235,2.7477416978123235,True,4.062510561197996e-05,1,0.30718030490276355,0.04660451775706269,0.004544965707953248,0.2593956435378983,1.2715572852225145,0.5282,0.0,0.02461650627928051,True,-2.0246165062792807,modeled_qpu
channel,9,9,17,qaoa_transfer,stressed,64,2.7477416978123235,2.7477416978123235,True,4.062510561197996e-05,1,0.30718030490276355,0.04660451775706269,0.004544965707953248,0.2593956435378983,1.2715572852225145,5.1328,0.0,0.23921166874345134,True,-2.2392116687434513,modeled_qpu
channel,9,9,17,qaoa_transfer,optimistic,256,2.7477416978123235,2.7477416978123235,True,4.062510561197996e-05,1,0.30718030490276355,0.04660451775706269,0.004544965707953248,0.2593956435378983,1.2715572852225145,0.01506,0.0,0.0007018640374213641,False,-0.0007018640374213641,modeled_qpu
channel,9,9,17,qaoa_transfer,nominal,256,2.7477416978123235,2.7477416978123235,True,4.062510561197996e-05,1,0.30718030490276355,0.04660451775706269,0.004544965707953248,0.2593956435378983,1.2715572852225145,0.5378000000000001,0.0,0.025063909649748316,True,-2.0250639096497483,modeled_qpu
channel,9,9,17,qaoa_transfer,stressed,256,2.7477416978123235,2.7477416978123235,True,4.062510561197996e-05,1,0.30718030490276355,0.04660451775706269,0.004544965707953248,0.2593956435378983,1.2715572852225145,5.1712,0.0,0.24100128222532258,True,-2.2410012822253225,modeled_qpu
channel,9,9,17,qaoa_transfer,optimistic,1024,2.7477416978123235,2.7477416978123235,True,4.062510561197996e-05,1,0.30718030490276355,0.04660451775706269,0.004544965707953248,0.2593956435378983,1.2715572852225145,0.022740000000000003,0.0,0.0010597867337956057,False,-0.0010597867337956057,modeled_qpu
channel,9,9,17,qaoa_transfer,nominal,1024,2.7477416978123235,2.7477416978123235,True,4.062510561197996e-05,1,0.30718030490276355,0.04660451775706269,0.004544965707953248,0.2593956435378983,1.2715572852225145,0.5762,0.0,0.02685352313161952,True,-2.0268535231316194,modeled_qpu
channel,9,9,17,qaoa_transfer,stressed,1024,2.7477416978123235,2.7477416978123235,True,4.062510561197996e-05,1,0.30718030490276355,0.04660451775706269,0.004544965707953248,0.2593956435378983,1.2715572852225145,5.3248,0.0,0.2481597361528074,True,-2.2481597361528074,modeled_qpu
channel,9,9,18,qaoa_transfer,optimistic,16,2.8035103757971864,1.9684642302727349,True,4.070799332112074e-05,1,0.16052840114219608,0.07969676648163877,0.004603661755520136,0.2593956435378983,1.2715572852225145,0.012660000000000001,0.2813057799412087,0.001008961063657547,False,-0.28231474100486625,modeled_qpu
channel,9,9,18,qaoa_transfer,nominal,16,2.8035103757971864,1.9684642302727349,True,4.070799332112074e-05,1,0.16052840114219608,0.07969676648163877,0.004603661755520136,0.2593956435378983,1.2715572852225145,0.5258,0.2813057799412087,0.04190455981604567,True,-2.3232103397572543,modeled_qpu
channel,9,9,18,qaoa_transfer,stressed,16,2.8035103757971864,1.9684642302727349,True,4.070799332112074e-05,1,0.16052840114219608,0.07969676648163877,0.004603661755520136,0.2593956435378983,1.2715572852225145,5.1232,0.2813057799412087,0.40830247403873177,True,-2.6896082539799404,modeled_qpu
channel,9,9,18,qaoa_transfer,optimistic,64,3.6099150864548646,1.9684642302727349,True,4.070799332112074e-05,1,0.16052840114219608,0.07969676648163877,0.004603661755520136,0.2593956435378983,1.2715572852225145,0.01314,0.5529629898997696,0.0010472155115687335,False,-0.5540102054113383,modeled_qpu
channel,9,9,18,qaoa_transfer,nominal,64,3.6099150864548646,1.9684642302727349,True,4.070799332112074e-05,1,0.16052840114219608,0.07969676648163877,0.004603661755520136,0.2593956435378983,1.2715572852225145,0.5282,0.5529629898997696,0.0420958320556016,True,-2.595058821955371,modeled_qpu
channel,9,9,18,qaoa_transfer,stressed,64,3.6099150864548646,1.9684642302727349,True,4.070799332112074e-05,1,0.16052840114219608,0.07969676648163877,0.004603661755520136,0.2593956435378983,1.2715572852225145,5.1328,0.5529629898997696,0.40906756299695546,True,-2.9620305528967252,modeled_qpu
channel,9,9,18,qaoa_transfer,optimistic,256,1.9684642302727349,1.9684642302727349,True,4.070799332112074e-05,1,0.16052840114219608,0.07969676648163877,0.004603661755520136,0.2593956435378983,1.2715572852225145,0.01506,0.0,0.00120023330321348,False,-0.00120023330321348,modeled_qpu
channel,9,9,18,qaoa_transfer,nominal,256,1.9684642302727349,1.9684642302727349,True,4.070799332112074e-05,1,0.16052840114219608,0.07969676648163877,0.004603661755520136,0.2593956435378983,1.2715572852225145,0.5378000000000001,0.0,0.04286092101382533,True,-2.0428609210138253,modeled_qpu
channel,9,9,18,qaoa_transfer,stressed,256,1.9684642302727349,1.9684642302727349,True,4.070799332112074e-05,1,0.16052840114219608,0.07969676648163877,0.004603661755520136,0.2593956435378983,1.2715572852225145,5.1712,0.0,0.4121279188298504,True,-2.4121279188298503,modeled_qpu
channel,9,9,18,qaoa_transfer,optimistic,1024,1.9684642302727349,1.9684642302727349,True,4.070799332112074e-05,1,0.16052840114219608,0.07969676648163877,0.004603661755520136,0.2593956435378983,1.2715572852225145,0.022740000000000003,0.0,0.001812304469792466,False,-0.001812304469792466,modeled_qpu
channel,9,9,18,qaoa_transfer,nominal,1024,1.9684642302727349,1.9684642302727349,True,4.070799332112074e-05,1,0.16052840114219608,0.07969676648163877,0.004603661755520136,0.2593956435378983,1.2715572852225145,0.5762,0.0,0.04592127684672027,True,-2.04592127684672,modeled_qpu
channel,9,9,18,qaoa_transfer,stressed,1024,1.9684642302727349,1.9684642302727349,True,4.070799332112074e-05,1,0.16052840114219608,0.07969676648163877,0.004603661755520136,0.2593956435378983,1.2715572852225145,5.3248,0.0,0.42436934216143013,True,-2.4243693421614303,modeled_qpu
channel,9,9,19,qaoa_transfer,optimistic,16,4.701803230938875,2.9677756585361585,True,4.1958061046898365e-05,1,0.33162347092556027,0.028097122820865034,0.00452101061785816,0.2593956435378983,1.2715572852225145,0.012660000000000001,0.4370276249545963,0.00035570957491215137,False,-0.43738333452950845,modeled_qpu
channel,9,9,19,qaoa_transfer,nominal,16,4.701803230938875,2.9677756585361585,True,4.1958061046898365e-05,1,0.33162347092556027,0.028097122820865034,0.00452101061785816,0.2593956435378983,1.2715572852225145,0.5258,0.4370276249545963,0.014773467179210836,True,-2.451801092133807,modeled_qpu
channel,9,9,19,qaoa_transfer,stressed,16,4.701803230938875,2.9677756585361585,True,4.1958061046898365e-05,1,0.33162347092556027,0.028097122820865034,0.00452101061785816,0.2593956435378983,1.2715572852225145,5.1232,0.4370276249545963,0.14394717963585574,True,-2.580974804590452,modeled_qpu
channel,9,9,19,qaoa_transfer,optimistic,64,3.121178417532989,2.9677756585361585,True,4.1958061046898365e-05,1,0.33162347092556027,0.028097122820865034,0.00452101061785816,0.2593956435378983,1.2715572852225145,0.01314,0.03866215537332718,0.0003691961938661666,False,-0.03903135156719335,modeled_qpu
channel,9,9,19,qaoa_transfer,nominal,64,3.121178417532989,2.9677756585361585,True,4.1958061046898365e-05,1,0.33162347092556027,0.028097122820865034,0.00452101061785816,0.2593956435378983,1.2715572852225145,0.5282,0.03866215537332718,0.014840900273980911,True,-2.053503055647308,modeled_qpu
channel,9,9,19,qaoa_transfer,stressed,64,3.121178417532989,2.9677756585361585,True,4.1958061046898365e-05,1,0.33162347092556027,0.028097122820865034,0.00452101061785816,0.2593956435378983,1.2715572852225145,5.1328,0.03866215537332718,0.14421691201493603,True,-2.182879067388263,modeled_qpu
channel,9,9,19,qaoa_transfer,optimistic,256,2.9677756585361585,2.9677756585361585,True,4.1958061046898365e-05,1,0.33162347092556027,0.028097122820865034,0.00452101061785816,0.2593956435378983,1.2715572852225145,0.01506,0.0,0.0004231426696822274,False,-0.0004231426696822274,modeled_qpu
channel,9,9,19,qaoa_transfer,nominal,256,2.9677756585361585,2.9677756585361585,True,4.1958061046898365e-05,1,0.33162347092556027,0.028097122820865034,0.00452101061785816,0.2593956435378983,1.2715572852225145,0.5378000000000001,0.0,0.015110632653061217,True,-2.015110632653061,modeled_qpu
channel,9,9,19,qaoa_transfer,stressed,256,2.9677756585361585,2.9677756585361585,True,4.1958061046898365e-05,1,0.33162347092556027,0.028097122820865034,0.00452101061785816,0.2593956435378983,1.2715572852225145,5.1712,0.0,0.14529584153125727,True,-2.145295841531257,modeled_qpu
channel,9,9,19,qaoa_transfer,optimistic,1024,2.9677756585361585,2.9677756585361585,True,4.1958061046898365e-05,1,0.33162347092556027,0.028097122820865034,0.00452101061785816,0.2593956435378983,1.2715572852225145,0.022740000000000003,0.0,0.000638928572946471,False,-0.000638928572946471,modeled_qpu
channel,9,9,19,qaoa_transfer,nominal,1024,2.9677756585361585,2.9677756585361585,True,4.1958061046898365e-05,1,0.33162347092556027,0.028097122820865034,0.00452101061785816,0.2593956435378983,1.2715572852225145,0.5762,0.0,0.016189562169382433,True,-2.0161895621693824,modeled_qpu
channel,9,9,19,qaoa_transfer,stressed,1024,2.9677756585361585,2.9677756585361585,True,4.1958061046898365e-05,1,0.33162347092556027,0.028097122820865034,0.00452101061785816,0.2593956435378983,1.2715572852225145,5.3248,0.0,0.14961155959654213,True,-2.149611559596542,modeled_qpu
channel,9,9,20,qaoa_transfer,optimistic,16,6.846062309312865,5.291246635498655,True,4.0500075556337833e-05,1,0.34112415231169463,0.07742120366981738,0.004522661840458913,0.2593956435378983,1.2715572852225145,0.012660000000000001,0.24713952001835213,0.0009801524384598882,False,-0.24811967245681202,modeled_qpu
channel,9,9,20,qaoa_transfer,nominal,16,6.846062309312865,5.291246635498655,True,4.0500075556337833e-05,1,0.34112415231169463,0.07742120366981738,0.004522661840458913,0.2593956435378983,1.2715572852225145,0.5258,0.24713952001835213,0.04070806888958998,True,-2.287847588907942,modeled_qpu
channel,9,9,20,qaoa_transfer,stressed,16,6.846062309312865,5.291246635498655,True,4.0500075556337833e-05,1,0.34112415231169463,0.07742120366981738,0.004522661840458913,0.2593956435378983,1.2715572852225145,5.1232,0.24713952001835213,0.39664431064120836,True,-2.6437838306595607,modeled_qpu
channel,9,9,20,qaoa_transfer,optimistic,64,7.099484317337181,5.291246635498655,True,4.0500075556337833e-05,1,0.34112415231169463,0.07742120366981738,0.004522661840458913,0.2593956435378983,1.2715572852225145,0.01314,0.2874212038732451,0.0010173146162214004,False,-0.2884385184894665,modeled_qpu
channel,9,9,20,qaoa_transfer,nominal,64,7.099484317337181,5.291246635498655,True,4.0500075556337833e-05,1,0.34112415231169463,0.07742120366981738,0.004522661840458913,0.2593956435378983,1.2715572852225145,0.5282,0.2874212038732451,0.040893879778397535,True,-2.328315083651643,modeled_qpu
channel,9,9,20,qaoa_transfer,stressed,64,7.099484317337181,5.291246635498655,True,4.0500075556337833e-05,1,0.34112415231169463,0.07742120366981738,0.004522661840458913,0.2593956435378983,1.2715572852225145,5.1328,0.2874212038732451,0.3973875541964386,True,-2.6848087580696838,modeled_qpu
channel,9,9,20,qaoa_transfer,optimistic,256,6.846062309312865,5.291246635498655,True,4.0500075556337833e-05,1,0.34112415231169463,0.07742120366981738,0.004522661840458913,0.2593956435378983,1.2715572852225145,0.01506,0.24713952001835213,0.0011659633272674498,False,-0.24830548334561958,modeled_qpu
channel,9,9,20,qaoa_transfer,nominal,256,6.846062309312865,5.291246635498655,True,4.0500075556337833e-05,1,0.34112415231169463,0.07742120366981738,0.004522661840458913,0.2593956435378983,1.2715572852225145,0.5378000000000001,0.24713952001835213,0.04163712333362779,True,-2.28877664335198,modeled_qpu
channel,9,9,20,qaoa_transfer,stressed,256,6.846062309312865,5.291246635498655,True,4.0500075556337833e-05,1,0.34112415231169463,0.07742120366981738,0.004522661840458913,0.2593956435378983,1.2715572852225145,5.1712,0.24713952001835213,0.4003605284173596,True,-2.647500048435712,modeled_qpu
channel,9,9,20,qaoa_transfer,optimistic,1024,5.291246635498655,5.291246635498655,True,4.0500075556337833e-05,1,0.34112415231169463,0.07742120366981738,0.004522661840458913,0.2593956435378983,1.2715572852225145,0.022740000000000003,0.0,0.0017605581714516473,False,-0.0017605581714516473,modeled_qpu
channel,9,9,20,qaoa_transfer,nominal,1024,5.291246635498655,5.291246635498655,True,4.0500075556337833e-05,1,0.34112415231169463,0.07742120366981738,0.004522661840458913,0.2593956435378983,1.2715572852225145,0.5762,0.0,0.044610097554548776,True,-2.044610097554549,modeled_qpu
channel,9,9,20,qaoa_transfer,stressed,1024,5.291246635498655,5.291246635498655,True,4.0500075556337833e-05,1,0.34112415231169463,0.07742120366981738,0.004522661840458913,0.2593956435378983,1.2715572852225145,5.3248,0.0,0.41225242530104356,True,-2.412252425301044,modeled_qpu
channel,9,9,21,qaoa_transfer,optimistic,16,5.980478046688866,0.5780119553853942,True,4.058296326547861e-05,1,0.18145782692668633,0.028321219384300052,0.004715223696685422,0.2593956435378983,1.2715572852225145,0.012660000000000001,3.4235900893311295,0.0003585466374052387,False,-3.423948635968535,modeled_qpu
channel,9,9,21,qaoa_transfer,nominal,16,5.980478046688866,0.5780119553853942,True,4.058296326547861e-05,1,0.18145782692668633,0.028321219384300052,0.004715223696685422,0.2593956435378983,1.2715572852225145,0.5258,3.4235900893311295,0.01489129715226497,True,-5.438481386483394,modeled_qpu
channel,9,9,21,qaoa_transfer,stressed,16,5.980478046688866,0.5780119553853942,True,4.058296326547861e-05,1,0.18145782692668633,0.028321219384300052,0.004715223696685422,0.2593956435378983,1.2715572852225145,5.1232,3.4235900893311295,0.14509527114964602,True,-5.568685360480775,modeled_qpu
channel,9,9,21,qaoa_transfer,optimistic,64,3.7344275302136234,0.5780119553853942,True,4.058296326547861e-05,1,0.18145782692668633,0.028321219384300052,0.004715223696685422,0.2593956435378983,1.2715572852225145,0.01314,2.0002482009442986,0.0003721408227097027,False,-2.000620341767008,modeled_qpu
channel,9,9,21,qaoa_transfer,nominal,64,3.7344275302136234,0.5780119553853942,True,4.058296326547861e-05,1,0.18145782692668633,0.028321219384300052,0.004715223696685422,0.2593956435378983,1.2715572852225145,0.5282,2.0002482009442986,0.014959268078787287,True,-4.0152074690230855,modeled_qpu
channel,9,9,21,qaoa_transfer,stressed,64,3.7344275302136234,0.5780119553853942,True,4.058296326547861e-05,1,0.18145782692668633,0.028321219384300052,0.004715223696685422,0.2593956435378983,1.2715572852225145,5.1328,2.0002482009442986,0.1453671548557353,True,-4.145615355800034,modeled_qpu
channel,9,9,21,qaoa_transfer,optimistic,256,0.5780119553853942,0.5780119553853942,True,4.058296326547861e-05,1,0.18145782692668633,0.028321219384300052,0.004715223696685422,0.2593956435378983,1.2715572852225145,0.01506,0.0,0.0004265175639275588,False,-0.0004265175639275588,modeled_qpu
channel,9,9,21,qaoa_transfer,nominal,256,0.5780119553853942,0.5780119553853942,True,4.058296326547861e-05,1,0.18145782692668633,0.028321219384300052,0.004715223696685422,0.2593956435378983,1.2715572852225145,0.5378000000000001,0.0,0.01523115178487657,True,-2.0152311517848767,modeled_qpu
channel,9,9,21,qaoa_transfer,stressed,256,0.5780119553853942,0.5780119553853942,True,4.058296326547861e-05,1,0.18145782692668633,0.028321219384300052,0.004715223696685422,0.2593956435378983,1.2715572852225145,5.1712,0.0,0.14645468968009243,True,-2.1464546896800925,modeled_qpu
channel,9,9,21,qaoa_transfer,optimistic,1024,0.5780119553853942,0.5780119553853942,True,4.058296326547861e-05,1,0.18145782692668633,0.028321219384300052,0.004715223696685422,0.2593956435378983,1.2715572852225145,0.022740000000000003,0.0,0.0006440245287989833,False,-0.0006440245287989833,modeled_qpu
channel,9,9,21,qaoa_transfer,nominal,1024,0.5780119553853942,0.5780119553853942,True,4.058296326547861e-05,1,0.18145782692668633,0.028321219384300052,0.004715223696685422,0.2593956435378983,1.2715572852225145,0.5762,0.0,0.01631868660923369,True,-2.0163186866092335,modeled_qpu
channel,9,9,21,qaoa_transfer,stressed,1024,0.5780119553853942,0.5780119553853942,True,4.058296326547861e-05,1,0.18145782692668633,0.028321219384300052,0.004715223696685422,0.2593956435378983,1.2715572852225145,5.3248,0.0,0.1508048289775209,True,-2.150804828977521,modeled_qpu
channel,9,9,22,qaoa_transfer,optimistic,16,6.747064607741892,4.917235889404069,True,5.4333009757101536e-05,1,0.489013529465931,0.04606827912989815,0.004488482675287755,0.2593956435378983,1.2715572852225145,0.012660000000000001,0.3092370749684794,0.0005832244137845107,False,-0.3098202993822639,modeled_qpu
channel,9,9,22,qaoa_transfer,nominal,16,6.747064607741892,4.917235889404069,True,5.4333009757101536e-05,1,0.489013529465931,0.04606827912989815,0.004488482675287755,0.2593956435378983,1.2715572852225145,0.5258,0.3092370749684794,0.02422270116650045,True,-2.33345977613498,modeled_qpu
channel,9,9,22,qaoa_transfer,stressed,16,6.747064607741892,4.917235889404069,True,5.4333009757101536e-05,1,0.489013529465931,0.04606827912989815,0.004488482675287755,0.2593956435378983,1.2715572852225145,5.1232,0.3092370749684794,0.2360170076382942,True,-2.5452540826067738,modeled_qpu
channel,9,9,22,qaoa_transfer,optimistic,64,4.955962470844048,4.917235889404069,True,5.4333009757101536e-05,1,0.489013529465931,0.04606827912989815,0.004488482675287755,0.2593956435378983,1.2715572852225145,0.01314,0.006544708063662917,0.0006053371877668617,False,-0.007150045251429779,modeled_qpu
channel,9,9,22,qaoa_transfer,nominal,64,4.955962470844048,4.917235889404069,True,5.4333009757101536e-05,1,0.489013529465931,0.04606827912989815,0.004488482675287755,0.2593956435378983,1.2715572852225145,0.5282,0.006544708063662917,0.024333265036412203,True,-2.030877973100075,modeled_qpu
channel,9,9,22,qaoa_transfer,stressed,64,4.955962470844048,4.917235889404069,True,5.4333009757101536e-05,1,0.489013529465931,0.04606827912989815,0.004488482675287755,0.2593956435378983,1.2715572852225145,5.1328,0.006544708063662917,0.23645926311794122,True,-2.2430039711816043,modeled_qpu
channel,9,9,22,qaoa_transfer,optimistic,256,4.955962470844048,4.917235889404069,True,5.4333009757101536e-05,1,0.489013529465931,0.04606827912989815,0.004488482675287755,0.2593956435378983,1.2715572852225145,0.01506,0.006544708063662917,0.0006937882836962662,False,-0.007238496347359183,modeled_qpu
channel,9,9,22,qaoa_transfer,nominal,256,4.955962470844048,4.917235889404069,True,5.4333009757101536e-05,1,0.489013529465931,0.04606827912989815,0.004488482675287755,0.2593956435378983,1.2715572852225145,0.5378000000000001,0.006544708063662917,0.02477552051605923,True,-2.0313202285797223,modeled_qpu
channel,9,9,22,qaoa_transfer,stressed,256,4.955962470844048,4.917235889404069,True,5.4333009757101536e-05,1,0.489013529465931,0.04606827912989815,0.004488482675287755,0.2593956435378983,1.2715572852225145,5.1712,0.006544708063662917,0.23822828503652932,True,-2.244772993100192,modeled_qpu
channel,9,9,22,qaoa_transfer,optimistic,1024,4.917235889404069,4.917235889404069,True,5.4333009757101536e-05,1,0.489013529465931,0.04606827912989815,0.004488482675287755,0.2593956435378983,1.2715572852225145,0.022740000000000003,0.0,0.0010475926674138841,False,-0.0010475926674138841,modeled_qpu
channel,9,9,22,qaoa_transfer,nominal,1024,4.917235889404069,4.917235889404069,True,5.4333009757101536e-05,1,0.489013529465931,0.04606827912989815,0.004488482675287755,0.2593956435378983,1.2715572852225145,0.5762,0.0,0.026544542434647315,True,-2.0265445424346473,modeled_qpu
channel,9,9,22,qaoa_transfer,stressed,1024,4.917235889404069,4.917235889404069,True,5.4333009757101536e-05,1,0.489013529465931,0.04606827912989815,0.004488482675287755,0.2593956435378983,1.2715572852225145,5.3248,0.0,0.24530437271088165,True,-2.2453043727108817,modeled_qpu
channel,9,9,23,qaoa_transfer,optimistic,16,6.720605341800924,2.769744759216313,True,4.658394027501345e-05,1,0.2611339709881363,0.01447547227160314,0.004591360992484277,0.2593956435378983,1.2715572852225145,0.012660000000000001,1.0480445852270248,0.00018325947895849576,False,-1.0482278447059834,modeled_qpu
channel,9,9,23,qaoa_transfer,nominal,16,6.720605341800924,2.769744759216313,True,4.658394027501345e-05,1,0.2611339709881363,0.01447547227160314,0.004591360992484277,0.2593956435378983,1.2715572852225145,0.5258,1.0480445852270248,0.0076112033204089324,True,-3.055655788547434,modeled_qpu
channel,9,9,23,qaoa_transfer,stressed,16,6.720605341800924,2.769744759216313,True,4.658394027501345e-05,1,0.2611339709881363,0.01447547227160314,0.004591360992484277,0.2593956435378983,1.2715572852225145,5.1232,1.0480445852270248,0.07416073954187721,True,-3.122205324768902,modeled_qpu
channel,9,9,23,qaoa_transfer,optimistic,64,3.9523382941272245,2.769744759216313,True,4.658394027501345e-05,1,0.2611339709881363,0.01447547227160314,0.004591360992484277,0.2593956435378983,1.2715572852225145,0.01314,0.3137065266871699,0.00019020770564886528,False,-0.3138967343928188,modeled_qpu
channel,9,9,23,qaoa_transfer,nominal,64,3.9523382941272245,2.769744759216313,True,4.658394027501345e-05,1,0.2611339709881363,0.01447547227160314,0.004591360992484277,0.2593956435378983,1.2715572852225145,0.5282,0.3137065266871699,0.007645944453860779,True,-2.3213524711410307,modeled_qpu
channel,9,9,23,qaoa_transfer,stressed,64,3.9523382941272245,2.769744759216313,True,4.658394027501345e-05,1,0.2611339709881363,0.01447547227160314,0.004591360992484277,0.2593956435378983,1.2715572852225145,5.1328,0.3137065266871699,0.07429970407568459,True,-2.3880062307628545,modeled_qpu
channel,9,9,23,qaoa_transfer,optimistic,256,2.769744759216313,2.769744759216313,True,4.658394027501345e-05,1,0.2611339709881363,0.01447547227160314,0.004591360992484277,0.2593956435378983,1.2715572852225145,0.01506,0.0,0.00021800061241034332,False,-0.00021800061241034332,modeled_qpu
channel,9,9,23,qaoa_transfer,nominal,256,2.769744759216313,2.769744759216313,True,4.658394027501345e-05,1,0.2611339709881363,0.01447547227160314,0.004591360992484277,0.2593956435378983,1.2715572852225145,0.5378000000000001,0.0,0.00778490898766817,True,-2.0077849089876683,modeled_qpu
channel,9,9,23,qaoa_transfer,stressed,256,2.769744759216313,2.769744759216313,True,4.658394027501345e-05,1,0.2611339709881363,0.01447547227160314,0.004591360992484277,0.2593956435378983,1.2715572852225145,5.1712,0.0,0.07485556221091416,True,-2.074855562210914,modeled_qpu
channel,9,9,23,qaoa_transfer,optimistic,1024,2.769744759216313,2.769744759216313,True,4.658394027501345e-05,1,0.2611339709881363,0.01447547227160314,0.004591360992484277,0.2593956435378983,1.2715572852225145,0.022740000000000003,0.0,0.00032917223945625547,False,-0.00032917223945625547,modeled_qpu
channel,9,9,23,qaoa_transfer,nominal,1024,2.769744759216313,2.769744759216313,True,4.658394027501345e-05,1,0.2611339709881363,0.01447547227160314,0.004591360992484277,0.2593956435378983,1.2715572852225145,0.5762,0.0,0.00834076712289773,True,-2.0083407671228977,modeled_qpu
channel,9,9,23,qaoa_transfer,stressed,1024,2.769744759216313,2.769744759216313,True,4.658394027501345e-05,1,0.2611339709881363,0.01447547227160314,0.004591360992484277,0.2593956435378983,1.2715572852225145,5.3248,0.0,0.0770789947518324,True,-2.077078994751832,modeled_qpu
channel,9,9,24,qaoa_transfer,optimistic,16,5.530729638102974,2.5746361763819685,True,4.4375075958669186e-05,1,0.3950141241872357,0.06889094309121006,0.004598782082035009,0.2593956435378983,1.2715572852225145,0.012660000000000001,0.8269634491063047,0.0008721593395347195,False,-0.8278356084458395,modeled_qpu
channel,9,9,24,qaoa_transfer,nominal,16,5.530729638102974,2.5746361763819685,True,4.4375075958669186e-05,1,0.3950141241872357,0.06889094309121006,0.004598782082035009,0.2593956435378983,1.2715572852225145,0.5258,0.8269634491063047,0.03622285787735825,True,-2.863186306983663,modeled_qpu
channel,9,9,24,qaoa_transfer,stressed,16,5.530729638102974,2.5746361763819685,True,4.4375075958669186e-05,1,0.3950141241872357,0.06889094309121006,0.004598782082035009,0.2593956435378983,1.2715572852225145,5.1232,0.8269634491063047,0.3529420796448874,True,-3.179905528751192,modeled_qpu
channel,9,9,24,qaoa_transfer,optimistic,64,4.278621578509485,2.5746361763819685,True,4.4375075958669186e-05,1,0.3950141241872357,0.06889094309121006,0.004598782082035009,0.2593956435378983,1.2715572852225145,0.01314,0.4766877852873374,0.0009052269922185003,False,-0.4775930122795559,modeled_qpu
channel,9,9,24,qaoa_transfer,nominal,64,4.278621578509485,2.5746361763819685,True,4.4375075958669186e-05,1,0.3950141241872357,0.06889094309121006,0.004598782082035009,0.2593956435378983,1.2715572852225145,0.5282,0.4766877852873374,0.03638819614077716,True,-2.5130759814281145,modeled_qpu
channel,9,9,24,qaoa_transfer,stressed,64,4.278621578509485,2.5746361763819685,True,4.4375075958669186e-05,1,0.3950141241872357,0.06889094309121006,0.004598782082035009,0.2593956435378983,1.2715572852225145,5.1328,0.4766877852873374,0.353603432698563,True,-2.8302912179859003,modeled_qpu
channel,9,9,24,qaoa_transfer,optimistic,256,2.5746361763819685,2.5746361763819685,True,4.4375075958669186e-05,1,0.3950141241872357,0.06889094309121006,0.004598782082035009,0.2593956435378983,1.2715572852225145,0.01506,0.0,0.0010374976029536235,False,-0.0010374976029536235,modeled_qpu
channel,9,9,24,qaoa_transfer,nominal,256,2.5746361763819685,2.5746361763819685,True,4.4375075958669186e-05,1,0.3950141241872357,0.06889094309121006,0.004598782082035009,0.2593956435378983,1.2715572852225145,0.5378000000000001,0.0,0.037049549194452774,True,-2.0370495491944527,modeled_qpu
channel,9,9,24,qaoa_transfer,stressed,256,2.5746361763819685,2.5746361763819685,True,4.4375075958669186e-05,1,0.3950141241872357,0.06889094309121006,0.004598782082035009,0.2593956435378983,1.2715572852225145,5.1712,0.0,0.35624884491326547,True,-2.3562488449132655,modeled_qpu
channel,9,9,24,qaoa_transfer,optimistic,1024,2.5746361763819685,2.5746361763819685,True,4.4375075958669186e-05,1,0.3950141241872357,0.06889094309121006,0.004598782082035009,0.2593956435378983,1.2715572852225145,0.022740000000000003,0.0,0.001566580045894117,False,-0.001566580045894117,modeled_qpu
channel,9,9,24,qaoa_transfer,nominal,1024,2.5746361763819685,2.5746361763819685,True,4.4375075958669186e-05,1,0.3950141241872357,0.06889094309121006,0.004598782082035009,0.2593956435378983,1.2715572852225145,0.5762,0.0,0.03969496140915524,True,-2.0396949614091553,modeled_qpu
channel,9,9,24,qaoa_transfer,stressed,1024,2.5746361763819685,2.5746361763819685,True,4.4375075958669186e-05,1,0.3950141241872357,0.06889094309121006,0.004598782082035009,0.2593956435378983,1.2715572852225145,5.3248,0.0,0.36683049377207533,True,-2.3668304937720754,modeled_qpu
channel,9,9,25,qaoa_transfer,optimistic,16,5.366190201114021,4.162934892421006,True,3.9792037568986416e-05,1,0.1441655566571852,0.06078456102284697,0.004489869203953861,0.2593956435378983,1.2715572852225145,0.012660000000000001,0.2330564560206537,0.0007695325425492427,False,-0.23382598856320294,modeled_qpu
channel,9,9,25,qaoa_transfer,nominal,16,5.366190201114021,4.162934892421006,True,3.9792037568986416e-05,1,0.1441655566571852,0.06078456102284697,0.004489869203953861,0.2593956435378983,1.2715572852225145,0.5258,0.2330564560206537,0.03196052218581294,True,-2.2650169782064666,modeled_qpu
channel,9,9,25,qaoa_transfer,stressed,16,5.366190201114021,4.162934892421006,True,3.9792037568986416e-05,1,0.1441655566571852,0.06078456102284697,0.004489869203953861,0.2593956435378983,1.2715572852225145,5.1232,0.2330564560206537,0.3114114630322496,True,-2.544467919052903,modeled_qpu
channel,9,9,25,qaoa_transfer,optimistic,64,4.525891816547847,4.162934892421006,True,3.9792037568986416e-05,1,0.1441655566571852,0.06078456102284697,0.004489869203953861,0.2593956435378983,1.2715572852225145,0.01314,0.07030050381995859,0.0007987091318402092,False,-0.0710992129517988,modeled_qpu
channel,9,9,25,qaoa_transfer,nominal,64,4.525891816547847,4.162934892421006,True,3.9792037568986416e-05,1,0.1441655566571852,0.06078456102284697,0.004489869203953861,0.2593956435378983,1.2715572852225145,0.5282,0.07030050381995859,0.03210640513226777,True,-2.102406908952226,modeled_qpu
channel,9,9,25,qaoa_transfer,stressed,64,4.525891816547847,4.162934892421006,True,3.9792037568986416e-05,1,0.1441655566571852,0.06078456102284697,0.004489869203953861,0.2593956435378983,1.2715572852225145,5.1328,0.07030050381995859,0.3119949948180689,True,-2.3822954986380274,modeled_qpu
channel,9,9,25,qaoa_transfer,optimistic,256,4.525891816547847,4.162934892421006,True,3.9792037568986416e-05,1,0.1441655566571852,0.06078456102284697,0.004489869203953861,0.2593956435378983,1.2715572852225145,0.01506,0.07030050381995859,0.0009154154890040753,False,-0.07121591930896266,modeled_qpu
channel,9,9,25,qaoa_transfer,nominal,256,4.525891816547847,4.162934892421006,True,3.9792037568986416e-05,1,0.1441655566571852,0.06078456102284697,0.004489869203953861,0.2593956435378983,1.2715572852225145,0.5378000000000001,0.07030050381995859,0.0326899369180871,True,-2.1029904407380458,modeled_qpu
channel,9,9,25,qaoa_transfer,stressed,256,4.525891816547847,4.162934892421006,True,3.9792037568986416e-05,1,0.1441655566571852,0.06078456102284697,0.004489869203953861,0.2593956435378983,1.2715572852225145,5.1712,0.07030050381995859,0.3143291219613462,True,-2.384629625781305,modeled_qpu
channel,9,9,25,qaoa_transfer,optimistic,1024,4.162934892421006,4.162934892421006,True,3.9792037568986416e-05,1,0.1441655566571852,0.06078456102284697,0.004489869203953861,0.2593956435378983,1.2715572852225145,0.022740000000000003,0.0,0.0013822409176595402,False,-0.0013822409176595402,modeled_qpu
channel,9,9,25,qaoa_transfer,nominal,1024,4.162934892421006,4.162934892421006,True,3.9792037568986416e-05,1,0.1441655566571852,0.06078456102284697,0.004489869203953861,0.2593956435378983,1.2715572852225145,0.5762,0.0,0.03502406406136443,True,-2.0350240640613646,modeled_qpu
channel,9,9,25,qaoa_transfer,stressed,1024,4.162934892421006,4.162934892421006,True,3.9792037568986416e-05,1,0.1441655566571852,0.06078456102284697,0.004489869203953861,0.2593956435378983,1.2715572852225145,5.3248,0.0,0.3236656305344555,True,-2.3236656305344554,modeled_qpu
channel,9,9,26,qaoa_transfer,optimistic,16,4.622392563877942,3.644990943026593,True,3.999995533376932e-05,1,0.2748357842425373,0.023957348244006766,0.004536489824216099,0.2593956435378983,1.2715572852225145,0.012660000000000001,0.21042056547358765,0.0003033000287691257,False,-0.21072386550235678,modeled_qpu
channel,9,9,26,qaoa_transfer,nominal,16,4.622392563877942,3.644990943026593,True,3.999995533376932e-05,1,0.2748357842425373,0.023957348244006766,0.004536489824216099,0.2593956435378983,1.2715572852225145,0.5258,0.21042056547358765,0.012596773706698759,True,-2.2230173391802865,modeled_qpu
channel,9,9,26,qaoa_transfer,stressed,16,4.622392563877942,3.644990943026593,True,3.999995533376932e-05,1,0.2748357842425373,0.023957348244006766,0.004536489824216099,0.2593956435378983,1.2715572852225145,5.1232,0.21042056547358765,0.12273828652369546,True,-2.333158851997283,modeled_qpu
channel,9,9,26,qaoa_transfer,optimistic,64,4.052832958023394,3.644990943026593,True,3.999995533376932e-05,1,0.2748357842425373,0.023957348244006766,0.004536489824216099,0.2593956435378983,1.2715572852225145,0.01314,0.08780254256665107,0.00031479955592624893,False,-0.08811734212257732,modeled_qpu
channel,9,9,26,qaoa_transfer,nominal,64,4.052832958023394,3.644990943026593,True,3.999995533376932e-05,1,0.2748357842425373,0.023957348244006766,0.004536489824216099,0.2593956435378983,1.2715572852225145,0.5282,0.08780254256665107,0.012654271342484374,True,-2.1004568139091355,modeled_qpu
channel,9,9,26,qaoa_transfer,stressed,64,4.052832958023394,3.644990943026593,True,3.999995533376932e-05,1,0.2748357842425373,0.023957348244006766,0.004536489824216099,0.2593956435378983,1.2715572852225145,5.1328,0.08780254256665107,0.12296827706683792,True,-2.210770819633489,modeled_qpu
channel,9,9,26,qaoa_transfer,optimistic,256,4.052832958023394,3.644990943026593,True,3.999995533376932e-05,1,0.2748357842425373,0.023957348244006766,0.004536489824216099,0.2593956435378983,1.2715572852225145,0.01506,0.08780254256665107,0.0003607976645547419,False,-0.08816334023120581,modeled_qpu
channel,9,9,26,qaoa_transfer,nominal,256,4.052832958023394,3.644990943026593,True,3.999995533376932e-05,1,0.2748357842425373,0.023957348244006766,0.004536489824216099,0.2593956435378983,1.2715572852225145,0.5378000000000001,0.08780254256665107,0.01288426188562684,True,-2.1006868044522777,modeled_qpu
channel,9,9,26,qaoa_transfer,stressed,256,4.052832958023394,3.644990943026593,True,3.999995533376932e-05,1,0.2748357842425373,0.023957348244006766,0.004536489824216099,0.2593956435378983,1.2715572852225145,5.1712,0.08780254256665107,0.12388823923940778,True,-2.211690781806059,modeled_qpu
channel,9,9,26,qaoa_transfer,optimistic,1024,3.644990943026593,3.644990943026593,True,3.999995533376932e-05,1,0.2748357842425373,0.023957348244006766,0.004536489824216099,0.2593956435378983,1.2715572852225145,0.022740000000000003,0.0,0.0005447900990687139,False,-0.0005447900990687139,modeled_qpu
channel,9,9,26,qaoa_transfer,nominal,1024,3.644990943026593,3.644990943026593,True,3.999995533376932e-05,1,0.2748357842425373,0.023957348244006766,0.004536489824216099,0.2593956435378983,1.2715572852225145,0.5762,0.0,0.0138042240581967,True,-2.013804224058197,modeled_qpu
channel,9,9,26,qaoa_transfer,stressed,1024,3.644990943026593,3.644990943026593,True,3.999995533376932e-05,1,0.2748357842425373,0.023957348244006766,0.004536489824216099,0.2593956435378983,1.2715572852225145,5.3248,0.0,0.1275680879296872,True,-2.127568087929687,modeled_qpu
channel,9,9,27,qaoa_transfer,optimistic,16,8.344217751201448,6.881579008497258,True,4.045793320983648e-05,1,0.22036647131027876,0.02906360201591235,0.004470725856460262,0.2593956435378983,1.2715572852225145,0.012660000000000001,0.1855768674179749,0.00036794520152145035,False,-0.18594481261949636,modeled_qpu
channel,9,9,27,qaoa_transfer,nominal,16,8.344217751201448,6.881579008497258,True,4.045793320983648e-05,1,0.22036647131027876,0.02906360201591235,0.004470725856460262,0.2593956435378983,1.2715572852225145,0.5258,0.1855768674179749,0.015281641939966714,True,-2.200858509357942,modeled_qpu
channel,9,9,27,qaoa_transfer,stressed,16,8.344217751201448,6.881579008497258,True,4.045793320983648e-05,1,0.22036647131027876,0.02906360201591235,0.004470725856460262,0.2593956435378983,1.2715572852225145,5.1232,0.1855768674179749,0.14889864584792215,True,-2.334475513265897,modeled_qpu
channel,9,9,27,qaoa_transfer,optimistic,64,6.881579008497258,6.881579008497258,True,4.045793320983648e-05,1,0.22036647131027876,0.02906360201591235,0.004470725856460262,0.2593956435378983,1.2715572852225145,0.01314,0.0,0.00038189573048908826,False,-0.00038189573048908826,modeled_qpu
channel,9,9,27,qaoa_transfer,nominal,64,6.881579008497258,6.881579008497258,True,4.045793320983648e-05,1,0.22036647131027876,0.02906360201591235,0.004470725856460262,0.2593956435378983,1.2715572852225145,0.5282,0.0,0.015351394584804903,True,-2.0153513945848047,modeled_qpu
channel,9,9,27,qaoa_transfer,stressed,64,6.881579008497258,6.881579008497258,True,4.045793320983648e-05,1,0.22036647131027876,0.02906360201591235,0.004470725856460262,0.2593956435378983,1.2715572852225145,5.1328,0.0,0.1491776564272749,True,-2.149177656427275,modeled_qpu
channel,9,9,27,qaoa_transfer,optimistic,256,7.056060275535818,6.881579008497258,True,4.045793320983648e-05,1,0.22036647131027876,0.02906360201591235,0.004470725856460262,0.2593956435378983,1.2715572852225145,0.01506,0.022137856748051157,0.00043769784635964,False,-0.022575554594410796,modeled_qpu
channel,9,9,27,qaoa_transfer,nominal,256,7.056060275535818,6.881579008497258,True,4.045793320983648e-05,1,0.22036647131027876,0.02906360201591235,0.004470725856460262,0.2593956435378983,1.2715572852225145,0.5378000000000001,0.022137856748051157,0.015630405164157663,True,-2.0377682619122086,modeled_qpu
channel,9,9,27,qaoa_transfer,stressed,256,7.056060275535818,6.881579008497258,True,4.045793320983648e-05,1,0.22036647131027876,0.02906360201591235,0.004470725856460262,0.2593956435378983,1.2715572852225145,5.1712,0.022137856748051157,0.15029369874468593,True,-2.172431555492737,modeled_qpu
channel,9,9,27,qaoa_transfer,optimistic,1024,6.881579008497258,6.881579008497258,True,4.045793320983648e-05,1,0.22036647131027876,0.02906360201591235,0.004470725856460262,0.2593956435378983,1.2715572852225145,0.022740000000000003,0.0,0.0006609063098418469,False,-0.0006609063098418469,modeled_qpu
channel,9,9,27,qaoa_transfer,nominal,1024,6.881579008497258,6.881579008497258,True,4.045793320983648e-05,1,0.22036647131027876,0.02906360201591235,0.004470725856460262,0.2593956435378983,1.2715572852225145,0.5762,0.0,0.016746447481568696,True,-2.0167464474815686,modeled_qpu
channel,9,9,27,qaoa_transfer,stressed,1024,6.881579008497258,6.881579008497258,True,4.045793320983648e-05,1,0.22036647131027876,0.02906360201591235,0.004470725856460262,0.2593956435378983,1.2715572852225145,5.3248,0.0,0.15475786801433006,True,-2.1547578680143302,modeled_qpu
channel,9,9,28,qaoa_transfer,optimistic,16,4.093592034107496,2.0656479068442373,True,4.004104994237423e-05,1,0.2930321785178975,0.058922063180158656,0.004614474746561714,0.2593956435378983,1.2715572852225145,0.012660000000000001,0.661505883547734,0.0007459533198608087,False,-0.6622518368675948,modeled_qpu
channel,9,9,28,qaoa_transfer,nominal,16,4.093592034107496,2.0656479068442373,True,4.004104994237423e-05,1,0.2930321785178975,0.058922063180158656,0.004614474746561714,0.2593956435378983,1.2715572852225145,0.5258,0.661505883547734,0.030981220820127425,True,-2.6924871043678613,modeled_qpu
channel,9,9,28,qaoa_transfer,stressed,16,4.093592034107496,2.0656479068442373,True,4.004104994237423e-05,1,0.2930321785178975,0.058922063180158656,0.004614474746561714,0.2593956435378983,1.2715572852225145,5.1232,0.661505883547734,0.3018695140845888,True,-2.9633753976323227,modeled_qpu
channel,9,9,28,qaoa_transfer,optimistic,64,4.182186923877147,2.0656479068442373,True,4.004104994237423e-05,1,0.2930321785178975,0.058922063180158656,0.004614474746561714,0.2593956435378983,1.2715572852225145,0.01314,0.6904051219670769,0.0007742359101872848,False,-0.6911793578772643,modeled_qpu
channel,9,9,28,qaoa_transfer,nominal,64,4.182186923877147,2.0656479068442373,True,4.004104994237423e-05,1,0.2930321785178975,0.058922063180158656,0.004614474746561714,0.2593956435378983,1.2715572852225145,0.5282,0.6904051219670769,0.031122633771759802,True,-2.721527755738837,modeled_qpu
channel,9,9,28,qaoa_transfer,stressed,64,4.182186923877147,2.0656479068442373,True,4.004104994237423e-05,1,0.2930321785178975,0.058922063180158656,0.004614474746561714,0.2593956435378983,1.2715572852225145,5.1328,0.6904051219670769,0.3024351658911183,True,-2.9928402878581952,modeled_qpu
channel,9,9,28,qaoa_transfer,optimistic,256,2.0656479068442373,2.0656479068442373,True,4.004104994237423e-05,1,0.2930321785178975,0.058922063180158656,0.004614474746561714,0.2593956435378983,1.2715572852225145,0.01506,0.0,0.0008873662714931894,False,-0.0008873662714931894,modeled_qpu
channel,9,9,28,qaoa_transfer,nominal,256,2.0656479068442373,2.0656479068442373,True,4.004104994237423e-05,1,0.2930321785178975,0.058922063180158656,0.004614474746561714,0.2593956435378983,1.2715572852225145,0.5378000000000001,0.0,0.03168828557828933,True,-2.0316882855782894,modeled_qpu
channel,9,9,28,qaoa_transfer,stressed,256,2.0656479068442373,2.0656479068442373,True,4.004104994237423e-05,1,0.2930321785178975,0.058922063180158656,0.004614474746561714,0.2593956435378983,1.2715572852225145,5.1712,0.0,0.30469777311723645,True,-2.3046977731172364,modeled_qpu
channel,9,9,28,qaoa_transfer,optimistic,1024,2.0656479068442373,2.0656479068442373,True,4.004104994237423e-05,1,0.2930321785178975,0.058922063180158656,0.004614474746561714,0.2593956435378983,1.2715572852225145,0.022740000000000003,0.0,0.001339887716716808,False,-0.001339887716716808,modeled_qpu
channel,9,9,28,qaoa_transfer,nominal,1024,2.0656479068442373,2.0656479068442373,True,4.004104994237423e-05,1,0.2930321785178975,0.058922063180158656,0.004614474746561714,0.2593956435378983,1.2715572852225145,0.5762,0.0,0.03395089280440742,True,-2.033950892804407,modeled_qpu
channel,9,9,28,qaoa_transfer,stressed,1024,2.0656479068442373,2.0656479068442373,True,4.004104994237423e-05,1,0.2930321785178975,0.058922063180158656,0.004614474746561714,0.2593956435378983,1.2715572852225145,5.3248,0.0,0.3137482020217088,True,-2.3137482020217086,modeled_qpu
channel,9,9,29,qaoa_transfer,optimistic,16,6.130822288864143,4.702897147549456,True,4.004104994237423e-05,1,0.16669992766192188,0.06231489189280806,0.004464243822045107,0.2593956435378983,1.2715572852225145,0.012660000000000001,0.2503859186603546,0.0007889065313629501,False,-0.2511748251917175,modeled_qpu
channel,9,9,29,qaoa_transfer,nominal,16,6.130822288864143,4.702897147549456,True,4.004104994237423e-05,1,0.16669992766192188,0.06231489189280806,0.004464243822045107,0.2593956435378983,1.2715572852225145,0.5258,0.2503859186603546,0.03276517015723848,True,-2.283151088817593,modeled_qpu
channel,9,9,29,qaoa_transfer,stressed,16,6.130822288864143,4.702897147549456,True,4.004104994237423e-05,1,0.16669992766192188,0.06231489189280806,0.004464243822045107,0.2593956435378983,1.2715572852225145,5.1232,0.2503859186603546,0.31925165414523426,True,-2.569637572805589,modeled_qpu
channel,9,9,29,qaoa_transfer,optimistic,64,5.167367392738015,4.702897147549456,True,4.004104994237423e-05,1,0.16669992766192188,0.06231489189280806,0.004464243822045107,0.2593956435378983,1.2715572852225145,0.01314,0.08144461195274096,0.000818817679471498,False,-0.08226342963221245,modeled_qpu
channel,9,9,29,qaoa_transfer,nominal,64,5.167367392738015,4.702897147549456,True,4.004104994237423e-05,1,0.16669992766192188,0.06231489189280806,0.004464243822045107,0.2593956435378983,1.2715572852225145,0.5282,0.08144461195274096,0.032914725897781216,True,-2.114359337850522,modeled_qpu
channel,9,9,29,qaoa_transfer,stressed,64,5.167367392738015,4.702897147549456,True,4.004104994237423e-05,1,0.16669992766192188,0.06231489189280806,0.004464243822045107,0.2593956435378983,1.2715572852225145,5.1328,0.08144461195274096,0.3198498771074052,True,-2.401294489060146,modeled_qpu
channel,9,9,29,qaoa_transfer,optimistic,256,4.929214747064579,4.702897147549456,True,4.004104994237423e-05,1,0.16669992766192188,0.06231489189280806,0.004464243822045107,0.2593956435378983,1.2715572852225145,0.01506,0.039684671432724646,0.0009384622719056894,False,-0.04062313370463033,modeled_qpu
channel,9,9,29,qaoa_transfer,nominal,256,4.929214747064579,4.702897147549456,True,4.004104994237423e-05,1,0.16669992766192188,0.06231489189280806,0.004464243822045107,0.2593956435378983,1.2715572852225145,0.5378000000000001,0.039684671432724646,0.03351294885995218,True,-2.0731976202926767,modeled_qpu
channel,9,9,29,qaoa_transfer,stressed,256,4.929214747064579,4.702897147549456,True,4.004104994237423e-05,1,0.16669992766192188,0.06231489189280806,0.004464243822045107,0.2593956435378983,1.2715572852225145,5.1712,0.039684671432724646,0.32224276895608905,True,-2.3619274403888135,modeled_qpu
channel,9,9,29,qaoa_transfer,optimistic,1024,4.702897147549456,4.702897147549456,True,4.004104994237423e-05,1,0.16669992766192188,0.06231489189280806,0.004464243822045107,0.2593956435378983,1.2715572852225145,0.022740000000000003,0.0,0.0014170406416424556,False,-0.0014170406416424556,modeled_qpu
channel,9,9,29,qaoa_transfer,nominal,1024,4.702897147549456,4.702897147549456,True,4.004104994237423e-05,1,0.16669992766192188,0.06231489189280806,0.004464243822045107,0.2593956435378983,1.2715572852225145,0.5762,0.0,0.035905840708636005,True,-2.035905840708636,modeled_qpu
channel,9,9,29,qaoa_transfer,stressed,1024,4.702897147549456,4.702897147549456,True,4.004104994237423e-05,1,0.16669992766192188,0.06231489189280806,0.004464243822045107,0.2593956435378983,1.2715572852225145,5.3248,0.0,0.33181433635082436,True,-2.331814336350824,modeled_qpu
channel,12,12,15,qaoa_transfer,optimistic,16,5.888550318332437,0.8921092044080909,True,0.0001841250341385603,1,0.3858281758718978,0.07406165231557359,0.0013312930175137852,3.3439706272265677,1.429148289297541,0.012660000000000001,2.640672695996627,0.0009376205183151617,False,-2.6416103165149423,modeled_qpu
channel,12,12,15,qaoa_transfer,nominal,16,5.888550318332437,0.8921092044080909,True,0.0001841250341385603,1,0.3858281758718978,0.07406165231557359,0.0013312930175137852,3.3439706272265677,1.429148289297541,0.5258,2.640672695996627,0.038941616787528596,True,-4.679614312784155,modeled_qpu
channel,12,12,15,qaoa_transfer,stressed,16,5.888550318332437,0.8921092044080909,True,0.0001841250341385603,1,0.3858281758718978,0.07406165231557359,0.0013312930175137852,3.3439706272265677,1.429148289297541,5.1232,2.640672695996627,0.37943265714314656,True,-5.0201053531397735,modeled_qpu
channel,12,12,15,qaoa_transfer,optimistic,64,3.727786191197586,0.8921092044080909,True,0.0001841250341385603,1,0.3858281758718978,0.07406165231557359,0.0013312930175137852,3.3439706272265677,1.429148289297541,0.01314,1.4986856890623184,0.000973170111426637,False,-1.499658859173745,modeled_qpu
channel,12,12,15,qaoa_transfer,nominal,64,3.727786191197586,0.8921092044080909,True,0.0001841250341385603,1,0.3858281758718978,0.07406165231557359,0.0013312930175137852,3.3439706272265677,1.429148289297541,0.5282,1.4986856890623184,0.039119364753085965,True,-3.537805053815404,modeled_qpu
channel,12,12,15,qaoa_transfer,stressed,64,3.727786191197586,0.8921092044080909,True,0.0001841250341385603,1,0.3858281758718978,0.07406165231557359,0.0013312930175137852,3.3439706272265677,1.429148289297541,5.1328,1.4986856890623184,0.38014364900537606,True,-3.8788293380676944,modeled_qpu
channel,12,12,15,qaoa_transfer,optimistic,256,2.286966885517896,0.8921092044080909,True,0.0001841250341385603,1,0.3858281758718978,0.07406165231557359,0.0013312930175137852,3.3439706272265677,1.429148289297541,0.01506,0.7371972388592437,0.0011153684838725382,False,-0.7383126073431162,modeled_qpu
channel,12,12,15,qaoa_transfer,nominal,256,2.286966885517896,0.8921092044080909,True,0.0001841250341385603,1,0.3858281758718978,0.07406165231557359,0.0013312930175137852,3.3439706272265677,1.429148289297541,0.5378000000000001,0.7371972388592437,0.039830356615315476,True,-2.777027595474559,modeled_qpu
channel,12,12,15,qaoa_transfer,stressed,256,2.286966885517896,0.8921092044080909,True,0.0001841250341385603,1,0.3858281758718978,0.07406165231557359,0.0013312930175137852,3.3439706272265677,1.429148289297541,5.1712,0.7371972388592437,0.38298761645429413,True,-3.120184855313538,modeled_qpu
channel,12,12,15,qaoa_transfer,optimistic,1024,0.8921092044080909,0.8921092044080909,True,0.0001841250341385603,1,0.3858281758718978,0.07406165231557359,0.0013312930175137852,3.3439706272265677,1.429148289297541,0.022740000000000003,0.0,0.0016841619736561435,False,-0.0016841619736561435,modeled_qpu
channel,12,12,15,qaoa_transfer,nominal,1024,0.8921092044080909,0.8921092044080909,True,0.0001841250341385603,1,0.3858281758718978,0.07406165231557359,0.0013312930175137852,3.3439706272265677,1.429148289297541,0.5762,0.0,0.04267432406423351,True,-2.0426743240642335,modeled_qpu
channel,12,12,15,qaoa_transfer,stressed,1024,0.8921092044080909,0.8921092044080909,True,0.0001841250341385603,1,0.3858281758718978,0.07406165231557359,0.0013312930175137852,3.3439706272265677,1.429148289297541,5.3248,0.0,0.3943634862499662,True,-2.3943634862499663,modeled_qpu
channel,12,12,16,qaoa_transfer,optimistic,16,5.873691244976186,2.64852741614032,True,0.00019033404532819986,1,0.32441335103499125,0.06766487334275259,0.0013114366429929829,3.3439706272265677,1.429148289297541,0.012660000000000001,0.8839631612930788,0.0008566372965192479,False,-0.8848197985895981,modeled_qpu
channel,12,12,16,qaoa_transfer,nominal,16,5.873691244976186,2.64852741614032,True,0.00019033404532819986,1,0.32441335103499125,0.06766487334275259,0.0013114366429929829,3.3439706272265677,1.429148289297541,0.5258,0.8839631612930788,0.035578190403619314,True,-2.919541351696698,modeled_qpu
channel,12,12,16,qaoa_transfer,stressed,16,5.873691244976186,2.64852741614032,True,0.00019033404532819986,1,0.32441335103499125,0.06766487334275259,0.0013114366429929829,3.3439706272265677,1.429148289297541,5.1232,0.8839631612930788,0.34666067910959003,True,-3.230623840402669,modeled_qpu
channel,12,12,16,qaoa_transfer,optimistic,64,3.426040040483501,2.64852741614032,True,0.00019033404532819986,1,0.32441335103499125,0.06766487334275259,0.0013114366429929829,3.3439706272265677,1.429148289297541,0.01314,0.21310313330896957,0.000889116435723769,False,-0.21399224974469333,modeled_qpu
channel,12,12,16,qaoa_transfer,nominal,64,3.426040040483501,2.64852741614032,True,0.00019033404532819986,1,0.32441335103499125,0.06766487334275259,0.0013114366429929829,3.3439706272265677,1.429148289297541,0.5282,0.21310313330896957,0.03574058609964192,True,-2.2488437194086117,modeled_qpu
channel,12,12,16,qaoa_transfer,stressed,64,3.426040040483501,2.64852741614032,True,0.00019033404532819986,1,0.32441335103499125,0.06766487334275259,0.0013114366429929829,3.3439706272265677,1.429148289297541,5.1328,0.21310313330896957,0.34731026189368047,True,-2.5604133952026498,modeled_qpu
channel,12,12,16,qaoa_transfer,optimistic,256,3.7122730708354554,2.64852741614032,True,0.00019033404532819986,1,0.32441335103499125,0.06766487334275259,0.0013114366429929829,3.3439706272265677,1.429148289297541,0.01506,0.29155479276086776,0.001019032992541854,False,-0.2925738257534096,modeled_qpu
channel,12,12,16,qaoa_transfer,nominal,256,3.7122730708354554,2.64852741614032,True,0.00019033404532819986,1,0.32441335103499125,0.06766487334275259,0.0013114366429929829,3.3439706272265677,1.429148289297541,0.5378000000000001,0.29155479276086776,0.036390168883732345,True,-2.3279449616446,modeled_qpu
channel,12,12,16,qaoa_transfer,stressed,256,3.7122730708354554,2.64852741614032,True,0.00019033404532819986,1,0.32441335103499125,0.06766487334275259,0.0013114366429929829,3.3439706272265677,1.429148289297541,5.1712,0.29155479276086776,0.3499085930300422,True,-2.6414633857909102,modeled_qpu
channel,12,12,16,qaoa_transfer,optimistic,1024,3.4288308511993373,2.64852741614032,True,0.00019033404532819986,1,0.32441335103499125,0.06766487334275259,0.0013114366429929829,3.3439706272265677,1.429148289297541,0.022740000000000003,0.21386804758739608,0.0015386992198141941,False,-0.21540674680721028,modeled_qpu
channel,12,12,16,qaoa_transfer,nominal,1024,3.4288308511993373,2.64852741614032,True,0.00019033404532819986,1,0.32441335103499125,0.06766487334275259,0.0013114366429929829,3.3439706272265677,1.429148289297541,0.5762,0.21386804758739608,0.03898850002009405,True,-2.25285654760749,modeled_qpu
channel,12,12,16,qaoa_transfer,stressed,1024,3.4288308511993373,2.64852741614032,True,0.00019033404532819986,1,0.32441335103499125,0.06766487334275259,0.0013114366429929829,3.3439706272265677,1.429148289297541,5.3248,0.21386804758739608,0.36030191757548896,True,-2.574169965162885,modeled_qpu
channel,12,12,17,qaoa_transfer,optimistic,16,10.60660938886074,7.004307339588834,True,0.00018095807172358036,1,0.4405443908734918,0.06674787361462951,0.0011898590066760938,3.3439706272265677,1.429148289297541,0.012660000000000001,0.45004544383936024,0.0008450280799612097,False,-0.45089047191932147,modeled_qpu
channel,12,12,17,qaoa_transfer,nominal,16,10.60660938886074,7.004307339588834,True,0.00018095807172358036,1,0.4405443908734918,0.06674787361462951,0.0011898590066760938,3.3439706272265677,1.429148289297541,0.5258,0.45004544383936024,0.0350960319465722,True,-2.4851414757859325,modeled_qpu
channel,12,12,17,qaoa_transfer,stressed,16,10.60660938886074,7.004307339588834,True,0.00018095807172358036,1,0.4405443908734918,0.06674787361462951,0.0011898590066760938,3.3439706272265677,1.429148289297541,5.1232,0.45004544383936024,0.3419627061024699,True,-2.79200814994183,modeled_qpu
channel,12,12,17,qaoa_transfer,optimistic,64,9.250280062957367,7.004307339588834,True,0.00018095807172358036,1,0.4405443908734918,0.06674787361462951,0.0011898590066760938,3.3439706272265677,1.429148289297541,0.01314,0.2805955129009207,0.0008770670592962318,False,-0.28147257996021696,modeled_qpu
channel,12,12,17,qaoa_transfer,nominal,64,9.250280062957367,7.004307339588834,True,0.00018095807172358036,1,0.4405443908734918,0.06674787361462951,0.0011898590066760938,3.3439706272265677,1.429148289297541,0.5282,0.2805955129009207,0.03525622684324731,True,-2.315851739744168,modeled_qpu
channel,12,12,17,qaoa_transfer,stressed,64,9.250280062957367,7.004307339588834,True,0.00018095807172358036,1,0.4405443908734918,0.06674787361462951,0.0011898590066760938,3.3439706272265677,1.429148289297541,5.1328,0.2805955129009207,0.3426034856891703,True,-2.623198998590091,modeled_qpu
channel,12,12,17,qaoa_transfer,optimistic,256,8.771412334002685,7.004307339588834,True,0.00018095807172358036,1,0.4405443908734918,0.06674787361462951,0.0011898590066760938,3.3439706272265677,1.429148289297541,0.01506,0.22076925828095742,0.0010052229766363205,False,-0.22177448125759375,modeled_qpu
channel,12,12,17,qaoa_transfer,nominal,256,8.771412334002685,7.004307339588834,True,0.00018095807172358036,1,0.4405443908734918,0.06674787361462951,0.0011898590066760938,3.3439706272265677,1.429148289297541,0.5378000000000001,0.22076925828095742,0.03589700642994775,True,-2.2566662647109053,modeled_qpu
channel,12,12,17,qaoa_transfer,stressed,256,8.771412334002685,7.004307339588834,True,0.00018095807172358036,1,0.4405443908734918,0.06674787361462951,0.0011898590066760938,3.3439706272265677,1.429148289297541,5.1712,0.22076925828095742,0.3451666040359721,True,-2.5659358623169295,modeled_qpu
channel,12,12,17,qaoa_transfer,optimistic,1024,7.004307339588834,7.004307339588834,True,0.00018095807172358036,1,0.4405443908734918,0.06674787361462951,0.0011898590066760938,3.3439706272265677,1.429148289297541,0.022740000000000003,0.0,0.0015178466459966754,False,-0.0015178466459966754,modeled_qpu
channel,12,12,17,qaoa_transfer,nominal,1024,7.004307339588834,7.004307339588834,True,0.00018095807172358036,1,0.4405443908734918,0.06674787361462951,0.0011898590066760938,3.3439706272265677,1.429148289297541,0.5762,0.0,0.03846012477674953,True,-2.0384601247767495,modeled_qpu
channel,12,12,17,qaoa_transfer,stressed,1024,7.004307339588834,7.004307339588834,True,0.00018095807172358036,1,0.4405443908734918,0.06674787361462951,0.0011898590066760938,3.3439706272265677,1.429148289297541,5.3248,0.0,0.35541907742317924,True,-2.3554190774231794,modeled_qpu
channel,12,12,18,qaoa_transfer,optimistic,16,4.6748812696534525,3.2346467139553257,True,0.00018212501890957355,1,0.40513356851298876,0.06233939572821908,0.0011619757771962988,3.3439706272265677,1.429148289297541,0.012660000000000001,0.3401073697486541,0.0007892167499192537,False,-0.34089658649857335,modeled_qpu
channel,12,12,18,qaoa_transfer,nominal,16,4.6748812696534525,3.2346467139553257,True,0.00018212501890957355,1,0.40513356851298876,0.06233939572821908,0.0011619757771962988,3.3439706272265677,1.429148289297541,0.5258,0.3401073697486541,0.03277805427389759,True,-2.3728854240225514,modeled_qpu
channel,12,12,18,qaoa_transfer,stressed,16,4.6748812696534525,3.2346467139553257,True,0.00018212501890957355,1,0.40513356851298876,0.06233939572821908,0.0011619757771962988,3.3439706272265677,1.429148289297541,5.1232,0.3401073697486541,0.319377192194812,True,-2.659484561943466,modeled_qpu
channel,12,12,18,qaoa_transfer,optimistic,64,4.445386840825681,3.2346467139553257,True,0.00018212501890957355,1,0.40513356851298876,0.06233939572821908,0.0011619757771962988,3.3439706272265677,1.429148289297541,0.01314,0.2859129010409175,0.0008191396598687988,False,-0.2867320407007863,modeled_qpu
channel,12,12,18,qaoa_transfer,nominal,64,4.445386840825681,3.2346467139553257,True,0.00018212501890957355,1,0.40513356851298876,0.06233939572821908,0.0011619757771962988,3.3439706272265677,1.429148289297541,0.5282,0.2859129010409175,0.03292766882364532,True,-2.318840569864563,modeled_qpu
channel,12,12,18,qaoa_transfer,stressed,64,4.445386840825681,3.2346467139553257,True,0.00018212501890957355,1,0.40513356851298876,0.06233939572821908,0.0011619757771962988,3.3439706272265677,1.429148289297541,5.1328,0.2859129010409175,0.3199756503938029,True,-2.6058885514347203,modeled_qpu
channel,12,12,18,qaoa_transfer,optimistic,256,3.808931013681703,3.2346467139553257,True,0.00018212501890957355,1,0.40513356851298876,0.06233939572821908,0.0011619757771962988,3.3439706272265677,1.429148289297541,0.01506,0.13561563420008974,0.0009388312996669794,False,-0.13655446549975672,modeled_qpu
channel,12,12,18,qaoa_transfer,nominal,256,3.808931013681703,3.2346467139553257,True,0.00018212501890957355,1,0.40513356851298876,0.06233939572821908,0.0011619757771962988,3.3439706272265677,1.429148289297541,0.5378000000000001,0.13561563420008974,0.03352612702263622,True,-2.169141761222726,modeled_qpu
channel,12,12,18,qaoa_transfer,stressed,256,3.808931013681703,3.2346467139553257,True,0.00018212501890957355,1,0.40513356851298876,0.06233939572821908,0.0011619757771962988,3.3439706272265677,1.429148289297541,5.1712,0.13561563420008974,0.3223694831897665,True,-2.4579851173898564,modeled_qpu
channel,12,12,18,qaoa_transfer,optimistic,1024,3.2346467139553257,3.2346467139553257,True,0.00018212501890957355,1,0.40513356851298876,0.06233939572821908,0.0011619757771962988,3.3439706272265677,1.429148289297541,0.022740000000000003,0.0,0.0014175978588597021,False,-0.0014175978588597021,modeled_qpu
channel,12,12,18,qaoa_transfer,nominal,1024,3.2346467139553257,3.2346467139553257,True,0.00018212501890957355,1,0.40513356851298876,0.06233939572821908,0.0011619757771962988,3.3439706272265677,1.429148289297541,0.5762,0.0,0.035919959818599835,True,-2.0359199598186,modeled_qpu
channel,12,12,18,qaoa_transfer,stressed,1024,3.2346467139553257,3.2346467139553257,True,0.00018212501890957355,1,0.40513356851298876,0.06233939572821908,0.0011619757771962988,3.3439706272265677,1.429148289297541,5.3248,0.0,0.33194481437362094,True,-2.331944814373621,modeled_qpu
channel,12,12,19,qaoa_transfer,optimistic,16,6.426708459582768,4.722261323128299,True,0.00019712501671165228,1,0.13027767562917644,0.06942378702818744,0.0011371905226528881,3.3439706272265677,1.429148289297541,0.012660000000000001,0.2978625127736505,0.0008789051437768531,False,-0.29874141791742737,modeled_qpu
channel,12,12,19,qaoa_transfer,nominal,16,6.426708459582768,4.722261323128299,True,0.00019712501671165228,1,0.13027767562917644,0.06942378702818744,0.0011371905226528881,3.3439706272265677,1.429148289297541,0.5258,0.2978625127736505,0.03650302721942096,True,-2.3343655399930716,modeled_qpu
channel,12,12,19,qaoa_transfer,stressed,16,6.426708459582768,4.722261323128299,True,0.00019712501671165228,1,0.13027767562917644,0.06942378702818744,0.0011371905226528881,3.3439706272265677,1.429148289297541,5.1232,0.2978625127736505,0.35567194570280986,True,-2.6535344584764604,modeled_qpu
channel,12,12,19,qaoa_transfer,optimistic,64,6.103720937374839,4.722261323128299,True,0.00019712501671165228,1,0.13027767562917644,0.06942378702818744,0.0011371905226528881,3.3439706272265677,1.429148289297541,0.01314,0.2414184771085063,0.000912228561550383,False,-0.24233070567005668,modeled_qpu
channel,12,12,19,qaoa_transfer,nominal,64,6.103720937374839,4.722261323128299,True,0.00019712501671165228,1,0.13027767562917644,0.06942378702818744,0.0011371905226528881,3.3439706272265677,1.429148289297541,0.5282,0.2414184771085063,0.036669644308288604,True,-2.2780881214167947,modeled_qpu
channel,12,12,19,qaoa_transfer,stressed,64,6.103720937374839,4.722261323128299,True,0.00019712501671165228,1,0.13027767562917644,0.06942378702818744,0.0011371905226528881,3.3439706272265677,1.429148289297541,5.1328,0.2414184771085063,0.3563384140582805,True,-2.597756891166787,modeled_qpu
channel,12,12,19,qaoa_transfer,optimistic,256,5.111715730746158,4.722261323128299,True,0.00019712501671165228,1,0.13027767562917644,0.06942378702818744,0.0011371905226528881,3.3439706272265677,1.429148289297541,0.01506,0.06805952850209027,0.001045522232644503,False,-0.06910505073473477,modeled_qpu
channel,12,12,19,qaoa_transfer,nominal,256,5.111715730746158,4.722261323128299,True,0.00019712501671165228,1,0.13027767562917644,0.06942378702818744,0.0011371905226528881,3.3439706272265677,1.429148289297541,0.5378000000000001,0.06805952850209027,0.03733611266375921,True,-2.1053956411658494,modeled_qpu
channel,12,12,19,qaoa_transfer,stressed,256,5.111715730746158,4.722261323128299,True,0.00019712501671165228,1,0.13027767562917644,0.06942378702818744,0.0011371905226528881,3.3439706272265677,1.429148289297541,5.1712,0.06805952850209027,0.3590042874801629,True,-2.4270638159822533,modeled_qpu
channel,12,12,19,qaoa_transfer,optimistic,1024,4.722261323128299,4.722261323128299,True,0.00019712501671165228,1,0.13027767562917644,0.06942378702818744,0.0011371905226528881,3.3439706272265677,1.429148289297541,0.022740000000000003,0.0,0.0015786969170209827,False,-0.0015786969170209827,modeled_qpu
channel,12,12,19,qaoa_transfer,nominal,1024,4.722261323128299,4.722261323128299,True,0.00019712501671165228,1,0.13027767562917644,0.06942378702818744,0.0011371905226528881,3.3439706272265677,1.429148289297541,0.5762,0.0,0.04000198608564161,True,-2.0400019860856418,modeled_qpu
channel,12,12,19,qaoa_transfer,stressed,1024,4.722261323128299,4.722261323128299,True,0.00019712501671165228,1,0.13027767562917644,0.06942378702818744,0.0011371905226528881,3.3439706272265677,1.429148289297541,5.3248,0.0,0.36966778116769244,True,-2.3696677811676925,modeled_qpu
channel,12,12,20,qaoa_transfer,optimistic,16,12.291111091482755,7.559376737365809,True,0.0001799999736249447,1,0.222711904721482,0.03671449250050229,0.001247615237653815,3.3439706272265677,1.429148289297541,0.012660000000000001,0.5528129558149535,0.000464805475056359,False,-0.5532777612900098,modeled_qpu
channel,12,12,20,qaoa_transfer,nominal,16,12.291111091482755,7.559376737365809,True,0.0001799999736249447,1,0.222711904721482,0.03671449250050229,0.001247615237653815,3.3439706272265677,1.429148289297541,0.5258,0.5528129558149535,0.019304480156764104,True,-2.572117435971718,modeled_qpu
channel,12,12,20,qaoa_transfer,stressed,16,12.291111091482755,7.559376737365809,True,0.0001799999736249447,1,0.222711904721482,0.03671449250050229,0.001247615237653815,3.3439706272265677,1.429148289297541,5.1232,0.5528129558149535,0.18809568797857332,True,-2.740908643793527,modeled_qpu
channel,12,12,20,qaoa_transfer,optimistic,64,10.83314133982771,7.559376737365809,True,0.0001799999736249447,1,0.222711904721482,0.03671449250050229,0.001247615237653815,3.3439706272265677,1.429148289297541,0.01314,0.3824769843545196,0.00048242843145660007,False,-0.3829594127859762,modeled_qpu
channel,12,12,20,qaoa_transfer,nominal,64,10.83314133982771,7.559376737365809,True,0.0001799999736249447,1,0.222711904721482,0.03671449250050229,0.001247615237653815,3.3439706272265677,1.429148289297541,0.5282,0.3824769843545196,0.019392594938765308,True,-2.401869579293285,modeled_qpu
channel,12,12,20,qaoa_transfer,stressed,64,10.83314133982771,7.559376737365809,True,0.0001799999736249447,1,0.222711904721482,0.03671449250050229,0.001247615237653815,3.3439706272265677,1.429148289297541,5.1328,0.3824769843545196,0.18844814710657812,True,-2.570925131461098,modeled_qpu
channel,12,12,20,qaoa_transfer,optimistic,256,7.559376737365809,7.559376737365809,True,0.0001799999736249447,1,0.222711904721482,0.03671449250050229,0.001247615237653815,3.3439706272265677,1.429148289297541,0.01506,0.0,0.0005529202570575645,False,-0.0005529202570575645,modeled_qpu
channel,12,12,20,qaoa_transfer,nominal,256,7.559376737365809,7.559376737365809,True,0.0001799999736249447,1,0.222711904721482,0.03671449250050229,0.001247615237653815,3.3439706272265677,1.429148289297541,0.5378000000000001,0.0,0.019745054066770133,True,-2.01974505406677,modeled_qpu
channel,12,12,20,qaoa_transfer,stressed,256,7.559376737365809,7.559376737365809,True,0.0001799999736249447,1,0.222711904721482,0.03671449250050229,0.001247615237653815,3.3439706272265677,1.429148289297541,5.1712,0.0,0.18985798361859743,True,-2.1898579836185976,modeled_qpu
channel,12,12,20,qaoa_transfer,optimistic,1024,7.559376737365809,7.559376737365809,True,0.0001799999736249447,1,0.222711904721482,0.03671449250050229,0.001247615237653815,3.3439706272265677,1.429148289297541,0.022740000000000003,0.0,0.0008348875594614222,False,-0.0008348875594614222,modeled_qpu
channel,12,12,20,qaoa_transfer,nominal,1024,7.559376737365809,7.559376737365809,True,0.0001799999736249447,1,0.222711904721482,0.03671449250050229,0.001247615237653815,3.3439706272265677,1.429148289297541,0.5762,0.0,0.02115489057878942,True,-2.0211548905787895,modeled_qpu
channel,12,12,20,qaoa_transfer,stressed,1024,7.559376737365809,7.559376737365809,True,0.0001799999736249447,1,0.222711904721482,0.03671449250050229,0.001247615237653815,3.3439706272265677,1.429148289297541,5.3248,0.0,0.19549732966667457,True,-2.1954973296666744,modeled_qpu
channel,12,12,21,qaoa_transfer,optimistic,16,9.70788036696333,5.501958702391944,True,0.00018583307974040508,1,0.4911814064354784,0.06519506342719343,0.0012355679638499512,3.3439706272265677,1.429148289297541,0.012660000000000001,0.6468699444406052,0.0008253695029882689,False,-0.6476953139435935,modeled_qpu
channel,12,12,21,qaoa_transfer,nominal,16,9.70788036696333,5.501958702391944,True,0.00018583307974040508,1,0.4911814064354784,0.06519506342719343,0.0012355679638499512,3.3439706272265677,1.429148289297541,0.5258,0.6468699444406052,0.03427956435001831,True,-2.6811495087906234,modeled_qpu
channel,12,12,21,qaoa_transfer,stressed,16,9.70788036696333,5.501958702391944,True,0.00018583307974040508,1,0.4911814064354784,0.06519506342719343,0.0012355679638499512,3.3439706272265677,1.429148289297541,5.1232,0.6468699444406052,0.33400734895019735,True,-2.9808772933908028,modeled_qpu
channel,12,12,21,qaoa_transfer,optimistic,64,5.913794245483455,5.501958702391944,True,0.00018583307974040508,1,0.4911814064354784,0.06519506342719343,0.0012355679638499512,3.3439706272265677,1.429148289297541,0.01314,0.0633402274517685,0.0008566631334333217,False,-0.06419689058520182,modeled_qpu
channel,12,12,21,qaoa_transfer,nominal,64,5.913794245483455,5.501958702391944,True,0.00018583307974040508,1,0.4911814064354784,0.06519506342719343,0.0012355679638499512,3.3439706272265677,1.429148289297541,0.5282,0.0633402274517685,0.03443603250224357,True,-2.097776259954012,modeled_qpu
channel,12,12,21,qaoa_transfer,stressed,64,5.913794245483455,5.501958702391944,True,0.00018583307974040508,1,0.4911814064354784,0.06519506342719343,0.0012355679638499512,3.3439706272265677,1.429148289297541,5.1328,0.0633402274517685,0.3346332215590984,True,-2.397973449010867,modeled_qpu
channel,12,12,21,qaoa_transfer,optimistic,256,7.6949079743701505,5.501958702391944,True,0.00018583307974040508,1,0.4911814064354784,0.06519506342719343,0.0012355679638499512,3.3439706272265677,1.429148289297541,0.01506,0.3372751769665137,0.0009818376552135331,False,-0.33825701462172725,modeled_qpu
channel,12,12,21,qaoa_transfer,nominal,256,7.6949079743701505,5.501958702391944,True,0.00018583307974040508,1,0.4911814064354784,0.06519506342719343,0.0012355679638499512,3.3439706272265677,1.429148289297541,0.5378000000000001,0.3372751769665137,0.03506190511114463,True,-2.3723370820776584,modeled_qpu
channel,12,12,21,qaoa_transfer,stressed,256,7.6949079743701505,5.501958702391944,True,0.00018583307974040508,1,0.4911814064354784,0.06519506342719343,0.0012355679638499512,3.3439706272265677,1.429148289297541,5.1712,0.3372751769665137,0.33713671199470263,True,-2.6744118889612163,modeled_qpu
channel,12,12,21,qaoa_transfer,optimistic,1024,5.501958702391944,5.501958702391944,True,0.00018583307974040508,1,0.4911814064354784,0.06519506342719343,0.0012355679638499512,3.3439706272265677,1.429148289297541,0.022740000000000003,0.0,0.0014825357423343787,False,-0.0014825357423343787,modeled_qpu
channel,12,12,21,qaoa_transfer,nominal,1024,5.501958702391944,5.501958702391944,True,0.00018583307974040508,1,0.4911814064354784,0.06519506342719343,0.0012355679638499512,3.3439706272265677,1.429148289297541,0.5762,0.0,0.037565395546748856,True,-2.037565395546749,modeled_qpu
channel,12,12,21,qaoa_transfer,stressed,1024,5.501958702391944,5.501958702391944,True,0.00018583307974040508,1,0.4911814064354784,0.06519506342719343,0.0012355679638499512,3.3439706272265677,1.429148289297541,5.3248,0.0,0.34715067373711955,True,-2.3471506737371195,modeled_qpu
channel,12,12,22,qaoa_transfer,optimistic,16,4.1251181260050505,3.236264003200334,True,0.00018312502652406693,1,0.18825470095403807,0.060122721370089845,0.001247578806706634,3.3439706272265677,1.429148289297541,0.012660000000000001,0.20982028554717586,0.0007611536525453375,False,-0.2105814391997212,modeled_qpu
channel,12,12,22,qaoa_transfer,nominal,16,4.1251181260050505,3.236264003200334,True,0.00018312502652406693,1,0.18825470095403807,0.060122721370089845,0.001247578806706634,3.3439706272265677,1.429148289297541,0.5258,0.20982028554717586,0.031612526896393246,True,-2.241432812443569,modeled_qpu
channel,12,12,22,qaoa_transfer,stressed,16,4.1251181260050505,3.236264003200334,True,0.00018312502652406693,1,0.18825470095403807,0.060122721370089845,0.001247578806706634,3.3439706272265677,1.429148289297541,5.1232,0.20982028554717586,0.30802072612324427,True,-2.51784101167042,modeled_qpu
channel,12,12,22,qaoa_transfer,optimistic,64,5.749847236006849,3.236264003200334,True,0.00018312502652406693,1,0.18825470095403807,0.060122721370089845,0.001247578806706634,3.3439706272265677,1.429148289297541,0.01314,0.5933490525868075,0.0007900125588029805,False,-0.5941390651456104,modeled_qpu
channel,12,12,22,qaoa_transfer,nominal,64,5.749847236006849,3.236264003200334,True,0.00018312502652406693,1,0.18825470095403807,0.060122721370089845,0.001247578806706634,3.3439706272265677,1.429148289297541,0.5282,0.5933490525868075,0.03175682142768146,True,-2.625105874014489,modeled_qpu
channel,12,12,22,qaoa_transfer,stressed,64,5.749847236006849,3.236264003200334,True,0.00018312502652406693,1,0.18825470095403807,0.060122721370089845,0.001247578806706634,3.3439706272265677,1.429148289297541,5.1328,0.5933490525868075,0.3085979042483971,True,-2.9019469568352045,modeled_qpu
channel,12,12,22,qaoa_transfer,optimistic,256,3.7680967847577573,3.236264003200334,True,0.00018312502652406693,1,0.18825470095403807,0.060122721370089845,0.001247578806706634,3.3439706272265677,1.429148289297541,0.01506,0.12554287956455124,0.0009054481838335531,False,-0.1264483277483848,modeled_qpu
channel,12,12,22,qaoa_transfer,nominal,256,3.7680967847577573,3.236264003200334,True,0.00018312502652406693,1,0.18825470095403807,0.060122721370089845,0.001247578806706634,3.3439706272265677,1.429148289297541,0.5378000000000001,0.12554287956455124,0.03233399955283432,True,-2.1578768791173855,modeled_qpu
channel,12,12,22,qaoa_transfer,stressed,256,3.7680967847577573,3.236264003200334,True,0.00018312502652406693,1,0.18825470095403807,0.060122721370089845,0.001247578806706634,3.3439706272265677,1.429148289297541,5.1712,0.12554287956455124,0.3109066167490086,True,-2.4364494963135597,modeled_qpu
channel,12,12,22,qaoa_transfer,optimistic,1024,3.236264003200334,3.236264003200334,True,0.00018312502652406693,1,0.18825470095403807,0.060122721370089845,0.001247578806706634,3.3439706272265677,1.429148289297541,0.022740000000000003,0.0,0.0013671906839558432,False,-0.0013671906839558432,modeled_qpu
channel,12,12,22,qaoa_transfer,nominal,1024,3.236264003200334,3.236264003200334,True,0.00018312502652406693,1,0.18825470095403807,0.060122721370089845,0.001247578806706634,3.3439706272265677,1.429148289297541,0.5762,0.0,0.034642712053445775,True,-2.034642712053446,modeled_qpu
channel,12,12,22,qaoa_transfer,stressed,1024,3.236264003200334,3.236264003200334,True,0.00018312502652406693,1,0.18825470095403807,0.060122721370089845,0.001247578806706634,3.3439706272265677,1.429148289297541,5.3248,0.0,0.3201414667514544,True,-2.3201414667514544,modeled_qpu
channel,12,12,23,qaoa_transfer,optimistic,16,5.890994119075378,2.124678330765125,True,0.00018450000789016485,1,0.3509895378483912,0.04255856629443386,0.0012801630151517787,3.3439706272265677,1.429148289297541,0.012660000000000001,1.2053451234412387,0.0005387914492875327,False,-1.2058839148905263,modeled_qpu
channel,12,12,23,qaoa_transfer,nominal,16,5.890994119075378,2.124678330765125,True,0.00018450000789016485,1,0.3509895378483912,0.04255856629443386,0.0012801630151517787,3.3439706272265677,1.429148289297541,0.5258,1.2053451234412387,0.022377294157613324,True,-3.227722417598852,modeled_qpu
channel,12,12,23,qaoa_transfer,stressed,16,5.890994119075378,2.124678330765125,True,0.00018450000789016485,1,0.3509895378483912,0.04255856629443386,0.0012801630151517787,3.3439706272265677,1.429148289297541,5.1232,1.2053451234412387,0.21803604683964353,True,-3.4233811702808823,modeled_qpu
channel,12,12,23,qaoa_transfer,optimistic,64,5.076717150161171,2.124678330765125,True,0.00018450000789016485,1,0.3509895378483912,0.04255856629443386,0.0012801630151517787,3.3439706272265677,1.429148289297541,0.01314,0.9447496692157732,0.0005592195611088609,False,-0.945308888776882,modeled_qpu
channel,12,12,23,qaoa_transfer,nominal,64,5.076717150161171,2.124678330765125,True,0.00018450000789016485,1,0.3509895378483912,0.04255856629443386,0.0012801630151517787,3.3439706272265677,1.429148289297541,0.5282,0.9447496692157732,0.022479434716719964,True,-2.9672291039324934,modeled_qpu
channel,12,12,23,qaoa_transfer,stressed,64,5.076717150161171,2.124678330765125,True,0.00018450000789016485,1,0.3509895378483912,0.04255856629443386,0.0012801630151517787,3.3439706272265677,1.429148289297541,5.1328,0.9447496692157732,0.21844460907607008,True,-3.163194278291843,modeled_qpu
channel,12,12,23,qaoa_transfer,optimistic,256,2.124678330765125,2.124678330765125,True,0.00018450000789016485,1,0.3509895378483912,0.04255856629443386,0.0012801630151517787,3.3439706272265677,1.429148289297541,0.01506,0.0,0.0006409320083941739,False,-0.0006409320083941739,modeled_qpu
channel,12,12,23,qaoa_transfer,nominal,256,2.124678330765125,2.124678330765125,True,0.00018450000789016485,1,0.3509895378483912,0.04255856629443386,0.0012801630151517787,3.3439706272265677,1.429148289297541,0.5378000000000001,0.0,0.02288799695314653,True,-2.0228879969531466,modeled_qpu
channel,12,12,23,qaoa_transfer,stressed,256,2.124678330765125,2.124678330765125,True,0.00018450000789016485,1,0.3509895378483912,0.04255856629443386,0.0012801630151517787,3.3439706272265677,1.429148289297541,5.1712,0.0,0.22007885802177635,True,-2.2200788580217763,modeled_qpu
channel,12,12,23,qaoa_transfer,optimistic,1024,2.4633526795675795,2.124678330765125,True,0.00018450000789016485,1,0.3509895378483912,0.04255856629443386,0.0012801630151517787,3.3439706272265677,1.429148289297541,0.022740000000000003,0.10838694833574279,0.0009677817975354261,False,-0.10935473013327822,modeled_qpu
channel,12,12,23,qaoa_transfer,nominal,1024,2.4633526795675795,2.124678330765125,True,0.00018450000789016485,1,0.3509895378483912,0.04255856629443386,0.0012801630151517787,3.3439706272265677,1.429148289297541,0.5762,0.10838694833574279,0.024522245898852792,True,-2.1329091942345957,modeled_qpu
channel,12,12,23,qaoa_transfer,stressed,1024,2.4633526795675795,2.124678330765125,True,0.00018450000789016485,1,0.3509895378483912,0.04255856629443386,0.0012801630151517787,3.3439706272265677,1.429148289297541,5.3248,0.10838694833574279,0.2266158538046014,True,-2.335002802140344,modeled_qpu
channel,12,12,24,qaoa_transfer,optimistic,16,5.394441566359227,3.7052698313719747,True,0.00017887505237013102,1,0.070396449601508,0.01980356505504142,0.001208798987685872,3.3439706272265677,1.429148289297541,0.012660000000000001,0.35899572086702597,0.0002507131335968244,False,-0.3592464340006228,modeled_qpu
channel,12,12,24,qaoa_transfer,nominal,16,5.394441566359227,3.7052698313719747,True,0.00017887505237013102,1,0.070396449601508,0.01980356505504142,0.001208798987685872,3.3439706272265677,1.429148289297541,0.5258,0.35899572086702597,0.01041271450594078,True,-2.369408435372967,modeled_qpu
channel,12,12,24,qaoa_transfer,stressed,16,5.394441566359227,3.7052698313719747,True,0.00017887505237013102,1,0.070396449601508,0.01980356505504142,0.001208798987685872,3.3439706272265677,1.429148289297541,5.1232,0.35899572086702597,0.1014576244899882,True,-2.4604533453570143,modeled_qpu
channel,12,12,24,qaoa_transfer,optimistic,64,4.188538258493214,3.7052698313719747,True,0.00017887505237013102,1,0.070396449601508,0.01980356505504142,0.001208798987685872,3.3439706272265677,1.429148289297541,0.01314,0.10270790931034159,0.0002602188448232443,False,-0.10296812815516483,modeled_qpu
channel,12,12,24,qaoa_transfer,nominal,64,4.188538258493214,3.7052698313719747,True,0.00017887505237013102,1,0.070396449601508,0.01980356505504142,0.001208798987685872,3.3439706272265677,1.429148289297541,0.5282,0.10270790931034159,0.010460243062072879,True,-2.1131681523724146,modeled_qpu
channel,12,12,24,qaoa_transfer,stressed,64,4.188538258493214,3.7052698313719747,True,0.00017887505237013102,1,0.070396449601508,0.01980356505504142,0.001208798987685872,3.3439706272265677,1.429148289297541,5.1328,0.10270790931034159,0.1016477387145166,True,-2.2043556480248583,modeled_qpu
channel,12,12,24,qaoa_transfer,optimistic,256,3.7052698313719747,3.7052698313719747,True,0.00017887505237013102,1,0.070396449601508,0.01980356505504142,0.001208798987685872,3.3439706272265677,1.429148289297541,0.01506,0.0,0.0002982416897289238,False,-0.0002982416897289238,modeled_qpu
channel,12,12,24,qaoa_transfer,nominal,256,3.7052698313719747,3.7052698313719747,True,0.00017887505237013102,1,0.070396449601508,0.01980356505504142,0.001208798987685872,3.3439706272265677,1.429148289297541,0.5378000000000001,0.0,0.010650357286601278,True,-2.0106503572866012,modeled_qpu
channel,12,12,24,qaoa_transfer,stressed,256,3.7052698313719747,3.7052698313719747,True,0.00017887505237013102,1,0.070396449601508,0.01980356505504142,0.001208798987685872,3.3439706272265677,1.429148289297541,5.1712,0.0,0.10240819561263019,True,-2.10240819561263,modeled_qpu
channel,12,12,24,qaoa_transfer,optimistic,1024,3.7052698313719747,3.7052698313719747,True,0.00017887505237013102,1,0.070396449601508,0.01980356505504142,0.001208798987685872,3.3439706272265677,1.429148289297541,0.022740000000000003,0.0,0.00045033306935164197,False,-0.00045033306935164197,modeled_qpu
channel,12,12,24,qaoa_transfer,nominal,1024,3.7052698313719747,3.7052698313719747,True,0.00017887505237013102,1,0.070396449601508,0.01980356505504142,0.001208798987685872,3.3439706272265677,1.429148289297541,0.5762,0.0,0.011410814184714868,True,-2.011410814184715,modeled_qpu
channel,12,12,24,qaoa_transfer,stressed,1024,3.7052698313719747,3.7052698313719747,True,0.00017887505237013102,1,0.070396449601508,0.01980356505504142,0.001208798987685872,3.3439706272265677,1.429148289297541,5.3248,0.0,0.10545002320508455,True,-2.1054500232050843,modeled_qpu
channel,12,12,25,qaoa_transfer,optimistic,16,9.739849906380309,8.826526641192926,True,0.0001772079849615693,1,0.07275123402150449,0.046170558139327474,0.0011860703905914303,3.3439706272265677,1.429148289297541,0.012660000000000001,0.09294466890861726,0.0005845192660438858,False,-0.09352918817466115,modeled_qpu
channel,12,12,25,qaoa_transfer,nominal,16,9.739849906380309,8.826526641192926,True,0.0001772079849615693,1,0.07275123402150449,0.046170558139327474,0.0011860703905914303,3.3439706272265677,1.429148289297541,0.5258,0.09294466890861726,0.02427647946965839,True,-2.1172211483782757,modeled_qpu
channel,12,12,25,qaoa_transfer,stressed,16,9.739849906380309,8.826526641192926,True,0.0001772079849615693,1,0.07275123402150449,0.046170558139327474,0.0011860703905914303,3.3439706272265677,1.429148289297541,5.1232,0.09294466890861726,0.2365410034594025,True,-2.32948567236802,modeled_qpu
channel,12,12,25,qaoa_transfer,optimistic,64,9.776589311616224,8.826526641192926,True,0.0001772079849615693,1,0.07275123402150449,0.046170558139327474,0.0011860703905914303,3.3439706272265677,1.429148289297541,0.01314,0.09668346762940867,0.000606681133950763,False,-0.09729014876335944,modeled_qpu
channel,12,12,25,qaoa_transfer,nominal,64,9.776589311616224,8.826526641192926,True,0.0001772079849615693,1,0.07275123402150449,0.046170558139327474,0.0011860703905914303,3.3439706272265677,1.429148289297541,0.5282,0.09668346762940867,0.024387288809192772,True,-2.1210707564386015,modeled_qpu
channel,12,12,25,qaoa_transfer,stressed,64,9.776589311616224,8.826526641192926,True,0.0001772079849615693,1,0.07275123402150449,0.046170558139327474,0.0011860703905914303,3.3439706272265677,1.429148289297541,5.1328,0.09668346762940867,0.23698424081754005,True,-2.333667708446949,modeled_qpu
channel,12,12,25,qaoa_transfer,optimistic,256,9.314263290076017,8.826526641192926,True,0.0001772079849615693,1,0.07275123402150449,0.046170558139327474,0.0011860703905914303,3.3439706272265677,1.429148289297541,0.01506,0.04963469460699296,0.0006953286055782718,False,-0.05033002321257123,modeled_qpu
channel,12,12,25,qaoa_transfer,nominal,256,9.314263290076017,8.826526641192926,True,0.0001772079849615693,1,0.07275123402150449,0.046170558139327474,0.0011860703905914303,3.3439706272265677,1.429148289297541,0.5378000000000001,0.04963469460699296,0.02483052616733032,True,-2.0744652207743233,modeled_qpu
channel,12,12,25,qaoa_transfer,stressed,256,9.314263290076017,8.826526641192926,True,0.0001772079849615693,1,0.07275123402150449,0.046170558139327474,0.0011860703905914303,3.3439706272265677,1.429148289297541,5.1712,0.04963469460699296,0.23875719025009023,True,-2.2883918848570834,modeled_qpu
channel,12,12,25,qaoa_transfer,optimistic,1024,8.826526641192926,8.826526641192926,True,0.0001772079849615693,1,0.07275123402150449,0.046170558139327474,0.0011860703905914303,3.3439706272265677,1.429148289297541,0.022740000000000003,0.0,0.001049918492088307,False,-0.001049918492088307,modeled_qpu
channel,12,12,25,qaoa_transfer,nominal,1024,8.826526641192926,8.826526641192926,True,0.0001772079849615693,1,0.07275123402150449,0.046170558139327474,0.0011860703905914303,3.3439706272265677,1.429148289297541,0.5762,0.0,0.026603475599880494,True,-2.0266034755998805,modeled_qpu
channel,12,12,25,qaoa_transfer,stressed,1024,8.826526641192926,8.826526641192926,True,0.0001772079849615693,1,0.07275123402150449,0.046170558139327474,0.0011860703905914303,3.3439706272265677,1.429148289297541,5.3248,0.0,0.24584898798029092,True,-2.245848987980291,modeled_qpu
channel,12,12,26,qaoa_transfer,optimistic,16,9.929895942329145,5.718122651810221,True,0.000196165987290442,1,0.27602219203417416,0.0791274050033185,0.0012009676445406557,3.3439706272265677,1.429148289297541,0.012660000000000001,0.6269271206866173,0.0010017529473420122,False,-0.6279288736339593,modeled_qpu
channel,12,12,26,qaoa_transfer,nominal,16,9.929895942329145,5.718122651810221,True,0.000196165987290442,1,0.27602219203417416,0.0791274050033185,0.0012009676445406557,3.3439706272265677,1.429148289297541,0.5258,0.6269271206866173,0.04160518955074487,True,-2.668532310237362,modeled_qpu
channel,12,12,26,qaoa_transfer,stressed,16,9.929895942329145,5.718122651810221,True,0.000196165987290442,1,0.27602219203417416,0.0791274050033185,0.0012009676445406557,3.3439706272265677,1.429148289297541,5.1232,0.6269271206866173,0.4053855213130013,True,-3.0323126419996185,modeled_qpu
channel,12,12,26,qaoa_transfer,optimistic,64,7.228076970314357,5.718122651810221,True,0.000196165987290442,1,0.27602219203417416,0.0791274050033185,0.0012009676445406557,3.3439706272265677,1.429148289297541,0.01314,0.22475837324840642,0.0010397341017436051,False,-0.22579810735015002,modeled_qpu
channel,12,12,26,qaoa_transfer,nominal,64,7.228076970314357,5.718122651810221,True,0.000196165987290442,1,0.27602219203417416,0.0791274050033185,0.0012009676445406557,3.3439706272265677,1.429148289297541,0.5282,0.22475837324840642,0.04179509532275283,True,-2.2665534685711592,modeled_qpu
channel,12,12,26,qaoa_transfer,stressed,64,7.228076970314357,5.718122651810221,True,0.000196165987290442,1,0.27602219203417416,0.0791274050033185,0.0012009676445406557,3.3439706272265677,1.429148289297541,5.1328,0.22475837324840642,0.40614514440103316,True,-2.6309035176494397,modeled_qpu
channel,12,12,26,qaoa_transfer,optimistic,256,5.718122651810221,5.718122651810221,True,0.000196165987290442,1,0.27602219203417416,0.0791274050033185,0.0012009676445406557,3.3439706272265677,1.429148289297541,0.01506,0.0,0.0011916587193499767,False,-0.0011916587193499767,modeled_qpu
channel,12,12,26,qaoa_transfer,nominal,256,5.718122651810221,5.718122651810221,True,0.000196165987290442,1,0.27602219203417416,0.0791274050033185,0.0012009676445406557,3.3439706272265677,1.429148289297541,0.5378000000000001,0.0,0.04255471841078469,True,-2.0425547184107846,modeled_qpu
channel,12,12,26,qaoa_transfer,stressed,256,5.718122651810221,5.718122651810221,True,0.000196165987290442,1,0.27602219203417416,0.0791274050033185,0.0012009676445406557,3.3439706272265677,1.429148289297541,5.1712,0.0,0.4091836367531606,True,-2.4091836367531605,modeled_qpu
channel,12,12,26,qaoa_transfer,optimistic,1024,6.2023593062954046,5.718122651810221,True,0.000196165987290442,1,0.27602219203417416,0.0791274050033185,0.0012009676445406557,3.3439706272265677,1.429148289297541,0.022740000000000003,0.07207916252536775,0.0017993571897754628,False,-0.07387851971514321,modeled_qpu
channel,12,12,26,qaoa_transfer,nominal,1024,6.2023593062954046,5.718122651810221,True,0.000196165987290442,1,0.27602219203417416,0.0791274050033185,0.0012009676445406557,3.3439706272265677,1.429148289297541,0.5762,0.07207916252536775,0.045593210762912124,True,-2.11767237328828,modeled_qpu
channel,12,12,26,qaoa_transfer,stressed,1024,6.2023593062954046,5.718122651810221,True,0.000196165987290442,1,0.27602219203417416,0.0791274050033185,0.0012009676445406557,3.3439706272265677,1.429148289297541,5.3248,0.07207916252536775,0.4213376061616703,True,-2.4934167686870383,modeled_qpu
channel,12,12,27,qaoa_transfer,optimistic,16,6.646665467311661,5.008466033112291,True,0.0001840420300140977,1,0.060789298174905707,0.07778433764364105,0.0011915406406050768,3.3439706272265677,1.429148289297541,0.012660000000000001,0.27264853045209086,0.0009847497145684958,False,-0.2736332801666594,modeled_qpu
channel,12,12,27,qaoa_transfer,nominal,16,6.646665467311661,5.008466033112291,True,0.0001840420300140977,1,0.060789298174905707,0.07778433764364105,0.0011915406406050768,3.3439706272265677,1.429148289297541,0.5258,0.27264853045209086,0.04089900473302647,True,-2.3135475351851174,modeled_qpu
channel,12,12,27,qaoa_transfer,stressed,16,6.646665467311661,5.008466033112291,True,0.0001840420300140977,1,0.060789298174905707,0.07778433764364105,0.0011915406406050768,3.3439706272265677,1.429148289297541,5.1232,0.27264853045209086,0.3985047186159018,True,-2.671153249067993,modeled_qpu
channel,12,12,27,qaoa_transfer,optimistic,64,6.623249977694478,5.008466033112291,True,0.0001840420300140977,1,0.060789298174905707,0.07778433764364105,0.0011915406406050768,3.3439706272265677,1.429148289297541,0.01314,0.26875144765456116,0.0010220861966374435,False,-0.2697735338511986,modeled_qpu
channel,12,12,27,qaoa_transfer,nominal,64,6.623249977694478,5.008466033112291,True,0.0001840420300140977,1,0.060789298174905707,0.07778433764364105,0.0011915406406050768,3.3439706272265677,1.429148289297541,0.5282,0.26875144765456116,0.041085687143371206,True,-2.3098371347979323,modeled_qpu
channel,12,12,27,qaoa_transfer,stressed,64,6.623249977694478,5.008466033112291,True,0.0001840420300140977,1,0.060789298174905707,0.07778433764364105,0.0011915406406050768,3.3439706272265677,1.429148289297541,5.1328,0.26875144765456116,0.39925144825728076,True,-2.668002895911842,modeled_qpu
channel,12,12,27,qaoa_transfer,optimistic,256,5.275093487473064,5.008466033112291,True,0.0001840420300140977,1,0.060789298174905707,0.07778433764364105,0.0011915406406050768,3.3439706272265677,1.429148289297541,0.01506,0.04437529527360312,0.0011714321249132343,False,-0.045546727398516354,modeled_qpu
channel,12,12,27,qaoa_transfer,nominal,256,5.275093487473064,5.008466033112291,True,0.0001840420300140977,1,0.060789298174905707,0.07778433764364105,0.0011915406406050768,3.3439706272265677,1.429148289297541,0.5378000000000001,0.04437529527360312,0.041832416784750165,True,-2.086207712058353,modeled_qpu
channel,12,12,27,qaoa_transfer,stressed,256,5.275093487473064,5.008466033112291,True,0.0001840420300140977,1,0.060789298174905707,0.07778433764364105,0.0011915406406050768,3.3439706272265677,1.429148289297541,5.1712,0.04437529527360312,0.40223836682279657,True,-2.4466136620963996,modeled_qpu
channel,12,12,27,qaoa_transfer,optimistic,1024,5.054229586644299,5.008466033112291,True,0.0001840420300140977,1,0.060789298174905707,0.07778433764364105,0.0011915406406050768,3.3439706272265677,1.429148289297541,0.022740000000000003,0.0076165119815619535,0.0017688158380163978,False,-0.009385327819578352,modeled_qpu
channel,12,12,27,qaoa_transfer,nominal,1024,5.054229586644299,5.008466033112291,True,0.0001840420300140977,1,0.060789298174905707,0.07778433764364105,0.0011915406406050768,3.3439706272265677,1.429148289297541,0.5762,0.0076165119815619535,0.04481933535026598,True,-2.052435847331828,modeled_qpu
channel,12,12,27,qaoa_transfer,stressed,1024,5.054229586644299,5.008466033112291,True,0.0001840420300140977,1,0.060789298174905707,0.07778433764364105,0.0011915406406050768,3.3439706272265677,1.429148289297541,5.3248,0.0076165119815619535,0.41418604108485985,True,-2.4218025530664216,modeled_qpu
channel,12,12,28,qaoa_transfer,optimistic,16,7.706714007215591,6.153069002536247,True,0.00017895805649459362,1,0.4644351778291528,0.04000044506525191,0.0011594878297825936,3.3439706272265677,1.429148289297541,0.012660000000000001,0.21719977874230925,0.0005064056345260893,False,-0.21770618437683534,modeled_qpu
channel,12,12,28,qaoa_transfer,nominal,16,7.706714007215591,6.153069002536247,True,0.00017895805649459362,1,0.4644351778291528,0.04000044506525191,0.0011594878297825936,3.3439706272265677,1.429148289297541,0.5258,0.21719977874230925,0.021032234015309455,True,-2.2382320127576185,modeled_qpu
channel,12,12,28,qaoa_transfer,stressed,16,7.706714007215591,6.153069002536247,True,0.00017895805649459362,1,0.4644351778291528,0.04000044506525191,0.0011594878297825936,3.3439706272265677,1.429148289297541,5.1232,0.21719977874230925,0.2049302801582986,True,-2.422130058900608,modeled_qpu
channel,12,12,28,qaoa_transfer,optimistic,64,7.236480274842153,6.153069002536247,True,0.00017895805649459362,1,0.4644351778291528,0.04000044506525191,0.0011594878297825936,3.3439706272265677,1.429148289297541,0.01314,0.1514610402782027,0.0005256058481574101,False,-0.15198664612636012,modeled_qpu
channel,12,12,28,qaoa_transfer,nominal,64,7.236480274842153,6.153069002536247,True,0.00017895805649459362,1,0.4644351778291528,0.04000044506525191,0.0011594878297825936,3.3439706272265677,1.429148289297541,0.5282,0.1514610402782027,0.02112823508346606,True,-2.172589275361669,modeled_qpu
channel,12,12,28,qaoa_transfer,stressed,64,7.236480274842153,6.153069002536247,True,0.00017895805649459362,1,0.4644351778291528,0.04000044506525191,0.0011594878297825936,3.3439706272265677,1.429148289297541,5.1328,0.1514610402782027,0.205314284430925,True,-2.356775324709128,modeled_qpu
channel,12,12,28,qaoa_transfer,optimistic,256,6.523969588247123,6.153069002536247,True,0.00017895805649459362,1,0.4644351778291528,0.04000044506525191,0.0011594878297825936,3.3439706272265677,1.429148289297541,0.01506,0.05185195132038663,0.0006024067026826938,False,-0.052454358023069324,modeled_qpu
channel,12,12,28,qaoa_transfer,nominal,256,6.523969588247123,6.153069002536247,True,0.00017895805649459362,1,0.4644351778291528,0.04000044506525191,0.0011594878297825936,3.3439706272265677,1.429148289297541,0.5378000000000001,0.05185195132038663,0.02151223935609248,True,-2.0733641906764793,modeled_qpu
channel,12,12,28,qaoa_transfer,stressed,256,6.523969588247123,6.153069002536247,True,0.00017895805649459362,1,0.4644351778291528,0.04000044506525191,0.0011594878297825936,3.3439706272265677,1.429148289297541,5.1712,0.05185195132038663,0.20685030152143066,True,-2.2587022528418172,modeled_qpu
channel,12,12,28,qaoa_transfer,optimistic,1024,6.153069002536247,6.153069002536247,True,0.00017895805649459362,1,0.4644351778291528,0.04000044506525191,0.0011594878297825936,3.3439706272265677,1.429148289297541,0.022740000000000003,0.0,0.0009096101207838286,False,-0.0009096101207838286,modeled_qpu
channel,12,12,28,qaoa_transfer,nominal,1024,6.153069002536247,6.153069002536247,True,0.00017895805649459362,1,0.4644351778291528,0.04000044506525191,0.0011594878297825936,3.3439706272265677,1.429148289297541,0.5762,0.0,0.023048256446598154,True,-2.0230482564465984,modeled_qpu
channel,12,12,28,qaoa_transfer,stressed,1024,6.153069002536247,6.153069002536247,True,0.00017895805649459362,1,0.4644351778291528,0.04000044506525191,0.0011594878297825936,3.3439706272265677,1.429148289297541,5.3248,0.0,0.21299436988345335,True,-2.2129943698834533,modeled_qpu
channel,12,12,29,qaoa_transfer,optimistic,16,12.355874774138416,5.049190018437743,True,0.00017941708210855722,1,0.20014903407795587,0.020385020894489344,0.0012646168365767142,3.3439706272265677,1.429148289297541,0.012660000000000001,1.2078782007888864,0.00025807436452423513,False,-1.2081362751534106,modeled_qpu
channel,12,12,29,qaoa_transfer,nominal,16,12.355874774138416,5.049190018437743,True,0.00017941708210855722,1,0.20014903407795587,0.020385020894489344,0.0012646168365767142,3.3439706272265677,1.429148289297541,0.5258,1.2078782007888864,0.010718443986322499,True,-3.218596644775209,modeled_qpu
channel,12,12,29,qaoa_transfer,stressed,16,12.355874774138416,5.049190018437743,True,0.00017941708210855722,1,0.20014903407795587,0.020385020894489344,0.0012646168365767142,3.3439706272265677,1.429148289297541,5.1232,1.2078782007888864,0.1044365390466478,True,-3.312314739835534,modeled_qpu
channel,12,12,29,qaoa_transfer,optimistic,64,6.74910656680343,5.049190018437743,True,0.00017941708210855722,1,0.20014903407795587,0.020385020894489344,0.0012646168365767142,3.3439706272265677,1.429148289297541,0.01314,0.28101556459367194,0.00026785917455359,False,-0.2812834237682255,modeled_qpu
channel,12,12,29,qaoa_transfer,nominal,64,6.74910656680343,5.049190018437743,True,0.00017941708210855722,1,0.20014903407795587,0.020385020894489344,0.0012646168365767142,3.3439706272265677,1.429148289297541,0.5282,0.28101556459367194,0.010767368036469271,True,-2.291782932630141,modeled_qpu
channel,12,12,29,qaoa_transfer,stressed,64,6.74910656680343,5.049190018437743,True,0.00017941708210855722,1,0.20014903407795587,0.020385020894489344,0.0012646168365767142,3.3439706272265677,1.429148289297541,5.1328,0.28101556459367194,0.10463223524723489,True,-2.385647799840907,modeled_qpu
channel,12,12,29,qaoa_transfer,optimistic,256,6.052265788013745,5.049190018437743,True,0.00017941708210855722,1,0.20014903407795587,0.020385020894489344,0.0012646168365767142,3.3439706272265677,1.429148289297541,0.01506,0.1658198480323247,0.0003069984146710095,False,-0.1661268464469957,modeled_qpu
channel,12,12,29,qaoa_transfer,nominal,256,6.052265788013745,5.049190018437743,True,0.00017941708210855722,1,0.20014903407795587,0.020385020894489344,0.0012646168365767142,3.3439706272265677,1.429148289297541,0.5378000000000001,0.1658198480323247,0.01096306423705637,True,-2.176782912269381,modeled_qpu
channel,12,12,29,qaoa_transfer,stressed,256,6.052265788013745,5.049190018437743,True,0.00017941708210855722,1,0.20014903407795587,0.020385020894489344,0.0012646168365767142,3.3439706272265677,1.429148289297541,5.1712,0.1658198480323247,0.1054150200495833,True,-2.271234868081908,modeled_qpu
channel,12,12,29,qaoa_transfer,optimistic,1024,5.049190018437743,5.049190018437743,True,0.00017941708210855722,1,0.20014903407795587,0.020385020894489344,0.0012646168365767142,3.3439706272265677,1.429148289297541,0.022740000000000003,0.0,0.00046355537514068776,False,-0.00046355537514068776,modeled_qpu
channel,12,12,29,qaoa_transfer,nominal,1024,5.049190018437743,5.049190018437743,True,0.00017941708210855722,1,0.20014903407795587,0.020385020894489344,0.0012646168365767142,3.3439706272265677,1.429148289297541,0.5762,0.0,0.011745849039404762,True,-2.011745849039405,modeled_qpu
channel,12,12,29,qaoa_transfer,stressed,1024,5.049190018437743,5.049190018437743,True,0.00017941708210855722,1,0.20014903407795587,0.020385020894489344,0.0012646168365767142,3.3439706272265677,1.429148289297541,5.3248,0.0,0.10854615925897686,True,-2.1085461592589767,modeled_qpu
placement,6,6,15,qaoa_transfer,optimistic,16,1.390932972407369,1.390932972407369,True,3.6041950806975365e-05,1,0.6909472320556431,0.027747771477544453,0.055223385204230514,4.419956084914746,2.7316858809555282,0.012660000000000001,0.0,0.0003512867869057128,False,-0.0003512867869057128,modeled_qpu
placement,6,6,15,qaoa_transfer,nominal,16,1.390932972407369,1.390932972407369,True,3.6041950806975365e-05,1,0.6909472320556431,0.027747771477544453,0.055223385204230514,4.419956084914746,2.7316858809555282,0.5258,0.0,0.014589778242892875,False,-0.014589778242892875,modeled_qpu
placement,6,6,15,qaoa_transfer,stressed,16,1.390932972407369,1.390932972407369,True,3.6041950806975365e-05,1,0.6909472320556431,0.027747771477544453,0.055223385204230514,4.419956084914746,2.7316858809555282,5.1232,0.0,0.14215738283375573,True,-2.142157382833756,modeled_qpu
placement,6,6,15,qaoa_transfer,optimistic,64,1.390932972407369,1.390932972407369,True,3.6041950806975365e-05,1,0.6909472320556431,0.027747771477544453,0.055223385204230514,4.419956084914746,2.7316858809555282,0.01314,0.0,0.00036460571721493414,False,-0.00036460571721493414,modeled_qpu
placement,6,6,15,qaoa_transfer,nominal,64,1.390932972407369,1.390932972407369,True,3.6041950806975365e-05,1,0.6909472320556431,0.027747771477544453,0.055223385204230514,4.419956084914746,2.7316858809555282,0.5282,0.0,0.01465637289443898,False,-0.01465637289443898,modeled_qpu
placement,6,6,15,qaoa_transfer,stressed,64,1.390932972407369,1.390932972407369,True,3.6041950806975365e-05,1,0.6909472320556431,0.027747771477544453,0.055223385204230514,4.419956084914746,2.7316858809555282,5.1328,0.0,0.14242376143994015,True,-2.14242376143994,modeled_qpu
placement,6,6,15,qaoa_transfer,optimistic,256,1.390932972407369,1.390932972407369,True,3.6041950806975365e-05,1,0.6909472320556431,0.027747771477544453,0.055223385204230514,4.419956084914746,2.7316858809555282,0.01506,0.0,0.0004178814384518195,False,-0.0004178814384518195,modeled_qpu
placement,6,6,15,qaoa_transfer,nominal,256,1.390932972407369,1.390932972407369,True,3.6041950806975365e-05,1,0.6909472320556431,0.027747771477544453,0.055223385204230514,4.419956084914746,2.7316858809555282,0.5378000000000001,0.0,0.014922751500623409,False,-0.014922751500623409,modeled_qpu
placement,6,6,15,qaoa_transfer,stressed,256,1.390932972407369,1.390932972407369,True,3.6041950806975365e-05,1,0.6909472320556431,0.027747771477544453,0.055223385204230514,4.419956084914746,2.7316858809555282,5.1712,0.0,0.14348927586467786,True,-2.143489275864678,modeled_qpu
placement,6,6,15,qaoa_transfer,optimistic,1024,1.390932972407369,1.390932972407369,True,3.6041950806975365e-05,1,0.6909472320556431,0.027747771477544453,0.055223385204230514,4.419956084914746,2.7316858809555282,0.022740000000000003,0.0,0.0006309843233993609,False,-0.0006309843233993609,modeled_qpu
placement,6,6,15,qaoa_transfer,nominal,1024,1.390932972407369,1.390932972407369,True,3.6041950806975365e-05,1,0.6909472320556431,0.027747771477544453,0.055223385204230514,4.419956084914746,2.7316858809555282,0.5762,0.0,0.015988265925361116,False,-0.015988265925361116,modeled_qpu
placement,6,6,15,qaoa_transfer,stressed,1024,1.390932972407369,1.390932972407369,True,3.6041950806975365e-05,1,0.6909472320556431,0.027747771477544453,0.055223385204230514,4.419956084914746,2.7316858809555282,5.3248,0.0,0.14775133356362868,True,-2.1477513335636287,modeled_qpu
placement,6,6,16,qaoa_transfer,optimistic,16,1.1241713979585584,1.1241713979585584,True,2.2791908122599125e-05,1,0.2870706207335355,0.05857807544799185,0.06109313812944416,4.419956084914746,2.7316858809555282,0.012660000000000001,0.0,0.0007415984351715769,False,-0.0007415984351715769,modeled_qpu
placement,6,6,16,qaoa_transfer,nominal,16,1.1241713979585584,1.1241713979585584,True,2.2791908122599125e-05,1,0.2870706207335355,0.05857807544799185,0.06109313812944416,4.419956084914746,2.7316858809555282,0.5258,0.0,0.030800352070554118,True,-2.030800352070554,modeled_qpu
placement,6,6,16,qaoa_transfer,stressed,16,1.1241713979585584,1.1241713979585584,True,2.2791908122599125e-05,1,0.2870706207335355,0.05857807544799185,0.06109313812944416,4.419956084914746,2.7316858809555282,5.1232,0.0,0.30010719613515185,True,-2.300107196135152,modeled_qpu
placement,6,6,16,qaoa_transfer,optimistic,64,1.1241713979585584,1.1241713979585584,True,2.2791908122599125e-05,1,0.2870706207335355,0.05857807544799185,0.06109313812944416,4.419956084914746,2.7316858809555282,0.01314,0.0,0.000769715911386613,False,-0.000769715911386613,modeled_qpu
placement,6,6,16,qaoa_transfer,nominal,64,1.1241713979585584,1.1241713979585584,True,2.2791908122599125e-05,1,0.2870706207335355,0.05857807544799185,0.06109313812944416,4.419956084914746,2.7316858809555282,0.5282,0.0,0.030940939451629297,True,-2.030940939451629,modeled_qpu
placement,6,6,16,qaoa_transfer,stressed,64,1.1241713979585584,1.1241713979585584,True,2.2791908122599125e-05,1,0.2870706207335355,0.05857807544799185,0.06109313812944416,4.419956084914746,2.7316858809555282,5.1328,0.0,0.30066954565945253,True,-2.3006695456594524,modeled_qpu
placement,6,6,16,qaoa_transfer,optimistic,256,1.1241713979585584,1.1241713979585584,True,2.2791908122599125e-05,1,0.2870706207335355,0.05857807544799185,0.06109313812944416,4.419956084914746,2.7316858809555282,0.01506,0.0,0.0008821858162467573,False,-0.0008821858162467573,modeled_qpu
placement,6,6,16,qaoa_transfer,nominal,256,1.1241713979585584,1.1241713979585584,True,2.2791908122599125e-05,1,0.2870706207335355,0.05857807544799185,0.06109313812944416,4.419956084914746,2.7316858809555282,0.5378000000000001,0.0,0.03150328897593002,True,-2.03150328897593,modeled_qpu
placement,6,6,16,qaoa_transfer,stressed,256,1.1241713979585584,1.1241713979585584,True,2.2791908122599125e-05,1,0.2870706207335355,0.05857807544799185,0.06109313812944416,4.419956084914746,2.7316858809555282,5.1712,0.0,0.30291894375665546,True,-2.3029189437566555,modeled_qpu
placement,6,6,16,qaoa_transfer,optimistic,1024,1.1241713979585584,1.1241713979585584,True,2.2791908122599125e-05,1,0.2870706207335355,0.05857807544799185,0.06109313812944416,4.419956084914746,2.7316858809555282,0.022740000000000003,0.0,0.0013320654356873348,False,-0.0013320654356873348,modeled_qpu
placement,6,6,16,qaoa_transfer,nominal,1024,1.1241713979585584,1.1241713979585584,True,2.2791908122599125e-05,1,0.2870706207335355,0.05857807544799185,0.06109313812944416,4.419956084914746,2.7316858809555282,0.5762,0.0,0.033752687073132906,True,-2.033752687073133,modeled_qpu
placement,6,6,16,qaoa_transfer,stressed,1024,1.1241713979585584,1.1241713979585584,True,2.2791908122599125e-05,1,0.2870706207335355,0.05857807544799185,0.06109313812944416,4.419956084914746,2.7316858809555282,5.3248,0.0,0.311916536145467,True,-2.3119165361454668,modeled_qpu
placement,6,6,17,qaoa_transfer,optimistic,16,1.2073302855462769,1.2073302855462769,True,2.150004729628563e-05,1,0.31292689941668683,0.10844643177697279,0.055400686807889316,4.419956084914746,2.7316858809555282,0.012660000000000001,0.0,0.0013729318262964757,False,-0.0013729318262964757,modeled_qpu
placement,6,6,17,qaoa_transfer,nominal,16,1.2073302855462769,1.2073302855462769,True,2.150004729628563e-05,1,0.31292689941668683,0.10844643177697279,0.055400686807889316,4.419956084914746,2.7316858809555282,0.5258,0.0,0.05702113382833229,True,-2.057021133828332,modeled_qpu
placement,6,6,17,qaoa_transfer,stressed,16,1.2073302855462769,1.2073302855462769,True,2.150004729628563e-05,1,0.31292689941668683,0.10844643177697279,0.055400686807889316,4.419956084914746,2.7316858809555282,5.1232,0.0,0.5555927592797869,True,-2.555592759279787,modeled_qpu
placement,6,6,17,qaoa_transfer,optimistic,64,1.2073302855462769,1.2073302855462769,True,2.150004729628563e-05,1,0.31292689941668683,0.10844643177697279,0.055400686807889316,4.419956084914746,2.7316858809555282,0.01314,0.0,0.0014249861135494225,False,-0.0014249861135494225,modeled_qpu
placement,6,6,17,qaoa_transfer,nominal,64,1.2073302855462769,1.2073302855462769,True,2.150004729628563e-05,1,0.31292689941668683,0.10844643177697279,0.055400686807889316,4.419956084914746,2.7316858809555282,0.5282,0.0,0.057281405264597025,True,-2.057281405264597,modeled_qpu
placement,6,6,17,qaoa_transfer,stressed,64,1.2073302855462769,1.2073302855462769,True,2.150004729628563e-05,1,0.31292689941668683,0.10844643177697279,0.055400686807889316,4.419956084914746,2.7316858809555282,5.1328,0.0,0.5566338450248459,True,-2.556633845024846,modeled_qpu
placement,6,6,17,qaoa_transfer,optimistic,256,1.2073302855462769,1.2073302855462769,True,2.150004729628563e-05,1,0.31292689941668683,0.10844643177697279,0.055400686807889316,4.419956084914746,2.7316858809555282,0.01506,0.0,0.0016332032625612101,False,-0.0016332032625612101,modeled_qpu
placement,6,6,17,qaoa_transfer,nominal,256,1.2073302855462769,1.2073302855462769,True,2.150004729628563e-05,1,0.31292689941668683,0.10844643177697279,0.055400686807889316,4.419956084914746,2.7316858809555282,0.5378000000000001,0.0,0.058322491009655975,True,-2.058322491009656,modeled_qpu
placement,6,6,17,qaoa_transfer,stressed,256,1.2073302855462769,1.2073302855462769,True,2.150004729628563e-05,1,0.31292689941668683,0.10844643177697279,0.055400686807889316,4.419956084914746,2.7316858809555282,5.1712,0.0,0.5607981880050816,True,-2.560798188005082,modeled_qpu
placement,6,6,17,qaoa_transfer,optimistic,1024,1.2073302855462769,1.2073302855462769,True,2.150004729628563e-05,1,0.31292689941668683,0.10844643177697279,0.055400686807889316,4.419956084914746,2.7316858809555282,0.022740000000000003,0.0,0.0024660718586083617,False,-0.0024660718586083617,modeled_qpu
placement,6,6,17,qaoa_transfer,nominal,1024,1.2073302855462769,1.2073302855462769,True,2.150004729628563e-05,1,0.31292689941668683,0.10844643177697279,0.055400686807889316,4.419956084914746,2.7316858809555282,0.5762,0.0,0.06248683398989172,True,-2.0624868339898916,modeled_qpu
placement,6,6,17,qaoa_transfer,stressed,1024,1.2073302855462769,1.2073302855462769,True,2.150004729628563e-05,1,0.31292689941668683,0.10844643177697279,0.055400686807889316,4.419956084914746,2.7316858809555282,5.3248,0.0,0.5774555599260247,True,-2.5774555599260247,modeled_qpu
placement,6,6,18,qaoa_transfer,optimistic,16,1.2975321053570046,1.2975321053570046,True,2.0999927073717117e-05,1,0.32335426931566424,0.028237363440839373,0.05617702564938468,4.419956084914746,2.7316858809555282,0.012660000000000001,0.0,0.0003574850211610265,False,-0.0003574850211610265,modeled_qpu
placement,6,6,18,qaoa_transfer,nominal,16,1.2975321053570046,1.2975321053570046,True,2.0999927073717117e-05,1,0.32335426931566424,0.028237363440839373,0.05617702564938468,4.419956084914746,2.7316858809555282,0.5258,0.0,0.014847205697193343,True,-2.0148472056971936,modeled_qpu
placement,6,6,18,qaoa_transfer,stressed,16,1.2975321053570046,1.2975321053570046,True,2.0999927073717117e-05,1,0.32335426931566424,0.028237363440839373,0.05617702564938468,4.419956084914746,2.7316858809555282,5.1232,0.0,0.14466566038010828,True,-2.144665660380108,modeled_qpu
placement,6,6,18,qaoa_transfer,optimistic,64,1.2975321053570046,1.2975321053570046,True,2.0999927073717117e-05,1,0.32335426931566424,0.028237363440839373,0.05617702564938468,4.419956084914746,2.7316858809555282,0.01314,0.0,0.00037103895561262936,False,-0.00037103895561262936,modeled_qpu
placement,6,6,18,qaoa_transfer,nominal,64,1.2975321053570046,1.2975321053570046,True,2.0999927073717117e-05,1,0.32335426931566424,0.028237363440839373,0.05617702564938468,4.419956084914746,2.7316858809555282,0.5282,0.0,0.014914975369451357,True,-2.0149149753694515,modeled_qpu
placement,6,6,18,qaoa_transfer,stressed,64,1.2975321053570046,1.2975321053570046,True,2.0999927073717117e-05,1,0.32335426931566424,0.028237363440839373,0.05617702564938468,4.419956084914746,2.7316858809555282,5.1328,0.0,0.1449367390691403,True,-2.1449367390691405,modeled_qpu
placement,6,6,18,qaoa_transfer,optimistic,256,1.2975321053570046,1.2975321053570046,True,2.0999927073717117e-05,1,0.32335426931566424,0.028237363440839373,0.05617702564938468,4.419956084914746,2.7316858809555282,0.01506,0.0,0.00042525469341904096,False,-0.00042525469341904096,modeled_qpu
placement,6,6,18,qaoa_transfer,nominal,256,1.2975321053570046,1.2975321053570046,True,2.0999927073717117e-05,1,0.32335426931566424,0.028237363440839373,0.05617702564938468,4.419956084914746,2.7316858809555282,0.5378000000000001,0.0,0.015186054058483417,True,-2.0151860540584834,modeled_qpu
placement,6,6,18,qaoa_transfer,stressed,256,1.2975321053570046,1.2975321053570046,True,2.0999927073717117e-05,1,0.32335426931566424,0.028237363440839373,0.05617702564938468,4.419956084914746,2.7316858809555282,5.1712,0.0,0.14602105382526856,True,-2.1460210538252684,modeled_qpu
placement,6,6,18,qaoa_transfer,optimistic,1024,1.2975321053570046,1.2975321053570046,True,2.0999927073717117e-05,1,0.32335426931566424,0.028237363440839373,0.05617702564938468,4.419956084914746,2.7316858809555282,0.022740000000000003,0.0,0.0006421176446446874,False,-0.0006421176446446874,modeled_qpu
placement,6,6,18,qaoa_transfer,nominal,1024,1.2975321053570046,1.2975321053570046,True,2.0999927073717117e-05,1,0.32335426931566424,0.028237363440839373,0.05617702564938468,4.419956084914746,2.7316858809555282,0.5762,0.0,0.01627036881461165,True,-2.0162703688146117,modeled_qpu
placement,6,6,18,qaoa_transfer,stressed,1024,1.2975321053570046,1.2975321053570046,True,2.0999927073717117e-05,1,0.32335426931566424,0.028237363440839373,0.05617702564938468,4.419956084914746,2.7316858809555282,5.3248,0.0,0.1503583128497815,True,-2.1503583128497814,modeled_qpu
placement,6,6,19,qaoa_transfer,optimistic,16,2.4141459213291836,1.737848725504364,True,2.1292013116180897e-05,1,0.7076783457726457,0.0818242156168877,0.059072424766953915,4.419956084914746,2.7316858809555282,0.012660000000000001,0.24701773678172553,0.0010358945697097983,False,-0.24805363135143532,modeled_qpu
placement,6,6,19,qaoa_transfer,nominal,16,2.4141459213291836,1.737848725504364,True,2.1292013116180897e-05,1,0.7076783457726457,0.0818242156168877,0.059072424766953915,4.419956084914746,2.7316858809555282,0.5258,0.24701773678172553,0.043023172571359555,False,-0.2900409093530851,modeled_qpu
placement,6,6,19,qaoa_transfer,stressed,16,2.4141459213291836,1.737848725504364,True,2.1292013116180897e-05,1,0.7076783457726457,0.0818242156168877,0.059072424766953915,4.419956084914746,2.7316858809555282,5.1232,0.24701773678172553,0.41920182144843904,True,-2.6662195582301647,modeled_qpu
placement,6,6,19,qaoa_transfer,optimistic,64,1.737848725504364,1.737848725504364,True,2.1292013116180897e-05,1,0.7076783457726457,0.0818242156168877,0.059072424766953915,4.419956084914746,2.7316858809555282,0.01314,0.0,0.0010751701932059045,False,-0.0010751701932059045,modeled_qpu
placement,6,6,19,qaoa_transfer,nominal,64,1.737848725504364,1.737848725504364,True,2.1292013116180897e-05,1,0.7076783457726457,0.0818242156168877,0.059072424766953915,4.419956084914746,2.7316858809555282,0.5282,0.0,0.043219550688840085,False,-0.043219550688840085,modeled_qpu
placement,6,6,19,qaoa_transfer,stressed,64,1.737848725504364,1.737848725504364,True,2.1292013116180897e-05,1,0.7076783457726457,0.0818242156168877,0.059072424766953915,4.419956084914746,2.7316858809555282,5.1328,0.0,0.4199873339183611,True,-2.4199873339183613,modeled_qpu
placement,6,6,19,qaoa_transfer,optimistic,256,1.737848725504364,1.737848725504364,True,2.1292013116180897e-05,1,0.7076783457726457,0.0818242156168877,0.059072424766953915,4.419956084914746,2.7316858809555282,0.01506,0.0,0.0012322726871903287,False,-0.0012322726871903287,modeled_qpu
placement,6,6,19,qaoa_transfer,nominal,256,1.737848725504364,1.737848725504364,True,2.1292013116180897e-05,1,0.7076783457726457,0.0818242156168877,0.059072424766953915,4.419956084914746,2.7316858809555282,0.5378000000000001,0.0,0.04400506315876221,False,-0.04400506315876221,modeled_qpu
placement,6,6,19,qaoa_transfer,stressed,256,1.737848725504364,1.737848725504364,True,2.1292013116180897e-05,1,0.7076783457726457,0.0818242156168877,0.059072424766953915,4.419956084914746,2.7316858809555282,5.1712,0.0,0.42312938379804965,True,-2.4231293837980497,modeled_qpu
placement,6,6,19,qaoa_transfer,optimistic,1024,1.737848725504364,1.737848725504364,True,2.1292013116180897e-05,1,0.7076783457726457,0.0818242156168877,0.059072424766953915,4.419956084914746,2.7316858809555282,0.022740000000000003,0.0,0.0018606826631280265,False,-0.0018606826631280265,modeled_qpu
placement,6,6,19,qaoa_transfer,nominal,1024,1.737848725504364,1.737848725504364,True,2.1292013116180897e-05,1,0.7076783457726457,0.0818242156168877,0.059072424766953915,4.419956084914746,2.7316858809555282,0.5762,0.0,0.0471471130384507,False,-0.0471471130384507,modeled_qpu
placement,6,6,19,qaoa_transfer,stressed,1024,1.737848725504364,1.737848725504364,True,2.1292013116180897e-05,1,0.7076783457726457,0.0818242156168877,0.059072424766953915,4.419956084914746,2.7316858809555282,5.3248,0.0,0.4356975833168036,True,-2.4356975833168035,modeled_qpu
placement,6,6,20,qaoa_transfer,optimistic,16,1.2453255685708937,1.0440653454179964,True,2.0834035240113735e-05,1,0.5992178232072712,0.046553990034852805,0.06128313845297442,4.419956084914746,2.7316858809555282,0.012660000000000001,0.09846075792246312,0.0005893735138412365,False,-0.09905013143630435,modeled_qpu
placement,6,6,20,qaoa_transfer,nominal,16,1.2453255685708937,1.0440653454179964,True,2.0834035240113735e-05,1,0.5992178232072712,0.046553990034852805,0.06128313845297442,4.419956084914746,2.7316858809555282,0.5258,0.09846075792246312,0.024478087960325606,False,-0.12293884588278872,modeled_qpu
placement,6,6,20,qaoa_transfer,stressed,16,1.2453255685708937,1.0440653454179964,True,2.0834035240113735e-05,1,0.5992178232072712,0.046553990034852805,0.06128313845297442,4.419956084914746,2.7316858809555282,5.1232,0.09846075792246312,0.23850540174655788,True,-2.336966159669021,modeled_qpu
placement,6,6,20,qaoa_transfer,optimistic,64,1.0440653454179964,1.0440653454179964,True,2.0834035240113735e-05,1,0.5992178232072712,0.046553990034852805,0.06128313845297442,4.419956084914746,2.7316858809555282,0.01314,0.0,0.0006117194290579658,False,-0.0006117194290579658,modeled_qpu
placement,6,6,20,qaoa_transfer,nominal,64,1.0440653454179964,1.0440653454179964,True,2.0834035240113735e-05,1,0.5992178232072712,0.046553990034852805,0.06128313845297442,4.419956084914746,2.7316858809555282,0.5282,0.0,0.02458981753640925,False,-0.02458981753640925,modeled_qpu
placement,6,6,20,qaoa_transfer,stressed,64,1.0440653454179964,1.0440653454179964,True,2.0834035240113735e-05,1,0.5992178232072712,0.046553990034852805,0.06128313845297442,4.419956084914746,2.7316858809555282,5.1328,0.0,0.23895232005089245,True,-2.2389523200508923,modeled_qpu
placement,6,6,20,qaoa_transfer,optimistic,256,1.0440653454179964,1.0440653454179964,True,2.0834035240113735e-05,1,0.5992178232072712,0.046553990034852805,0.06128313845297442,4.419956084914746,2.7316858809555282,0.01506,0.0,0.0007011030899248833,False,-0.0007011030899248833,modeled_qpu
placement,6,6,20,qaoa_transfer,nominal,256,1.0440653454179964,1.0440653454179964,True,2.0834035240113735e-05,1,0.5992178232072712,0.046553990034852805,0.06128313845297442,4.419956084914746,2.7316858809555282,0.5378000000000001,0.0,0.02503673584074384,False,-0.02503673584074384,modeled_qpu
placement,6,6,20,qaoa_transfer,stressed,256,1.0440653454179964,1.0440653454179964,True,2.0834035240113735e-05,1,0.5992178232072712,0.046553990034852805,0.06128313845297442,4.419956084914746,2.7316858809555282,5.1712,0.0,0.2407399932682308,True,-2.240739993268231,modeled_qpu
placement,6,6,20,qaoa_transfer,optimistic,1024,1.0440653454179964,1.0440653454179964,True,2.0834035240113735e-05,1,0.5992178232072712,0.046553990034852805,0.06128313845297442,4.419956084914746,2.7316858809555282,0.022740000000000003,0.0,0.001058637733392553,False,-0.001058637733392553,modeled_qpu
placement,6,6,20,qaoa_transfer,nominal,1024,1.0440653454179964,1.0440653454179964,True,2.0834035240113735e-05,1,0.5992178232072712,0.046553990034852805,0.06128313845297442,4.419956084914746,2.7316858809555282,0.5762,0.0,0.02682440905808219,False,-0.02682440905808219,modeled_qpu
placement,6,6,20,qaoa_transfer,stressed,1024,1.0440653454179964,1.0440653454179964,True,2.0834035240113735e-05,1,0.5992178232072712,0.046553990034852805,0.06128313845297442,4.419956084914746,2.7316858809555282,5.3248,0.0,0.2478906861375842,True,-2.247890686137584,modeled_qpu
placement,6,6,21,qaoa_transfer,optimistic,16,1.686037432772745,1.686037432772745,True,2.0749983377754688e-05,1,0.5076657604104915,0.04131747163713426,0.05934970482720158,4.419956084914746,2.7316858809555282,0.012660000000000001,0.0,0.0005230791909261198,False,-0.0005230791909261198,modeled_qpu
placement,6,6,21,qaoa_transfer,nominal,16,1.686037432772745,1.686037432772745,True,2.0749983377754688e-05,1,0.5076657604104915,0.04131747163713426,0.05934970482720158,4.419956084914746,2.7316858809555282,0.5258,0.0,0.021724726586805198,True,-2.0217247265868052,modeled_qpu
placement,6,6,21,qaoa_transfer,stressed,16,1.686037432772745,1.686037432772745,True,2.0749983377754688e-05,1,0.5076657604104915,0.04131747163713426,0.05934970482720158,4.419956084914746,2.7316858809555282,5.1232,0.0,0.21167767069136625,True,-2.2116776706913663,modeled_qpu
placement,6,6,21,qaoa_transfer,optimistic,64,1.686037432772745,1.686037432772745,True,2.0749983377754688e-05,1,0.5076657604104915,0.04131747163713426,0.05934970482720158,4.419956084914746,2.7316858809555282,0.01314,0.0,0.0005429115773119442,False,-0.0005429115773119442,modeled_qpu
placement,6,6,21,qaoa_transfer,nominal,64,1.686037432772745,1.686037432772745,True,2.0749983377754688e-05,1,0.5076657604104915,0.04131747163713426,0.05934970482720158,4.419956084914746,2.7316858809555282,0.5282,0.0,0.02182388851873432,True,-2.0218238885187345,modeled_qpu
placement,6,6,21,qaoa_transfer,stressed,64,1.686037432772745,1.686037432772745,True,2.0749983377754688e-05,1,0.5076657604104915,0.04131747163713426,0.05934970482720158,4.419956084914746,2.7316858809555282,5.1328,0.0,0.21207431841908272,True,-2.2120743184190825,modeled_qpu
placement,6,6,21,qaoa_transfer,optimistic,256,1.686037432772745,1.686037432772745,True,2.0749983377754688e-05,1,0.5076657604104915,0.04131747163713426,0.05934970482720158,4.419956084914746,2.7316858809555282,0.01506,0.0,0.000622241122855242,False,-0.000622241122855242,modeled_qpu
placement,6,6,21,qaoa_transfer,nominal,256,1.686037432772745,1.686037432772745,True,2.0749983377754688e-05,1,0.5076657604104915,0.04131747163713426,0.05934970482720158,4.419956084914746,2.7316858809555282,0.5378000000000001,0.0,0.02222053624645081,True,-2.0222205362464507,modeled_qpu
placement,6,6,21,qaoa_transfer,stressed,256,1.686037432772745,1.686037432772745,True,2.0749983377754688e-05,1,0.5076657604104915,0.04131747163713426,0.05934970482720158,4.419956084914746,2.7316858809555282,5.1712,0.0,0.2136609093299487,True,-2.2136609093299486,modeled_qpu
placement,6,6,21,qaoa_transfer,optimistic,1024,1.686037432772745,1.686037432772745,True,2.0749983377754688e-05,1,0.5076657604104915,0.04131747163713426,0.05934970482720158,4.419956084914746,2.7316858809555282,0.022740000000000003,0.0,0.0009395593050284333,False,-0.0009395593050284333,modeled_qpu
placement,6,6,21,qaoa_transfer,nominal,1024,1.686037432772745,1.686037432772745,True,2.0749983377754688e-05,1,0.5076657604104915,0.04131747163713426,0.05934970482720158,4.419956084914746,2.7316858809555282,0.5762,0.0,0.023807127157316765,True,-2.023807127157317,modeled_qpu
placement,6,6,21,qaoa_transfer,stressed,1024,1.686037432772745,1.686037432772745,True,2.0749983377754688e-05,1,0.5076657604104915,0.04131747163713426,0.05934970482720158,4.419956084914746,2.7316858809555282,5.3248,0.0,0.22000727297341252,True,-2.2200072729734126,modeled_qpu
placement,6,6,22,qaoa_transfer,optimistic,16,1.8655819807066727,1.8655819807066727,True,2.062495332211256e-05,1,0.5829082892637313,0.11687240916288733,0.05861073417590765,4.419956084914746,2.7316858809555282,0.012660000000000001,0.0,0.0014796047000021537,False,-0.0014796047000021537,modeled_qpu
placement,6,6,22,qaoa_transfer,nominal,16,1.8655819807066727,1.8655819807066727,True,2.062495332211256e-05,1,0.5829082892637313,0.11687240916288733,0.05861073417590765,4.419956084914746,2.7316858809555282,0.5258,0.0,0.06145151273784616,False,-0.06145151273784616,modeled_qpu
placement,6,6,22,qaoa_transfer,stressed,16,1.8655819807066727,1.8655819807066727,True,2.062495332211256e-05,1,0.5829082892637313,0.11687240916288733,0.05861073417590765,4.419956084914746,2.7316858809555282,5.1232,0.0,0.5987607266233043,True,-2.598760726623304,modeled_qpu
placement,6,6,22,qaoa_transfer,optimistic,64,1.8655819807066727,1.8655819807066727,True,2.062495332211256e-05,1,0.5829082892637313,0.11687240916288733,0.05861073417590765,4.419956084914746,2.7316858809555282,0.01314,0.0,0.0015357034564003394,False,-0.0015357034564003394,modeled_qpu
placement,6,6,22,qaoa_transfer,nominal,64,1.8655819807066727,1.8655819807066727,True,2.062495332211256e-05,1,0.5829082892637313,0.11687240916288733,0.05861073417590765,4.419956084914746,2.7316858809555282,0.5282,0.0,0.06173200651983708,False,-0.06173200651983708,modeled_qpu
placement,6,6,22,qaoa_transfer,stressed,64,1.8655819807066727,1.8655819807066727,True,2.062495332211256e-05,1,0.5829082892637313,0.11687240916288733,0.05861073417590765,4.419956084914746,2.7316858809555282,5.1328,0.0,0.599882701751268,True,-2.599882701751268,modeled_qpu
placement,6,6,22,qaoa_transfer,optimistic,256,1.8655819807066727,1.8655819807066727,True,2.062495332211256e-05,1,0.5829082892637313,0.11687240916288733,0.05861073417590765,4.419956084914746,2.7316858809555282,0.01506,0.0,0.0017600984819930831,False,-0.0017600984819930831,modeled_qpu
placement,6,6,22,qaoa_transfer,nominal,256,1.8655819807066727,1.8655819807066727,True,2.062495332211256e-05,1,0.5829082892637313,0.11687240916288733,0.05861073417590765,4.419956084914746,2.7316858809555282,0.5378000000000001,0.0,0.06285398164780082,False,-0.06285398164780082,modeled_qpu
placement,6,6,22,qaoa_transfer,stressed,256,1.8655819807066727,1.8655819807066727,True,2.062495332211256e-05,1,0.5829082892637313,0.11687240916288733,0.05861073417590765,4.419956084914746,2.7316858809555282,5.1712,0.0,0.6043706022631229,True,-2.604370602263123,modeled_qpu
placement,6,6,22,qaoa_transfer,optimistic,1024,1.8655819807066727,1.8655819807066727,True,2.062495332211256e-05,1,0.5829082892637313,0.11687240916288733,0.05861073417590765,4.419956084914746,2.7316858809555282,0.022740000000000003,0.0,0.002657678584364058,False,-0.002657678584364058,modeled_qpu
placement,6,6,22,qaoa_transfer,nominal,1024,1.8655819807066727,1.8655819807066727,True,2.062495332211256e-05,1,0.5829082892637313,0.11687240916288733,0.05861073417590765,4.419956084914746,2.7316858809555282,0.5762,0.0,0.06734188215965568,False,-0.06734188215965568,modeled_qpu
placement,6,6,22,qaoa_transfer,stressed,1024,1.8655819807066727,1.8655819807066727,True,2.062495332211256e-05,1,0.5829082892637313,0.11687240916288733,0.05861073417590765,4.419956084914746,2.7316858809555282,5.3248,0.0,0.6223222043105424,True,-2.6223222043105423,modeled_qpu
placement,6,6,23,qaoa_transfer,optimistic,16,1.9423665961377536,1.9423665961377536,True,2.0417035557329655e-05,1,0.31590952120937393,0.044146217377870806,0.06117962231765492,4.419956084914746,2.7316858809555282,0.012660000000000001,0.0,0.0005588911120038444,False,-0.0005588911120038444,modeled_qpu
placement,6,6,23,qaoa_transfer,nominal,16,1.9423665961377536,1.9423665961377536,True,2.0417035557329655e-05,1,0.31590952120937393,0.044146217377870806,0.06117962231765492,4.419956084914746,2.7316858809555282,0.5258,0.0,0.02321208109728447,True,-2.0232120810972845,modeled_qpu
placement,6,6,23,qaoa_transfer,stressed,16,1.9423665961377536,1.9423665961377536,True,2.0417035557329655e-05,1,0.31590952120937393,0.044146217377870806,0.06117962231765492,4.419956084914746,2.7316858809555282,5.1232,0.0,0.2261699008703077,True,-2.2261699008703077,modeled_qpu
placement,6,6,23,qaoa_transfer,optimistic,64,1.9423665961377536,1.9423665961377536,True,2.0417035557329655e-05,1,0.31590952120937393,0.044146217377870806,0.06117962231765492,4.419956084914746,2.7316858809555282,0.01314,0.0,0.0005800812963452224,False,-0.0005800812963452224,modeled_qpu
placement,6,6,23,qaoa_transfer,nominal,64,1.9423665961377536,1.9423665961377536,True,2.0417035557329655e-05,1,0.31590952120937393,0.044146217377870806,0.06117962231765492,4.419956084914746,2.7316858809555282,0.5282,0.0,0.02331803201899136,True,-2.023318032018991,modeled_qpu
placement,6,6,23,qaoa_transfer,stressed,64,1.9423665961377536,1.9423665961377536,True,2.0417035557329655e-05,1,0.31590952120937393,0.044146217377870806,0.06117962231765492,4.419956084914746,2.7316858809555282,5.1328,0.0,0.22659370455713526,True,-2.226593704557135,modeled_qpu
placement,6,6,23,qaoa_transfer,optimistic,256,1.9423665961377536,1.9423665961377536,True,2.0417035557329655e-05,1,0.31590952120937393,0.044146217377870806,0.06117962231765492,4.419956084914746,2.7316858809555282,0.01506,0.0,0.0006648420337107343,False,-0.0006648420337107343,modeled_qpu
placement,6,6,23,qaoa_transfer,nominal,256,1.9423665961377536,1.9423665961377536,True,2.0417035557329655e-05,1,0.31590952120937393,0.044146217377870806,0.06117962231765492,4.419956084914746,2.7316858809555282,0.5378000000000001,0.0,0.02374183570581892,True,-2.023741835705819,modeled_qpu
placement,6,6,23,qaoa_transfer,stressed,256,1.9423665961377536,1.9423665961377536,True,2.0417035557329655e-05,1,0.31590952120937393,0.044146217377870806,0.06117962231765492,4.419956084914746,2.7316858809555282,5.1712,0.0,0.2282889193044455,True,-2.2282889193044455,modeled_qpu
placement,6,6,23,qaoa_transfer,optimistic,1024,1.9423665961377536,1.9423665961377536,True,2.0417035557329655e-05,1,0.31590952120937393,0.044146217377870806,0.06117962231765492,4.419956084914746,2.7316858809555282,0.022740000000000003,0.0,0.0010038849831727824,False,-0.0010038849831727824,modeled_qpu
placement,6,6,23,qaoa_transfer,nominal,1024,1.9423665961377536,1.9423665961377536,True,2.0417035557329655e-05,1,0.31590952120937393,0.044146217377870806,0.06117962231765492,4.419956084914746,2.7316858809555282,0.5762,0.0,0.025437050453129162,True,-2.025437050453129,modeled_qpu
placement,6,6,23,qaoa_transfer,stressed,1024,1.9423665961377536,1.9423665961377536,True,2.0417035557329655e-05,1,0.31590952120937393,0.044146217377870806,0.06117962231765492,4.419956084914746,2.7316858809555282,5.3248,0.0,0.23506977829368644,True,-2.2350697782936866,modeled_qpu
placement,6,6,24,qaoa_transfer,optimistic,16,0.744479806294289,0.744479806294289,True,2.0165927708148956e-05,1,0.4100322432730519,0.04747171190902647,0.06221941831851263,4.419956084914746,2.7316858809555282,0.012660000000000001,0.0,0.0006009918727682752,False,-0.0006009918727682752,modeled_qpu
placement,6,6,24,qaoa_transfer,nominal,16,0.744479806294289,0.744479806294289,True,2.0165927708148956e-05,1,0.4100322432730519,0.04747171190902647,0.06221941831851263,4.419956084914746,2.7316858809555282,0.5258,0.0,0.02496062612176612,True,-2.024960626121766,modeled_qpu
placement,6,6,24,qaoa_transfer,stressed,16,0.744479806294289,0.744479806294289,True,2.0165927708148956e-05,1,0.4100322432730519,0.04747171190902647,0.06221941831851263,4.419956084914746,2.7316858809555282,5.1232,0.0,0.2432070744523244,True,-2.2432070744523243,modeled_qpu
placement,6,6,24,qaoa_transfer,optimistic,64,0.744479806294289,0.744479806294289,True,2.0165927708148956e-05,1,0.4100322432730519,0.04747171190902647,0.06221941831851263,4.419956084914746,2.7316858809555282,0.01314,0.0,0.0006237782944846079,False,-0.0006237782944846079,modeled_qpu
placement,6,6,24,qaoa_transfer,nominal,64,0.744479806294289,0.744479806294289,True,2.0165927708148956e-05,1,0.4100322432730519,0.04747171190902647,0.06221941831851263,4.419956084914746,2.7316858809555282,0.5282,0.0,0.025074558230347783,True,-2.0250745582303478,modeled_qpu
placement,6,6,24,qaoa_transfer,stressed,64,0.744479806294289,0.744479806294289,True,2.0165927708148956e-05,1,0.4100322432730519,0.04747171190902647,0.06221941831851263,4.419956084914746,2.7316858809555282,5.1328,0.0,0.24366280288665104,True,-2.243662802886651,modeled_qpu
placement,6,6,24,qaoa_transfer,optimistic,256,0.744479806294289,0.744479806294289,True,2.0165927708148956e-05,1,0.4100322432730519,0.04747171190902647,0.06221941831851263,4.419956084914746,2.7316858809555282,0.01506,0.0,0.0007149239813499387,False,-0.0007149239813499387,modeled_qpu
placement,6,6,24,qaoa_transfer,nominal,256,0.744479806294289,0.744479806294289,True,2.0165927708148956e-05,1,0.4100322432730519,0.04747171190902647,0.06221941831851263,4.419956084914746,2.7316858809555282,0.5378000000000001,0.0,0.02553028666467444,True,-2.0255302866646745,modeled_qpu
placement,6,6,24,qaoa_transfer,stressed,256,0.744479806294289,0.744479806294289,True,2.0165927708148956e-05,1,0.4100322432730519,0.04747171190902647,0.06221941831851263,4.419956084914746,2.7316858809555282,5.1712,0.0,0.24548571662395768,True,-2.245485716623958,modeled_qpu
placement,6,6,24,qaoa_transfer,optimistic,1024,0.744479806294289,0.744479806294289,True,2.0165927708148956e-05,1,0.4100322432730519,0.04747171190902647,0.06221941831851263,4.419956084914746,2.7316858809555282,0.022740000000000003,0.0,0.001079506728811262,False,-0.001079506728811262,modeled_qpu
placement,6,6,24,qaoa_transfer,nominal,1024,0.744479806294289,0.744479806294289,True,2.0165927708148956e-05,1,0.4100322432730519,0.04747171190902647,0.06221941831851263,4.419956084914746,2.7316858809555282,0.5762,0.0,0.027353200401981054,True,-2.027353200401981,modeled_qpu
placement,6,6,24,qaoa_transfer,stressed,1024,0.744479806294289,0.744479806294289,True,2.0165927708148956e-05,1,0.4100322432730519,0.04747171190902647,0.06221941831851263,4.419956084914746,2.7316858809555282,5.3248,0.0,0.25277737157318414,True,-2.2527773715731843,modeled_qpu
placement,6,6,25,qaoa_transfer,optimistic,16,2.3738761053892707,1.0043648857454464,True,2.0458013750612736e-05,1,0.298164302316444,0.030494436089309945,0.0602624737372862,4.419956084914746,2.7316858809555282,0.012660000000000001,0.6832644242490246,0.00038605956089066395,False,-0.6836504838099152,modeled_qpu
placement,6,6,25,qaoa_transfer,nominal,16,2.3738761053892707,1.0043648857454464,True,2.0458013750612736e-05,1,0.298164302316444,0.030494436089309945,0.0602624737372862,4.419956084914746,2.7316858809555282,0.5258,0.6832644242490246,0.01603397449575917,True,-2.6992983987447836,modeled_qpu
placement,6,6,25,qaoa_transfer,stressed,16,2.3738761053892707,1.0043648857454464,True,2.0458013750612736e-05,1,0.298164302316444,0.030494436089309945,0.0602624737372862,4.419956084914746,2.7316858809555282,5.1232,0.6832644242490246,0.1562290949727527,True,-2.839493519221777,modeled_qpu
placement,6,6,25,qaoa_transfer,optimistic,64,1.0043648857454464,1.0043648857454464,True,2.0458013750612736e-05,1,0.298164302316444,0.030494436089309945,0.0602624737372862,4.419956084914746,2.7316858809555282,0.01314,0.0,0.0004006968902135327,False,-0.0004006968902135327,modeled_qpu
placement,6,6,25,qaoa_transfer,nominal,64,1.0043648857454464,1.0043648857454464,True,2.0458013750612736e-05,1,0.298164302316444,0.030494436089309945,0.0602624737372862,4.419956084914746,2.7316858809555282,0.5282,0.0,0.016107161142373514,True,-2.0161071611423735,modeled_qpu
placement,6,6,25,qaoa_transfer,stressed,64,1.0043648857454464,1.0043648857454464,True,2.0458013750612736e-05,1,0.298164302316444,0.030494436089309945,0.0602624737372862,4.419956084914746,2.7316858809555282,5.1328,0.0,0.15652184155921006,True,-2.15652184155921,modeled_qpu
placement,6,6,25,qaoa_transfer,optimistic,256,1.0043648857454464,1.0043648857454464,True,2.0458013750612736e-05,1,0.298164302316444,0.030494436089309945,0.0602624737372862,4.419956084914746,2.7316858809555282,0.01506,0.0,0.00045924620750500777,False,-0.00045924620750500777,modeled_qpu
placement,6,6,25,qaoa_transfer,nominal,256,1.0043648857454464,1.0043648857454464,True,2.0458013750612736e-05,1,0.298164302316444,0.030494436089309945,0.0602624737372862,4.419956084914746,2.7316858809555282,0.5378000000000001,0.0,0.01639990772883089,True,-2.016399907728831,modeled_qpu
placement,6,6,25,qaoa_transfer,stressed,256,1.0043648857454464,1.0043648857454464,True,2.0458013750612736e-05,1,0.298164302316444,0.030494436089309945,0.0602624737372862,4.419956084914746,2.7316858809555282,5.1712,0.0,0.15769282790503958,True,-2.1576928279050396,modeled_qpu
placement,6,6,25,qaoa_transfer,optimistic,1024,1.0043648857454464,1.0043648857454464,True,2.0458013750612736e-05,1,0.298164302316444,0.030494436089309945,0.0602624737372862,4.419956084914746,2.7316858809555282,0.022740000000000003,0.0,0.0006934434766709082,False,-0.0006934434766709082,modeled_qpu
placement,6,6,25,qaoa_transfer,nominal,1024,1.0043648857454464,1.0043648857454464,True,2.0458013750612736e-05,1,0.298164302316444,0.030494436089309945,0.0602624737372862,4.419956084914746,2.7316858809555282,0.5762,0.0,0.017570894074660393,True,-2.0175708940746606,modeled_qpu
placement,6,6,25,qaoa_transfer,stressed,1024,1.0043648857454464,1.0043648857454464,True,2.0458013750612736e-05,1,0.298164302316444,0.030494436089309945,0.0602624737372862,4.419956084914746,2.7316858809555282,5.3248,0.0,0.1623767732883576,True,-2.1623767732883574,modeled_qpu
placement,6,6,26,qaoa_transfer,optimistic,16,1.7730368460158967,1.7730368460158967,True,2.266606315970421e-05,1,0.4391776143648334,0.0521597674572061,0.055277229112458214,4.419956084914746,2.7316858809555282,0.012660000000000001,0.0,0.0006603426560082294,False,-0.0006603426560082294,modeled_qpu
placement,6,6,26,qaoa_transfer,nominal,16,1.7730368460158967,1.7730368460158967,True,2.266606315970421e-05,1,0.4391776143648334,0.0521597674572061,0.055277229112458214,4.419956084914746,2.7316858809555282,0.5258,0.0,0.02742560572899897,True,-2.027425605728999,modeled_qpu
placement,6,6,26,qaoa_transfer,stressed,16,1.7730368460158967,1.7730368460158967,True,2.266606315970421e-05,1,0.4391776143648334,0.0521597674572061,0.055277229112458214,4.419956084914746,2.7316858809555282,5.1232,0.0,0.2672249206367583,True,-2.2672249206367585,modeled_qpu
placement,6,6,26,qaoa_transfer,optimistic,64,1.7730368460158967,1.7730368460158967,True,2.266606315970421e-05,1,0.4391776143648334,0.0521597674572061,0.055277229112458214,4.419956084914746,2.7316858809555282,0.01314,0.0,0.0006853793443876882,False,-0.0006853793443876882,modeled_qpu
placement,6,6,26,qaoa_transfer,nominal,64,1.7730368460158967,1.7730368460158967,True,2.266606315970421e-05,1,0.4391776143648334,0.0521597674572061,0.055277229112458214,4.419956084914746,2.7316858809555282,0.5282,0.0,0.02755078917089626,True,-2.0275507891708964,modeled_qpu
placement,6,6,26,qaoa_transfer,stressed,64,1.7730368460158967,1.7730368460158967,True,2.266606315970421e-05,1,0.4391776143648334,0.0521597674572061,0.055277229112458214,4.419956084914746,2.7316858809555282,5.1328,0.0,0.2677256544043475,True,-2.2677256544043476,modeled_qpu
placement,6,6,26,qaoa_transfer,optimistic,256,1.7730368460158967,1.7730368460158967,True,2.266606315970421e-05,1,0.4391776143648334,0.0521597674572061,0.055277229112458214,4.419956084914746,2.7316858809555282,0.01506,0.0,0.0007855260979055239,False,-0.0007855260979055239,modeled_qpu
placement,6,6,26,qaoa_transfer,nominal,256,1.7730368460158967,1.7730368460158967,True,2.266606315970421e-05,1,0.4391776143648334,0.0521597674572061,0.055277229112458214,4.419956084914746,2.7316858809555282,0.5378000000000001,0.0,0.028051522938485444,True,-2.0280515229384855,modeled_qpu
placement,6,6,26,qaoa_transfer,stressed,256,1.7730368460158967,1.7730368460158967,True,2.266606315970421e-05,1,0.4391776143648334,0.0521597674572061,0.055277229112458214,4.419956084914746,2.7316858809555282,5.1712,0.0,0.2697285894747042,True,-2.2697285894747043,modeled_qpu
placement,6,6,26,qaoa_transfer,optimistic,1024,1.7730368460158967,1.7730368460158967,True,2.266606315970421e-05,1,0.4391776143648334,0.0521597674572061,0.055277229112458214,4.419956084914746,2.7316858809555282,0.022740000000000003,0.0,0.001186113111976867,False,-0.001186113111976867,modeled_qpu
placement,6,6,26,qaoa_transfer,nominal,1024,1.7730368460158967,1.7730368460158967,True,2.266606315970421e-05,1,0.4391776143648334,0.0521597674572061,0.055277229112458214,4.419956084914746,2.7316858809555282,0.5762,0.0,0.03005445800884216,True,-2.030054458008842,modeled_qpu
placement,6,6,26,qaoa_transfer,stressed,1024,1.7730368460158967,1.7730368460158967,True,2.266606315970421e-05,1,0.4391776143648334,0.0521597674572061,0.055277229112458214,4.419956084914746,2.7316858809555282,5.3248,0.0,0.27774032975613105,True,-2.277740329756131,modeled_qpu
placement,6,6,27,qaoa_transfer,optimistic,16,1.2682887684690582,1.2682887684690582,True,2.01669754460454e-05,1,0.12256462625647072,0.0891410799476124,0.059518529589668946,4.419956084914746,2.7316858809555282,0.012660000000000001,0.0,0.001128526072136773,False,-0.001128526072136773,modeled_qpu
placement,6,6,27,qaoa_transfer,nominal,16,1.2682887684690582,1.2682887684690582,True,2.01669754460454e-05,1,0.12256462625647072,0.0891410799476124,0.059518529589668946,4.419956084914746,2.7316858809555282,0.5258,0.0,0.046870379836454604,True,-2.0468703798364545,modeled_qpu
placement,6,6,27,qaoa_transfer,stressed,16,1.2682887684690582,1.2682887684690582,True,2.01669754460454e-05,1,0.12256462625647072,0.0891410799476124,0.059518529589668946,4.419956084914746,2.7316858809555282,5.1232,0.0,0.45668758078760785,True,-2.456687580787608,modeled_qpu
placement,6,6,27,qaoa_transfer,optimistic,64,1.2682887684690582,1.2682887684690582,True,2.01669754460454e-05,1,0.12256462625647072,0.0891410799476124,0.059518529589668946,4.419956084914746,2.7316858809555282,0.01314,0.0,0.001171313790511627,False,-0.001171313790511627,modeled_qpu
placement,6,6,27,qaoa_transfer,nominal,64,1.2682887684690582,1.2682887684690582,True,2.01669754460454e-05,1,0.12256462625647072,0.0891410799476124,0.059518529589668946,4.419956084914746,2.7316858809555282,0.5282,0.0,0.04708431842832887,True,-2.047084318428329,modeled_qpu
placement,6,6,27,qaoa_transfer,stressed,64,1.2682887684690582,1.2682887684690582,True,2.01669754460454e-05,1,0.12256462625647072,0.0891410799476124,0.059518529589668946,4.419956084914746,2.7316858809555282,5.1328,0.0,0.4575433351551049,True,-2.457543335155105,modeled_qpu
placement,6,6,27,qaoa_transfer,optimistic,256,1.2682887684690582,1.2682887684690582,True,2.01669754460454e-05,1,0.12256462625647072,0.0891410799476124,0.059518529589668946,4.419956084914746,2.7316858809555282,0.01506,0.0,0.0013424646640110428,False,-0.0013424646640110428,modeled_qpu
placement,6,6,27,qaoa_transfer,nominal,256,1.2682887684690582,1.2682887684690582,True,2.01669754460454e-05,1,0.12256462625647072,0.0891410799476124,0.059518529589668946,4.419956084914746,2.7316858809555282,0.5378000000000001,0.0,0.047940072795825954,True,-2.047940072795826,modeled_qpu
placement,6,6,27,qaoa_transfer,stressed,256,1.2682887684690582,1.2682887684690582,True,2.01669754460454e-05,1,0.12256462625647072,0.0891410799476124,0.059518529589668946,4.419956084914746,2.7316858809555282,5.1712,0.0,0.4609663526250932,True,-2.460966352625093,modeled_qpu
placement,6,6,27,qaoa_transfer,optimistic,1024,1.2682887684690582,1.2682887684690582,True,2.01669754460454e-05,1,0.12256462625647072,0.0891410799476124,0.059518529589668946,4.419956084914746,2.7316858809555282,0.022740000000000003,0.0,0.0020270681580087063,False,-0.0020270681580087063,modeled_qpu
placement,6,6,27,qaoa_transfer,nominal,1024,1.2682887684690582,1.2682887684690582,True,2.01669754460454e-05,1,0.12256462625647072,0.0891410799476124,0.059518529589668946,4.419956084914746,2.7316858809555282,0.5762,0.0,0.051363090265814274,True,-2.051363090265814,modeled_qpu
placement,6,6,27,qaoa_transfer,stressed,1024,1.2682887684690582,1.2682887684690582,True,2.01669754460454e-05,1,0.12256462625647072,0.0891410799476124,0.059518529589668946,4.419956084914746,2.7316858809555282,5.3248,0.0,0.47465842250504653,True,-2.4746584225050468,modeled_qpu
placement,6,6,28,qaoa_transfer,optimistic,16,1.4088778262591117,0.7204835411862138,True,1.991703175008297e-05,1,0.2210569617322837,0.02405349268414753,0.06155567769581019,4.419956084914746,2.7316858809555282,0.012660000000000001,0.40011675124673024,0.00030451721738130775,False,-0.4004212684641115,modeled_qpu
placement,6,6,28,qaoa_transfer,nominal,16,1.4088778262591117,0.7204835411862138,True,1.991703175008297e-05,1,0.2210569617322837,0.02405349268414753,0.06155567769581019,4.419956084914746,2.7316858809555282,0.5258,0.40011675124673024,0.012647326453324772,True,-2.412764077700055,modeled_qpu
placement,6,6,28,qaoa_transfer,stressed,16,1.4088778262591117,0.7204835411862138,True,1.991703175008297e-05,1,0.2210569617322837,0.02405349268414753,0.06155567769581019,4.419956084914746,2.7316858809555282,5.1232,0.40011675124673024,0.12323085371942462,True,-2.5233476049661547,modeled_qpu
placement,6,6,28,qaoa_transfer,optimistic,64,0.7204835411862138,0.7204835411862138,True,1.991703175008297e-05,1,0.2210569617322837,0.02405349268414753,0.06155567769581019,4.419956084914746,2.7316858809555282,0.01314,0.0,0.00031606289386969857,False,-0.00031606289386969857,modeled_qpu
placement,6,6,28,qaoa_transfer,nominal,64,0.7204835411862138,0.7204835411862138,True,1.991703175008297e-05,1,0.2210569617322837,0.02405349268414753,0.06155567769581019,4.419956084914746,2.7316858809555282,0.5282,0.0,0.012705054835766725,True,-2.0127050548357666,modeled_qpu
placement,6,6,28,qaoa_transfer,stressed,64,0.7204835411862138,0.7204835411862138,True,1.991703175008297e-05,1,0.2210569617322837,0.02405349268414753,0.06155567769581019,4.419956084914746,2.7316858809555282,5.1328,0.0,0.12346176724919243,True,-2.1234617672491924,modeled_qpu
placement,6,6,28,qaoa_transfer,optimistic,256,0.7204835411862138,0.7204835411862138,True,1.991703175008297e-05,1,0.2210569617322837,0.02405349268414753,0.06155567769581019,4.419956084914746,2.7316858809555282,0.01506,0.0,0.00036224559982326183,False,-0.00036224559982326183,modeled_qpu
placement,6,6,28,qaoa_transfer,nominal,256,0.7204835411862138,0.7204835411862138,True,1.991703175008297e-05,1,0.2210569617322837,0.02405349268414753,0.06155567769581019,4.419956084914746,2.7316858809555282,0.5378000000000001,0.0,0.012935968365534543,True,-2.0129359683655346,modeled_qpu
placement,6,6,28,qaoa_transfer,stressed,256,0.7204835411862138,0.7204835411862138,True,1.991703175008297e-05,1,0.2210569617322837,0.02405349268414753,0.06155567769581019,4.419956084914746,2.7316858809555282,5.1712,0.0,0.1243854213682637,True,-2.1243854213682636,modeled_qpu
placement,6,6,28,qaoa_transfer,optimistic,1024,0.7204835411862138,0.7204835411862138,True,1.991703175008297e-05,1,0.2210569617322837,0.02405349268414753,0.06155567769581019,4.419956084914746,2.7316858809555282,0.022740000000000003,0.0,0.000546976423637515,False,-0.000546976423637515,modeled_qpu
placement,6,6,28,qaoa_transfer,nominal,1024,0.7204835411862138,0.7204835411862138,True,1.991703175008297e-05,1,0.2210569617322837,0.02405349268414753,0.06155567769581019,4.419956084914746,2.7316858809555282,0.5762,0.0,0.013859622484605807,True,-2.0138596224846057,modeled_qpu
placement,6,6,28,qaoa_transfer,stressed,1024,0.7204835411862138,0.7204835411862138,True,1.991703175008297e-05,1,0.2210569617322837,0.02405349268414753,0.06155567769581019,4.419956084914746,2.7316858809555282,5.3248,0.0,0.12808003784454877,True,-2.1280800378445486,modeled_qpu
placement,6,6,29,qaoa_transfer,optimistic,16,0.9812027466485258,0.9812027466485258,True,2.0124949514865875e-05,1,0.3385688502412184,0.049065669050940154,0.061569334709178,4.419956084914746,2.7316858809555282,0.012660000000000001,0.0,0.0006211713701849024,False,-0.0006211713701849024,modeled_qpu
placement,6,6,29,qaoa_transfer,nominal,16,0.9812027466485258,0.9812027466485258,True,2.0124949514865875e-05,1,0.3385688502412184,0.049065669050940154,0.061569334709178,4.419956084914746,2.7316858809555282,0.5258,0.0,0.025798728786984335,True,-2.0257987287869845,modeled_qpu
placement,6,6,29,qaoa_transfer,stressed,16,0.9812027466485258,0.9812027466485258,True,2.0124949514865875e-05,1,0.3385688502412184,0.049065669050940154,0.061569334709178,4.419956084914746,2.7316858809555282,5.1232,0.0,0.2513732356817766,True,-2.2513732356817764,modeled_qpu
placement,6,6,29,qaoa_transfer,optimistic,64,0.9812027466485258,0.9812027466485258,True,2.0124949514865875e-05,1,0.3385688502412184,0.049065669050940154,0.061569334709178,4.419956084914746,2.7316858809555282,0.01314,0.0,0.0006447228913293537,False,-0.0006447228913293537,modeled_qpu
placement,6,6,29,qaoa_transfer,nominal,64,0.9812027466485258,0.9812027466485258,True,2.0124949514865875e-05,1,0.3385688502412184,0.049065669050940154,0.061569334709178,4.419956084914746,2.7316858809555282,0.5282,0.0,0.02591648639270659,True,-2.0259164863927066,modeled_qpu
placement,6,6,29,qaoa_transfer,stressed,64,0.9812027466485258,0.9812027466485258,True,2.0124949514865875e-05,1,0.3385688502412184,0.049065669050940154,0.061569334709178,4.419956084914746,2.7316858809555282,5.1328,0.0,0.2518442661046656,True,-2.2518442661046656,modeled_qpu
placement,6,6,29,qaoa_transfer,optimistic,256,0.9812027466485258,0.9812027466485258,True,2.0124949514865875e-05,1,0.3385688502412184,0.049065669050940154,0.061569334709178,4.419956084914746,2.7316858809555282,0.01506,0.0,0.0007389289759071587,False,-0.0007389289759071587,modeled_qpu
placement,6,6,29,qaoa_transfer,nominal,256,0.9812027466485258,0.9812027466485258,True,2.0124949514865875e-05,1,0.3385688502412184,0.049065669050940154,0.061569334709178,4.419956084914746,2.7316858809555282,0.5378000000000001,0.0,0.02638751681559562,True,-2.026387516815596,modeled_qpu
placement,6,6,29,qaoa_transfer,stressed,256,0.9812027466485258,0.9812027466485258,True,2.0124949514865875e-05,1,0.3385688502412184,0.049065669050940154,0.061569334709178,4.419956084914746,2.7316858809555282,5.1712,0.0,0.2537283877962217,True,-2.2537283877962215,modeled_qpu
placement,6,6,29,qaoa_transfer,optimistic,1024,0.9812027466485258,0.9812027466485258,True,2.0124949514865875e-05,1,0.3385688502412184,0.049065669050940154,0.061569334709178,4.419956084914746,2.7316858809555282,0.022740000000000003,0.0,0.0011157533142183793,False,-0.0011157533142183793,modeled_qpu
placement,6,6,29,qaoa_transfer,nominal,1024,0.9812027466485258,0.9812027466485258,True,2.0124949514865875e-05,1,0.3385688502412184,0.049065669050940154,0.061569334709178,4.419956084914746,2.7316858809555282,0.5762,0.0,0.028271638507151718,True,-2.0282716385071518,modeled_qpu
placement,6,6,29,qaoa_transfer,stressed,1024,0.9812027466485258,0.9812027466485258,True,2.0124949514865875e-05,1,0.3385688502412184,0.049065669050940154,0.061569334709178,4.419956084914746,2.7316858809555282,5.3248,0.0,0.2612648745624461,True,-2.261264874562446,modeled_qpu
placement,8,8,15,qaoa_transfer,optimistic,16,1.9263691170422885,1.2246070669208842,True,3.358302637934685e-05,1,0.30699063222789613,0.03763901506239854,0.004742394213192877,0.5125370856906091,2.6907143251203793,0.012660000000000001,0.3154543831835997,0.0004765099306899656,False,-0.3159308931142897,modeled_qpu
placement,8,8,15,qaoa_transfer,nominal,16,1.9263691170422885,1.2246070669208842,True,3.358302637934685e-05,1,0.30699063222789613,0.03763901506239854,0.004742394213192877,0.5125370856906091,2.6907143251203793,0.5258,0.3154543831835997,0.019790594119809154,True,-2.3352449773034087,modeled_qpu
placement,8,8,15,qaoa_transfer,stressed,16,1.9263691170422885,1.2246070669208842,True,3.358302637934685e-05,1,0.30699063222789613,0.03763901506239854,0.004742394213192877,0.5125370856906091,2.6907143251203793,5.1232,0.3154543831835997,0.1928322019676802,True,-2.50828658515128,modeled_qpu
placement,8,8,15,qaoa_transfer,optimistic,64,1.9263691170422885,1.2246070669208842,True,3.358302637934685e-05,1,0.30699063222789613,0.03763901506239854,0.004742394213192877,0.5125370856906091,2.6907143251203793,0.01314,0.3154543831835997,0.0004945766579199168,False,-0.3159489598415196,modeled_qpu
placement,8,8,15,qaoa_transfer,nominal,64,1.9263691170422885,1.2246070669208842,True,3.358302637934685e-05,1,0.30699063222789613,0.03763901506239854,0.004742394213192877,0.5125370856906091,2.6907143251203793,0.5282,0.3154543831835997,0.01988092775595891,True,-2.3353353109395587,modeled_qpu
placement,8,8,15,qaoa_transfer,stressed,64,1.9263691170422885,1.2246070669208842,True,3.358302637934685e-05,1,0.30699063222789613,0.03763901506239854,0.004742394213192877,0.5125370856906091,2.6907143251203793,5.1328,0.3154543831835997,0.19319353651227922,True,-2.508647919695879,modeled_qpu
placement,8,8,15,qaoa_transfer,optimistic,256,1.2246070669208842,1.2246070669208842,True,3.358302637934685e-05,1,0.30699063222789613,0.03763901506239854,0.004742394213192877,0.5125370856906091,2.6907143251203793,0.01506,0.0,0.0005668435668397221,False,-0.0005668435668397221,modeled_qpu
placement,8,8,15,qaoa_transfer,nominal,256,1.2246070669208842,1.2246070669208842,True,3.358302637934685e-05,1,0.30699063222789613,0.03763901506239854,0.004742394213192877,0.5125370856906091,2.6907143251203793,0.5378000000000001,0.0,0.020242262300557937,True,-2.020242262300558,modeled_qpu
placement,8,8,15,qaoa_transfer,stressed,256,1.2246070669208842,1.2246070669208842,True,3.358302637934685e-05,1,0.30699063222789613,0.03763901506239854,0.004742394213192877,0.5125370856906091,2.6907143251203793,5.1712,0.0,0.19463887469067534,True,-2.1946388746906753,modeled_qpu
placement,8,8,15,qaoa_transfer,optimistic,1024,1.2246070669208842,1.2246070669208842,True,3.358302637934685e-05,1,0.30699063222789613,0.03763901506239854,0.004742394213192877,0.5125370856906091,2.6907143251203793,0.022740000000000003,0.0,0.000855911202518943,False,-0.000855911202518943,modeled_qpu
placement,8,8,15,qaoa_transfer,nominal,1024,1.2246070669208842,1.2246070669208842,True,3.358302637934685e-05,1,0.30699063222789613,0.03763901506239854,0.004742394213192877,0.5125370856906091,2.6907143251203793,0.5762,0.0,0.02168760047895404,True,-2.021687600478954,modeled_qpu
placement,8,8,15,qaoa_transfer,stressed,1024,1.2246070669208842,1.2246070669208842,True,3.358302637934685e-05,1,0.30699063222789613,0.03763901506239854,0.004742394213192877,0.5125370856906091,2.6907143251203793,5.3248,0.0,0.20042022740425974,True,-2.2004202274042597,modeled_qpu
placement,8,8,16,qaoa_transfer,optimistic,16,16.217315569538712,1.0973484482695692,False,3.062502946704626e-05,1,0.6628107773628521,0.05312569304398082,0.00468996382151797,0.5125370856906091,2.6907143251203793,0.012660000000000001,7.209086851421359,0.0006725712739367972,False,-12.209759422695296,modeled_qpu
placement,8,8,16,qaoa_transfer,nominal,16,16.217315569538712,1.0973484482695692,False,3.062502946704626e-05,1,0.6628107773628521,0.05312569304398082,0.00468996382151797,0.5125370856906091,2.6907143251203793,0.5258,7.209086851421359,0.027933489402525116,False,-12.237020340823884,modeled_qpu
placement,8,8,16,qaoa_transfer,stressed,16,16.217315569538712,1.0973484482695692,False,3.062502946704626e-05,1,0.6628107773628521,0.05312569304398082,0.00468996382151797,0.5125370856906091,2.6907143251203793,5.1232,7.209086851421359,0.27217355060292253,True,-14.481260402024281,modeled_qpu
placement,8,8,16,qaoa_transfer,optimistic,64,1.5136359369317187,1.0973484482695692,True,3.062502946704626e-05,1,0.6628107773628521,0.05312569304398082,0.00468996382151797,0.5125370856906091,2.6907143251203793,0.01314,0.19848275044883942,0.0006980716065979081,False,-0.19918082205543733,modeled_qpu
placement,8,8,16,qaoa_transfer,nominal,64,1.5136359369317187,1.0973484482695692,True,3.062502946704626e-05,1,0.6628107773628521,0.05312569304398082,0.00468996382151797,0.5125370856906091,2.6907143251203793,0.5282,0.19848275044883942,0.02806099106583067,False,-0.2265437415146701,modeled_qpu
placement,8,8,16,qaoa_transfer,stressed,64,1.5136359369317187,1.0973484482695692,True,3.062502946704626e-05,1,0.6628107773628521,0.05312569304398082,0.00468996382151797,0.5125370856906091,2.6907143251203793,5.1328,0.19848275044883942,0.27268355725614474,True,-2.4711663077049844,modeled_qpu
placement,8,8,16,qaoa_transfer,optimistic,256,1.5136359369317187,1.0973484482695692,True,3.062502946704626e-05,1,0.6628107773628521,0.05312569304398082,0.00468996382151797,0.5125370856906091,2.6907143251203793,0.01506,0.19848275044883942,0.0008000729372423512,False,-0.19928282338608178,modeled_qpu
placement,8,8,16,qaoa_transfer,nominal,256,1.5136359369317187,1.0973484482695692,True,3.062502946704626e-05,1,0.6628107773628521,0.05312569304398082,0.00468996382151797,0.5125370856906091,2.6907143251203793,0.5378000000000001,0.19848275044883942,0.028570997719052887,False,-0.2270537481678923,modeled_qpu
placement,8,8,16,qaoa_transfer,stressed,256,1.5136359369317187,1.0973484482695692,True,3.062502946704626e-05,1,0.6628107773628521,0.05312569304398082,0.00468996382151797,0.5125370856906091,2.6907143251203793,5.1712,0.19848275044883942,0.2747235838690336,True,-2.473206334317873,modeled_qpu
placement,8,8,16,qaoa_transfer,optimistic,1024,1.0973484482695692,1.0973484482695692,True,3.062502946704626e-05,1,0.6628107773628521,0.05312569304398082,0.00468996382151797,0.5125370856906091,2.6907143251203793,0.022740000000000003,0.0,0.001208078259820124,False,-0.001208078259820124,modeled_qpu
placement,8,8,16,qaoa_transfer,nominal,1024,1.0973484482695692,1.0973484482695692,True,3.062502946704626e-05,1,0.6628107773628521,0.05312569304398082,0.00468996382151797,0.5125370856906091,2.6907143251203793,0.5762,0.0,0.030611024331941752,False,-0.030611024331941752,modeled_qpu
placement,8,8,16,qaoa_transfer,stressed,1024,1.0973484482695692,1.0973484482695692,True,3.062502946704626e-05,1,0.6628107773628521,0.05312569304398082,0.00468996382151797,0.5125370856906091,2.6907143251203793,5.3248,0.0,0.2828836903205891,True,-2.282883690320589,modeled_qpu
placement,8,8,17,qaoa_transfer,optimistic,16,2.001992688588974,1.2179980323605906,True,3.0082999728620052e-05,1,0.10912552698418454,0.10093526453769441,0.004673797712450559,0.5125370856906091,2.6907143251203793,0.012660000000000001,0.3534695003286304,0.0012778404490472114,False,-0.3547473407776776,modeled_qpu
placement,8,8,17,qaoa_transfer,nominal,16,2.001992688588974,1.2179980323605906,True,3.0082999728620052e-05,1,0.10912552698418454,0.10093526453769441,0.004673797712450559,0.5125370856906091,2.6907143251203793,0.5258,0.3534695003286304,0.05307176209391973,True,-2.40654126242255,modeled_qpu
placement,8,8,17,qaoa_transfer,stressed,16,2.001992688588974,1.2179980323605906,True,3.0082999728620052e-05,1,0.10912552698418454,0.10093526453769441,0.004673797712450559,0.5125370856906091,2.6907143251203793,5.1232,0.3534695003286304,0.517111547279516,True,-2.8705810476081464,modeled_qpu
placement,8,8,17,qaoa_transfer,optimistic,64,1.2179980323605906,1.2179980323605906,True,3.0082999728620052e-05,1,0.10912552698418454,0.10093526453769441,0.004673797712450559,0.5125370856906091,2.6907143251203793,0.01314,0.0,0.0013262893760253047,False,-0.0013262893760253047,modeled_qpu
placement,8,8,17,qaoa_transfer,nominal,64,1.2179980323605906,1.2179980323605906,True,3.0082999728620052e-05,1,0.10912552698418454,0.10093526453769441,0.004673797712450559,0.5125370856906091,2.6907143251203793,0.5282,0.0,0.05331400672881019,True,-2.0533140067288103,modeled_qpu
placement,8,8,17,qaoa_transfer,stressed,64,1.2179980323605906,1.2179980323605906,True,3.0082999728620052e-05,1,0.10912552698418454,0.10093526453769441,0.004673797712450559,0.5125370856906091,2.6907143251203793,5.1328,0.0,0.5180805258190778,True,-2.518080525819078,modeled_qpu
placement,8,8,17,qaoa_transfer,optimistic,256,1.2179980323605906,1.2179980323605906,True,3.0082999728620052e-05,1,0.10912552698418454,0.10093526453769441,0.004673797712450559,0.5125370856906091,2.6907143251203793,0.01506,0.0,0.001520085083937678,False,-0.001520085083937678,modeled_qpu
placement,8,8,17,qaoa_transfer,nominal,256,1.2179980323605906,1.2179980323605906,True,3.0082999728620052e-05,1,0.10912552698418454,0.10093526453769441,0.004673797712450559,0.5125370856906091,2.6907143251203793,0.5378000000000001,0.0,0.05428298526837206,True,-2.054282985268372,modeled_qpu
placement,8,8,17,qaoa_transfer,stressed,256,1.2179980323605906,1.2179980323605906,True,3.0082999728620052e-05,1,0.10912552698418454,0.10093526453769441,0.004673797712450559,0.5125370856906091,2.6907143251203793,5.1712,0.0,0.5219564399773253,True,-2.521956439977325,modeled_qpu
placement,8,8,17,qaoa_transfer,optimistic,1024,1.2179980323605906,1.2179980323605906,True,3.0082999728620052e-05,1,0.10912552698418454,0.10093526453769441,0.004673797712450559,0.5125370856906091,2.6907143251203793,0.022740000000000003,0.0,0.0022952679155871713,False,-0.0022952679155871713,modeled_qpu
placement,8,8,17,qaoa_transfer,nominal,1024,1.2179980323605906,1.2179980323605906,True,3.0082999728620052e-05,1,0.10912552698418454,0.10093526453769441,0.004673797712450559,0.5125370856906091,2.6907143251203793,0.5762,0.0,0.058158899426619524,True,-2.0581588994266196,modeled_qpu
placement,8,8,17,qaoa_transfer,stressed,1024,1.2179980323605906,1.2179980323605906,True,3.0082999728620052e-05,1,0.10912552698418454,0.10093526453769441,0.004673797712450559,0.5125370856906091,2.6907143251203793,5.3248,0.0,0.5374600966103152,True,-2.537460096610315,modeled_qpu
placement,8,8,18,qaoa_transfer,optimistic,16,2.151151865402574,1.449781205641811,True,3.058300353586674e-05,1,0.12459105489619014,0.060621506254315095,0.004687134293797672,0.5125370856906091,2.6907143251203793,0.012660000000000001,0.28629930629948364,0.0007674682691796292,False,-0.28706677456866325,modeled_qpu
placement,8,8,18,qaoa_transfer,nominal,16,2.151151865402574,1.449781205641811,True,3.058300353586674e-05,1,0.12459105489619014,0.060621506254315095,0.004687134293797672,0.5125370856906091,2.6907143251203793,0.5258,0.28629930629948364,0.03187478798851888,True,-2.3181740942880027,modeled_qpu
placement,8,8,18,qaoa_transfer,stressed,16,2.151151865402574,1.449781205641811,True,3.058300353586674e-05,1,0.12459105489619014,0.060621506254315095,0.004687134293797672,0.5125370856906091,2.6907143251203793,5.1232,0.28629930629948364,0.3105761008421071,True,-2.5968754071415905,modeled_qpu
placement,8,8,18,qaoa_transfer,optimistic,64,2.0604050015672497,1.449781205641811,True,3.058300353586674e-05,1,0.12459105489619014,0.060621506254315095,0.004687134293797672,0.5125370856906091,2.6907143251203793,0.01314,0.24925646197267778,0.0007965665921817003,False,-0.2500530285648595,modeled_qpu
placement,8,8,18,qaoa_transfer,nominal,64,2.0604050015672497,1.449781205641811,True,3.058300353586674e-05,1,0.12459105489619014,0.060621506254315095,0.004687134293797672,0.5125370856906091,2.6907143251203793,0.5282,0.24925646197267778,0.03202027960352923,True,-2.281276741576207,modeled_qpu
placement,8,8,18,qaoa_transfer,stressed,64,2.0604050015672497,1.449781205641811,True,3.058300353586674e-05,1,0.12459105489619014,0.060621506254315095,0.004687134293797672,0.5125370856906091,2.6907143251203793,5.1328,0.24925646197267778,0.3111580673021485,True,-2.5604145292748264,modeled_qpu
placement,8,8,18,qaoa_transfer,optimistic,256,1.449781205641811,1.449781205641811,True,3.058300353586674e-05,1,0.12459105489619014,0.060621506254315095,0.004687134293797672,0.5125370856906091,2.6907143251203793,0.01506,0.0,0.0009129598841899854,False,-0.0009129598841899854,modeled_qpu
placement,8,8,18,qaoa_transfer,nominal,256,1.449781205641811,1.449781205641811,True,3.058300353586674e-05,1,0.12459105489619014,0.060621506254315095,0.004687134293797672,0.5125370856906091,2.6907143251203793,0.5378000000000001,0.0,0.032602246063570664,True,-2.0326022460635707,modeled_qpu
placement,8,8,18,qaoa_transfer,stressed,256,1.449781205641811,1.449781205641811,True,3.058300353586674e-05,1,0.12459105489619014,0.060621506254315095,0.004687134293797672,0.5125370856906091,2.6907143251203793,5.1712,0.0,0.3134859331423142,True,-2.313485933142314,modeled_qpu
placement,8,8,18,qaoa_transfer,optimistic,1024,1.449781205641811,1.449781205641811,True,3.058300353586674e-05,1,0.12459105489619014,0.060621506254315095,0.004687134293797672,0.5125370856906091,2.6907143251203793,0.022740000000000003,0.0,0.0013785330522231255,False,-0.0013785330522231255,modeled_qpu
placement,8,8,18,qaoa_transfer,nominal,1024,1.449781205641811,1.449781205641811,True,3.058300353586674e-05,1,0.12459105489619014,0.060621506254315095,0.004687134293797672,0.5125370856906091,2.6907143251203793,0.5762,0.0,0.03493011190373636,True,-2.034930111903736,modeled_qpu
placement,8,8,18,qaoa_transfer,stressed,1024,1.449781205641811,1.449781205641811,True,3.058300353586674e-05,1,0.12459105489619014,0.060621506254315095,0.004687134293797672,0.5125370856906091,2.6907143251203793,5.3248,0.0,0.322797396502977,True,-2.322797396502977,modeled_qpu
placement,8,8,19,qaoa_transfer,optimistic,16,3.3322266745327322,1.7133391310906354,True,3.079092130064964e-05,1,0.1571774785622458,0.03153684768002098,0.004668604802389134,0.5125370856906091,2.6907143251203793,0.012660000000000001,0.5966403258966673,0.0003992564916290656,False,-0.5970395823882964,modeled_qpu
placement,8,8,19,qaoa_transfer,nominal,16,3.3322266745327322,1.7133391310906354,True,3.079092130064964e-05,1,0.1571774785622458,0.03153684768002098,0.004668604802389134,0.5125370856906091,2.6907143251203793,0.5258,0.5966403258966673,0.01658207451015503,True,-2.6132224004068223,modeled_qpu
placement,8,8,19,qaoa_transfer,stressed,16,3.3322266745327322,1.7133391310906354,True,3.079092130064964e-05,1,0.1571774785622458,0.03153684768002098,0.004668604802389134,0.5125370856906091,2.6907143251203793,5.1232,0.5966403258966673,0.16156957803428346,True,-2.7582099039309504,modeled_qpu
placement,8,8,19,qaoa_transfer,optimistic,64,4.90304833784343,1.7133391310906354,True,3.079092130064964e-05,1,0.1571774785622458,0.03153684768002098,0.004668604802389134,0.5125370856906091,2.6907143251203793,0.01314,1.1755659918082852,0.0004143941785154757,False,-1.1759803859868008,modeled_qpu
placement,8,8,19,qaoa_transfer,nominal,64,4.90304833784343,1.7133391310906354,True,3.079092130064964e-05,1,0.1571774785622458,0.03153684768002098,0.004668604802389134,0.5125370856906091,2.6907143251203793,0.5282,1.1755659918082852,0.01665776294458708,True,-3.192223754752872,modeled_qpu
placement,8,8,19,qaoa_transfer,stressed,64,4.90304833784343,1.7133391310906354,True,3.079092130064964e-05,1,0.1571774785622458,0.03153684768002098,0.004668604802389134,0.5125370856906091,2.6907143251203793,5.1328,1.1755659918082852,0.16187233177201166,True,-3.337438323580297,modeled_qpu
placement,8,8,19,qaoa_transfer,optimistic,256,1.7133391310906354,1.7133391310906354,True,3.079092130064964e-05,1,0.1571774785622458,0.03153684768002098,0.004668604802389134,0.5125370856906091,2.6907143251203793,0.01506,0.0,0.0004749449260611159,False,-0.0004749449260611159,modeled_qpu
placement,8,8,19,qaoa_transfer,nominal,256,1.7133391310906354,1.7133391310906354,True,3.079092130064964e-05,1,0.1571774785622458,0.03153684768002098,0.004668604802389134,0.5125370856906091,2.6907143251203793,0.5378000000000001,0.0,0.016960516682315283,True,-2.0169605166823152,modeled_qpu
placement,8,8,19,qaoa_transfer,stressed,256,1.7133391310906354,1.7133391310906354,True,3.079092130064964e-05,1,0.1571774785622458,0.03153684768002098,0.004668604802389134,0.5125370856906091,2.6907143251203793,5.1712,0.0,0.16308334672292446,True,-2.1630833467229245,modeled_qpu
placement,8,8,19,qaoa_transfer,optimistic,1024,1.7133391310906354,1.7133391310906354,True,3.079092130064964e-05,1,0.1571774785622458,0.03153684768002098,0.004668604802389134,0.5125370856906091,2.6907143251203793,0.022740000000000003,0.0,0.0007171479162436771,False,-0.0007171479162436771,modeled_qpu
placement,8,8,19,qaoa_transfer,nominal,1024,1.7133391310906354,1.7133391310906354,True,3.079092130064964e-05,1,0.1571774785622458,0.03153684768002098,0.004668604802389134,0.5125370856906091,2.6907143251203793,0.5762,0.0,0.01817153163322809,True,-2.0181715316332283,modeled_qpu
placement,8,8,19,qaoa_transfer,stressed,1024,1.7133391310906354,1.7133391310906354,True,3.079092130064964e-05,1,0.1571774785622458,0.03153684768002098,0.004668604802389134,0.5125370856906091,2.6907143251203793,5.3248,0.0,0.1679274065265757,True,-2.1679274065265757,modeled_qpu
placement,8,8,20,qaoa_transfer,optimistic,16,17.72611506889942,1.098962068129251,False,3.7917052395641804e-05,1,0.7128986457628904,0.05168410958904288,0.004695018055150842,0.5125370856906091,2.6907143251203793,0.012660000000000001,7.921607185397834,0.000654320827397283,False,-12.922261506225231,modeled_qpu
placement,8,8,20,qaoa_transfer,nominal,16,17.72611506889942,1.098962068129251,False,3.7917052395641804e-05,1,0.7128986457628904,0.05168410958904288,0.004695018055150842,0.5125370856906091,2.6907143251203793,0.5258,7.921607185397834,0.02717550482191875,False,-12.948782690219753,modeled_qpu
placement,8,8,20,qaoa_transfer,stressed,16,17.72611506889942,1.098962068129251,False,3.7917052395641804e-05,1,0.7128986457628904,0.05168410958904288,0.004695018055150842,0.5125370856906091,2.6907143251203793,5.1232,7.921607185397834,0.2647880302465845,True,-15.186395215644419,modeled_qpu
placement,8,8,20,qaoa_transfer,optimistic,64,1.098962068129251,1.098962068129251,True,3.7917052395641804e-05,1,0.7128986457628904,0.05168410958904288,0.004695018055150842,0.5125370856906091,2.6907143251203793,0.01314,0.0,0.0006791292000000235,False,-0.0006791292000000235,modeled_qpu
placement,8,8,20,qaoa_transfer,nominal,64,1.098962068129251,1.098962068129251,True,3.7917052395641804e-05,1,0.7128986457628904,0.05168410958904288,0.004695018055150842,0.5125370856906091,2.6907143251203793,0.5282,0.0,0.027299546684932452,False,-0.027299546684932452,modeled_qpu
placement,8,8,20,qaoa_transfer,stressed,64,1.098962068129251,1.098962068129251,True,3.7917052395641804e-05,1,0.7128986457628904,0.05168410958904288,0.004695018055150842,0.5125370856906091,2.6907143251203793,5.1328,0.0,0.2652841976986393,True,-2.265284197698639,modeled_qpu
placement,8,8,20,qaoa_transfer,optimistic,256,1.098962068129251,1.098962068129251,True,3.7917052395641804e-05,1,0.7128986457628904,0.05168410958904288,0.004695018055150842,0.5125370856906091,2.6907143251203793,0.01506,0.0,0.0007783626904109859,False,-0.0007783626904109859,modeled_qpu
placement,8,8,20,qaoa_transfer,nominal,256,1.098962068129251,1.098962068129251,True,3.7917052395641804e-05,1,0.7128986457628904,0.05168410958904288,0.004695018055150842,0.5125370856906091,2.6907143251203793,0.5378000000000001,0.0,0.027795714136987264,False,-0.027795714136987264,modeled_qpu
placement,8,8,20,qaoa_transfer,stressed,256,1.098962068129251,1.098962068129251,True,3.7917052395641804e-05,1,0.7128986457628904,0.05168410958904288,0.004695018055150842,0.5125370856906091,2.6907143251203793,5.1712,0.0,0.2672688675068585,True,-2.2672688675068584,modeled_qpu
placement,8,8,20,qaoa_transfer,optimistic,1024,1.098962068129251,1.098962068129251,True,3.7917052395641804e-05,1,0.7128986457628904,0.05168410958904288,0.004695018055150842,0.5125370856906091,2.6907143251203793,0.022740000000000003,0.0,0.0011752966520548354,False,-0.0011752966520548354,modeled_qpu
placement,8,8,20,qaoa_transfer,nominal,1024,1.098962068129251,1.098962068129251,True,3.7917052395641804e-05,1,0.7128986457628904,0.05168410958904288,0.004695018055150842,0.5125370856906091,2.6907143251203793,0.5762,0.0,0.02978038394520651,False,-0.02978038394520651,modeled_qpu
placement,8,8,20,qaoa_transfer,stressed,1024,1.098962068129251,1.098962068129251,True,3.7917052395641804e-05,1,0.7128986457628904,0.05168410958904288,0.004695018055150842,0.5125370856906091,2.6907143251203793,5.3248,0.0,0.2752075467397355,True,-2.2752075467397357,modeled_qpu
placement,8,8,21,qaoa_transfer,optimistic,16,2.8967050618383547,1.4462781187118716,True,3.2917014323174953e-05,1,0.7130941661697311,0.05221717940996404,0.00468535963922923,0.5125370856906091,2.6907143251203793,0.012660000000000001,0.5929117102556718,0.0006610694913301448,False,-0.593572779747002,modeled_qpu
placement,8,8,21,qaoa_transfer,nominal,16,2.8967050618383547,1.4462781187118716,True,3.2917014323174953e-05,1,0.7130941661697311,0.05221717940996404,0.00468535963922923,0.5125370856906091,2.6907143251203793,0.5258,0.5929117102556718,0.027455792933759094,False,-0.6203675031894309,modeled_qpu
placement,8,8,21,qaoa_transfer,stressed,16,2.8967050618383547,1.4462781187118716,True,3.2917014323174953e-05,1,0.7130941661697311,0.05221717940996404,0.00468535963922923,0.5125370856906091,2.6907143251203793,5.1232,0.5929117102556718,0.2675190535531277,True,-2.8604307638087993,modeled_qpu
placement,8,8,21,qaoa_transfer,optimistic,64,2.728443554748102,1.4462781187118716,True,3.2917014323174953e-05,1,0.7130941661697311,0.05221717940996404,0.00468535963922923,0.5125370856906091,2.6907143251203793,0.01314,0.5241290539406761,0.0006861337374469275,False,-0.5248151876781231,modeled_qpu
placement,8,8,21,qaoa_transfer,nominal,64,2.728443554748102,1.4462781187118716,True,3.2917014323174953e-05,1,0.7130941661697311,0.05221717940996404,0.00468535963922923,0.5125370856906091,2.6907143251203793,0.5282,0.5241290539406761,0.027581114164343005,False,-0.5517101681050192,modeled_qpu
placement,8,8,21,qaoa_transfer,stressed,64,2.728443554748102,1.4462781187118716,True,3.2917014323174953e-05,1,0.7130941661697311,0.05221717940996404,0.00468535963922923,0.5125370856906091,2.6907143251203793,5.1328,0.5241290539406761,0.2680203384754634,True,-2.79214939241614,modeled_qpu
placement,8,8,21,qaoa_transfer,optimistic,256,1.4462781187118716,1.4462781187118716,True,3.2917014323174953e-05,1,0.7130941661697311,0.05221717940996404,0.00468535963922923,0.5125370856906091,2.6907143251203793,0.01506,0.0,0.0007863907219140585,False,-0.0007863907219140585,modeled_qpu
placement,8,8,21,qaoa_transfer,nominal,256,1.4462781187118716,1.4462781187118716,True,3.2917014323174953e-05,1,0.7130941661697311,0.05221717940996404,0.00468535963922923,0.5125370856906091,2.6907143251203793,0.5378000000000001,0.0,0.02808239908667866,False,-0.02808239908667866,modeled_qpu
placement,8,8,21,qaoa_transfer,stressed,256,1.4462781187118716,1.4462781187118716,True,3.2917014323174953e-05,1,0.7130941661697311,0.05221717940996404,0.00468535963922923,0.5125370856906091,2.6907143251203793,5.1712,0.0,0.27002547816480604,True,-2.270025478164806,modeled_qpu
placement,8,8,21,qaoa_transfer,optimistic,1024,1.4462781187118716,1.4462781187118716,True,3.2917014323174953e-05,1,0.7130941661697311,0.05221717940996404,0.00468535963922923,0.5125370856906091,2.6907143251203793,0.022740000000000003,0.0,0.0011874186597825823,False,-0.0011874186597825823,modeled_qpu
placement,8,8,21,qaoa_transfer,nominal,1024,1.4462781187118716,1.4462781187118716,True,3.2917014323174953e-05,1,0.7130941661697311,0.05221717940996404,0.00468535963922923,0.5125370856906091,2.6907143251203793,0.5762,0.0,0.030087538776021282,False,-0.030087538776021282,modeled_qpu
placement,8,8,21,qaoa_transfer,stressed,1024,1.4462781187118716,1.4462781187118716,True,3.2917014323174953e-05,1,0.7130941661697311,0.05221717940996404,0.00468535963922923,0.5125370856906091,2.6907143251203793,5.3248,0.0,0.2780460369221765,True,-2.2780460369221767,modeled_qpu
placement,8,8,22,qaoa_transfer,optimistic,16,20.665740485549826,0.8931609629943735,False,3.158405888825655e-05,1,0.3929827874235622,0.11178683795365175,0.00468408616727371,0.5125370856906091,2.6907143251203793,0.012660000000000001,10.444214680658519,0.0014152213684932313,False,-15.445629902027012,modeled_qpu
placement,8,8,22,qaoa_transfer,nominal,16,20.665740485549826,0.8931609629943735,False,3.158405888825655e-05,1,0.3929827874235622,0.11178683795365175,0.00468408616727371,0.5125370856906091,2.6907143251203793,0.5258,10.444214680658519,0.0587775193960301,True,-17.50299220005455,modeled_qpu
placement,8,8,22,qaoa_transfer,stressed,16,20.665740485549826,0.8931609629943735,False,3.158405888825655e-05,1,0.3929827874235622,0.11178683795365175,0.00468408616727371,0.5125370856906091,2.6907143251203793,5.1232,10.444214680658519,0.5727063282041487,True,-18.016921008862667,modeled_qpu
placement,8,8,22,qaoa_transfer,optimistic,64,2.4102434361106164,0.8931609629943735,True,3.158405888825655e-05,1,0.3929827874235622,0.11178683795365175,0.00468408616727371,0.5125370856906091,2.6907143251203793,0.01314,0.8013489094539035,0.0014688790507109842,False,-0.8028177885046145,modeled_qpu
placement,8,8,22,qaoa_transfer,nominal,64,2.4102434361106164,0.8931609629943735,True,3.158405888825655e-05,1,0.3929827874235622,0.11178683795365175,0.00468408616727371,0.5125370856906091,2.6907143251203793,0.5282,0.8013489094539035,0.05904580780711886,True,-2.8603947172610225,modeled_qpu
placement,8,8,22,qaoa_transfer,stressed,64,2.4102434361106164,0.8931609629943735,True,3.158405888825655e-05,1,0.3929827874235622,0.11178683795365175,0.00468408616727371,0.5125370856906091,2.6907143251203793,5.1328,0.8013489094539035,0.5737794818485037,True,-3.375128391302407,modeled_qpu
placement,8,8,22,qaoa_transfer,optimistic,256,0.8931609629943735,0.8931609629943735,True,3.158405888825655e-05,1,0.3929827874235622,0.11178683795365175,0.00468408616727371,0.5125370856906091,2.6907143251203793,0.01506,0.0,0.0016835097795819954,False,-0.0016835097795819954,modeled_qpu
placement,8,8,22,qaoa_transfer,nominal,256,0.8931609629943735,0.8931609629943735,True,3.158405888825655e-05,1,0.3929827874235622,0.11178683795365175,0.00468408616727371,0.5125370856906091,2.6907143251203793,0.5378000000000001,0.0,0.06011896145147392,True,-2.060118961451474,modeled_qpu
placement,8,8,22,qaoa_transfer,stressed,256,0.8931609629943735,0.8931609629943735,True,3.158405888825655e-05,1,0.3929827874235622,0.11178683795365175,0.00468408616727371,0.5125370856906091,2.6907143251203793,5.1712,0.0,0.5780720964259239,True,-2.578072096425924,modeled_qpu
placement,8,8,22,qaoa_transfer,optimistic,1024,0.8931609629943735,0.8931609629943735,True,3.158405888825655e-05,1,0.3929827874235622,0.11178683795365175,0.00468408616727371,0.5125370856906091,2.6907143251203793,0.022740000000000003,0.0,0.0025420326950660412,False,-0.0025420326950660412,modeled_qpu
placement,8,8,22,qaoa_transfer,nominal,1024,0.8931609629943735,0.8931609629943735,True,3.158405888825655e-05,1,0.3929827874235622,0.11178683795365175,0.00468408616727371,0.5125370856906091,2.6907143251203793,0.5762,0.0,0.06441157602889415,True,-2.064411576028894,modeled_qpu
placement,8,8,22,qaoa_transfer,stressed,1024,0.8931609629943735,0.8931609629943735,True,3.158405888825655e-05,1,0.3929827874235622,0.11178683795365175,0.00468408616727371,0.5125370856906091,2.6907143251203793,5.3248,0.0,0.5952425547356048,True,-2.595242554735605,modeled_qpu
placement,8,8,23,qaoa_transfer,optimistic,16,3.734931247082576,1.6247808686286,True,2.983398735523224e-05,1,0.1995342393085978,0.10887564434911612,0.004697967301003814,0.5125370856906091,2.6907143251203793,0.012660000000000001,0.8039339221321326,0.0013783656574598102,False,-0.8053122877895924,modeled_qpu
placement,8,8,23,qaoa_transfer,nominal,16,3.734931247082576,1.6247808686286,True,2.983398735523224e-05,1,0.1995342393085978,0.10887564434911612,0.004697967301003814,0.5125370856906091,2.6907143251203793,0.5258,0.8039339221321326,0.05724681379876526,True,-2.8611807359308976,modeled_qpu
placement,8,8,23,qaoa_transfer,stressed,16,3.734931247082576,1.6247808686286,True,2.983398735523224e-05,1,0.1995342393085978,0.10887564434911612,0.004697967301003814,0.5125370856906091,2.6907143251203793,5.1232,0.8039339221321326,0.5577917011293917,True,-3.361725623261524,modeled_qpu
placement,8,8,23,qaoa_transfer,optimistic,64,1.6247808686286,1.6247808686286,True,2.983398735523224e-05,1,0.1995342393085978,0.10887564434911612,0.004697967301003814,0.5125370856906091,2.6907143251203793,0.01314,0.0,0.001430625966747386,False,-0.001430625966747386,modeled_qpu
placement,8,8,23,qaoa_transfer,nominal,64,1.6247808686286,1.6247808686286,True,2.983398735523224e-05,1,0.1995342393085978,0.10887564434911612,0.004697967301003814,0.5125370856906091,2.6907143251203793,0.5282,0.0,0.057508115345203135,True,-2.057508115345203,modeled_qpu
placement,8,8,23,qaoa_transfer,stressed,64,1.6247808686286,1.6247808686286,True,2.983398735523224e-05,1,0.1995342393085978,0.10887564434911612,0.004697967301003814,0.5125370856906091,2.6907143251203793,5.1328,0.0,0.5588369073151431,True,-2.5588369073151433,modeled_qpu
placement,8,8,23,qaoa_transfer,optimistic,256,1.6247808686286,1.6247808686286,True,2.983398735523224e-05,1,0.1995342393085978,0.10887564434911612,0.004697967301003814,0.5125370856906091,2.6907143251203793,0.01506,0.0,0.0016396672038976887,False,-0.0016396672038976887,modeled_qpu
placement,8,8,23,qaoa_transfer,nominal,256,1.6247808686286,1.6247808686286,True,2.983398735523224e-05,1,0.1995342393085978,0.10887564434911612,0.004697967301003814,0.5125370856906091,2.6907143251203793,0.5378000000000001,0.0,0.058553321530954654,True,-2.0585533215309546,modeled_qpu
placement,8,8,23,qaoa_transfer,stressed,256,1.6247808686286,1.6247808686286,True,2.983398735523224e-05,1,0.1995342393085978,0.10887564434911612,0.004697967301003814,0.5125370856906091,2.6907143251203793,5.1712,0.0,0.5630177320581492,True,-2.563017732058149,modeled_qpu
placement,8,8,23,qaoa_transfer,optimistic,1024,1.6247808686286,1.6247808686286,True,2.983398735523224e-05,1,0.1995342393085978,0.10887564434911612,0.004697967301003814,0.5125370856906091,2.6907143251203793,0.022740000000000003,0.0,0.002475832152498901,False,-0.002475832152498901,modeled_qpu
placement,8,8,23,qaoa_transfer,nominal,1024,1.6247808686286,1.6247808686286,True,2.983398735523224e-05,1,0.1995342393085978,0.10887564434911612,0.004697967301003814,0.5125370856906091,2.6907143251203793,0.5762,0.0,0.0627341462739607,True,-2.062734146273961,modeled_qpu
placement,8,8,23,qaoa_transfer,stressed,1024,1.6247808686286,1.6247808686286,True,2.983398735523224e-05,1,0.1995342393085978,0.10887564434911612,0.004697967301003814,0.5125370856906091,2.6907143251203793,5.3248,0.0,0.5797410310301735,True,-2.5797410310301734,modeled_qpu
placement,8,8,24,qaoa_transfer,optimistic,16,16.308263482167547,0.8955910854219497,False,2.9667047783732414e-05,1,0.5316611903079621,0.06433597173949689,0.004698132575170089,0.5125370856906091,2.6907143251203793,0.012660000000000001,8.130800210697767,0.0008144934022220306,False,-13.13161470409999,modeled_qpu
placement,8,8,24,qaoa_transfer,nominal,16,16.308263482167547,0.8955910854219497,False,2.9667047783732414e-05,1,0.5316611903079621,0.06433597173949689,0.004698132575170089,0.5125370856906091,2.6907143251203793,0.5258,8.130800210697767,0.03382785394062746,False,-13.164628064638395,modeled_qpu
placement,8,8,24,qaoa_transfer,stressed,16,16.308263482167547,0.8955910854219497,False,2.9667047783732414e-05,1,0.5316611903079621,0.06433597173949689,0.004698132575170089,0.5125370856906091,2.6907143251203793,5.1232,8.130800210697767,0.32960605041579044,True,-15.460406261113558,modeled_qpu
placement,8,8,24,qaoa_transfer,optimistic,64,1.3403265610120179,0.8955910854219497,True,2.9667047783732414e-05,1,0.5316611903079621,0.06433597173949689,0.004698132575170089,0.5125370856906091,2.6907143251203793,0.01314,0.23461572435653874,0.0008453746686569891,False,-0.23546109902519574,modeled_qpu
placement,8,8,24,qaoa_transfer,nominal,64,1.3403265610120179,0.8955910854219497,True,2.9667047783732414e-05,1,0.5316611903079621,0.06433597173949689,0.004698132575170089,0.5125370856906091,2.6907143251203793,0.5282,0.23461572435653874,0.03398226027280225,False,-0.268597984629341,modeled_qpu
placement,8,8,24,qaoa_transfer,stressed,64,1.3403265610120179,0.8955910854219497,True,2.9667047783732414e-05,1,0.5316611903079621,0.06433597173949689,0.004698132575170089,0.5125370856906091,2.6907143251203793,5.1328,0.23461572435653874,0.3302236757444896,True,-2.5648394001010284,modeled_qpu
placement,8,8,24,qaoa_transfer,optimistic,256,1.3403265610120179,0.8955910854219497,True,2.9667047783732414e-05,1,0.5316611903079621,0.06433597173949689,0.004698132575170089,0.5125370856906091,2.6907143251203793,0.01506,0.23461572435653874,0.0009688997343968231,False,-0.23558462409093556,modeled_qpu
placement,8,8,24,qaoa_transfer,nominal,256,1.3403265610120179,0.8955910854219497,True,2.9667047783732414e-05,1,0.5316611903079621,0.06433597173949689,0.004698132575170089,0.5125370856906091,2.6907143251203793,0.5378000000000001,0.23461572435653874,0.03459988560150143,True,-2.26921560995804,modeled_qpu
placement,8,8,24,qaoa_transfer,stressed,256,1.3403265610120179,0.8955910854219497,True,2.9667047783732414e-05,1,0.5316611903079621,0.06433597173949689,0.004698132575170089,0.5125370856906091,2.6907143251203793,5.1712,0.23461572435653874,0.3326941770592863,True,-2.567309901415825,modeled_qpu
placement,8,8,24,qaoa_transfer,optimistic,1024,0.8955910854219497,0.8955910854219497,True,2.9667047783732414e-05,1,0.5316611903079621,0.06433597173949689,0.004698132575170089,0.5125370856906091,2.6907143251203793,0.022740000000000003,0.0,0.0014629999973561594,False,-0.0014629999973561594,modeled_qpu
placement,8,8,24,qaoa_transfer,nominal,1024,0.8955910854219497,0.8955910854219497,True,2.9667047783732414e-05,1,0.5316611903079621,0.06433597173949689,0.004698132575170089,0.5125370856906091,2.6907143251203793,0.5762,0.0,0.03707038691629811,True,-2.037070386916298,modeled_qpu
placement,8,8,24,qaoa_transfer,stressed,1024,0.8955910854219497,0.8955910854219497,True,2.9667047783732414e-05,1,0.5316611903079621,0.06433597173949689,0.004698132575170089,0.5125370856906091,2.6907143251203793,5.3248,0.0,0.342576182318473,True,-2.342576182318473,modeled_qpu
placement,8,8,25,qaoa_transfer,optimistic,16,1.773766856451969,0.9683629886910173,True,3.0499999411404133e-05,1,0.2340997191475975,0.027834667271510075,0.004688416055318578,0.5125370856906091,2.6907143251203793,0.012660000000000001,0.4091744624280677,0.0003523868876573176,False,-0.40952684931572503,modeled_qpu
placement,8,8,25,qaoa_transfer,nominal,16,1.773766856451969,0.9683629886910173,True,3.0499999411404133e-05,1,0.2340997191475975,0.027834667271510075,0.004688416055318578,0.5125370856906091,2.6907143251203793,0.5258,0.4091744624280677,0.014635468051359998,True,-2.4238099304794276,modeled_qpu
placement,8,8,25,qaoa_transfer,stressed,16,1.773766856451969,0.9683629886910173,True,3.0499999411404133e-05,1,0.2340997191475975,0.027834667271510075,0.004688416055318578,0.5125370856906091,2.6907143251203793,5.1232,0.4091744624280677,0.14260256736540042,True,-2.551777029793468,modeled_qpu
placement,8,8,25,qaoa_transfer,optimistic,64,1.0685736062297158,0.9683629886910173,True,3.0499999411404133e-05,1,0.2340997191475975,0.027834667271510075,0.004688416055318578,0.5125370856906091,2.6907143251203793,0.01314,0.050910639000248406,0.0003657475279476424,False,-0.05127638652819605,modeled_qpu
placement,8,8,25,qaoa_transfer,nominal,64,1.0685736062297158,0.9683629886910173,True,3.0499999411404133e-05,1,0.2340997191475975,0.027834667271510075,0.004688416055318578,0.5125370856906091,2.6907143251203793,0.5282,0.050910639000248406,0.014702271252811622,True,-2.06561291025306,modeled_qpu
placement,8,8,25,qaoa_transfer,stressed,64,1.0685736062297158,0.9683629886910173,True,3.0499999411404133e-05,1,0.2340997191475975,0.027834667271510075,0.004688416055318578,0.5125370856906091,2.6907143251203793,5.1328,0.050910639000248406,0.1428697801712069,True,-2.193780419171455,modeled_qpu
placement,8,8,25,qaoa_transfer,optimistic,256,1.0685736062297158,0.9683629886910173,True,3.0499999411404133e-05,1,0.2340997191475975,0.027834667271510075,0.004688416055318578,0.5125370856906091,2.6907143251203793,0.01506,0.050910639000248406,0.00041919008910894175,False,-0.05132982908935735,modeled_qpu
placement,8,8,25,qaoa_transfer,nominal,256,1.0685736062297158,0.9683629886910173,True,3.0499999411404133e-05,1,0.2340997191475975,0.027834667271510075,0.004688416055318578,0.5125370856906091,2.6907143251203793,0.5378000000000001,0.050910639000248406,0.01496948405861812,True,-2.0658801230588666,modeled_qpu
placement,8,8,25,qaoa_transfer,stressed,256,1.0685736062297158,0.9683629886910173,True,3.0499999411404133e-05,1,0.2340997191475975,0.027834667271510075,0.004688416055318578,0.5125370856906091,2.6907143251203793,5.1712,0.050910639000248406,0.1439386313944329,True,-2.1948492703946814,modeled_qpu
placement,8,8,25,qaoa_transfer,optimistic,1024,0.9683629886910173,0.9683629886910173,True,3.0499999411404133e-05,1,0.2340997191475975,0.027834667271510075,0.004688416055318578,0.5125370856906091,2.6907143251203793,0.022740000000000003,0.0,0.0006329603337541392,False,-0.0006329603337541392,modeled_qpu
placement,8,8,25,qaoa_transfer,nominal,1024,0.9683629886910173,0.9683629886910173,True,3.0499999411404133e-05,1,0.2340997191475975,0.027834667271510075,0.004688416055318578,0.5125370856906091,2.6907143251203793,0.5762,0.0,0.016038335281844108,True,-2.016038335281844,modeled_qpu
placement,8,8,25,qaoa_transfer,stressed,1024,0.9683629886910173,0.9683629886910173,True,3.0499999411404133e-05,1,0.2340997191475975,0.027834667271510075,0.004688416055318578,0.5125370856906091,2.6907143251203793,5.3248,0.0,0.14821403628733684,True,-2.148214036287337,modeled_qpu
placement,8,8,26,qaoa_transfer,optimistic,16,1.560165447924434,1.4483583057397258,True,3.14170029014349e-05,1,0.43405520077157733,0.10810188467745209,0.004685684538261444,0.5125370856906091,2.6907143251203793,0.012660000000000001,0.04566616819221146,0.0013685698600165435,False,-0.047034738052228006,modeled_qpu
placement,8,8,26,qaoa_transfer,nominal,16,1.560165447924434,1.4483583057397258,True,3.14170029014349e-05,1,0.43405520077157733,0.10810188467745209,0.004685684538261444,0.5125370856906091,2.6907143251203793,0.5258,0.04566616819221146,0.05683997096340431,True,-2.102506139155616,modeled_qpu
placement,8,8,26,qaoa_transfer,stressed,16,1.560165447924434,1.4483583057397258,True,3.14170029014349e-05,1,0.43405520077157733,0.10810188467745209,0.004685684538261444,0.5125370856906091,2.6907143251203793,5.1232,0.04566616819221146,0.5538275755795226,True,-2.599493743771734,modeled_qpu
placement,8,8,26,qaoa_transfer,optimistic,64,3.1121935806861702,1.4483583057397258,True,3.14170029014349e-05,1,0.43405520077157733,0.10810188467745209,0.004685684538261444,0.5125370856906091,2.6907143251203793,0.01314,0.679571805746687,0.0014204587646617205,False,-0.6809922645113486,modeled_qpu
placement,8,8,26,qaoa_transfer,nominal,64,3.1121935806861702,1.4483583057397258,True,3.14170029014349e-05,1,0.43405520077157733,0.10810188467745209,0.004685684538261444,0.5125370856906091,2.6907143251203793,0.5282,0.679571805746687,0.057099415486630195,True,-2.7366712212333173,modeled_qpu
placement,8,8,26,qaoa_transfer,stressed,64,3.1121935806861702,1.4483583057397258,True,3.14170029014349e-05,1,0.43405520077157733,0.10810188467745209,0.004685684538261444,0.5125370856906091,2.6907143251203793,5.1328,0.679571805746687,0.5548653536724261,True,-3.2344371594191133,modeled_qpu
placement,8,8,26,qaoa_transfer,optimistic,256,1.4483583057397258,1.4483583057397258,True,3.14170029014349e-05,1,0.43405520077157733,0.10810188467745209,0.004685684538261444,0.5125370856906091,2.6907143251203793,0.01506,0.0,0.0016280143832424286,False,-0.0016280143832424286,modeled_qpu
placement,8,8,26,qaoa_transfer,nominal,256,1.4483583057397258,1.4483583057397258,True,3.14170029014349e-05,1,0.43405520077157733,0.10810188467745209,0.004685684538261444,0.5125370856906091,2.6907143251203793,0.5378000000000001,0.0,0.05813719357953374,True,-2.0581371935795336,modeled_qpu
placement,8,8,26,qaoa_transfer,stressed,256,1.4483583057397258,1.4483583057397258,True,3.14170029014349e-05,1,0.43405520077157733,0.10810188467745209,0.004685684538261444,0.5125370856906091,2.6907143251203793,5.1712,0.0,0.5590164660440402,True,-2.5590164660440404,modeled_qpu
placement,8,8,26,qaoa_transfer,optimistic,1024,1.4483583057397258,1.4483583057397258,True,3.14170029014349e-05,1,0.43405520077157733,0.10810188467745209,0.004685684538261444,0.5125370856906091,2.6907143251203793,0.022740000000000003,0.0,0.002458236857565261,False,-0.002458236857565261,modeled_qpu
placement,8,8,26,qaoa_transfer,nominal,1024,1.4483583057397258,1.4483583057397258,True,3.14170029014349e-05,1,0.43405520077157733,0.10810188467745209,0.004685684538261444,0.5125370856906091,2.6907143251203793,0.5762,0.0,0.0622883059511479,True,-2.062288305951148,modeled_qpu
placement,8,8,26,qaoa_transfer,stressed,1024,1.4483583057397258,1.4483583057397258,True,3.14170029014349e-05,1,0.43405520077157733,0.10810188467745209,0.004685684538261444,0.5125370856906091,2.6907143251203793,5.3248,0.0,0.5756209155304969,True,-2.575620915530497,modeled_qpu
placement,8,8,27,qaoa_transfer,optimistic,16,1.2046443492825092,1.2046443492825092,True,3.1957984901964664e-05,1,0.20747078347498996,0.0800374359938088,0.004698477422357477,0.5125370856906091,2.6907143251203793,0.012660000000000001,0.0,0.0010132739396816195,False,-0.0010132739396816195,modeled_qpu
placement,8,8,27,qaoa_transfer,nominal,16,1.2046443492825092,1.2046443492825092,True,3.1957984901964664e-05,1,0.20747078347498996,0.0800374359938088,0.004698477422357477,0.5125370856906091,2.6907143251203793,0.5258,0.0,0.04208368384554467,True,-2.0420836838455445,modeled_qpu
placement,8,8,27,qaoa_transfer,stressed,16,1.2046443492825092,1.2046443492825092,True,3.1957984901964664e-05,1,0.20747078347498996,0.0800374359938088,0.004698477422357477,0.5125370856906091,2.6907143251203793,5.1232,0.0,0.41004779208348124,True,-2.410047792083481,modeled_qpu
placement,8,8,27,qaoa_transfer,optimistic,64,1.6050492527170286,1.2046443492825092,True,3.1957984901964664e-05,1,0.20747078347498996,0.0800374359938088,0.004698477422357477,0.5125370856906091,2.6907143251203793,0.01314,0.1816188191827082,0.0010516919089586477,False,-0.18267051109166685,modeled_qpu
placement,8,8,27,qaoa_transfer,nominal,64,1.6050492527170286,1.2046443492825092,True,3.1957984901964664e-05,1,0.20747078347498996,0.0800374359938088,0.004698477422357477,0.5125370856906091,2.6907143251203793,0.5282,0.1816188191827082,0.04227577369192981,True,-2.223894592874638,modeled_qpu
placement,8,8,27,qaoa_transfer,stressed,64,1.6050492527170286,1.2046443492825092,True,3.1957984901964664e-05,1,0.20747078347498996,0.0800374359938088,0.004698477422357477,0.5125370856906091,2.6907143251203793,5.1328,0.1816188191827082,0.4108161514690218,True,-2.59243497065173,modeled_qpu
placement,8,8,27,qaoa_transfer,optimistic,256,1.2046443492825092,1.2046443492825092,True,3.1957984901964664e-05,1,0.20747078347498996,0.0800374359938088,0.004698477422357477,0.5125370856906091,2.6907143251203793,0.01506,0.0,0.0012053637860667606,False,-0.0012053637860667606,modeled_qpu
placement,8,8,27,qaoa_transfer,nominal,256,1.2046443492825092,1.2046443492825092,True,3.1957984901964664e-05,1,0.20747078347498996,0.0800374359938088,0.004698477422357477,0.5125370856906091,2.6907143251203793,0.5378000000000001,0.0,0.043044133077470376,True,-2.0430441330774705,modeled_qpu
placement,8,8,27,qaoa_transfer,stressed,256,1.2046443492825092,1.2046443492825092,True,3.1957984901964664e-05,1,0.20747078347498996,0.0800374359938088,0.004698477422357477,0.5125370856906091,2.6907143251203793,5.1712,0.0,0.41388958901118406,True,-2.413889589011184,modeled_qpu
placement,8,8,27,qaoa_transfer,optimistic,1024,1.2046443492825092,1.2046443492825092,True,3.1957984901964664e-05,1,0.20747078347498996,0.0800374359938088,0.004698477422357477,0.5125370856906091,2.6907143251203793,0.022740000000000003,0.0,0.0018200512944992124,False,-0.0018200512944992124,modeled_qpu
placement,8,8,27,qaoa_transfer,nominal,1024,1.2046443492825092,1.2046443492825092,True,3.1957984901964664e-05,1,0.20747078347498996,0.0800374359938088,0.004698477422357477,0.5125370856906091,2.6907143251203793,0.5762,0.0,0.046117570619632633,True,-2.0461175706196326,modeled_qpu
placement,8,8,27,qaoa_transfer,stressed,1024,1.2046443492825092,1.2046443492825092,True,3.1957984901964664e-05,1,0.20747078347498996,0.0800374359938088,0.004698477422357477,0.5125370856906091,2.6907143251203793,5.3248,0.0,0.4261833391798331,True,-2.426183339179833,modeled_qpu
placement,8,8,28,qaoa_transfer,optimistic,16,1.4089229134165921,0.5359367891053969,True,3.174995072185993e-05,1,0.11378875752731538,0.0661340571871821,0.004690008217269388,0.5125370856906091,2.6907143251203793,0.012660000000000001,0.5683737315906497,0.0008372571639897254,False,-0.5692109887546395,modeled_qpu
placement,8,8,28,qaoa_transfer,nominal,16,1.4089229134165921,0.5359367891053969,True,3.174995072185993e-05,1,0.11378875752731538,0.0661340571871821,0.004690008217269388,0.5125370856906091,2.6907143251203793,0.5258,0.5683737315906497,0.03477328726902035,True,-2.60314701885967,modeled_qpu
placement,8,8,28,qaoa_transfer,stressed,16,1.4089229134165921,0.5359367891053969,True,3.174995072185993e-05,1,0.11378875752731538,0.0661340571871821,0.004690008217269388,0.5125370856906091,2.6907143251203793,5.1232,0.5683737315906497,0.33881800178137134,True,-2.907191733372021,modeled_qpu
placement,8,8,28,qaoa_transfer,optimistic,64,2.0236057505741707,0.5359367891053969,True,3.174995072185993e-05,1,0.11378875752731538,0.0661340571871821,0.004690008217269388,0.5125370856906091,2.6907143251203793,0.01314,0.9685743397911989,0.0008690015114395729,False,-0.9694433413026384,modeled_qpu
placement,8,8,28,qaoa_transfer,nominal,64,2.0236057505741707,0.5359367891053969,True,3.174995072185993e-05,1,0.11378875752731538,0.0661340571871821,0.004690008217269388,0.5125370856906091,2.6907143251203793,0.5282,0.9685743397911989,0.03493200900626958,True,-3.0035063487974685,modeled_qpu
placement,8,8,28,qaoa_transfer,stressed,64,2.0236057505741707,0.5359367891053969,True,3.174995072185993e-05,1,0.11378875752731538,0.0661340571871821,0.004690008217269388,0.5125370856906091,2.6907143251203793,5.1328,0.9685743397911989,0.3394528887303683,True,-3.308027228521567,modeled_qpu
placement,8,8,28,qaoa_transfer,optimistic,256,1.1628627136792693,0.5359367891053969,True,3.174995072185993e-05,1,0.11378875752731538,0.0661340571871821,0.004690008217269388,0.5125370856906091,2.6907143251203793,0.01506,0.40817169627079775,0.0009959789012389624,False,-0.4091676751720367,modeled_qpu
placement,8,8,28,qaoa_transfer,nominal,256,1.1628627136792693,0.5359367891053969,True,3.174995072185993e-05,1,0.11378875752731538,0.0661340571871821,0.004690008217269388,0.5125370856906091,2.6907143251203793,0.5378000000000001,0.40817169627079775,0.035566895955266534,True,-2.4437385922260644,modeled_qpu
placement,8,8,28,qaoa_transfer,stressed,256,1.1628627136792693,0.5359367891053969,True,3.174995072185993e-05,1,0.11378875752731538,0.0661340571871821,0.004690008217269388,0.5125370856906091,2.6907143251203793,5.1712,0.40817169627079775,0.3419924365263561,True,-2.7501641327971535,modeled_qpu
placement,8,8,28,qaoa_transfer,optimistic,1024,0.5359367891053969,0.5359367891053969,True,3.174995072185993e-05,1,0.11378875752731538,0.0661340571871821,0.004690008217269388,0.5125370856906091,2.6907143251203793,0.022740000000000003,0.0,0.0015038884604365213,False,-0.0015038884604365213,modeled_qpu
placement,8,8,28,qaoa_transfer,nominal,1024,0.5359367891053969,0.5359367891053969,True,3.174995072185993e-05,1,0.11378875752731538,0.0661340571871821,0.004690008217269388,0.5125370856906091,2.6907143251203793,0.5762,0.0,0.038106443751254326,True,-2.0381064437512544,modeled_qpu
placement,8,8,28,qaoa_transfer,stressed,1024,0.5359367891053969,0.5359367891053969,True,3.174995072185993e-05,1,0.11378875752731538,0.0661340571871821,0.004690008217269388,0.5125370856906091,2.6907143251203793,5.3248,0.0,0.35215062771030725,True,-2.3521506277103073,modeled_qpu
placement,8,8,29,qaoa_transfer,optimistic,16,2.396449946290621,0.9922105183558239,True,3.1084055081009865e-05,1,0.30037340669766005,0.10497988032429323,0.004693073903671388,0.5125370856906091,2.6907143251203793,0.012660000000000001,0.704864980380547,0.0013290452849055523,False,-0.7061940256654525,modeled_qpu
placement,8,8,29,qaoa_transfer,nominal,16,2.396449946290621,0.9922105183558239,True,3.1084055081009865e-05,1,0.30037340669766005,0.10497988032429323,0.004693073903671388,0.5125370856906091,2.6907143251203793,0.5258,0.704864980380547,0.055198421074513386,True,-2.7600634014550605,modeled_qpu
placement,8,8,29,qaoa_transfer,stressed,16,2.396449946290621,0.9922105183558239,True,3.1084055081009865e-05,1,0.30037340669766005,0.10497988032429323,0.004693073903671388,0.5125370856906091,2.6907143251203793,5.1232,0.704864980380547,0.537832922877419,True,-3.242697903257966,modeled_qpu
placement,8,8,29,qaoa_transfer,optimistic,64,2.2769084529343955,0.9922105183558239,True,3.1084055081009865e-05,1,0.30037340669766005,0.10497988032429323,0.004693073903671388,0.5125370856906091,2.6907143251203793,0.01314,0.6448605319275375,0.001379435627461213,False,-0.6462399675549987,modeled_qpu
placement,8,8,29,qaoa_transfer,nominal,64,2.2769084529343955,0.9922105183558239,True,3.1084055081009865e-05,1,0.30037340669766005,0.10497988032429323,0.004693073903671388,0.5125370856906091,2.6907143251203793,0.5282,0.6448605319275375,0.05545037278729168,True,-2.7003109047148293,modeled_qpu
placement,8,8,29,qaoa_transfer,stressed,64,2.2769084529343955,0.9922105183558239,True,3.1084055081009865e-05,1,0.30037340669766005,0.10497988032429323,0.004693073903671388,0.5125370856906091,2.6907143251203793,5.1328,0.6448605319275375,0.5388407297285323,True,-3.18370126165607,modeled_qpu
placement,8,8,29,qaoa_transfer,optimistic,256,0.9922105183558239,0.9922105183558239,True,3.1084055081009865e-05,1,0.30037340669766005,0.10497988032429323,0.004693073903671388,0.5125370856906091,2.6907143251203793,0.01506,0.0,0.001580996997683856,False,-0.001580996997683856,modeled_qpu
placement,8,8,29,qaoa_transfer,nominal,256,0.9922105183558239,0.9922105183558239,True,3.1084055081009865e-05,1,0.30037340669766005,0.10497988032429323,0.004693073903671388,0.5125370856906091,2.6907143251203793,0.5378000000000001,0.0,0.0564581796384049,True,-2.0564581796384047,modeled_qpu
placement,8,8,29,qaoa_transfer,stressed,256,0.9922105183558239,0.9922105183558239,True,3.1084055081009865e-05,1,0.30037340669766005,0.10497988032429323,0.004693073903671388,0.5125370856906091,2.6907143251203793,5.1712,0.0,0.5428719571329851,True,-2.542871957132985,modeled_qpu
placement,8,8,29,qaoa_transfer,optimistic,1024,0.9922105183558239,0.9922105183558239,True,3.1084055081009865e-05,1,0.30037340669766005,0.10497988032429323,0.004693073903671388,0.5125370856906091,2.6907143251203793,0.022740000000000003,0.0,0.0023872424785744283,False,-0.0023872424785744283,modeled_qpu
placement,8,8,29,qaoa_transfer,nominal,1024,0.9922105183558239,0.9922105183558239,True,3.1084055081009865e-05,1,0.30037340669766005,0.10497988032429323,0.004693073903671388,0.5125370856906091,2.6907143251203793,0.5762,0.0,0.06048940704285776,True,-2.0604894070428577,modeled_qpu
placement,8,8,29,qaoa_transfer,stressed,1024,0.9922105183558239,0.9922105183558239,True,3.1084055081009865e-05,1,0.30037340669766005,0.10497988032429323,0.004693073903671388,0.5125370856906091,2.6907143251203793,5.3248,0.0,0.5589968667507965,True,-2.5589968667507965,modeled_qpu
placement,9,9,15,qaoa_transfer,optimistic,16,2.5019698246786213,1.8679784384442482,True,4.670803900808096e-05,1,0.6646189638811003,0.1076916836742033,0.009896060119537657,6.198921942336097,2.7178862347520742,0.012660000000000001,0.2210586306144915,0.0013633767153154138,False,-0.2224220073298069,modeled_qpu
placement,9,9,15,qaoa_transfer,nominal,16,2.5019698246786213,1.8679784384442482,True,4.670803900808096e-05,1,0.6646189638811003,0.1076916836742033,0.009896060119537657,6.198921942336097,2.7178862347520742,0.5258,0.2210586306144915,0.0566242872758961,False,-0.27768291789038757,modeled_qpu
placement,9,9,15,qaoa_transfer,stressed,16,2.5019698246786213,1.8679784384442482,True,4.670803900808096e-05,1,0.6646189638811003,0.1076916836742033,0.009896060119537657,6.198921942336097,2.7178862347520742,5.1232,0.2210586306144915,0.5517260337996783,True,-2.7727846644141696,modeled_qpu
placement,9,9,15,qaoa_transfer,optimistic,64,2.5019698246786213,1.8679784384442482,True,4.670803900808096e-05,1,0.6646189638811003,0.1076916836742033,0.009896060119537657,6.198921942336097,2.7178862347520742,0.01314,0.2210586306144915,0.0014150687234790315,False,-0.2224736993379705,modeled_qpu
placement,9,9,15,qaoa_transfer,nominal,64,2.5019698246786213,1.8679784384442482,True,4.670803900808096e-05,1,0.6646189638811003,0.1076916836742033,0.009896060119537657,6.198921942336097,2.7178862347520742,0.5282,0.2210586306144915,0.05688274731671419,False,-0.27794137793120566,modeled_qpu
placement,9,9,15,qaoa_transfer,stressed,64,2.5019698246786213,1.8679784384442482,True,4.670803900808096e-05,1,0.6646189638811003,0.1076916836742033,0.009896060119537657,6.198921942336097,2.7178862347520742,5.1328,0.2210586306144915,0.5527598739629507,True,-2.7738185045774424,modeled_qpu
placement,9,9,15,qaoa_transfer,optimistic,256,1.8679784384442482,1.8679784384442482,True,4.670803900808096e-05,1,0.6646189638811003,0.1076916836742033,0.009896060119537657,6.198921942336097,2.7178862347520742,0.01506,0.0,0.0016218367561335017,False,-0.0016218367561335017,modeled_qpu
placement,9,9,15,qaoa_transfer,nominal,256,1.8679784384442482,1.8679784384442482,True,4.670803900808096e-05,1,0.6646189638811003,0.1076916836742033,0.009896060119537657,6.198921942336097,2.7178862347520742,0.5378000000000001,0.0,0.05791658747998654,False,-0.05791658747998654,modeled_qpu
placement,9,9,15,qaoa_transfer,stressed,256,1.8679784384442482,1.8679784384442482,True,4.670803900808096e-05,1,0.6646189638811003,0.1076916836742033,0.009896060119537657,6.198921942336097,2.7178862347520742,5.1712,0.0,0.5568952346160401,True,-2.5568952346160403,modeled_qpu
placement,9,9,15,qaoa_transfer,optimistic,1024,1.8679784384442482,1.8679784384442482,True,4.670803900808096e-05,1,0.6646189638811003,0.1076916836742033,0.009896060119537657,6.198921942336097,2.7178862347520742,0.022740000000000003,0.0,0.0024489088867513833,False,-0.0024489088867513833,modeled_qpu
placement,9,9,15,qaoa_transfer,nominal,1024,1.8679784384442482,1.8679784384442482,True,4.670803900808096e-05,1,0.6646189638811003,0.1076916836742033,0.009896060119537657,6.198921942336097,2.7178862347520742,0.5762,0.0,0.06205194813307595,False,-0.06205194813307595,modeled_qpu
placement,9,9,15,qaoa_transfer,stressed,1024,1.8679784384442482,1.8679784384442482,True,4.670803900808096e-05,1,0.6646189638811003,0.1076916836742033,0.009896060119537657,6.198921942336097,2.7178862347520742,5.3248,0.0,0.5734366772283978,True,-2.573436677228398,modeled_qpu
placement,9,9,16,qaoa_transfer,optimistic,16,2.3875026264758605,1.665079175828188,True,4.51250234618783e-05,1,0.4583534459820672,0.021230739789313995,0.011831030938901288,6.198921942336097,2.7178862347520742,0.012660000000000001,0.2710701645189117,0.0002687811657327152,False,-0.2713389456846444,modeled_qpu
placement,9,9,16,qaoa_transfer,nominal,16,2.3875026264758605,1.665079175828188,True,4.51250234618783e-05,1,0.4583534459820672,0.021230739789313995,0.011831030938901288,6.198921942336097,2.7178862347520742,0.5258,0.2710701645189117,0.0111631229812213,True,-2.2822332875001328,modeled_qpu
placement,9,9,16,qaoa_transfer,stressed,16,2.3875026264758605,1.665079175828188,True,4.51250234618783e-05,1,0.4583534459820672,0.021230739789313995,0.011831030938901288,6.198921942336097,2.7178862347520742,5.1232,0.2710701645189117,0.10876932608861345,True,-2.3798394906075253,modeled_qpu
placement,9,9,16,qaoa_transfer,optimistic,64,1.665079175828188,1.665079175828188,True,4.51250234618783e-05,1,0.4583534459820672,0.021230739789313995,0.011831030938901288,6.198921942336097,2.7178862347520742,0.01314,0.0,0.0002789719208315859,False,-0.0002789719208315859,modeled_qpu
placement,9,9,16,qaoa_transfer,nominal,64,1.665079175828188,1.665079175828188,True,4.51250234618783e-05,1,0.4583534459820672,0.021230739789313995,0.011831030938901288,6.198921942336097,2.7178862347520742,0.5282,0.0,0.011214076756715652,True,-2.0112140767567155,modeled_qpu
placement,9,9,16,qaoa_transfer,stressed,64,1.665079175828188,1.665079175828188,True,4.51250234618783e-05,1,0.4583534459820672,0.021230739789313995,0.011831030938901288,6.198921942336097,2.7178862347520742,5.1328,0.0,0.10897314119059086,True,-2.108973141190591,modeled_qpu
placement,9,9,16,qaoa_transfer,optimistic,256,1.665079175828188,1.665079175828188,True,4.51250234618783e-05,1,0.4583534459820672,0.021230739789313995,0.011831030938901288,6.198921942336097,2.7178862347520742,0.01506,0.0,0.0003197349412270688,False,-0.0003197349412270688,modeled_qpu
placement,9,9,16,qaoa_transfer,nominal,256,1.665079175828188,1.665079175828188,True,4.51250234618783e-05,1,0.4583534459820672,0.021230739789313995,0.011831030938901288,6.198921942336097,2.7178862347520742,0.5378000000000001,0.0,0.011417891858693067,True,-2.011417891858693,modeled_qpu
placement,9,9,16,qaoa_transfer,stressed,256,1.665079175828188,1.665079175828188,True,4.51250234618783e-05,1,0.4583534459820672,0.021230739789313995,0.011831030938901288,6.198921942336097,2.7178862347520742,5.1712,0.0,0.10978840159850052,True,-2.1097884015985007,modeled_qpu
placement,9,9,16,qaoa_transfer,optimistic,1024,1.665079175828188,1.665079175828188,True,4.51250234618783e-05,1,0.4583534459820672,0.021230739789313995,0.011831030938901288,6.198921942336097,2.7178862347520742,0.022740000000000003,0.0,0.00048278702280900033,False,-0.00048278702280900033,modeled_qpu
placement,9,9,16,qaoa_transfer,nominal,1024,1.665079175828188,1.665079175828188,True,4.51250234618783e-05,1,0.4583534459820672,0.021230739789313995,0.011831030938901288,6.198921942336097,2.7178862347520742,0.5762,0.0,0.012233152266602725,True,-2.0122331522666026,modeled_qpu
placement,9,9,16,qaoa_transfer,stressed,1024,1.665079175828188,1.665079175828188,True,4.51250234618783e-05,1,0.4583534459820672,0.021230739789313995,0.011831030938901288,6.198921942336097,2.7178862347520742,5.3248,0.0,0.11304944323013916,True,-2.113049443230139,modeled_qpu
placement,9,9,17,qaoa_transfer,optimistic,16,3.6329458581674485,1.7238262337688508,True,5.4999953135848045e-05,1,0.5529785316113339,0.04626799936509171,0.00782638727001824,6.198921942336097,2.7178862347520742,0.012660000000000001,0.7008962615640221,0.0005857528719620611,False,-0.7014820144359841,modeled_qpu
placement,9,9,17,qaoa_transfer,nominal,16,3.6329458581674485,1.7238262337688508,True,5.4999953135848045e-05,1,0.5529785316113339,0.04626799936509171,0.00782638727001824,6.198921942336097,2.7178862347520742,0.5258,0.7008962615640221,0.024327714066165223,False,-0.7252239756301873,modeled_qpu
placement,9,9,17,qaoa_transfer,stressed,16,3.6329458581674485,1.7238262337688508,True,5.4999953135848045e-05,1,0.5529785316113339,0.04626799936509171,0.00782638727001824,6.198921942336097,2.7178862347520742,5.1232,0.7008962615640221,0.23704021434723785,True,-2.93793647591126,modeled_qpu
placement,9,9,17,qaoa_transfer,optimistic,64,1.7238262337688508,1.7238262337688508,True,5.4999953135848045e-05,1,0.5529785316113339,0.04626799936509171,0.00782638727001824,6.198921942336097,2.7178862347520742,0.01314,0.0,0.0006079615116573051,False,-0.0006079615116573051,modeled_qpu
placement,9,9,17,qaoa_transfer,nominal,64,1.7238262337688508,1.7238262337688508,True,5.4999953135848045e-05,1,0.5529785316113339,0.04626799936509171,0.00782638727001824,6.198921942336097,2.7178862347520742,0.5282,0.0,0.024438757264641443,False,-0.024438757264641443,modeled_qpu
placement,9,9,17,qaoa_transfer,stressed,64,1.7238262337688508,1.7238262337688508,True,5.4999953135848045e-05,1,0.5529785316113339,0.04626799936509171,0.00782638727001824,6.198921942336097,2.7178862347520742,5.1328,0.0,0.23748438714114273,True,-2.2374843871411425,modeled_qpu
placement,9,9,17,qaoa_transfer,optimistic,256,1.7238262337688508,1.7238262337688508,True,5.4999953135848045e-05,1,0.5529785316113339,0.04626799936509171,0.00782638727001824,6.198921942336097,2.7178862347520742,0.01506,0.0,0.0006967960704382811,False,-0.0006967960704382811,modeled_qpu
placement,9,9,17,qaoa_transfer,nominal,256,1.7238262337688508,1.7238262337688508,True,5.4999953135848045e-05,1,0.5529785316113339,0.04626799936509171,0.00782638727001824,6.198921942336097,2.7178862347520742,0.5378000000000001,0.0,0.024882930058546325,False,-0.024882930058546325,modeled_qpu
placement,9,9,17,qaoa_transfer,stressed,256,1.7238262337688508,1.7238262337688508,True,5.4999953135848045e-05,1,0.5529785316113339,0.04626799936509171,0.00782638727001824,6.198921942336097,2.7178862347520742,5.1712,0.0,0.23926107831676224,True,-2.2392610783167624,modeled_qpu
placement,9,9,17,qaoa_transfer,optimistic,1024,1.7238262337688508,1.7238262337688508,True,5.4999953135848045e-05,1,0.5529785316113339,0.04626799936509171,0.00782638727001824,6.198921942336097,2.7178862347520742,0.022740000000000003,0.0,0.0010521343055621857,False,-0.0010521343055621857,modeled_qpu
placement,9,9,17,qaoa_transfer,nominal,1024,1.7238262337688508,1.7238262337688508,True,5.4999953135848045e-05,1,0.5529785316113339,0.04626799936509171,0.00782638727001824,6.198921942336097,2.7178862347520742,0.5762,0.0,0.026659621234165844,True,-2.026659621234166,modeled_qpu
placement,9,9,17,qaoa_transfer,stressed,1024,1.7238262337688508,1.7238262337688508,True,5.4999953135848045e-05,1,0.5529785316113339,0.04626799936509171,0.00782638727001824,6.198921942336097,2.7178862347520742,5.3248,0.0,0.24636784301924033,True,-2.2463678430192404,modeled_qpu
placement,9,9,18,qaoa_transfer,optimistic,16,5.908498866596501,1.6857556853164173,True,4.187505692243576e-05,1,0.24245030642589688,0.04154530317048169,0.007927368390770682,6.198921942336097,2.7178862347520742,0.012660000000000001,1.5722737568300407,0.0005259635381382982,False,-1.572799720368179,modeled_qpu
placement,9,9,18,qaoa_transfer,nominal,16,5.908498866596501,1.6857556853164173,True,4.187505692243576e-05,1,0.24245030642589688,0.04154530317048169,0.007927368390770682,6.198921942336097,2.7178862347520742,0.5258,1.5722737568300407,0.021844520407039273,True,-3.59411827723708,modeled_qpu
placement,9,9,18,qaoa_transfer,stressed,16,5.908498866596501,1.6857556853164173,True,4.187505692243576e-05,1,0.24245030642589688,0.04154530317048169,0.007927368390770682,6.198921942336097,2.7178862347520742,5.1232,1.5722737568300407,0.21284489720301178,True,-3.7851186540330524,modeled_qpu
placement,9,9,18,qaoa_transfer,optimistic,64,2.839404774168621,1.6857556853164173,True,4.187505692243576e-05,1,0.24245030642589688,0.04154530317048169,0.007927368390770682,6.198921942336097,2.7178862347520742,0.01314,0.4295435713529127,0.0005459052836601294,False,-0.4300894766365728,modeled_qpu
placement,9,9,18,qaoa_transfer,nominal,64,2.839404774168621,1.6857556853164173,True,4.187505692243576e-05,1,0.24245030642589688,0.04154530317048169,0.007927368390770682,6.198921942336097,2.7178862347520742,0.5282,0.4295435713529127,0.02194422913464843,True,-2.4514878004875613,modeled_qpu
placement,9,9,18,qaoa_transfer,stressed,64,2.839404774168621,1.6857556853164173,True,4.187505692243576e-05,1,0.24245030642589688,0.04154530317048169,0.007927368390770682,6.198921942336097,2.7178862347520742,5.1328,0.4295435713529127,0.2132437321134484,True,-2.642787303466361,modeled_qpu
placement,9,9,18,qaoa_transfer,optimistic,256,1.6857556853164173,1.6857556853164173,True,4.187505692243576e-05,1,0.24245030642589688,0.04154530317048169,0.007927368390770682,6.198921942336097,2.7178862347520742,0.01506,0.0,0.0006256722657474543,False,-0.0006256722657474543,modeled_qpu
placement,9,9,18,qaoa_transfer,nominal,256,1.6857556853164173,1.6857556853164173,True,4.187505692243576e-05,1,0.24245030642589688,0.04154530317048169,0.007927368390770682,6.198921942336097,2.7178862347520742,0.5378000000000001,0.0,0.022343064045085057,True,-2.022343064045085,modeled_qpu
placement,9,9,18,qaoa_transfer,stressed,256,1.6857556853164173,1.6857556853164173,True,4.187505692243576e-05,1,0.24245030642589688,0.04154530317048169,0.007927368390770682,6.198921942336097,2.7178862347520742,5.1712,0.0,0.2148390717551949,True,-2.214839071755195,modeled_qpu
placement,9,9,18,qaoa_transfer,optimistic,1024,1.6857556853164173,1.6857556853164173,True,4.187505692243576e-05,1,0.24245030642589688,0.04154530317048169,0.007927368390770682,6.198921942336097,2.7178862347520742,0.022740000000000003,0.0,0.0009447401940967538,False,-0.0009447401940967538,modeled_qpu
placement,9,9,18,qaoa_transfer,nominal,1024,1.6857556853164173,1.6857556853164173,True,4.187505692243576e-05,1,0.24245030642589688,0.04154530317048169,0.007927368390770682,6.198921942336097,2.7178862347520742,0.5762,0.0,0.02393840368683155,True,-2.0239384036868318,modeled_qpu
placement,9,9,18,qaoa_transfer,stressed,1024,1.6857556853164173,1.6857556853164173,True,4.187505692243576e-05,1,0.24245030642589688,0.04154530317048169,0.007927368390770682,6.198921942336097,2.7178862347520742,5.3248,0.0,0.2212204303221809,True,-2.2212204303221807,modeled_qpu
placement,9,9,19,qaoa_transfer,optimistic,16,16.737848725504364,2.240107396398924,False,4.299997817724943e-05,1,0.5033688160843359,0.025065862075930905,0.008819927505683544,6.198921942336097,2.7178862347520742,0.012660000000000001,4.474463206132711,0.0003173338138812853,False,-9.474780539946591,modeled_qpu
placement,9,9,19,qaoa_transfer,nominal,16,16.737848725504364,2.240107396398924,False,4.299997817724943e-05,1,0.5033688160843359,0.025065862075930905,0.008819927505683544,6.198921942336097,2.7178862347520742,0.5258,4.474463206132711,0.01317963027952447,True,-11.487642836412235,modeled_qpu
placement,9,9,19,qaoa_transfer,stressed,16,16.737848725504364,2.240107396398924,False,4.299997817724943e-05,1,0.5033688160843359,0.025065862075930905,0.008819927505683544,6.198921942336097,2.7178862347520742,5.1232,4.474463206132711,0.1284174245874092,True,-11.60288063072012,modeled_qpu
placement,9,9,19,qaoa_transfer,optimistic,64,2.240107396398924,2.240107396398924,True,4.299997817724943e-05,1,0.5033688160843359,0.025065862075930905,0.008819927505683544,6.198921942336097,2.7178862347520742,0.01314,0.0,0.0003293654276777321,False,-0.0003293654276777321,modeled_qpu
placement,9,9,19,qaoa_transfer,nominal,64,2.240107396398924,2.240107396398924,True,4.299997817724943e-05,1,0.5033688160843359,0.025065862075930905,0.008819927505683544,6.198921942336097,2.7178862347520742,0.5282,0.0,0.013239788348506705,True,-2.013239788348507,modeled_qpu
placement,9,9,19,qaoa_transfer,stressed,64,2.240107396398924,2.240107396398924,True,4.299997817724943e-05,1,0.5033688160843359,0.025065862075930905,0.008819927505683544,6.198921942336097,2.7178862347520742,5.1328,0.0,0.12865805686333814,True,-2.128658056863338,modeled_qpu
placement,9,9,19,qaoa_transfer,optimistic,256,2.240107396398924,2.240107396398924,True,4.299997817724943e-05,1,0.5033688160843359,0.025065862075930905,0.008819927505683544,6.198921942336097,2.7178862347520742,0.01506,0.0,0.00037749188286351947,False,-0.00037749188286351947,modeled_qpu
placement,9,9,19,qaoa_transfer,nominal,256,2.240107396398924,2.240107396398924,True,4.299997817724943e-05,1,0.5033688160843359,0.025065862075930905,0.008819927505683544,6.198921942336097,2.7178862347520742,0.5378000000000001,0.0,0.013480420624435642,True,-2.0134804206244357,modeled_qpu
placement,9,9,19,qaoa_transfer,stressed,256,2.240107396398924,2.240107396398924,True,4.299997817724943e-05,1,0.5033688160843359,0.025065862075930905,0.008819927505683544,6.198921942336097,2.7178862347520742,5.1712,0.0,0.1296205859670539,True,-2.129620585967054,modeled_qpu
placement,9,9,19,qaoa_transfer,optimistic,1024,2.240107396398924,2.240107396398924,True,4.299997817724943e-05,1,0.5033688160843359,0.025065862075930905,0.008819927505683544,6.198921942336097,2.7178862347520742,0.022740000000000003,0.0,0.0005699977036066688,False,-0.0005699977036066688,modeled_qpu
placement,9,9,19,qaoa_transfer,nominal,1024,2.240107396398924,2.240107396398924,True,4.299997817724943e-05,1,0.5033688160843359,0.025065862075930905,0.008819927505683544,6.198921942336097,2.7178862347520742,0.5762,0.0,0.014442949728151388,True,-2.0144429497281515,modeled_qpu
placement,9,9,19,qaoa_transfer,stressed,1024,2.240107396398924,2.240107396398924,True,4.299997817724943e-05,1,0.5033688160843359,0.025065862075930905,0.008819927505683544,6.198921942336097,2.7178862347520742,5.3248,0.0,0.13347070238191688,True,-2.133470702381917,modeled_qpu
placement,9,9,20,qaoa_transfer,optimistic,16,4.595164955662894,1.4878354706631718,True,4.195794463157654e-05,1,0.3453858780639557,0.07197251206161744,0.01339717811111582,6.198921942336097,2.7178862347520742,0.012660000000000001,1.249009237805993,0.0009111720027000768,False,-1.249920409808693,modeled_qpu
placement,9,9,20,qaoa_transfer,nominal,16,4.595164955662894,1.4878354706631718,True,4.195794463157654e-05,1,0.3453858780639557,0.07197251206161744,0.01339717811111582,6.198921942336097,2.7178862347520742,0.5258,1.249009237805993,0.03784314684199845,True,-3.2868523846479913,modeled_qpu
placement,9,9,20,qaoa_transfer,stressed,16,4.595164955662894,1.4878354706631718,True,4.195794463157654e-05,1,0.3453858780639557,0.07197251206161744,0.01339717811111582,6.198921942336097,2.7178862347520742,5.1232,1.249009237805993,0.36872957379407845,True,-3.6177388116000713,modeled_qpu
placement,9,9,20,qaoa_transfer,optimistic,64,3.028804048447911,1.4878354706631718,True,4.195794463157654e-05,1,0.3453858780639557,0.07197251206161744,0.01339717811111582,6.198921942336097,2.7178862347520742,0.01314,0.6194013213317398,0.0009457188084896532,False,-0.6203470401402295,modeled_qpu
placement,9,9,20,qaoa_transfer,nominal,64,3.028804048447911,1.4878354706631718,True,4.195794463157654e-05,1,0.3453858780639557,0.07197251206161744,0.01339717811111582,6.198921942336097,2.7178862347520742,0.5282,0.6194013213317398,0.03801588087094633,True,-2.6574172022026863,modeled_qpu
placement,9,9,20,qaoa_transfer,stressed,64,3.028804048447911,1.4878354706631718,True,4.195794463157654e-05,1,0.3453858780639557,0.07197251206161744,0.01339717811111582,6.198921942336097,2.7178862347520742,5.1328,0.6194013213317398,0.36942050990986997,True,-2.9888218312416095,modeled_qpu
placement,9,9,20,qaoa_transfer,optimistic,256,1.4878354706631718,1.4878354706631718,True,4.195794463157654e-05,1,0.3453858780639557,0.07197251206161744,0.01339717811111582,6.198921942336097,2.7178862347520742,0.01506,0.0,0.0010839060316479587,False,-0.0010839060316479587,modeled_qpu
placement,9,9,20,qaoa_transfer,nominal,256,1.4878354706631718,1.4878354706631718,True,4.195794463157654e-05,1,0.3453858780639557,0.07197251206161744,0.01339717811111582,6.198921942336097,2.7178862347520742,0.5378000000000001,0.0,0.03870681698673786,True,-2.0387068169867377,modeled_qpu
placement,9,9,20,qaoa_transfer,stressed,256,1.4878354706631718,1.4878354706631718,True,4.195794463157654e-05,1,0.3453858780639557,0.07197251206161744,0.01339717811111582,6.198921942336097,2.7178862347520742,5.1712,0.0,0.3721842543730361,True,-2.3721842543730363,modeled_qpu
placement,9,9,20,qaoa_transfer,optimistic,1024,1.4878354706631718,1.4878354706631718,True,4.195794463157654e-05,1,0.3453858780639557,0.07197251206161744,0.01339717811111582,6.198921942336097,2.7178862347520742,0.022740000000000003,0.0,0.0016366549242811806,False,-0.0016366549242811806,modeled_qpu
placement,9,9,20,qaoa_transfer,nominal,1024,1.4878354706631718,1.4878354706631718,True,4.195794463157654e-05,1,0.3453858780639557,0.07197251206161744,0.01339717811111582,6.198921942336097,2.7178862347520742,0.5762,0.0,0.04147056144990397,True,-2.041470561449904,modeled_qpu
placement,9,9,20,qaoa_transfer,stressed,1024,1.4878354706631718,1.4878354706631718,True,4.195794463157654e-05,1,0.3453858780639557,0.07197251206161744,0.01339717811111582,6.198921942336097,2.7178862347520742,5.3248,0.0,0.3832392322257005,True,-2.3832392322257006,modeled_qpu
placement,9,9,21,qaoa_transfer,optimistic,16,3.753963686504652,1.9556736662035266,True,4.254200030118227e-05,1,0.688676275541485,0.02963413770584811,0.012424922418204865,6.198921942336097,2.7178862347520742,0.012660000000000001,0.6084196780123479,0.0003751681833560371,False,-0.6087948461957039,modeled_qpu
placement,9,9,21,qaoa_transfer,nominal,16,3.753963686504652,1.9556736662035266,True,4.254200030118227e-05,1,0.688676275541485,0.02963413770584811,0.012424922418204865,6.198921942336097,2.7178862347520742,0.5258,0.6084196780123479,0.015581629605734938,False,-0.6240013076180828,modeled_qpu
placement,9,9,21,qaoa_transfer,stressed,16,3.753963686504652,1.9556736662035266,True,4.254200030118227e-05,1,0.688676275541485,0.02963413770584811,0.012424922418204865,6.198921942336097,2.7178862347520742,5.1232,0.6084196780123479,0.15182161429460103,True,-2.760241292306949,modeled_qpu
placement,9,9,21,qaoa_transfer,optimistic,64,2.877464828304979,1.9556736662035266,True,4.254200030118227e-05,1,0.688676275541485,0.02963413770584811,0.012424922418204865,6.198921942336097,2.7178862347520742,0.01314,0.3118717646814729,0.0003893925694548442,False,-0.31226115725092773,modeled_qpu
placement,9,9,21,qaoa_transfer,nominal,64,2.877464828304979,1.9556736662035266,True,4.254200030118227e-05,1,0.688676275541485,0.02963413770584811,0.012424922418204865,6.198921942336097,2.7178862347520742,0.5282,0.3118717646814729,0.01565275153622897,False,-0.32752451621770184,modeled_qpu
placement,9,9,21,qaoa_transfer,stressed,64,2.877464828304979,1.9556736662035266,True,4.254200030118227e-05,1,0.688676275541485,0.02963413770584811,0.012424922418204865,6.198921942336097,2.7178862347520742,5.1328,0.3118717646814729,0.15210610201657718,True,-2.46397786669805,modeled_qpu
placement,9,9,21,qaoa_transfer,optimistic,256,1.9556736662035266,1.9556736662035266,True,4.254200030118227e-05,1,0.688676275541485,0.02963413770584811,0.012424922418204865,6.198921942336097,2.7178862347520742,0.01506,0.0,0.00044629011385007256,False,-0.00044629011385007256,modeled_qpu
placement,9,9,21,qaoa_transfer,nominal,256,1.9556736662035266,1.9556736662035266,True,4.254200030118227e-05,1,0.688676275541485,0.02963413770584811,0.012424922418204865,6.198921942336097,2.7178862347520742,0.5378000000000001,0.0,0.015937239258205116,False,-0.015937239258205116,modeled_qpu
placement,9,9,21,qaoa_transfer,stressed,256,1.9556736662035266,1.9556736662035266,True,4.254200030118227e-05,1,0.688676275541485,0.02963413770584811,0.012424922418204865,6.198921942336097,2.7178862347520742,5.1712,0.0,0.15324405290448173,True,-2.1532440529044816,modeled_qpu
placement,9,9,21,qaoa_transfer,optimistic,1024,1.9556736662035266,1.9556736662035266,True,4.254200030118227e-05,1,0.688676275541485,0.02963413770584811,0.012424922418204865,6.198921942336097,2.7178862347520742,0.022740000000000003,0.0,0.0006738802914309861,False,-0.0006738802914309861,modeled_qpu
placement,9,9,21,qaoa_transfer,nominal,1024,1.9556736662035266,1.9556736662035266,True,4.254200030118227e-05,1,0.688676275541485,0.02963413770584811,0.012424922418204865,6.198921942336097,2.7178862347520742,0.5762,0.0,0.017075190146109684,False,-0.017075190146109684,modeled_qpu
placement,9,9,21,qaoa_transfer,stressed,1024,1.9556736662035266,1.9556736662035266,True,4.254200030118227e-05,1,0.688676275541485,0.02963413770584811,0.012424922418204865,6.198921942336097,2.7178862347520742,5.3248,0.0,0.1577958564561,True,-2.1577958564561,modeled_qpu
placement,9,9,22,qaoa_transfer,optimistic,16,6.846761486902792,2.8801971871324987,True,5.9875077567994595e-05,1,0.511378254601827,0.09767054849916453,0.007866888343526677,6.198921942336097,2.7178862347520742,0.012660000000000001,1.022258433907484,0.001236509143999423,False,-1.0234949430514835,modeled_qpu
placement,9,9,22,qaoa_transfer,nominal,16,6.846761486902792,2.8801971871324987,True,5.9875077567994595e-05,1,0.511378254601827,0.09767054849916453,0.007866888343526677,6.198921942336097,2.7178862347520742,0.5258,1.022258433907484,0.05135517440086071,True,-3.073613608308345,modeled_qpu
placement,9,9,22,qaoa_transfer,stressed,16,6.846761486902792,2.8801971871324987,True,5.9875077567994595e-05,1,0.511378254601827,0.09767054849916453,0.007866888343526677,6.198921942336097,2.7178862347520742,5.1232,1.022258433907484,0.5003857540709197,True,-3.5226441879784036,modeled_qpu
placement,9,9,22,qaoa_transfer,optimistic,64,2.8801971871324987,2.8801971871324987,True,5.9875077567994595e-05,1,0.511378254601827,0.09767054849916453,0.007866888343526677,6.198921942336097,2.7178862347520742,0.01314,0.0,0.0012833910072790218,False,-0.0012833910072790218,modeled_qpu
placement,9,9,22,qaoa_transfer,nominal,64,2.8801971871324987,2.8801971871324987,True,5.9875077567994595e-05,1,0.511378254601827,0.09767054849916453,0.007866888343526677,6.198921942336097,2.7178862347520742,0.5282,0.0,0.051589583717258705,True,-2.051589583717259,modeled_qpu
placement,9,9,22,qaoa_transfer,stressed,64,2.8801971871324987,2.8801971871324987,True,5.9875077567994595e-05,1,0.511378254601827,0.09767054849916453,0.007866888343526677,6.198921942336097,2.7178862347520742,5.1328,0.0,0.5013233913365116,True,-2.501323391336512,modeled_qpu
placement,9,9,22,qaoa_transfer,optimistic,256,2.8801971871324987,2.8801971871324987,True,5.9875077567994595e-05,1,0.511378254601827,0.09767054849916453,0.007866888343526677,6.198921942336097,2.7178862347520742,0.01506,0.0,0.0014709184603974178,False,-0.0014709184603974178,modeled_qpu
placement,9,9,22,qaoa_transfer,nominal,256,2.8801971871324987,2.8801971871324987,True,5.9875077567994595e-05,1,0.511378254601827,0.09767054849916453,0.007866888343526677,6.198921942336097,2.7178862347520742,0.5378000000000001,0.0,0.05252722098285069,True,-2.0525272209828507,modeled_qpu
placement,9,9,22,qaoa_transfer,stressed,256,2.8801971871324987,2.8801971871324987,True,5.9875077567994595e-05,1,0.511378254601827,0.09767054849916453,0.007866888343526677,6.198921942336097,2.7178862347520742,5.1712,0.0,0.5050739403988795,True,-2.5050739403988795,modeled_qpu
placement,9,9,22,qaoa_transfer,optimistic,1024,2.8801971871324987,2.8801971871324987,True,5.9875077567994595e-05,1,0.511378254601827,0.09767054849916453,0.007866888343526677,6.198921942336097,2.7178862347520742,0.022740000000000003,0.0,0.0022210282728710017,False,-0.0022210282728710017,modeled_qpu
placement,9,9,22,qaoa_transfer,nominal,1024,2.8801971871324987,2.8801971871324987,True,5.9875077567994595e-05,1,0.511378254601827,0.09767054849916453,0.007866888343526677,6.198921942336097,2.7178862347520742,0.5762,0.0,0.056277770045218604,True,-2.0562777700452184,modeled_qpu
placement,9,9,22,qaoa_transfer,stressed,1024,2.8801971871324987,2.8801971871324987,True,5.9875077567994595e-05,1,0.511378254601827,0.09767054849916453,0.007866888343526677,6.198921942336097,2.7178862347520742,5.3248,0.0,0.5200761366483513,True,-2.5200761366483513,modeled_qpu
placement,9,9,23,qaoa_transfer,optimistic,16,3.1851527137633857,3.1851527137633857,True,4.6625034883618355e-05,1,0.18756911052960332,0.03702011124482888,0.012402913058951645,6.198921942336097,2.7178862347520742,0.012660000000000001,0.0,0.0004686746083595337,False,-0.0004686746083595337,modeled_qpu
placement,9,9,23,qaoa_transfer,nominal,16,3.1851527137633857,3.1851527137633857,True,4.6625034883618355e-05,1,0.18756911052960332,0.03702011124482888,0.012402913058951645,6.198921942336097,2.7178862347520742,0.5258,0.0,0.019465174492531028,True,-2.019465174492531,modeled_qpu
placement,9,9,23,qaoa_transfer,stressed,16,3.1851527137633857,3.1851527137633857,True,4.6625034883618355e-05,1,0.18756911052960332,0.03702011124482888,0.012402913058951645,6.198921942336097,2.7178862347520742,5.1232,0.0,0.18966143392950732,True,-2.1896614339295075,modeled_qpu
placement,9,9,23,qaoa_transfer,optimistic,64,3.1851527137633857,3.1851527137633857,True,4.6625034883618355e-05,1,0.18756911052960332,0.03702011124482888,0.012402913058951645,6.198921942336097,2.7178862347520742,0.01314,0.0,0.0004864442617570515,False,-0.0004864442617570515,modeled_qpu
placement,9,9,23,qaoa_transfer,nominal,64,3.1851527137633857,3.1851527137633857,True,4.6625034883618355e-05,1,0.18756911052960332,0.03702011124482888,0.012402913058951645,6.198921942336097,2.7178862347520742,0.5282,0.0,0.019554022759518615,True,-2.0195540227595186,modeled_qpu
placement,9,9,23,qaoa_transfer,stressed,64,3.1851527137633857,3.1851527137633857,True,4.6625034883618355e-05,1,0.18756911052960332,0.03702011124482888,0.012402913058951645,6.198921942336097,2.7178862347520742,5.1328,0.0,0.19001682699745767,True,-2.1900168269974576,modeled_qpu
placement,9,9,23,qaoa_transfer,optimistic,256,3.1851527137633857,3.1851527137633857,True,4.6625034883618355e-05,1,0.18756911052960332,0.03702011124482888,0.012402913058951645,6.198921942336097,2.7178862347520742,0.01506,0.0,0.000557522875347123,False,-0.000557522875347123,modeled_qpu
placement,9,9,23,qaoa_transfer,nominal,256,3.1851527137633857,3.1851527137633857,True,4.6625034883618355e-05,1,0.18756911052960332,0.03702011124482888,0.012402913058951645,6.198921942336097,2.7178862347520742,0.5378000000000001,0.0,0.019909415827468975,True,-2.019909415827469,modeled_qpu
placement,9,9,23,qaoa_transfer,stressed,256,3.1851527137633857,3.1851527137633857,True,4.6625034883618355e-05,1,0.18756911052960332,0.03702011124482888,0.012402913058951645,6.198921942336097,2.7178862347520742,5.1712,0.0,0.1914383992692591,True,-2.191438399269259,modeled_qpu
placement,9,9,23,qaoa_transfer,optimistic,1024,3.1851527137633857,3.1851527137633857,True,4.6625034883618355e-05,1,0.18756911052960332,0.03702011124482888,0.012402913058951645,6.198921942336097,2.7178862347520742,0.022740000000000003,0.0,0.0008418373297074088,False,-0.0008418373297074088,modeled_qpu
placement,9,9,23,qaoa_transfer,nominal,1024,3.1851527137633857,3.1851527137633857,True,4.6625034883618355e-05,1,0.18756911052960332,0.03702011124482888,0.012402913058951645,6.198921942336097,2.7178862347520742,0.5762,0.0,0.021330988099270403,True,-2.0213309880992703,modeled_qpu
placement,9,9,23,qaoa_transfer,stressed,1024,3.1851527137633857,3.1851527137633857,True,4.6625034883618355e-05,1,0.18756911052960332,0.03702011124482888,0.012402913058951645,6.198921942336097,2.7178862347520742,5.3248,0.0,0.19712468835646482,True,-2.197124688356465,modeled_qpu
placement,9,9,24,qaoa_transfer,optimistic,16,3.3035283572205056,1.3815672370247982,True,4.333304241299629e-05,1,0.6772916819679606,0.05259829070753792,0.010607887931497249,6.198921942336097,2.7178862347520742,0.012660000000000001,0.8070152672224112,0.0006658943603574302,False,-0.8076811615827687,modeled_qpu
placement,9,9,24,qaoa_transfer,nominal,16,3.3035283572205056,1.3815672370247982,True,4.333304241299629e-05,1,0.6772916819679606,0.05259829070753792,0.010607887931497249,6.198921942336097,2.7178862347520742,0.5258,0.8070152672224112,0.027656181254023443,False,-0.8346714484764347,modeled_qpu
placement,9,9,24,qaoa_transfer,stressed,16,3.3035283572205056,1.3815672370247982,True,4.333304241299629e-05,1,0.6772916819679606,0.05259829070753792,0.010607887931497249,6.198921942336097,2.7178862347520742,5.1232,0.8070152672224112,0.2694715629528583,True,-3.0764868301752695,modeled_qpu
placement,9,9,24,qaoa_transfer,optimistic,64,3.3035283572205056,1.3815672370247982,True,4.333304241299629e-05,1,0.6772916819679606,0.05259829070753792,0.010607887931497249,6.198921942336097,2.7178862347520742,0.01314,0.8070152672224112,0.0006911415398970483,False,-0.8077064087623083,modeled_qpu
placement,9,9,24,qaoa_transfer,nominal,64,3.3035283572205056,1.3815672370247982,True,4.333304241299629e-05,1,0.6772916819679606,0.05259829070753792,0.010607887931497249,6.198921942336097,2.7178862347520742,0.5282,0.8070152672224112,0.02778241715172153,False,-0.8347976843741328,modeled_qpu
placement,9,9,24,qaoa_transfer,stressed,64,3.3035283572205056,1.3815672370247982,True,4.333304241299629e-05,1,0.6772916819679606,0.05259829070753792,0.010607887931497249,6.198921942336097,2.7178862347520742,5.1328,0.8070152672224112,0.26997650654365063,True,-3.076991773766062,modeled_qpu
placement,9,9,24,qaoa_transfer,optimistic,256,1.3815672370247982,1.3815672370247982,True,4.333304241299629e-05,1,0.6772916819679606,0.05259829070753792,0.010607887931497249,6.198921942336097,2.7178862347520742,0.01506,0.0,0.0007921302580555211,False,-0.0007921302580555211,modeled_qpu
placement,9,9,24,qaoa_transfer,nominal,256,1.3815672370247982,1.3815672370247982,True,4.333304241299629e-05,1,0.6772916819679606,0.05259829070753792,0.010607887931497249,6.198921942336097,2.7178862347520742,0.5378000000000001,0.0,0.0282873607425139,False,-0.0282873607425139,modeled_qpu
placement,9,9,24,qaoa_transfer,stressed,256,1.3815672370247982,1.3815672370247982,True,4.333304241299629e-05,1,0.6772916819679606,0.05259829070753792,0.010607887931497249,6.198921942336097,2.7178862347520742,5.1712,0.0,0.2719962809068201,True,-2.27199628090682,modeled_qpu
placement,9,9,24,qaoa_transfer,optimistic,1024,1.3815672370247982,1.3815672370247982,True,4.333304241299629e-05,1,0.6772916819679606,0.05259829070753792,0.010607887931497249,6.198921942336097,2.7178862347520742,0.022740000000000003,0.0,0.0011960851306894126,False,-0.0011960851306894126,modeled_qpu
placement,9,9,24,qaoa_transfer,nominal,1024,1.3815672370247982,1.3815672370247982,True,4.333304241299629e-05,1,0.6772916819679606,0.05259829070753792,0.010607887931497249,6.198921942336097,2.7178862347520742,0.5762,0.0,0.030307135105683353,False,-0.030307135105683353,modeled_qpu
placement,9,9,24,qaoa_transfer,stressed,1024,1.3815672370247982,1.3815672370247982,True,4.333304241299629e-05,1,0.6772916819679606,0.05259829070753792,0.010607887931497249,6.198921942336097,2.7178862347520742,5.3248,0.0,0.2800753783594979,True,-2.280075378359498,modeled_qpu
placement,9,9,25,qaoa_transfer,optimistic,16,16.814014125175845,1.8949823765535299,False,4.212500061839819e-05,1,0.729565748219047,0.023444259802113336,0.009057828757418578,6.198921942336097,2.7178862347520742,0.012660000000000001,5.153410213979744,0.0002968043290947549,False,-10.153707018308838,modeled_qpu
placement,9,9,25,qaoa_transfer,nominal,16,16.814014125175845,1.8949823765535299,False,4.212500061839819e-05,1,0.729565748219047,0.023444259802113336,0.009057828757418578,6.198921942336097,2.7178862347520742,0.5258,5.153410213979744,0.012326991803951193,False,-10.165737205783694,modeled_qpu
placement,9,9,25,qaoa_transfer,stressed,16,16.814014125175845,1.8949823765535299,False,4.212500061839819e-05,1,0.729565748219047,0.023444259802113336,0.009057828757418578,6.198921942336097,2.7178862347520742,5.1232,5.153410213979744,0.12010963181818704,True,-12.27351984579793,modeled_qpu
placement,9,9,25,qaoa_transfer,optimistic,64,1.9882203086064576,1.8949823765535299,True,4.212500061839819e-05,1,0.729565748219047,0.023444259802113336,0.009057828757418578,6.198921942336097,2.7178862347520742,0.01314,0.032206735629225935,0.00030805757379976924,False,-0.03251479320302571,modeled_qpu
placement,9,9,25,qaoa_transfer,nominal,64,1.9882203086064576,1.8949823765535299,True,4.212500061839819e-05,1,0.729565748219047,0.023444259802113336,0.009057828757418578,6.198921942336097,2.7178862347520742,0.5282,0.032206735629225935,0.012383258027476264,False,-0.0445899936567022,modeled_qpu
placement,9,9,25,qaoa_transfer,stressed,64,1.9882203086064576,1.8949823765535299,True,4.212500061839819e-05,1,0.729565748219047,0.023444259802113336,0.009057828757418578,6.198921942336097,2.7178862347520742,5.1328,0.032206735629225935,0.12033469671228732,True,-2.152541432341513,modeled_qpu
placement,9,9,25,qaoa_transfer,optimistic,256,1.8949823765535299,1.8949823765535299,True,4.212500061839819e-05,1,0.729565748219047,0.023444259802113336,0.009057828757418578,6.198921942336097,2.7178862347520742,0.01506,0.0,0.00035307055261982683,False,-0.00035307055261982683,modeled_qpu
placement,9,9,25,qaoa_transfer,nominal,256,1.8949823765535299,1.8949823765535299,True,4.212500061839819e-05,1,0.729565748219047,0.023444259802113336,0.009057828757418578,6.198921942336097,2.7178862347520742,0.5378000000000001,0.0,0.012608322921576553,False,-0.012608322921576553,modeled_qpu
placement,9,9,25,qaoa_transfer,stressed,256,1.8949823765535299,1.8949823765535299,True,4.212500061839819e-05,1,0.729565748219047,0.023444259802113336,0.009057828757418578,6.198921942336097,2.7178862347520742,5.1712,0.0,0.12123495628868848,True,-2.1212349562886885,modeled_qpu
placement,9,9,25,qaoa_transfer,optimistic,1024,1.8949823765535299,1.8949823765535299,True,4.212500061839819e-05,1,0.729565748219047,0.023444259802113336,0.009057828757418578,6.198921942336097,2.7178862347520742,0.022740000000000003,0.0,0.0005331224679000574,False,-0.0005331224679000574,modeled_qpu
placement,9,9,25,qaoa_transfer,nominal,1024,1.8949823765535299,1.8949823765535299,True,4.212500061839819e-05,1,0.729565748219047,0.023444259802113336,0.009057828757418578,6.198921942336097,2.7178862347520742,0.5762,0.0,0.013508582497977706,False,-0.013508582497977706,modeled_qpu
placement,9,9,25,qaoa_transfer,stressed,1024,1.8949823765535299,1.8949823765535299,True,4.212500061839819e-05,1,0.729565748219047,0.023444259802113336,0.009057828757418578,6.198921942336097,2.7178862347520742,5.3248,0.0,0.12483599459429309,True,-2.124835994594293,modeled_qpu
placement,9,9,26,qaoa_transfer,optimistic,16,2.2545837559853537,2.2545837559853537,True,4.141591489315033e-05,1,0.1126061981368412,0.06957449224054428,0.008763101139234708,6.198921942336097,2.7178862347520742,0.012660000000000001,0.0,0.0008808130717652907,False,-0.0008808130717652907,modeled_qpu
placement,9,9,26,qaoa_transfer,nominal,16,2.2545837559853537,2.2545837559853537,True,4.141591489315033e-05,1,0.1126061981368412,0.06957449224054428,0.008763101139234708,6.198921942336097,2.7178862347520742,0.5258,0.0,0.03658226802007818,True,-2.0365822680200782,modeled_qpu
placement,9,9,26,qaoa_transfer,stressed,16,2.2545837559853537,2.2545837559853537,True,4.141591489315033e-05,1,0.1126061981368412,0.06957449224054428,0.008763101139234708,6.198921942336097,2.7178862347520742,5.1232,0.0,0.35644403864675644,True,-2.3564440386467567,modeled_qpu
placement,9,9,26,qaoa_transfer,optimistic,64,2.6259136356571426,2.2545837559853537,True,4.141591489315033e-05,1,0.1126061981368412,0.06957449224054428,0.008763101139234708,6.198921942336097,2.7178862347520742,0.01314,0.11409443035192857,0.0009142088280407519,False,-0.11500863917996931,modeled_qpu
placement,9,9,26,qaoa_transfer,nominal,64,2.6259136356571426,2.2545837559853537,True,4.141591489315033e-05,1,0.1126061981368412,0.06957449224054428,0.008763101139234708,6.198921942336097,2.7178862347520742,0.5282,0.11409443035192857,0.03674924680145549,True,-2.150843677153384,modeled_qpu
placement,9,9,26,qaoa_transfer,stressed,64,2.6259136356571426,2.2545837559853537,True,4.141591489315033e-05,1,0.1126061981368412,0.06957449224054428,0.008763101139234708,6.198921942336097,2.7178862347520742,5.1328,0.11409443035192857,0.3571119537722657,True,-2.4712063841241942,modeled_qpu
placement,9,9,26,qaoa_transfer,optimistic,256,2.2545837559853537,2.2545837559853537,True,4.141591489315033e-05,1,0.1126061981368412,0.06957449224054428,0.008763101139234708,6.198921942336097,2.7178862347520742,0.01506,0.0,0.0010477918531425969,False,-0.0010477918531425969,modeled_qpu
placement,9,9,26,qaoa_transfer,nominal,256,2.2545837559853537,2.2545837559853537,True,4.141591489315033e-05,1,0.1126061981368412,0.06957449224054428,0.008763101139234708,6.198921942336097,2.7178862347520742,0.5378000000000001,0.0,0.03741716192696472,True,-2.0374171619269648,modeled_qpu
placement,9,9,26,qaoa_transfer,stressed,256,2.2545837559853537,2.2545837559853537,True,4.141591489315033e-05,1,0.1126061981368412,0.06957449224054428,0.008763101139234708,6.198921942336097,2.7178862347520742,5.1712,0.0,0.35978361427430255,True,-2.3597836142743027,modeled_qpu
placement,9,9,26,qaoa_transfer,optimistic,1024,2.2545837559853537,2.2545837559853537,True,4.141591489315033e-05,1,0.1126061981368412,0.06957449224054428,0.008763101139234708,6.198921942336097,2.7178862347520742,0.022740000000000003,0.0,0.0015821239535499772,False,-0.0015821239535499772,modeled_qpu
placement,9,9,26,qaoa_transfer,nominal,1024,2.2545837559853537,2.2545837559853537,True,4.141591489315033e-05,1,0.1126061981368412,0.06957449224054428,0.008763101139234708,6.198921942336097,2.7178862347520742,0.5762,0.0,0.040088822429001615,True,-2.0400888224290017,modeled_qpu
placement,9,9,26,qaoa_transfer,stressed,1024,2.2545837559853537,2.2545837559853537,True,4.141591489315033e-05,1,0.1126061981368412,0.06957449224054428,0.008763101139234708,6.198921942336097,2.7178862347520742,5.3248,0.0,0.37047025628245017,True,-2.37047025628245,modeled_qpu
placement,9,9,27,qaoa_transfer,optimistic,16,5.967889620604515,1.5194292279953245,True,4.287506453692913e-05,1,0.5322848279019361,0.05980986045830311,0.013127034922787485,6.198921942336097,2.7178862347520742,0.012660000000000001,1.7656619773950823,0.0007571928334021175,False,-1.7664191702284844,modeled_qpu
placement,9,9,27,qaoa_transfer,nominal,16,5.967889620604515,1.5194292279953245,True,4.287506453692913e-05,1,0.5322848279019361,0.05980986045830311,0.013127034922787485,6.198921942336097,2.7178862347520742,0.5258,1.7656619773950823,0.03144802462897578,False,-1.7971100020240582,modeled_qpu
placement,9,9,27,qaoa_transfer,stressed,16,5.967889620604515,1.5194292279953245,True,4.287506453692913e-05,1,0.5322848279019361,0.05980986045830311,0.013127034922787485,6.198921942336097,2.7178862347520742,5.1232,1.7656619773950823,0.3064178770999785,True,-4.072079854495061,modeled_qpu
placement,9,9,27,qaoa_transfer,optimistic,64,1.5194292279953245,1.5194292279953245,True,4.287506453692913e-05,1,0.5322848279019361,0.05980986045830311,0.013127034922787485,6.198921942336097,2.7178862347520742,0.01314,0.0,0.0007859015664221029,False,-0.0007859015664221029,modeled_qpu
placement,9,9,27,qaoa_transfer,nominal,64,1.5194292279953245,1.5194292279953245,True,4.287506453692913e-05,1,0.5322848279019361,0.05980986045830311,0.013127034922787485,6.198921942336097,2.7178862347520742,0.5282,0.0,0.0315915682940757,False,-0.0315915682940757,modeled_qpu
placement,9,9,27,qaoa_transfer,stressed,64,1.5194292279953245,1.5194292279953245,True,4.287506453692913e-05,1,0.5322848279019361,0.05980986045830311,0.013127034922787485,6.198921942336097,2.7178862347520742,5.1328,0.0,0.3069920517603782,True,-2.3069920517603784,modeled_qpu
placement,9,9,27,qaoa_transfer,optimistic,256,1.5194292279953245,1.5194292279953245,True,4.287506453692913e-05,1,0.5322848279019361,0.05980986045830311,0.013127034922787485,6.198921942336097,2.7178862347520742,0.01506,0.0,0.0009007364985020448,False,-0.0009007364985020448,modeled_qpu
placement,9,9,27,qaoa_transfer,nominal,256,1.5194292279953245,1.5194292279953245,True,4.287506453692913e-05,1,0.5322848279019361,0.05980986045830311,0.013127034922787485,6.198921942336097,2.7178862347520742,0.5378000000000001,0.0,0.03216574295447541,True,-2.0321657429544753,modeled_qpu
placement,9,9,27,qaoa_transfer,stressed,256,1.5194292279953245,1.5194292279953245,True,4.287506453692913e-05,1,0.5322848279019361,0.05980986045830311,0.013127034922787485,6.198921942336097,2.7178862347520742,5.1712,0.0,0.309288750401977,True,-2.309288750401977,modeled_qpu
placement,9,9,27,qaoa_transfer,optimistic,1024,1.5194292279953245,1.5194292279953245,True,4.287506453692913e-05,1,0.5322848279019361,0.05980986045830311,0.013127034922787485,6.198921942336097,2.7178862347520742,0.022740000000000003,0.0,0.0013600762268218128,False,-0.0013600762268218128,modeled_qpu
placement,9,9,27,qaoa_transfer,nominal,1024,1.5194292279953245,1.5194292279953245,True,4.287506453692913e-05,1,0.5322848279019361,0.05980986045830311,0.013127034922787485,6.198921942336097,2.7178862347520742,0.5762,0.0,0.034462441596074256,True,-2.0344624415960744,modeled_qpu
placement,9,9,27,qaoa_transfer,stressed,1024,1.5194292279953245,1.5194292279953245,True,4.287506453692913e-05,1,0.5322848279019361,0.05980986045830311,0.013127034922787485,6.198921942336097,2.7178862347520742,5.3248,0.0,0.3184755449683724,True,-2.3184755449683725,modeled_qpu
placement,9,9,28,qaoa_transfer,optimistic,16,2.6270197455630946,1.5239535910904285,True,9.191699791699648e-05,1,0.7319901608937793,0.06873851724221205,0.012971909620479031,6.198921942336097,2.7178862347520742,0.012660000000000001,0.43703900038673305,0.0008702296282864047,False,-0.43790923001501947,modeled_qpu
placement,9,9,28,qaoa_transfer,nominal,16,2.6270197455630946,1.5239535910904285,True,9.191699791699648e-05,1,0.7319901608937793,0.06873851724221205,0.012971909620479031,6.198921942336097,2.7178862347520742,0.5258,0.43703900038673305,0.0361427123659551,False,-0.47318171275268817,modeled_qpu
placement,9,9,28,qaoa_transfer,stressed,16,2.6270197455630946,1.5239535910904285,True,9.191699791699648e-05,1,0.7319901608937793,0.06873851724221205,0.012971909620479031,6.198921942336097,2.7178862347520742,5.1232,0.43703900038673305,0.3521611715353008,True,-2.789200171922034,modeled_qpu
placement,9,9,28,qaoa_transfer,optimistic,64,1.5239535910904285,1.5239535910904285,True,9.191699791699648e-05,1,0.7319901608937793,0.06873851724221205,0.012971909620479031,6.198921942336097,2.7178862347520742,0.01314,0.0,0.0009032241165626664,False,-0.0009032241165626664,modeled_qpu
placement,9,9,28,qaoa_transfer,nominal,64,1.5239535910904285,1.5239535910904285,True,9.191699791699648e-05,1,0.7319901608937793,0.06873851724221205,0.012971909620479031,6.198921942336097,2.7178862347520742,0.5282,0.0,0.036307684807336406,False,-0.036307684807336406,modeled_qpu
placement,9,9,28,qaoa_transfer,stressed,64,1.5239535910904285,1.5239535910904285,True,9.191699791699648e-05,1,0.7319901608937793,0.06873851724221205,0.012971909620479031,6.198921942336097,2.7178862347520742,5.1328,0.0,0.352821061300826,True,-2.3528210613008262,modeled_qpu
placement,9,9,28,qaoa_transfer,optimistic,256,1.5239535910904285,1.5239535910904285,True,9.191699791699648e-05,1,0.7319901608937793,0.06873851724221205,0.012971909620479031,6.198921942336097,2.7178862347520742,0.01506,0.0,0.0010352020696677135,False,-0.0010352020696677135,modeled_qpu
placement,9,9,28,qaoa_transfer,nominal,256,1.5239535910904285,1.5239535910904285,True,9.191699791699648e-05,1,0.7319901608937793,0.06873851724221205,0.012971909620479031,6.198921942336097,2.7178862347520742,0.5378000000000001,0.0,0.03696757457286165,False,-0.03696757457286165,modeled_qpu
placement,9,9,28,qaoa_transfer,stressed,256,1.5239535910904285,1.5239535910904285,True,9.191699791699648e-05,1,0.7319901608937793,0.06873851724221205,0.012971909620479031,6.198921942336097,2.7178862347520742,5.1712,0.0,0.35546062036292697,True,-2.355460620362927,modeled_qpu
placement,9,9,28,qaoa_transfer,optimistic,1024,1.5239535910904285,1.5239535910904285,True,9.191699791699648e-05,1,0.7319901608937793,0.06873851724221205,0.012971909620479031,6.198921942336097,2.7178862347520742,0.022740000000000003,0.0,0.0015631138820879024,False,-0.0015631138820879024,modeled_qpu
placement,9,9,28,qaoa_transfer,nominal,1024,1.5239535910904285,1.5239535910904285,True,9.191699791699648e-05,1,0.7319901608937793,0.06873851724221205,0.012971909620479031,6.198921942336097,2.7178862347520742,0.5762,0.0,0.03960713363496259,False,-0.03960713363496259,modeled_qpu
placement,9,9,28,qaoa_transfer,stressed,1024,1.5239535910904285,1.5239535910904285,True,9.191699791699648e-05,1,0.7319901608937793,0.06873851724221205,0.012971909620479031,6.198921942336097,2.7178862347520742,5.3248,0.0,0.3660188566113307,True,-2.3660188566113307,modeled_qpu
placement,9,9,29,qaoa_transfer,optimistic,16,3.4834063694000132,1.9625528735971065,True,4.2499974370002747e-05,1,0.3257555760201507,0.04850801759911125,0.011892314214544742,6.198921942336097,2.7178862347520742,0.012660000000000001,0.5133591063832388,0.0006141115028047484,False,-0.5139732178860436,modeled_qpu
placement,9,9,29,qaoa_transfer,nominal,16,3.4834063694000132,1.9625528735971065,True,4.2499974370002747e-05,1,0.3257555760201507,0.04850801759911125,0.011892314214544742,6.198921942336097,2.7178862347520742,0.5258,0.5133591063832388,0.025505515653612695,True,-2.5388646220368516,modeled_qpu
placement,9,9,29,qaoa_transfer,stressed,16,3.4834063694000132,1.9625528735971065,True,4.2499974370002747e-05,1,0.3257555760201507,0.04850801759911125,0.011892314214544742,6.198921942336097,2.7178862347520742,5.1232,0.5133591063832388,0.24851627576376673,True,-2.7618753821470055,modeled_qpu
placement,9,9,29,qaoa_transfer,optimistic,64,2.8168450753353875,1.9625528735971065,True,4.2499974370002747e-05,1,0.3257555760201507,0.04850801759911125,0.011892314214544742,6.198921942336097,2.7178862347520742,0.01314,0.288363529087333,0.0006373953512523218,False,-0.2890009244385853,modeled_qpu
placement,9,9,29,qaoa_transfer,nominal,64,2.8168450753353875,1.9625528735971065,True,4.2499974370002747e-05,1,0.3257555760201507,0.04850801759911125,0.011892314214544742,6.198921942336097,2.7178862347520742,0.5282,0.288363529087333,0.02562193489585056,True,-2.3139854639831836,modeled_qpu
placement,9,9,29,qaoa_transfer,stressed,64,2.8168450753353875,1.9625528735971065,True,4.2499974370002747e-05,1,0.3257555760201507,0.04850801759911125,0.011892314214544742,6.198921942336097,2.7178862347520742,5.1328,0.288363529087333,0.2489819527327182,True,-2.537345481820051,modeled_qpu
placement,9,9,29,qaoa_transfer,optimistic,256,1.9625528735971065,1.9625528735971065,True,4.2499974370002747e-05,1,0.3257555760201507,0.04850801759911125,0.011892314214544742,6.198921942336097,2.7178862347520742,0.01506,0.0,0.0007305307450426155,False,-0.0007305307450426155,modeled_qpu
placement,9,9,29,qaoa_transfer,nominal,256,1.9625528735971065,1.9625528735971065,True,4.2499974370002747e-05,1,0.3257555760201507,0.04850801759911125,0.011892314214544742,6.198921942336097,2.7178862347520742,0.5378000000000001,0.0,0.026087611864802032,True,-2.026087611864802,modeled_qpu
placement,9,9,29,qaoa_transfer,stressed,256,1.9625528735971065,1.9625528735971065,True,4.2499974370002747e-05,1,0.3257555760201507,0.04850801759911125,0.011892314214544742,6.198921942336097,2.7178862347520742,5.1712,0.0,0.25084466060852406,True,-2.250844660608524,modeled_qpu
placement,9,9,29,qaoa_transfer,optimistic,1024,1.9625528735971065,1.9625528735971065,True,4.2499974370002747e-05,1,0.3257555760201507,0.04850801759911125,0.011892314214544742,6.198921942336097,2.7178862347520742,0.022740000000000003,0.0,0.00110307232020379,False,-0.00110307232020379,modeled_qpu
placement,9,9,29,qaoa_transfer,nominal,1024,1.9625528735971065,1.9625528735971065,True,4.2499974370002747e-05,1,0.3257555760201507,0.04850801759911125,0.011892314214544742,6.198921942336097,2.7178862347520742,0.5762,0.0,0.027950319740607903,True,-2.027950319740608,modeled_qpu
placement,9,9,29,qaoa_transfer,stressed,1024,1.9625528735971065,1.9625528735971065,True,4.2499974370002747e-05,1,0.3257555760201507,0.04850801759911125,0.011892314214544742,6.198921942336097,2.7178862347520742,5.3248,0.0,0.25829549211174757,True,-2.2582954921117477,modeled_qpu
placement,12,12,15,qaoa_transfer,optimistic,16,7.686609279476031,2.08402320013393,True,0.0001788330264389515,1,0.5476740447042823,0.09888153055444988,0.0006542469331176872,3.2094728324754387,2.6663114547396143,0.012660000000000001,1.8166484866582056,0.0012518401768193356,False,-1.817900326835025,modeled_qpu
placement,12,12,15,qaoa_transfer,nominal,16,7.686609279476031,2.08402320013393,True,0.0001788330264389515,1,0.5476740447042823,0.09888153055444988,0.0006542469331176872,3.2094728324754387,2.6663114547396143,0.5258,1.8166484866582056,0.051991908765529754,False,-1.8686403954237354,modeled_qpu
placement,12,12,15,qaoa_transfer,stressed,16,7.686609279476031,2.08402320013393,True,0.0001788330264389515,1,0.5476740447042823,0.09888153055444988,0.0006542469331176872,3.2094728324754387,2.6663114547396143,5.1232,1.8166484866582056,0.5065898573365576,True,-4.323238343994763,modeled_qpu
placement,12,12,15,qaoa_transfer,optimistic,64,20.787591859182843,2.08402320013393,False,0.0001788330264389515,1,0.5476740447042823,0.09888153055444988,0.0006542469331176872,3.2094728324754387,2.6663114547396143,0.01314,6.064665356031262,0.0012993033114854714,False,-11.065964659342749,modeled_qpu
placement,12,12,15,qaoa_transfer,nominal,64,20.787591859182843,2.08402320013393,False,0.0001788330264389515,1,0.5476740447042823,0.09888153055444988,0.0006542469331176872,3.2094728324754387,2.6663114547396143,0.5282,6.064665356031262,0.05222922443886043,False,-11.116894580470124,modeled_qpu
placement,12,12,15,qaoa_transfer,stressed,64,20.787591859182843,2.08402320013393,False,0.0001788330264389515,1,0.5476740447042823,0.09888153055444988,0.0006542469331176872,3.2094728324754387,2.6663114547396143,5.1328,6.064665356031262,0.5075391200298803,True,-13.572204476061144,modeled_qpu
placement,12,12,15,qaoa_transfer,optimistic,256,4.856805593274324,2.08402320013393,True,0.0001788330264389515,1,0.5476740447042823,0.09888153055444988,0.0006542469331176872,3.2094728324754387,2.6663114547396143,0.01506,0.8990796155554149,0.0014891558501500153,False,-0.9005687714055649,modeled_qpu
placement,12,12,15,qaoa_transfer,nominal,256,4.856805593274324,2.08402320013393,True,0.0001788330264389515,1,0.5476740447042823,0.09888153055444988,0.0006542469331176872,3.2094728324754387,2.6663114547396143,0.5378000000000001,0.8990796155554149,0.05317848713218315,False,-0.952258102687598,modeled_qpu
placement,12,12,15,qaoa_transfer,stressed,256,4.856805593274324,2.08402320013393,True,0.0001788330264389515,1,0.5476740447042823,0.09888153055444988,0.0006542469331176872,3.2094728324754387,2.6663114547396143,5.1712,0.8990796155554149,0.5113361708031712,True,-3.410415786358586,modeled_qpu
placement,12,12,15,qaoa_transfer,optimistic,1024,2.08402320013393,2.08402320013393,True,0.0001788330264389515,1,0.5476740447042823,0.09888153055444988,0.0006542469331176872,3.2094728324754387,2.6663114547396143,0.022740000000000003,0.0,0.0022485660048081908,False,-0.0022485660048081908,modeled_qpu
placement,12,12,15,qaoa_transfer,nominal,1024,2.08402320013393,2.08402320013393,True,0.0001788330264389515,1,0.5476740447042823,0.09888153055444988,0.0006542469331176872,3.2094728324754387,2.6663114547396143,0.5762,0.0,0.05697553790547403,True,-2.056975537905474,modeled_qpu
placement,12,12,15,qaoa_transfer,stressed,1024,2.08402320013393,2.08402320013393,True,0.0001788330264389515,1,0.5476740447042823,0.09888153055444988,0.0006542469331176872,3.2094728324754387,2.6663114547396143,5.3248,0.0,0.5265243738963347,True,-2.5265243738963346,modeled_qpu
placement,12,12,16,qaoa_transfer,optimistic,16,3.61595357480303,1.8845176531328127,True,0.00019154103938490152,1,0.45776973757142486,0.023812929323194704,0.0007146501628127388,3.2094728324754387,2.6663114547396143,0.012660000000000001,0.6002514561801144,0.00030147168523164496,False,-0.6005529278653461,modeled_qpu
placement,12,12,16,qaoa_transfer,nominal,16,3.61595357480303,1.8845176531328127,True,0.00019154103938490152,1,0.45776973757142486,0.023812929323194704,0.0007146501628127388,3.2094728324754387,2.6663114547396143,0.5258,0.6002514561801144,0.012520838238135776,True,-2.6127722944182503,modeled_qpu
placement,12,12,16,qaoa_transfer,stressed,16,3.61595357480303,1.8845176531328127,True,0.00019154103938490152,1,0.45776973757142486,0.023812929323194704,0.0007146501628127388,3.2094728324754387,2.6663114547396143,5.1232,0.6002514561801144,0.1219983995085911,True,-2.7222498556887054,modeled_qpu
placement,12,12,16,qaoa_transfer,optimistic,64,4.705176982703776,1.8845176531328127,True,0.00019154103938490152,1,0.45776973757142486,0.023812929323194704,0.0007146501628127388,3.2094728324754387,2.6663114547396143,0.01314,0.9778616977807385,0.0003129018913067784,False,-0.9781745996720452,modeled_qpu
placement,12,12,16,qaoa_transfer,nominal,64,4.705176982703776,1.8845176531328127,True,0.00019154103938490152,1,0.45776973757142486,0.023812929323194704,0.0007146501628127388,3.2094728324754387,2.6663114547396143,0.5282,0.9778616977807385,0.012577989268511442,True,-2.99043968704925,modeled_qpu
placement,12,12,16,qaoa_transfer,stressed,64,4.705176982703776,1.8845176531328127,True,0.00019154103938490152,1,0.45776973757142486,0.023812929323194704,0.0007146501628127388,3.2094728324754387,2.6663114547396143,5.1328,0.9778616977807385,0.12222700363009377,True,-3.100088701410832,modeled_qpu
placement,12,12,16,qaoa_transfer,optimistic,256,2.566953706962071,1.8845176531328127,True,0.00019154103938490152,1,0.45776973757142486,0.023812929323194704,0.0007146501628127388,3.2094728324754387,2.6663114547396143,0.01506,0.2365858475811646,0.00035862271560731224,False,-0.2369444702967719,modeled_qpu
placement,12,12,16,qaoa_transfer,nominal,256,2.566953706962071,1.8845176531328127,True,0.00019154103938490152,1,0.45776973757142486,0.023812929323194704,0.0007146501628127388,3.2094728324754387,2.6663114547396143,0.5378000000000001,0.2365858475811646,0.012806593390014113,True,-2.2493924409711785,modeled_qpu
placement,12,12,16,qaoa_transfer,stressed,256,2.566953706962071,1.8845176531328127,True,0.00019154103938490152,1,0.45776973757142486,0.023812929323194704,0.0007146501628127388,3.2094728324754387,2.6663114547396143,5.1712,0.2365858475811646,0.12314142011610445,True,-2.359727267697269,modeled_qpu
placement,12,12,16,qaoa_transfer,optimistic,1024,1.8845176531328127,1.8845176531328127,True,0.00019154103938490152,1,0.45776973757142486,0.023812929323194704,0.0007146501628127388,3.2094728324754387,2.6663114547396143,0.022740000000000003,0.0,0.0005415060128094476,False,-0.0005415060128094476,modeled_qpu
placement,12,12,16,qaoa_transfer,nominal,1024,1.8845176531328127,1.8845176531328127,True,0.00019154103938490152,1,0.45776973757142486,0.023812929323194704,0.0007146501628127388,3.2094728324754387,2.6663114547396143,0.5762,0.0,0.01372100987602479,True,-2.0137210098760248,modeled_qpu
placement,12,12,16,qaoa_transfer,stressed,1024,1.8845176531328127,1.8845176531328127,True,0.00019154103938490152,1,0.45776973757142486,0.023812929323194704,0.0007146501628127388,3.2094728324754387,2.6663114547396143,5.3248,0.0,0.12679908606014714,True,-2.126799086060147,modeled_qpu
placement,12,12,17,qaoa_transfer,optimistic,16,6.384568501923666,2.162632048579826,True,0.00017387501429766417,1,0.4288763710182363,0.10099089725402724,0.0006066101137049052,3.2094728324754387,2.6663114547396143,0.012660000000000001,1.3349439291363954,0.001278544759235985,False,-1.3362224738956314,modeled_qpu
placement,12,12,17,qaoa_transfer,nominal,16,6.384568501923666,2.162632048579826,True,0.00017387501429766417,1,0.4288763710182363,0.10099089725402724,0.0006066101137049052,3.2094728324754387,2.6663114547396143,0.5258,1.3349439291363954,0.05310101377616753,True,-3.388044942912563,modeled_qpu
placement,12,12,17,qaoa_transfer,stressed,16,6.384568501923666,2.162632048579826,True,0.00017387501429766417,1,0.4288763710182363,0.10099089725402724,0.0006066101137049052,3.2094728324754387,2.6663114547396143,5.1232,1.3349439291363954,0.5173965648118324,True,-3.852340493948228,modeled_qpu
placement,12,12,17,qaoa_transfer,optimistic,64,2.369356167686447,2.162632048579826,True,0.00017387501429766417,1,0.4288763710182363,0.10099089725402724,0.0006066101137049052,3.2094728324754387,2.6663114547396143,0.01314,0.06536458112458908,0.001327020389917918,False,-0.066691601514507,modeled_qpu
placement,12,12,17,qaoa_transfer,nominal,64,2.369356167686447,2.162632048579826,True,0.00017387501429766417,1,0.4288763710182363,0.10099089725402724,0.0006066101137049052,3.2094728324754387,2.6663114547396143,0.5282,0.06536458112458908,0.05334339192957719,True,-2.1187079730541662,modeled_qpu
placement,12,12,17,qaoa_transfer,stressed,64,2.369356167686447,2.162632048579826,True,0.00017387501429766417,1,0.4288763710182363,0.10099089725402724,0.0006066101137049052,3.2094728324754387,2.6663114547396143,5.1328,0.06536458112458908,0.518366077425471,True,-2.58373065855006,modeled_qpu
placement,12,12,17,qaoa_transfer,optimistic,256,3.748947994686473,2.162632048579826,True,0.00017387501429766417,1,0.4288763710182363,0.10099089725402724,0.0006066101137049052,3.2094728324754387,2.6663114547396143,0.01506,0.5015809369347849,0.0015209229126456503,False,-0.5031018598474305,modeled_qpu
placement,12,12,17,qaoa_transfer,nominal,256,3.748947994686473,2.162632048579826,True,0.00017387501429766417,1,0.4288763710182363,0.10099089725402724,0.0006066101137049052,3.2094728324754387,2.6663114547396143,0.5378000000000001,0.5015809369347849,0.054312904543215856,True,-2.555893841478001,modeled_qpu
placement,12,12,17,qaoa_transfer,stressed,256,3.748947994686473,2.162632048579826,True,0.00017387501429766417,1,0.4288763710182363,0.10099089725402724,0.0006066101137049052,3.2094728324754387,2.6663114547396143,5.1712,0.5015809369347849,0.5222441278800256,True,-3.0238250648148104,modeled_qpu
placement,12,12,17,qaoa_transfer,optimistic,1024,2.369356167686447,2.162632048579826,True,0.00017387501429766417,1,0.4288763710182363,0.10099089725402724,0.0006066101137049052,3.2094728324754387,2.6663114547396143,0.022740000000000003,0.06536458112458908,0.00229653300355658,False,-0.06766111412814566,modeled_qpu
placement,12,12,17,qaoa_transfer,nominal,1024,2.369356167686447,2.162632048579826,True,0.00017387501429766417,1,0.4288763710182363,0.10099089725402724,0.0006066101137049052,3.2094728324754387,2.6663114547396143,0.5762,0.06536458112458908,0.0581909549977705,True,-2.1235555361223595,modeled_qpu
placement,12,12,17,qaoa_transfer,stressed,1024,2.369356167686447,2.162632048579826,True,0.00017387501429766417,1,0.4288763710182363,0.10099089725402724,0.0006066101137049052,3.2094728324754387,2.6663114547396143,5.3248,0.06536458112458908,0.5377563296982443,True,-2.6031209108228333,modeled_qpu
placement,12,12,18,qaoa_transfer,optimistic,16,6.98906472251996,1.7787195357227839,True,0.00017266697250306606,1,0.5608670596277712,0.026964120213389467,0.0006705334521733873,3.2094728324754387,2.6663114547396143,0.012660000000000001,1.8750885506125368,0.0003413657619015107,False,-1.8754299163744383,modeled_qpu
placement,12,12,18,qaoa_transfer,nominal,16,6.98906472251996,1.7787195357227839,True,0.00017266697250306606,1,0.5608670596277712,0.026964120213389467,0.0006705334521733873,3.2094728324754387,2.6663114547396143,0.5258,1.8750885506125368,0.014177734408200183,False,-1.889266285020737,modeled_qpu
placement,12,12,18,qaoa_transfer,stressed,16,6.98906472251996,1.7787195357227839,True,0.00017266697250306606,1,0.5608670596277712,0.026964120213389467,0.0006705334521733873,3.2094728324754387,2.6663114547396143,5.1232,1.8750885506125368,0.13814258067723692,True,-4.013231131289773,modeled_qpu
placement,12,12,18,qaoa_transfer,optimistic,64,4.65700018547155,1.7787195357227839,True,0.00017266697250306606,1,0.5608670596277712,0.026964120213389467,0.0006705334521733873,3.2094728324754387,2.6663114547396143,0.01314,1.0358298535516233,0.0003543085396039376,False,-1.036184162091227,modeled_qpu
placement,12,12,18,qaoa_transfer,nominal,64,4.65700018547155,1.7787195357227839,True,0.00017266697250306606,1,0.5608670596277712,0.026964120213389467,0.0006705334521733873,3.2094728324754387,2.6663114547396143,0.5282,1.0358298535516233,0.014242448296712316,False,-1.0500723018483356,modeled_qpu
placement,12,12,18,qaoa_transfer,stressed,64,4.65700018547155,1.7787195357227839,True,0.00017266697250306606,1,0.5608670596277712,0.026964120213389467,0.0006705334521733873,3.2094728324754387,2.6663114547396143,5.1328,1.0358298535516233,0.13840143623128545,True,-3.1742312897829086,modeled_qpu
placement,12,12,18,qaoa_transfer,optimistic,256,3.562552325052674,1.7787195357227839,True,0.00017266697250306606,1,0.5608670596277712,0.026964120213389467,0.0006705334521733873,3.2094728324754387,2.6663114547396143,0.01506,0.6419621578922285,0.00040607965041364536,False,-0.6423682375426422,modeled_qpu
placement,12,12,18,qaoa_transfer,nominal,256,3.562552325052674,1.7787195357227839,True,0.00017266697250306606,1,0.5608670596277712,0.026964120213389467,0.0006705334521733873,3.2094728324754387,2.6663114547396143,0.5378000000000001,0.6419621578922285,0.014501303850760856,False,-0.6564634617429894,modeled_qpu
placement,12,12,18,qaoa_transfer,stressed,256,3.562552325052674,1.7787195357227839,True,0.00017266697250306606,1,0.5608670596277712,0.026964120213389467,0.0006705334521733873,3.2094728324754387,2.6663114547396143,5.1712,0.6419621578922285,0.1394368584474796,True,-2.781399016339708,modeled_qpu
placement,12,12,18,qaoa_transfer,optimistic,1024,3.512762351231146,1.7787195357227839,True,0.00017266697250306606,1,0.5608670596277712,0.026964120213389467,0.0006705334521733873,3.2094728324754387,2.6663114547396143,0.022740000000000003,0.6240438422142928,0.0006131640936524765,False,-0.6246570063079453,modeled_qpu
placement,12,12,18,qaoa_transfer,nominal,1024,3.512762351231146,1.7787195357227839,True,0.00017266697250306606,1,0.5608670596277712,0.026964120213389467,0.0006705334521733873,3.2094728324754387,2.6663114547396143,0.5762,0.6240438422142928,0.015536726066955012,True,-2.639580568281248,modeled_qpu
placement,12,12,18,qaoa_transfer,stressed,1024,3.512762351231146,1.7787195357227839,True,0.00017266697250306606,1,0.5608670596277712,0.026964120213389467,0.0006705334521733873,3.2094728324754387,2.6663114547396143,5.3248,0.6240438422142928,0.14357854731225622,True,-2.767622389526549,modeled_qpu
placement,12,12,19,qaoa_transfer,optimistic,16,20.53061717889102,2.469795030984167,False,0.00016904203221201897,1,0.690819385580416,0.04929648942253754,0.0006184615014540818,3.2094728324754387,2.6663114547396143,0.012660000000000001,5.205155343940911,0.0006240935560893253,False,-10.205779437497,modeled_qpu
placement,12,12,19,qaoa_transfer,nominal,16,20.53061717889102,2.469795030984167,False,0.00016904203221201897,1,0.690819385580416,0.04929648942253754,0.0006184615014540818,3.2094728324754387,2.6663114547396143,0.5258,5.205155343940911,0.02592009413837024,False,-10.231075438079282,modeled_qpu
placement,12,12,19,qaoa_transfer,stressed,16,20.53061717889102,2.469795030984167,False,0.00016904203221201897,1,0.690819385580416,0.04929648942253754,0.0006184615014540818,3.2094728324754387,2.6663114547396143,5.1232,5.205155343940911,0.2525557746095443,True,-12.457711118550455,modeled_qpu
placement,12,12,19,qaoa_transfer,optimistic,64,19.412803404641032,2.469795030984167,False,0.00016904203221201897,1,0.690819385580416,0.04929648942253754,0.0006184615014540818,3.2094728324754387,2.6663114547396143,0.01314,4.882999780206377,0.0006477558710121432,False,-9.883647536077389,modeled_qpu
placement,12,12,19,qaoa_transfer,nominal,64,19.412803404641032,2.469795030984167,False,0.00016904203221201897,1,0.690819385580416,0.04929648942253754,0.0006184615014540818,3.2094728324754387,2.6663114547396143,0.5282,4.882999780206377,0.02603840571298433,False,-9.90903818591936,modeled_qpu
placement,12,12,19,qaoa_transfer,stressed,64,19.412803404641032,2.469795030984167,False,0.00016904203221201897,1,0.690819385580416,0.04929648942253754,0.0006184615014540818,3.2094728324754387,2.6663114547396143,5.1328,4.882999780206377,0.25302902090800067,True,-12.136028801114376,modeled_qpu
placement,12,12,19,qaoa_transfer,optimistic,256,3.3228287281676776,2.469795030984167,True,0.00016904203221201897,1,0.690819385580416,0.04929648942253754,0.0006184615014540818,3.2094728324754387,2.6663114547396143,0.01506,0.2458455584742587,0.0007424051307034153,False,-0.24658796360496213,modeled_qpu
placement,12,12,19,qaoa_transfer,nominal,256,3.3228287281676776,2.469795030984167,True,0.00016904203221201897,1,0.690819385580416,0.04929648942253754,0.0006184615014540818,3.2094728324754387,2.6663114547396143,0.5378000000000001,0.2458455584742587,0.026511652011440692,False,-0.2723572104856994,modeled_qpu
placement,12,12,19,qaoa_transfer,stressed,256,3.3228287281676776,2.469795030984167,True,0.00016904203221201897,1,0.690819385580416,0.04929648942253754,0.0006184615014540818,3.2094728324754387,2.6663114547396143,5.1712,0.2458455584742587,0.2549220061018261,True,-2.5007675645760847,modeled_qpu
placement,12,12,19,qaoa_transfer,optimistic,1024,3.8887264791808813,2.469795030984167,True,0.00016904203221201897,1,0.690819385580416,0.04929648942253754,0.0006184615014540818,3.2094728324754387,2.6663114547396143,0.022740000000000003,0.40893811753319925,0.0011210021694685037,False,-0.41005911970266773,modeled_qpu
placement,12,12,19,qaoa_transfer,nominal,1024,3.8887264791808813,2.469795030984167,True,0.00016904203221201897,1,0.690819385580416,0.04929648942253754,0.0006184615014540818,3.2094728324754387,2.6663114547396143,0.5762,0.40893811753319925,0.02840463720526613,False,-0.4373427547384654,modeled_qpu
placement,12,12,19,qaoa_transfer,stressed,1024,3.8887264791808813,2.469795030984167,True,0.00016904203221201897,1,0.690819385580416,0.04929648942253754,0.0006184615014540818,3.2094728324754387,2.6663114547396143,5.3248,0.40893811753319925,0.26249394687712785,True,-2.671432064410327,modeled_qpu
placement,12,12,20,qaoa_transfer,optimistic,16,4.081178880877679,2.342114382525379,True,0.0001754160039126873,1,0.5630564926912408,0.04143867229014673,0.0007681902594594034,3.2094728324754387,2.6663114547396143,0.012660000000000001,0.5203485875424235,0.0005246135911932576,False,-0.5208732011336168,modeled_qpu
placement,12,12,20,qaoa_transfer,nominal,16,4.081178880877679,2.342114382525379,True,0.0001754160039126873,1,0.5630564926912408,0.04143867229014673,0.0007681902594594034,3.2094728324754387,2.6663114547396143,0.5258,0.5203485875424235,0.02178845389015915,False,-0.5421370414325827,modeled_qpu
placement,12,12,20,qaoa_transfer,stressed,16,4.081178880877679,2.342114382525379,True,0.0001754160039126873,1,0.5630564926912408,0.04143867229014673,0.0007681902594594034,3.2094728324754387,2.6663114547396143,5.1232,0.5203485875424235,0.2122986058768797,True,-2.7326471934193033,modeled_qpu
placement,12,12,20,qaoa_transfer,optimistic,64,2.886459428694768,2.342114382525379,True,0.0001754160039126873,1,0.5630564926912408,0.04143867229014673,0.0007681902594594034,3.2094728324754387,2.6663114547396143,0.01314,0.16287445128017114,0.0005445041538925281,False,-0.16341895543406368,modeled_qpu
placement,12,12,20,qaoa_transfer,nominal,64,2.886459428694768,2.342114382525379,True,0.0001754160039126873,1,0.5630564926912408,0.04143867229014673,0.0007681902594594034,3.2094728324754387,2.6663114547396143,0.5282,0.16287445128017114,0.021887906703655504,False,-0.18476235798382665,modeled_qpu
placement,12,12,20,qaoa_transfer,stressed,64,2.886459428694768,2.342114382525379,True,0.0001754160039126873,1,0.5630564926912408,0.04143867229014673,0.0007681902594594034,3.2094728324754387,2.6663114547396143,5.1328,0.16287445128017114,0.21269641713086512,True,-2.375570868411036,modeled_qpu
placement,12,12,20,qaoa_transfer,optimistic,256,2.515875452110345,2.342114382525379,True,0.0001754160039126873,1,0.5630564926912408,0.04143867229014673,0.0007681902594594034,3.2094728324754387,2.6663114547396143,0.01506,0.05199135927049516,0.0006240664046896098,False,-0.05261542567518477,modeled_qpu
placement,12,12,20,qaoa_transfer,nominal,256,2.515875452110345,2.342114382525379,True,0.0001754160039126873,1,0.5630564926912408,0.04143867229014673,0.0007681902594594034,3.2094728324754387,2.6663114547396143,0.5378000000000001,0.05199135927049516,0.022285717957640915,False,-0.07427707722813608,modeled_qpu
placement,12,12,20,qaoa_transfer,stressed,256,2.515875452110345,2.342114382525379,True,0.0001754160039126873,1,0.5630564926912408,0.04143867229014673,0.0007681902594594034,3.2094728324754387,2.6663114547396143,5.1712,0.05199135927049516,0.21428766214680675,True,-2.266279021417302,modeled_qpu
placement,12,12,20,qaoa_transfer,optimistic,1024,2.342114382525379,2.342114382525379,True,0.0001754160039126873,1,0.5630564926912408,0.04143867229014673,0.0007681902594594034,3.2094728324754387,2.6663114547396143,0.022740000000000003,0.0,0.0009423154078779367,False,-0.0009423154078779367,modeled_qpu
placement,12,12,20,qaoa_transfer,nominal,1024,2.342114382525379,2.342114382525379,True,0.0001754160039126873,1,0.5630564926912408,0.04143867229014673,0.0007681902594594034,3.2094728324754387,2.6663114547396143,0.5762,0.0,0.023876962973582546,True,-2.0238769629735827,modeled_qpu
placement,12,12,20,qaoa_transfer,stressed,1024,2.342114382525379,2.342114382525379,True,0.0001754160039126873,1,0.5630564926912408,0.04143867229014673,0.0007681902594594034,3.2094728324754387,2.6663114547396143,5.3248,0.0,0.2206526422105733,True,-2.2206526422105735,modeled_qpu
placement,12,12,21,qaoa_transfer,optimistic,16,21.4125684755234,2.4071936657738116,False,0.00017066695727407932,1,0.3351959618821833,0.06825324521284461,0.0007416814546203877,3.2094728324754387,2.6663114547396143,0.012660000000000001,5.578014246933996,0.0008640860843946128,False,-10.578878333018391,modeled_qpu
placement,12,12,21,qaoa_transfer,nominal,16,21.4125684755234,2.4071936657738116,False,0.00017066695727407932,1,0.3351959618821833,0.06825324521284461,0.0007416814546203877,3.2094728324754387,2.6663114547396143,0.5258,5.578014246933996,0.0358875563329137,True,-12.61390180326691,modeled_qpu
placement,12,12,21,qaoa_transfer,stressed,16,21.4125684755234,2.4071936657738116,False,0.00017066695727407932,1,0.3351959618821833,0.06825324521284461,0.0007416814546203877,3.2094728324754387,2.6663114547396143,5.1232,5.578014246933996,0.3496750258744455,True,-12.927689272808442,modeled_qpu
placement,12,12,21,qaoa_transfer,optimistic,64,5.377918587401936,2.4071936657738116,True,0.00017066695727407932,1,0.3351959618821833,0.06825324521284461,0.0007416814546203877,3.2094728324754387,2.6663114547396143,0.01314,0.8718978763872056,0.0008968476420967782,False,-0.8727947240293024,modeled_qpu
placement,12,12,21,qaoa_transfer,nominal,64,5.377918587401936,2.4071936657738116,True,0.00017066695727407932,1,0.3351959618821833,0.06825324521284461,0.0007416814546203877,3.2094728324754387,2.6663114547396143,0.5282,0.8718978763872056,0.03605136412142452,True,-2.9079492405086302,modeled_qpu
placement,12,12,21,qaoa_transfer,stressed,64,5.377918587401936,2.4071936657738116,True,0.00017066695727407932,1,0.3351959618821833,0.06825324521284461,0.0007416814546203877,3.2094728324754387,2.6663114547396143,5.1328,0.8718978763872056,0.35033025702848875,True,-3.2222281334156944,modeled_qpu
placement,12,12,21,qaoa_transfer,optimistic,256,4.21651789140488,2.4071936657738116,True,0.00017066695727407932,1,0.3351959618821833,0.06825324521284461,0.0007416814546203877,3.2094728324754387,2.6663114547396143,0.01506,0.5310306378549078,0.0010278938729054398,False,-0.5320585317278133,modeled_qpu
placement,12,12,21,qaoa_transfer,nominal,256,4.21651789140488,2.4071936657738116,True,0.00017066695727407932,1,0.3351959618821833,0.06825324521284461,0.0007416814546203877,3.2094728324754387,2.6663114547396143,0.5378000000000001,0.5310306378549078,0.03670659527546783,True,-2.5677372331303756,modeled_qpu
placement,12,12,21,qaoa_transfer,stressed,256,4.21651789140488,2.4071936657738116,True,0.00017066695727407932,1,0.3351959618821833,0.06825324521284461,0.0007416814546203877,3.2094728324754387,2.6663114547396143,5.1712,0.5310306378549078,0.352951181644662,True,-2.88398181949957,modeled_qpu
placement,12,12,21,qaoa_transfer,optimistic,1024,2.4071936657738116,2.4071936657738116,True,0.00017066695727407932,1,0.3351959618821833,0.06825324521284461,0.0007416814546203877,3.2094728324754387,2.6663114547396143,0.022740000000000003,0.0,0.0015520787961400865,False,-0.0015520787961400865,modeled_qpu
placement,12,12,21,qaoa_transfer,nominal,1024,2.4071936657738116,2.4071936657738116,True,0.00017066695727407932,1,0.3351959618821833,0.06825324521284461,0.0007416814546203877,3.2094728324754387,2.6663114547396143,0.5762,0.0,0.039327519891641065,True,-2.039327519891641,modeled_qpu
placement,12,12,21,qaoa_transfer,stressed,1024,2.4071936657738116,2.4071936657738116,True,0.00017066695727407932,1,0.3351959618821833,0.06825324521284461,0.0007416814546203877,3.2094728324754387,2.6663114547396143,5.3248,0.0,0.36343488010935493,True,-2.363434880109355,modeled_qpu
placement,12,12,22,qaoa_transfer,optimistic,16,23.577067452759227,1.3130171552591334,False,0.00017195905093103647,1,0.3806928722579743,0.08858430208680654,0.0005505941336922434,3.2094728324754387,2.6663114547396143,0.012660000000000001,9.625544820053786,0.001121477264418971,False,-14.626666297318206,modeled_qpu
placement,12,12,22,qaoa_transfer,nominal,16,23.577067452759227,1.3130171552591334,False,0.00017195905093103647,1,0.3806928722579743,0.08858430208680654,0.0005505941336922434,3.2094728324754387,2.6663114547396143,0.5258,9.625544820053786,0.04657762603724288,True,-16.67212244609103,modeled_qpu
placement,12,12,22,qaoa_transfer,stressed,16,23.577067452759227,1.3130171552591334,False,0.00017195905093103647,1,0.3806928722579743,0.08858430208680654,0.0005505941336922434,3.2094728324754387,2.6663114547396143,5.1232,9.625544820053786,0.45383509645112724,True,-17.079379916504912,modeled_qpu
placement,12,12,22,qaoa_transfer,optimistic,64,4.891608399319797,1.3130171552591334,True,0.00017195905093103647,1,0.3806928722579743,0.08858430208680654,0.0005505941336922434,3.2094728324754387,2.6663114547396143,0.01314,1.547152919261312,0.001163997729420638,False,-1.5483169169907327,modeled_qpu
placement,12,12,22,qaoa_transfer,nominal,64,4.891608399319797,1.3130171552591334,True,0.00017195905093103647,1,0.3806928722579743,0.08858430208680654,0.0005505941336922434,3.2094728324754387,2.6663114547396143,0.5282,1.547152919261312,0.04679022836225121,True,-3.5939431476235635,modeled_qpu
placement,12,12,22,qaoa_transfer,stressed,64,4.891608399319797,1.3130171552591334,True,0.00017195905093103647,1,0.3806928722579743,0.08858430208680654,0.0005505941336922434,3.2094728324754387,2.6663114547396143,5.1328,1.547152919261312,0.45468550575116057,True,-4.0018384250124726,modeled_qpu
placement,12,12,22,qaoa_transfer,optimistic,256,3.053106561203549,1.3130171552591334,True,0.00017195905093103647,1,0.3806928722579743,0.08858430208680654,0.0005505941336922434,3.2094728324754387,2.6663114547396143,0.01506,0.7523028534345085,0.0013340795894273064,False,-0.7536369330239359,modeled_qpu
placement,12,12,22,qaoa_transfer,nominal,256,3.053106561203549,1.3130171552591334,True,0.00017195905093103647,1,0.3806928722579743,0.08858430208680654,0.0005505941336922434,3.2094728324754387,2.6663114547396143,0.5378000000000001,0.7523028534345085,0.04764063766228456,True,-2.7999434910967933,modeled_qpu
placement,12,12,22,qaoa_transfer,stressed,256,3.053106561203549,1.3130171552591334,True,0.00017195905093103647,1,0.3806928722579743,0.08858430208680654,0.0005505941336922434,3.2094728324754387,2.6663114547396143,5.1712,0.7523028534345085,0.45808714295129394,True,-3.2103899963858025,modeled_qpu
placement,12,12,22,qaoa_transfer,optimistic,1024,3.0230906937488813,1.3130171552591334,True,0.00017195905093103647,1,0.3806928722579743,0.08858430208680654,0.0005505941336922434,3.2094728324754387,2.6663114547396143,0.022740000000000003,0.739325920952006,0.002014407029453981,False,-0.74134032798146,modeled_qpu
placement,12,12,22,qaoa_transfer,nominal,1024,3.0230906937488813,1.3130171552591334,True,0.00017195905093103647,1,0.3806928722579743,0.08858430208680654,0.0005505941336922434,3.2094728324754387,2.6663114547396143,0.5762,0.739325920952006,0.051042274862417934,True,-2.790368195814424,modeled_qpu
placement,12,12,22,qaoa_transfer,stressed,1024,3.0230906937488813,1.3130171552591334,True,0.00017195905093103647,1,0.3806928722579743,0.08858430208680654,0.0005505941336922434,3.2094728324754387,2.6663114547396143,5.3248,0.739325920952006,0.4716936917518274,True,-3.2110196127038333,modeled_qpu
placement,12,12,23,qaoa_transfer,optimistic,16,35.33095771990746,2.529555448250109,False,0.0001733340322971344,1,0.4047431039080257,0.020632376836973082,0.0007113300368747344,3.2094728324754387,2.6663114547396143,0.012660000000000001,9.293352308126993,0.0002612058907560792,False,-14.29361351401775,modeled_qpu
placement,12,12,23,qaoa_transfer,nominal,16,35.33095771990746,2.529555448250109,False,0.0001733340322971344,1,0.4047431039080257,0.020632376836973082,0.0007113300368747344,3.2094728324754387,2.6663114547396143,0.5258,9.293352308126993,0.010848503740880448,True,-16.304200811867872,modeled_qpu
placement,12,12,23,qaoa_transfer,stressed,16,35.33095771990746,2.529555448250109,False,0.0001733340322971344,1,0.4047431039080257,0.020632376836973082,0.0007113300368747344,3.2094728324754387,2.6663114547396143,5.1232,9.293352308126993,0.10570379301118049,True,-16.39905610113817,modeled_qpu
placement,12,12,23,qaoa_transfer,optimistic,64,4.360240687055637,2.529555448250109,True,0.0001733340322971344,1,0.4047431039080257,0.020632376836973082,0.0007113300368747344,3.2094728324754387,2.6663114547396143,0.01314,0.5186730356405507,0.0002711094316378263,False,-0.5189441450721884,modeled_qpu
placement,12,12,23,qaoa_transfer,nominal,64,4.360240687055637,2.529555448250109,True,0.0001733340322971344,1,0.4047431039080257,0.020632376836973082,0.0007113300368747344,3.2094728324754387,2.6663114547396143,0.5282,0.5186730356405507,0.010898021445289181,True,-2.52957105708584,modeled_qpu
placement,12,12,23,qaoa_transfer,stressed,64,4.360240687055637,2.529555448250109,True,0.0001733340322971344,1,0.4047431039080257,0.020632376836973082,0.0007113300368747344,3.2094728324754387,2.6663114547396143,5.1328,0.5186730356405507,0.10590186382881543,True,-2.624574899469366,modeled_qpu
placement,12,12,23,qaoa_transfer,optimistic,256,4.360240687055637,2.529555448250109,True,0.0001733340322971344,1,0.4047431039080257,0.020632376836973082,0.0007113300368747344,3.2094728324754387,2.6663114547396143,0.01506,0.5186730356405507,0.0003107235951648146,False,-0.5189837592357155,modeled_qpu
placement,12,12,23,qaoa_transfer,nominal,256,4.360240687055637,2.529555448250109,True,0.0001733340322971344,1,0.4047431039080257,0.020632376836973082,0.0007113300368747344,3.2094728324754387,2.6663114547396143,0.5378000000000001,0.5186730356405507,0.011096092262924125,True,-2.529769127903475,modeled_qpu
placement,12,12,23,qaoa_transfer,stressed,256,4.360240687055637,2.529555448250109,True,0.0001733340322971344,1,0.4047431039080257,0.020632376836973082,0.0007113300368747344,3.2094728324754387,2.6663114547396143,5.1712,0.5186730356405507,0.1066941470993552,True,-2.6253671827399057,modeled_qpu
placement,12,12,23,qaoa_transfer,optimistic,1024,2.529555448250109,2.529555448250109,True,0.0001733340322971344,1,0.4047431039080257,0.020632376836973082,0.0007113300368747344,3.2094728324754387,2.6663114547396143,0.022740000000000003,0.0,0.00046918024927276793,False,-0.00046918024927276793,modeled_qpu
placement,12,12,23,qaoa_transfer,nominal,1024,2.529555448250109,2.529555448250109,True,0.0001733340322971344,1,0.4047431039080257,0.020632376836973082,0.0007113300368747344,3.2094728324754387,2.6663114547396143,0.5762,0.0,0.01188837553346389,True,-2.011888375533464,modeled_qpu
placement,12,12,23,qaoa_transfer,stressed,1024,2.529555448250109,2.529555448250109,True,0.0001733340322971344,1,0.4047431039080257,0.020632376836973082,0.0007113300368747344,3.2094728324754387,2.6663114547396143,5.3248,0.0,0.10986328018151426,True,-2.1098632801815143,modeled_qpu
placement,12,12,24,qaoa_transfer,optimistic,16,5.662881134785289,3.1942611268949292,True,0.00017320795450359583,1,0.42996717066719004,0.10078299873397857,0.0006675376601567571,3.2094728324754387,2.6663114547396143,0.012660000000000001,0.5885708908443462,0.0012759127639721689,False,-0.5898468036083184,modeled_qpu
placement,12,12,24,qaoa_transfer,nominal,16,5.662881134785289,3.1942611268949292,True,0.00017320795450359583,1,0.42996717066719004,0.10078299873397857,0.0006675376601567571,3.2094728324754387,2.6663114547396143,0.5258,0.5885708908443462,0.052991700734325936,True,-2.6415625915786722,modeled_qpu
placement,12,12,24,qaoa_transfer,stressed,16,5.662881134785289,3.1942611268949292,True,0.00017320795450359583,1,0.42996717066719004,0.10078299873397857,0.0006675376601567571,3.2094728324754387,2.6663114547396143,5.1232,0.5885708908443462,0.516331459113919,True,-3.104902349958265,modeled_qpu
placement,12,12,24,qaoa_transfer,optimistic,64,3.6454105464664797,3.1942611268949292,True,0.00017320795450359583,1,0.42996717066719004,0.10078299873397857,0.0006675376601567571,3.2094728324754387,2.6663114547396143,0.01314,0.10756350306342102,0.0013242886033644785,False,-0.1088877916667855,modeled_qpu
placement,12,12,24,qaoa_transfer,nominal,64,3.6454105464664797,3.1942611268949292,True,0.00017320795450359583,1,0.42996717066719004,0.10078299873397857,0.0006675376601567571,3.2094728324754387,2.6663114547396143,0.5282,0.10756350306342102,0.05323357993128748,True,-2.1607970829947085,modeled_qpu
placement,12,12,24,qaoa_transfer,stressed,64,3.6454105464664797,3.1942611268949292,True,0.00017320795450359583,1,0.42996717066719004,0.10078299873397857,0.0006675376601567571,3.2094728324754387,2.6663114547396143,5.1328,0.10756350306342102,0.5172989759017652,True,-2.624862478965186,modeled_qpu
placement,12,12,24,qaoa_transfer,optimistic,256,3.1942611268949292,3.1942611268949292,True,0.00017320795450359583,1,0.42996717066719004,0.10078299873397857,0.0006675376601567571,3.2094728324754387,2.6663114547396143,0.01506,0.0,0.0015177919609337173,False,-0.0015177919609337173,modeled_qpu
placement,12,12,24,qaoa_transfer,nominal,256,3.1942611268949292,3.1942611268949292,True,0.00017320795450359583,1,0.42996717066719004,0.10078299873397857,0.0006675376601567571,3.2094728324754387,2.6663114547396143,0.5378000000000001,0.0,0.05420109671913368,True,-2.0542010967191335,modeled_qpu
placement,12,12,24,qaoa_transfer,stressed,256,3.1942611268949292,3.1942611268949292,True,0.00017320795450359583,1,0.42996717066719004,0.10078299873397857,0.0006675376601567571,3.2094728324754387,2.6663114547396143,5.1712,0.0,0.5211690430531499,True,-2.52116904305315,modeled_qpu
placement,12,12,24,qaoa_transfer,optimistic,1024,3.1942611268949292,3.1942611268949292,True,0.00017320795450359583,1,0.42996717066719004,0.10078299873397857,0.0006675376601567571,3.2094728324754387,2.6663114547396143,0.022740000000000003,0.0,0.002291805391210673,False,-0.002291805391210673,modeled_qpu
placement,12,12,24,qaoa_transfer,nominal,1024,3.1942611268949292,3.1942611268949292,True,0.00017320795450359583,1,0.42996717066719004,0.10078299873397857,0.0006675376601567571,3.2094728324754387,2.6663114547396143,0.5762,0.0,0.05807116387051846,True,-2.0580711638705185,modeled_qpu
placement,12,12,24,qaoa_transfer,stressed,1024,3.1942611268949292,3.1942611268949292,True,0.00017320795450359583,1,0.42996717066719004,0.10078299873397857,0.0006675376601567571,3.2094728324754387,2.6663114547396143,5.3248,0.0,0.5366493116586891,True,-2.5366493116586892,modeled_qpu
placement,12,12,25,qaoa_transfer,optimistic,16,35.34460027837662,2.1531180678185367,False,0.00017033296171575785,1,0.6343467186538038,0.11978472494760384,0.0006060790432184452,3.2094728324754387,2.6663114547396143,0.012660000000000001,10.526558630746543,0.0015164746178366647,False,-15.52807510536438,modeled_qpu
placement,12,12,25,qaoa_transfer,nominal,16,35.34460027837662,2.1531180678185367,False,0.00017033296171575785,1,0.6343467186538038,0.11978472494760384,0.0006060790432184452,3.2094728324754387,2.6663114547396143,0.5258,10.526558630746543,0.0629828083774501,False,-15.589541439123993,modeled_qpu
placement,12,12,25,qaoa_transfer,stressed,16,35.34460027837662,2.1531180678185367,False,0.00017033296171575785,1,0.6343467186538038,0.11978472494760384,0.0006060790432184452,3.2094728324754387,2.6663114547396143,5.1232,10.526558630746543,0.613681102851564,True,-18.140239733598108,modeled_qpu
placement,12,12,25,qaoa_transfer,optimistic,64,5.979857110913432,2.1531180678185367,True,0.00017033296171575785,1,0.6343467186538038,0.11978472494760384,0.0006060790432184452,3.2094728324754387,2.6663114547396143,0.01314,1.2136364578768848,0.0015739712858115146,False,-1.2152104291626964,modeled_qpu
placement,12,12,25,qaoa_transfer,nominal,64,5.979857110913432,2.1531180678185367,True,0.00017033296171575785,1,0.6343467186538038,0.11978472494760384,0.0006060790432184452,3.2094728324754387,2.6663114547396143,0.5282,1.2136364578768848,0.06327029171732435,False,-1.2769067495942092,modeled_qpu
placement,12,12,25,qaoa_transfer,stressed,64,5.979857110913432,2.1531180678185367,True,0.00017033296171575785,1,0.6343467186538038,0.11978472494760384,0.0006060790432184452,3.2094728324754387,2.6663114547396143,5.1328,1.2136364578768848,0.6148310362110609,True,-3.8284674940879455,modeled_qpu
placement,12,12,25,qaoa_transfer,optimistic,256,3.3661221181911793,2.1531180678185367,True,0.00017033296171575785,1,0.6343467186538038,0.11978472494760384,0.0006060790432184452,3.2094728324754387,2.6663114547396143,0.01506,0.3846998508406161,0.001803957957710914,False,-0.386503808798327,modeled_qpu
placement,12,12,25,qaoa_transfer,nominal,256,3.3661221181911793,2.1531180678185367,True,0.00017033296171575785,1,0.6343467186538038,0.11978472494760384,0.0006060790432184452,3.2094728324754387,2.6663114547396143,0.5378000000000001,0.3846998508406161,0.06442022507682135,False,-0.4491200759174374,modeled_qpu
placement,12,12,25,qaoa_transfer,stressed,256,3.3661221181911793,2.1531180678185367,True,0.00017033296171575785,1,0.6343467186538038,0.11978472494760384,0.0006060790432184452,3.2094728324754387,2.6663114547396143,5.1712,0.3846998508406161,0.619430769649049,True,-3.004130620489665,modeled_qpu
placement,12,12,25,qaoa_transfer,optimistic,1024,2.5011339861181208,2.1531180678185367,True,0.00017033296171575785,1,0.6343467186538038,0.11978472494760384,0.0006060790432184452,3.2094728324754387,2.6663114547396143,0.022740000000000003,0.1103719907768492,0.0027239046453085116,False,-0.11309589542215771,modeled_qpu
placement,12,12,25,qaoa_transfer,nominal,1024,2.5011339861181208,2.1531180678185367,True,0.00017033296171575785,1,0.6343467186538038,0.11978472494760384,0.0006060790432184452,3.2094728324754387,2.6663114547396143,0.5762,0.1103719907768492,0.06901995851480934,False,-0.17939194929165853,modeled_qpu
placement,12,12,25,qaoa_transfer,stressed,1024,2.5011339861181208,2.1531180678185367,True,0.00017033296171575785,1,0.6343467186538038,0.11978472494760384,0.0006060790432184452,3.2094728324754387,2.6663114547396143,5.3248,0.1103719907768492,0.6378297034010009,True,-2.74820169417785,modeled_qpu
placement,12,12,26,qaoa_transfer,optimistic,16,3.8671510340426156,2.6889742177015155,True,0.000171166961081326,1,0.5876582233963431,0.1078223764703316,0.0005980267060088265,3.2094728324754387,2.6663114547396143,0.012660000000000001,0.31937789391089466,0.0013650312861143983,False,-0.32074292519700903,modeled_qpu
placement,12,12,26,qaoa_transfer,nominal,16,3.8671510340426156,2.6889742177015155,True,0.000171166961081326,1,0.5876582233963431,0.1078223764703316,0.0005980267060088265,3.2094728324754387,2.6663114547396143,0.5258,0.31937789391089466,0.05669300554810036,False,-0.376070899458995,modeled_qpu
placement,12,12,26,qaoa_transfer,stressed,16,3.8671510340426156,2.6889742177015155,True,0.000171166961081326,1,0.5876582233963431,0.1078223764703316,0.0005980267060088265,3.2094728324754387,2.6663114547396143,5.1232,0.31937789391089466,0.5523955991328029,True,-2.8717734930436976,modeled_qpu
placement,12,12,26,qaoa_transfer,optimistic,64,5.883884288348167,2.6889742177015155,True,0.000171166961081326,1,0.5876582233963431,0.1078223764703316,0.0005980267060088265,3.2094728324754387,2.6663114547396143,0.01314,0.8660700460621001,0.0014167860268201574,False,-0.8674868320889203,modeled_qpu
placement,12,12,26,qaoa_transfer,nominal,64,5.883884288348167,2.6889742177015155,True,0.000171166961081326,1,0.5876582233963431,0.1078223764703316,0.0005980267060088265,3.2094728324754387,2.6663114547396143,0.5282,0.8660700460621001,0.056951779251629156,False,-0.9230218253137293,modeled_qpu
placement,12,12,26,qaoa_transfer,stressed,64,5.883884288348167,2.6889742177015155,True,0.000171166961081326,1,0.5876582233963431,0.1078223764703316,0.0005980267060088265,3.2094728324754387,2.6663114547396143,5.1328,0.8660700460621001,0.553430693946918,True,-3.4195007400090183,modeled_qpu
placement,12,12,26,qaoa_transfer,optimistic,256,5.883884288348167,2.6889742177015155,True,0.000171166961081326,1,0.5876582233963431,0.1078223764703316,0.0005980267060088265,3.2094728324754387,2.6663114547396143,0.01506,0.8660700460621001,0.001623804989643194,False,-0.8676938510517433,modeled_qpu
placement,12,12,26,qaoa_transfer,nominal,256,5.883884288348167,2.6889742177015155,True,0.000171166961081326,1,0.5876582233963431,0.1078223764703316,0.0005980267060088265,3.2094728324754387,2.6663114547396143,0.5378000000000001,0.8660700460621001,0.05798687406574434,False,-0.9240569201278445,modeled_qpu
placement,12,12,26,qaoa_transfer,stressed,256,5.883884288348167,2.6889742177015155,True,0.000171166961081326,1,0.5876582233963431,0.1078223764703316,0.0005980267060088265,3.2094728324754387,2.6663114547396143,5.1712,0.8660700460621001,0.5575710732033787,True,-3.4236411192654788,modeled_qpu
placement,12,12,26,qaoa_transfer,optimistic,1024,2.838403058177115,2.6889742177015155,True,0.000171166961081326,1,0.5876582233963431,0.1078223764703316,0.0005980267060088265,3.2094728324754387,2.6663114547396143,0.022740000000000003,0.04050688122420767,0.002451880840935341,False,-0.04295876206514301,modeled_qpu
placement,12,12,26,qaoa_transfer,nominal,1024,2.838403058177115,2.6889742177015155,True,0.000171166961081326,1,0.5876582233963431,0.1078223764703316,0.0005980267060088265,3.2094728324754387,2.6663114547396143,0.5762,0.04050688122420767,0.062127253322205075,False,-0.10263413454641274,modeled_qpu
placement,12,12,26,qaoa_transfer,stressed,1024,2.838403058177115,2.6889742177015155,True,0.000171166961081326,1,0.5876582233963431,0.1078223764703316,0.0005980267060088265,3.2094728324754387,2.6663114547396143,5.3248,0.04050688122420767,0.5741325902292217,True,-2.6146394714534296,modeled_qpu
placement,12,12,27,qaoa_transfer,optimistic,16,17.47295416839957,2.2425617039442267,False,0.00017929193563759327,1,0.5083093386758348,0.06738565704125793,0.0007594261517935146,3.2094728324754387,2.6663114547396143,0.012660000000000001,4.697024715344419,0.0008531024181423255,False,-9.697877817762562,modeled_qpu
placement,12,12,27,qaoa_transfer,nominal,16,17.47295416839957,2.2425617039442267,False,0.00017929193563759327,1,0.5083093386758348,0.06738565704125793,0.0007594261517935146,3.2094728324754387,2.6663114547396143,0.5258,4.697024715344419,0.03543137847229342,True,-11.732456093816712,modeled_qpu
placement,12,12,27,qaoa_transfer,stressed,16,17.47295416839957,2.2425617039442267,False,0.00017929193563759327,1,0.5083093386758348,0.06738565704125793,0.0007594261517935146,3.2094728324754387,2.6663114547396143,5.1232,4.697024715344419,0.3452301981537726,True,-12.042254913498192,modeled_qpu
placement,12,12,27,qaoa_transfer,optimistic,64,4.21516734158946,2.2425617039442267,True,0.00017929193563759327,1,0.5083093386758348,0.06738565704125793,0.0007594261517935146,3.2094728324754387,2.6663114547396143,0.01314,0.6083479106182532,0.0008854475335221292,False,-0.6092333581517754,modeled_qpu
placement,12,12,27,qaoa_transfer,nominal,64,4.21516734158946,2.2425617039442267,True,0.00017929193563759327,1,0.5083093386758348,0.06738565704125793,0.0007594261517935146,3.2094728324754387,2.6663114547396143,0.5282,0.6083479106182532,0.035593104049192435,True,-2.643941014667446,modeled_qpu
placement,12,12,27,qaoa_transfer,stressed,64,4.21516734158946,2.2425617039442267,True,0.00017929193563759327,1,0.5083093386758348,0.06738565704125793,0.0007594261517935146,3.2094728324754387,2.6663114547396143,5.1328,0.6083479106182532,0.34587710046136866,True,-2.9542250110796218,modeled_qpu
placement,12,12,27,qaoa_transfer,optimistic,256,3.0773572893779746,2.2425617039442267,True,0.00017929193563759327,1,0.5083093386758348,0.06738565704125793,0.0007594261517935146,3.2094728324754387,2.6663114547396143,0.01506,0.25744940625749974,0.0010148279950413445,False,-0.25846423425254106,modeled_qpu
placement,12,12,27,qaoa_transfer,nominal,256,3.0773572893779746,2.2425617039442267,True,0.00017929193563759327,1,0.5083093386758348,0.06738565704125793,0.0007594261517935146,3.2094728324754387,2.6663114547396143,0.5378000000000001,0.25744940625749974,0.03624000635678852,True,-2.293689412614288,modeled_qpu
placement,12,12,27,qaoa_transfer,stressed,256,3.0773572893779746,2.2425617039442267,True,0.00017929193563759327,1,0.5083093386758348,0.06738565704125793,0.0007594261517935146,3.2094728324754387,2.6663114547396143,5.1712,0.25744940625749974,0.34846470969175297,True,-2.6059141159492527,modeled_qpu
placement,12,12,27,qaoa_transfer,optimistic,1024,2.2425617039442267,2.2425617039442267,True,0.00017929193563759327,1,0.5083093386758348,0.06738565704125793,0.0007594261517935146,3.2094728324754387,2.6663114547396143,0.022740000000000003,0.0,0.0015323498411182056,False,-0.0015323498411182056,modeled_qpu
placement,12,12,27,qaoa_transfer,nominal,1024,2.2425617039442267,2.2425617039442267,True,0.00017929193563759327,1,0.5083093386758348,0.06738565704125793,0.0007594261517935146,3.2094728324754387,2.6663114547396143,0.5762,0.0,0.03882761558717282,True,-2.0388276155871727,modeled_qpu
placement,12,12,27,qaoa_transfer,stressed,1024,2.2425617039442267,2.2425617039442267,True,0.00017929193563759327,1,0.5083093386758348,0.06738565704125793,0.0007594261517935146,3.2094728324754387,2.6663114547396143,5.3248,0.0,0.3588151466132902,True,-2.3588151466132903,modeled_qpu
placement,12,12,28,qaoa_transfer,optimistic,16,4.85527950939916,1.4848811480070365,True,0.00017083296552300453,1,0.17617382547109106,0.03643129566801519,0.0007617805324202835,3.2094728324754387,2.6663114547396143,0.012660000000000001,1.35636199908205,0.0004612202031570723,False,-1.356823219285207,modeled_qpu
placement,12,12,28,qaoa_transfer,nominal,16,4.85527950939916,1.4848811480070365,True,0.00017083296552300453,1,0.17617382547109106,0.03643129566801519,0.0007617805324202835,3.2094728324754387,2.6663114547396143,0.5258,1.35636199908205,0.01915557526224239,True,-3.3755175743442924,modeled_qpu
placement,12,12,28,qaoa_transfer,stressed,16,4.85527950939916,1.4848811480070365,True,0.00017083296552300453,1,0.17617382547109106,0.03643129566801519,0.0007617805324202835,3.2094728324754387,2.6663114547396143,5.1232,1.35636199908205,0.1866448139663754,True,-3.543006813048425,modeled_qpu
placement,12,12,28,qaoa_transfer,optimistic,64,3.7720629259781813,1.4848811480070365,True,0.00017083296552300453,1,0.17617382547109106,0.03643129566801519,0.0007617805324202835,3.2094728324754387,2.6663114547396143,0.01314,0.9204391042225687,0.0004787072250777196,False,-0.9209178114476464,modeled_qpu
placement,12,12,28,qaoa_transfer,nominal,64,3.7720629259781813,1.4848811480070365,True,0.00017083296552300453,1,0.17617382547109106,0.03643129566801519,0.0007617805324202835,3.2094728324754387,2.6663114547396143,0.5282,0.9204391042225687,0.01924301037184562,True,-2.9396821145944143,modeled_qpu
placement,12,12,28,qaoa_transfer,stressed,64,3.7720629259781813,1.4848811480070365,True,0.00017083296552300453,1,0.17617382547109106,0.03643129566801519,0.0007617805324202835,3.2094728324754387,2.6663114547396143,5.1328,0.9204391042225687,0.18699455440478835,True,-3.107433658627357,modeled_qpu
placement,12,12,28,qaoa_transfer,optimistic,256,3.669001378299357,1.4848811480070365,True,0.00017083296552300453,1,0.17617382547109106,0.03643129566801519,0.0007617805324202835,3.2094728324754387,2.6663114547396143,0.01506,0.8789636607143415,0.0005486553127603088,False,-0.8795123160271018,modeled_qpu
placement,12,12,28,qaoa_transfer,nominal,256,3.669001378299357,1.4848811480070365,True,0.00017083296552300453,1,0.17617382547109106,0.03643129566801519,0.0007617805324202835,3.2094728324754387,2.6663114547396143,0.5378000000000001,0.8789636607143415,0.01959275081025857,True,-2.8985564115246003,modeled_qpu
placement,12,12,28,qaoa_transfer,stressed,256,3.669001378299357,1.4848811480070365,True,0.00017083296552300453,1,0.17617382547109106,0.03643129566801519,0.0007617805324202835,3.2094728324754387,2.6663114547396143,5.1712,0.8789636607143415,0.18839351615844013,True,-3.0673571768727816,modeled_qpu
placement,12,12,28,qaoa_transfer,optimistic,1024,1.4848811480070365,1.4848811480070365,True,0.00017083296552300453,1,0.17617382547109106,0.03643129566801519,0.0007617805324202835,3.2094728324754387,2.6663114547396143,0.022740000000000003,0.0,0.0008284476634906655,False,-0.0008284476634906655,modeled_qpu
placement,12,12,28,qaoa_transfer,nominal,1024,1.4848811480070365,1.4848811480070365,True,0.00017083296552300453,1,0.17617382547109106,0.03643129566801519,0.0007617805324202835,3.2094728324754387,2.6663114547396143,0.5762,0.0,0.02099171256391035,True,-2.0209917125639105,modeled_qpu
placement,12,12,28,qaoa_transfer,stressed,1024,1.4848811480070365,1.4848811480070365,True,0.00017083296552300453,1,0.17617382547109106,0.03643129566801519,0.0007617805324202835,3.2094728324754387,2.6663114547396143,5.3248,0.0,0.19398936317304727,True,-2.1939893631730474,modeled_qpu
placement,12,12,29,qaoa_transfer,optimistic,16,15.938038605938905,2.3014685393434764,False,0.00016979093197733164,1,0.5755535912991923,0.06105387881152585,0.0007217816326865869,3.2094728324754387,2.6663114547396143,0.012660000000000001,4.130455857473405,0.0007729421057539173,False,-9.131228799579159,modeled_qpu
placement,12,12,29,qaoa_transfer,nominal,16,15.938038605938905,2.3014685393434764,False,0.00016979093197733164,1,0.5755535912991923,0.06105387881152585,0.0007217816326865869,3.2094728324754387,2.6663114547396143,0.5258,4.130455857473405,0.032102129479100294,False,-9.162557986952503,modeled_qpu
placement,12,12,29,qaoa_transfer,stressed,16,15.938038605938905,2.3014685393434764,False,0.00016979093197733164,1,0.5755535912991923,0.06105387881152585,0.0007217816326865869,3.2094728324754387,2.6663114547396143,5.1232,4.130455857473405,0.31279123192720926,True,-11.443247089400613,modeled_qpu
placement,12,12,29,qaoa_transfer,optimistic,64,6.093457654266916,2.3014685393434764,True,0.00016979093197733164,1,0.5755535912991923,0.06105387881152585,0.0007217816326865869,3.2094728324754387,2.6663114547396143,0.01314,1.1485764803554686,0.0008022479675834497,False,-1.149378728323052,modeled_qpu
placement,12,12,29,qaoa_transfer,nominal,64,6.093457654266916,2.3014685393434764,True,0.00016979093197733164,1,0.5755535912991923,0.06105387881152585,0.0007217816326865869,3.2094728324754387,2.6663114547396143,0.5282,1.1485764803554686,0.03224865878824795,False,-1.1808251391437166,modeled_qpu
placement,12,12,29,qaoa_transfer,stressed,64,6.093457654266916,2.3014685393434764,True,0.00016979093197733164,1,0.5755535912991923,0.06105387881152585,0.0007217816326865869,3.2094728324754387,2.6663114547396143,5.1328,1.1485764803554686,0.3133773491637999,True,-3.4619538295192687,modeled_qpu
placement,12,12,29,qaoa_transfer,optimistic,256,3.0530044028874337,2.3014685393434764,True,0.00016979093197733164,1,0.5755535912991923,0.06105387881152585,0.0007217816326865869,3.2094728324754387,2.6663114547396143,0.01506,0.2276368393604036,0.0009194714149015794,False,-0.2285563107753052,modeled_qpu
placement,12,12,29,qaoa_transfer,nominal,256,3.0530044028874337,2.3014685393434764,True,0.00016979093197733164,1,0.5755535912991923,0.06105387881152585,0.0007217816326865869,3.2094728324754387,2.6663114547396143,0.5378000000000001,0.2276368393604036,0.032834776024838606,False,-0.2604716153852422,modeled_qpu
placement,12,12,29,qaoa_transfer,stressed,256,3.0530044028874337,2.3014685393434764,True,0.00016979093197733164,1,0.5755535912991923,0.06105387881152585,0.0007217816326865869,3.2094728324754387,2.6663114547396143,5.1712,0.2276368393604036,0.3157218181101625,True,-2.543358657470566,modeled_qpu
placement,12,12,29,qaoa_transfer,optimistic,1024,3.0530044028874337,2.3014685393434764,True,0.00016979093197733164,1,0.5755535912991923,0.06105387881152585,0.0007217816326865869,3.2094728324754387,2.6663114547396143,0.022740000000000003,0.2276368393604036,0.0013883652041740981,False,-0.2290252045645777,modeled_qpu
placement,12,12,29,qaoa_transfer,nominal,1024,3.0530044028874337,2.3014685393434764,True,0.00016979093197733164,1,0.5755535912991923,0.06105387881152585,0.0007217816326865869,3.2094728324754387,2.6663114547396143,0.5762,0.2276368393604036,0.0351792449712012,True,-2.2628160843316047,modeled_qpu
placement,12,12,29,qaoa_transfer,stressed,1024,3.0530044028874337,2.3014685393434764,True,0.00016979093197733164,1,0.5755535912991923,0.06105387881152585,0.0007217816326865869,3.2094728324754387,2.6663114547396143,5.3248,0.2276368393604036,0.32509969389561283,True,-2.5527365332560166,modeled_qpu
routing,6,6,15,qaoa_transfer,optimistic,16,3.6144509945146384,3.6144509945146384,True,2.445909194648266e-05,1,0.6816560166909016,0.1407065474795939,0.04676089303707454,4.089233848038438,2.7266277563662986,0.012660000000000001,0.0,0.001781344891091659,False,-0.001781344891091659,modeled_qpu
routing,6,6,15,qaoa_transfer,nominal,16,3.6144509945146384,3.6144509945146384,True,2.445909194648266e-05,1,0.6816560166909016,0.1407065474795939,0.04676089303707454,4.089233848038438,2.7266277563662986,0.5258,0.0,0.07398350266477048,False,-0.07398350266477048,modeled_qpu
routing,6,6,15,qaoa_transfer,stressed,16,3.6144509945146384,3.6144509945146384,True,2.445909194648266e-05,1,0.6816560166909016,0.1407065474795939,0.04676089303707454,4.089233848038438,2.7266277563662986,5.1232,0.0,0.7208677840474554,True,-2.7208677840474556,modeled_qpu
routing,6,6,15,qaoa_transfer,optimistic,64,3.6144509945146384,3.6144509945146384,True,2.445909194648266e-05,1,0.6816560166909016,0.1407065474795939,0.04676089303707454,4.089233848038438,2.7266277563662986,0.01314,0.0,0.001848884033881864,False,-0.001848884033881864,modeled_qpu
routing,6,6,15,qaoa_transfer,nominal,64,3.6144509945146384,3.6144509945146384,True,2.445909194648266e-05,1,0.6816560166909016,0.1407065474795939,0.04676089303707454,4.089233848038438,2.7266277563662986,0.5282,0.0,0.0743211983787215,False,-0.0743211983787215,modeled_qpu
routing,6,6,15,qaoa_transfer,stressed,64,3.6144509945146384,3.6144509945146384,True,2.445909194648266e-05,1,0.6816560166909016,0.1407065474795939,0.04676089303707454,4.089233848038438,2.7266277563662986,5.1328,0.0,0.7222185669032596,True,-2.7222185669032597,modeled_qpu
routing,6,6,15,qaoa_transfer,optimistic,256,3.6144509945146384,3.6144509945146384,True,2.445909194648266e-05,1,0.6816560166909016,0.1407065474795939,0.04676089303707454,4.089233848038438,2.7266277563662986,0.01506,0.0,0.0021190406050426843,False,-0.0021190406050426843,modeled_qpu
routing,6,6,15,qaoa_transfer,nominal,256,3.6144509945146384,3.6144509945146384,True,2.445909194648266e-05,1,0.6816560166909016,0.1407065474795939,0.04676089303707454,4.089233848038438,2.7266277563662986,0.5378000000000001,0.0,0.0756719812345256,False,-0.0756719812345256,modeled_qpu
routing,6,6,15,qaoa_transfer,stressed,256,3.6144509945146384,3.6144509945146384,True,2.445909194648266e-05,1,0.6816560166909016,0.1407065474795939,0.04676089303707454,4.089233848038438,2.7266277563662986,5.1712,0.0,0.7276216983264759,True,-2.727621698326476,modeled_qpu
routing,6,6,15,qaoa_transfer,optimistic,1024,3.6144509945146384,3.6144509945146384,True,2.445909194648266e-05,1,0.6816560166909016,0.1407065474795939,0.04676089303707454,4.089233848038438,2.7266277563662986,0.022740000000000003,0.0,0.003199666889685966,False,-0.003199666889685966,modeled_qpu
routing,6,6,15,qaoa_transfer,nominal,1024,3.6144509945146384,3.6144509945146384,True,2.445909194648266e-05,1,0.6816560166909016,0.1407065474795939,0.04676089303707454,4.089233848038438,2.7266277563662986,0.5762,0.0,0.08107511265774202,False,-0.08107511265774202,modeled_qpu
routing,6,6,15,qaoa_transfer,stressed,1024,3.6144509945146384,3.6144509945146384,True,2.445909194648266e-05,1,0.6816560166909016,0.1407065474795939,0.04676089303707454,4.089233848038438,2.7266277563662986,5.3248,0.0,0.7492342240193416,True,-2.7492342240193417,modeled_qpu
routing,6,6,16,qaoa_transfer,optimistic,16,4.189820257283095,2.760430191735089,True,2.237502485513687e-05,1,0.9564248738213608,0.12899346102176767,0.04289879014618107,4.089233848038438,2.7266277563662986,0.012660000000000001,0.38011344252304163,0.001633057216535579,False,-0.3817464997395772,modeled_qpu
routing,6,6,16,qaoa_transfer,nominal,16,4.189820257283095,2.760430191735089,True,2.237502485513687e-05,1,0.9564248738213608,0.12899346102176767,0.04289879014618107,4.089233848038438,2.7266277563662986,0.5258,0.38011344252304163,0.06782476180524545,False,-0.44793820432828707,modeled_qpu
routing,6,6,16,qaoa_transfer,stressed,16,4.189820257283095,2.760430191735089,True,2.237502485513687e-05,1,0.9564248738213608,0.12899346102176767,0.04289879014618107,4.089233848038438,2.7266277563662986,5.1232,0.38011344252304163,0.6608592995067201,True,-3.0409727420297616,modeled_qpu
routing,6,6,16,qaoa_transfer,optimistic,64,2.760430191735089,2.760430191735089,True,2.237502485513687e-05,1,0.9564248738213608,0.12899346102176767,0.04289879014618107,4.089233848038438,2.7266277563662986,0.01314,0.0,0.0016949740778260272,False,-0.0016949740778260272,modeled_qpu
routing,6,6,16,qaoa_transfer,nominal,64,2.760430191735089,2.760430191735089,True,2.237502485513687e-05,1,0.9564248738213608,0.12899346102176767,0.04289879014618107,4.089233848038438,2.7266277563662986,0.5282,0.0,0.06813434611169769,False,-0.06813434611169769,modeled_qpu
routing,6,6,16,qaoa_transfer,stressed,64,2.760430191735089,2.760430191735089,True,2.237502485513687e-05,1,0.9564248738213608,0.12899346102176767,0.04289879014618107,4.089233848038438,2.7266277563662986,5.1328,0.0,0.6620976367325291,True,-2.662097636732529,modeled_qpu
routing,6,6,16,qaoa_transfer,optimistic,256,2.760430191735089,2.760430191735089,True,2.237502485513687e-05,1,0.9564248738213608,0.12899346102176767,0.04289879014618107,4.089233848038438,2.7266277563662986,0.01506,0.0,0.0019426415229878212,False,-0.0019426415229878212,modeled_qpu
routing,6,6,16,qaoa_transfer,nominal,256,2.760430191735089,2.760430191735089,True,2.237502485513687e-05,1,0.9564248738213608,0.12899346102176767,0.04289879014618107,4.089233848038438,2.7266277563662986,0.5378000000000001,0.0,0.06937268333750667,False,-0.06937268333750667,modeled_qpu
routing,6,6,16,qaoa_transfer,stressed,256,2.760430191735089,2.760430191735089,True,2.237502485513687e-05,1,0.9564248738213608,0.12899346102176767,0.04289879014618107,4.089233848038438,2.7266277563662986,5.1712,0.0,0.6670509856357649,True,-2.6670509856357647,modeled_qpu
routing,6,6,16,qaoa_transfer,optimistic,1024,2.760430191735089,2.760430191735089,True,2.237502485513687e-05,1,0.9564248738213608,0.12899346102176767,0.04289879014618107,4.089233848038438,2.7266277563662986,0.022740000000000003,0.0,0.0029333113036349974,False,-0.0029333113036349974,modeled_qpu
routing,6,6,16,qaoa_transfer,nominal,1024,2.760430191735089,2.760430191735089,True,2.237502485513687e-05,1,0.9564248738213608,0.12899346102176767,0.04289879014618107,4.089233848038438,2.7266277563662986,0.5762,0.0,0.07432603224074254,False,-0.07432603224074254,modeled_qpu
routing,6,6,16,qaoa_transfer,stressed,1024,2.760430191735089,2.760430191735089,True,2.237502485513687e-05,1,0.9564248738213608,0.12899346102176767,0.04289879014618107,4.089233848038438,2.7266277563662986,5.3248,0.0,0.6868643812487085,True,-2.6868643812487085,modeled_qpu
routing,6,6,17,qaoa_transfer,optimistic,16,2.8289402837211526,2.8167126421120434,True,2.116698306053877e-05,1,0.47824616951905213,0.09396292907808072,0.04868638240629391,4.089233848038438,2.7266277563662986,0.012660000000000001,0.0032037103014238943,0.0011895706821285022,False,-0.004393280983552397,modeled_qpu
routing,6,6,17,qaoa_transfer,nominal,16,2.8289402837211526,2.8167126421120434,True,2.116698306053877e-05,1,0.47824616951905213,0.09396292907808072,0.04868638240629391,4.089233848038438,2.7266277563662986,0.5258,0.0032037103014238943,0.04940570810925485,True,-2.052609418410679,modeled_qpu
routing,6,6,17,qaoa_transfer,stressed,16,2.8289402837211526,2.8167126421120434,True,2.116698306053877e-05,1,0.47824616951905213,0.09396292907808072,0.04868638240629391,4.089233848038438,2.7266277563662986,5.1232,0.0032037103014238943,0.4813908782528231,True,-2.484594588554247,modeled_qpu
routing,6,6,17,qaoa_transfer,optimistic,64,2.8167126421120434,2.8167126421120434,True,2.116698306053877e-05,1,0.47824616951905213,0.09396292907808072,0.04868638240629391,4.089233848038438,2.7266277563662986,0.01314,0.0,0.0012346728880859809,False,-0.0012346728880859809,modeled_qpu
routing,6,6,17,qaoa_transfer,nominal,64,2.8167126421120434,2.8167126421120434,True,2.116698306053877e-05,1,0.47824616951905213,0.09396292907808072,0.04868638240629391,4.089233848038438,2.7266277563662986,0.5282,0.0,0.04963121913904224,True,-2.0496312191390422,modeled_qpu
routing,6,6,17,qaoa_transfer,stressed,64,2.8167126421120434,2.8167126421120434,True,2.116698306053877e-05,1,0.47824616951905213,0.09396292907808072,0.04868638240629391,4.089233848038438,2.7266277563662986,5.1328,0.0,0.4822929223719727,True,-2.4822929223719727,modeled_qpu
routing,6,6,17,qaoa_transfer,optimistic,256,2.8167126421120434,2.8167126421120434,True,2.116698306053877e-05,1,0.47824616951905213,0.09396292907808072,0.04868638240629391,4.089233848038438,2.7266277563662986,0.01506,0.0,0.0014150817119158957,False,-0.0014150817119158957,modeled_qpu
routing,6,6,17,qaoa_transfer,nominal,256,2.8167126421120434,2.8167126421120434,True,2.116698306053877e-05,1,0.47824616951905213,0.09396292907808072,0.04868638240629391,4.089233848038438,2.7266277563662986,0.5378000000000001,0.0,0.05053326325819182,True,-2.050533263258192,modeled_qpu
routing,6,6,17,qaoa_transfer,stressed,256,2.8167126421120434,2.8167126421120434,True,2.116698306053877e-05,1,0.47824616951905213,0.09396292907808072,0.04868638240629391,4.089233848038438,2.7266277563662986,5.1712,0.0,0.485901098848571,True,-2.4859010988485712,modeled_qpu
routing,6,6,17,qaoa_transfer,optimistic,1024,2.8167126421120434,2.8167126421120434,True,2.116698306053877e-05,1,0.47824616951905213,0.09396292907808072,0.04868638240629391,4.089233848038438,2.7266277563662986,0.022740000000000003,0.0,0.002136717007235556,False,-0.002136717007235556,modeled_qpu
routing,6,6,17,qaoa_transfer,nominal,1024,2.8167126421120434,2.8167126421120434,True,2.116698306053877e-05,1,0.47824616951905213,0.09396292907808072,0.04868638240629391,4.089233848038438,2.7266277563662986,0.5762,0.0,0.05414143973479012,True,-2.05414143973479,modeled_qpu
routing,6,6,17,qaoa_transfer,stressed,1024,2.8167126421120434,2.8167126421120434,True,2.116698306053877e-05,1,0.47824616951905213,0.09396292907808072,0.04868638240629391,4.089233848038438,2.7266277563662986,5.3248,0.0,0.5003338047549643,True,-2.5003338047549644,modeled_qpu
routing,6,6,18,qaoa_transfer,optimistic,16,3.1037011702257606,3.1037011702257606,True,2.2041029296815395e-05,1,0.17814565062335355,0.03762739533977025,0.05713842815205987,4.089233848038438,2.7266277563662986,0.012660000000000001,0.0,0.00047636282500149136,False,-0.00047636282500149136,modeled_qpu
routing,6,6,18,qaoa_transfer,nominal,16,3.1037011702257606,3.1037011702257606,True,2.2041029296815395e-05,1,0.17814565062335355,0.03762739533977025,0.05713842815205987,4.089233848038438,2.7266277563662986,0.5258,0.0,0.019784484469651198,True,-2.019784484469651,modeled_qpu
routing,6,6,18,qaoa_transfer,stressed,16,3.1037011702257606,3.1037011702257606,True,2.2041029296815395e-05,1,0.17814565062335355,0.03762739533977025,0.05713842815205987,4.089233848038438,2.7266277563662986,5.1232,0.0,0.19277267180471092,True,-2.192772671804711,modeled_qpu
routing,6,6,18,qaoa_transfer,optimistic,64,3.1037011702257606,3.1037011702257606,True,2.2041029296815395e-05,1,0.17814565062335355,0.03762739533977025,0.05713842815205987,4.089233848038438,2.7266277563662986,0.01314,0.0,0.000494423974764581,False,-0.000494423974764581,modeled_qpu
routing,6,6,18,qaoa_transfer,nominal,64,3.1037011702257606,3.1037011702257606,True,2.2041029296815395e-05,1,0.17814565062335355,0.03762739533977025,0.05713842815205987,4.089233848038438,2.7266277563662986,0.5282,0.0,0.019874790218466644,True,-2.019874790218467,modeled_qpu
routing,6,6,18,qaoa_transfer,stressed,64,3.1037011702257606,3.1037011702257606,True,2.2041029296815395e-05,1,0.17814565062335355,0.03762739533977025,0.05713842815205987,4.089233848038438,2.7266277563662986,5.1328,0.0,0.1931338947999727,True,-2.193133894799973,modeled_qpu
routing,6,6,18,qaoa_transfer,optimistic,256,3.1037011702257606,3.1037011702257606,True,2.2041029296815395e-05,1,0.17814565062335355,0.03762739533977025,0.05713842815205987,4.089233848038438,2.7266277563662986,0.01506,0.0,0.0005666685738169399,False,-0.0005666685738169399,modeled_qpu
routing,6,6,18,qaoa_transfer,nominal,256,3.1037011702257606,3.1037011702257606,True,2.2041029296815395e-05,1,0.17814565062335355,0.03762739533977025,0.05713842815205987,4.089233848038438,2.7266277563662986,0.5378000000000001,0.0,0.020236013213728442,True,-2.0202360132137285,modeled_qpu
routing,6,6,18,qaoa_transfer,stressed,256,3.1037011702257606,3.1037011702257606,True,2.2041029296815395e-05,1,0.17814565062335355,0.03762739533977025,0.05713842815205987,4.089233848038438,2.7266277563662986,5.1712,0.0,0.1945787867810199,True,-2.19457878678102,modeled_qpu
routing,6,6,18,qaoa_transfer,optimistic,1024,3.1037011702257606,3.1037011702257606,True,2.2041029296815395e-05,1,0.17814565062335355,0.03762739533977025,0.05713842815205987,4.089233848038438,2.7266277563662986,0.022740000000000003,0.0,0.0008556469700263756,False,-0.0008556469700263756,modeled_qpu
routing,6,6,18,qaoa_transfer,nominal,1024,3.1037011702257606,3.1037011702257606,True,2.2041029296815395e-05,1,0.17814565062335355,0.03762739533977025,0.05713842815205987,4.089233848038438,2.7266277563662986,0.5762,0.0,0.02168090519477562,True,-2.0216809051947755,modeled_qpu
routing,6,6,18,qaoa_transfer,stressed,1024,3.1037011702257606,3.1037011702257606,True,2.2041029296815395e-05,1,0.17814565062335355,0.03762739533977025,0.05713842815205987,4.089233848038438,2.7266277563662986,5.3248,0.0,0.2003583547052086,True,-2.200358354705209,modeled_qpu
routing,6,6,19,qaoa_transfer,optimistic,16,3.8885405158236646,3.8885405158236646,True,2.5165965780615807e-05,1,0.7063181992733139,0.07266377820779193,0.04172928371509156,4.089233848038438,2.7266277563662986,0.012660000000000001,0.0,0.000919923432110646,False,-0.000919923432110646,modeled_qpu
routing,6,6,19,qaoa_transfer,nominal,16,3.8885405158236646,3.8885405158236646,True,2.5165965780615807e-05,1,0.7063181992733139,0.07266377820779193,0.04172928371509156,4.089233848038438,2.7266277563662986,0.5258,0.0,0.038206614581657,False,-0.038206614581657,modeled_qpu
routing,6,6,19,qaoa_transfer,stressed,16,3.8885405158236646,3.8885405158236646,True,2.5165965780615807e-05,1,0.7063181992733139,0.07266377820779193,0.04172928371509156,4.089233848038438,2.7266277563662986,5.1232,0.0,0.37227106851415964,True,-2.3722710685141597,modeled_qpu
routing,6,6,19,qaoa_transfer,optimistic,64,3.8885405158236646,3.8885405158236646,True,2.5165965780615807e-05,1,0.7063181992733139,0.07266377820779193,0.04172928371509156,4.089233848038438,2.7266277563662986,0.01314,0.0,0.0009548020456503861,False,-0.0009548020456503861,modeled_qpu
routing,6,6,19,qaoa_transfer,nominal,64,3.8885405158236646,3.8885405158236646,True,2.5165965780615807e-05,1,0.7063181992733139,0.07266377820779193,0.04172928371509156,4.089233848038438,2.7266277563662986,0.5282,0.0,0.0383810076493557,False,-0.0383810076493557,modeled_qpu
routing,6,6,19,qaoa_transfer,stressed,64,3.8885405158236646,3.8885405158236646,True,2.5165965780615807e-05,1,0.7063181992733139,0.07266377820779193,0.04172928371509156,4.089233848038438,2.7266277563662986,5.1328,0.0,0.3729686407849544,True,-2.372968640784954,modeled_qpu
routing,6,6,19,qaoa_transfer,optimistic,256,3.8885405158236646,3.8885405158236646,True,2.5165965780615807e-05,1,0.7063181992733139,0.07266377820779193,0.04172928371509156,4.089233848038438,2.7266277563662986,0.01506,0.0,0.0010943164998093466,False,-0.0010943164998093466,modeled_qpu
routing,6,6,19,qaoa_transfer,nominal,256,3.8885405158236646,3.8885405158236646,True,2.5165965780615807e-05,1,0.7063181992733139,0.07266377820779193,0.04172928371509156,4.089233848038438,2.7266277563662986,0.5378000000000001,0.0,0.03907857992015051,False,-0.03907857992015051,modeled_qpu
routing,6,6,19,qaoa_transfer,stressed,256,3.8885405158236646,3.8885405158236646,True,2.5165965780615807e-05,1,0.7063181992733139,0.07266377820779193,0.04172928371509156,4.089233848038438,2.7266277563662986,5.1712,0.0,0.37575892986813364,True,-2.375758929868134,modeled_qpu
routing,6,6,19,qaoa_transfer,optimistic,1024,3.8885405158236646,3.8885405158236646,True,2.5165965780615807e-05,1,0.7063181992733139,0.07266377820779193,0.04172928371509156,4.089233848038438,2.7266277563662986,0.022740000000000003,0.0,0.001652374316445189,False,-0.001652374316445189,modeled_qpu
routing,6,6,19,qaoa_transfer,nominal,1024,3.8885405158236646,3.8885405158236646,True,2.5165965780615807e-05,1,0.7063181992733139,0.07266377820779193,0.04172928371509156,4.089233848038438,2.7266277563662986,0.5762,0.0,0.041868869003329715,False,-0.041868869003329715,modeled_qpu
routing,6,6,19,qaoa_transfer,stressed,1024,3.8885405158236646,3.8885405158236646,True,2.5165965780615807e-05,1,0.7063181992733139,0.07266377820779193,0.04172928371509156,4.089233848038438,2.7266277563662986,5.3248,0.0,0.3869200862008505,True,-2.3869200862008504,modeled_qpu
routing,6,6,20,qaoa_transfer,optimistic,16,3.1893537307036626,3.1893537307036626,True,2.2332998923957348e-05,1,0.3539212814865521,0.03271327878157291,0.0452758841121088,4.089233848038438,2.7266277563662986,0.012660000000000001,0.0,0.0004141501093747131,False,-0.0004141501093747131,modeled_qpu
routing,6,6,20,qaoa_transfer,nominal,16,3.1893537307036626,3.1893537307036626,True,2.2332998923957348e-05,1,0.3539212814865521,0.03271327878157291,0.0452758841121088,4.089233848038438,2.7266277563662986,0.5258,0.0,0.01720064198335104,True,-2.0172006419833513,modeled_qpu
routing,6,6,20,qaoa_transfer,stressed,16,3.1893537307036626,3.1893537307036626,True,2.2332998923957348e-05,1,0.3539212814865521,0.03271327878157291,0.0452758841121088,4.089233848038438,2.7266277563662986,5.1232,0.0,0.16759666985375432,True,-2.1675966698537543,modeled_qpu
routing,6,6,20,qaoa_transfer,optimistic,64,3.1893537307036626,3.1893537307036626,True,2.2332998923957348e-05,1,0.3539212814865521,0.03271327878157291,0.0452758841121088,4.089233848038438,2.7266277563662986,0.01314,0.0,0.00042985248318986804,False,-0.00042985248318986804,modeled_qpu
routing,6,6,20,qaoa_transfer,nominal,64,3.1893537307036626,3.1893537307036626,True,2.2332998923957348e-05,1,0.3539212814865521,0.03271327878157291,0.0452758841121088,4.089233848038438,2.7266277563662986,0.5282,0.0,0.01727915385242681,True,-2.0172791538524266,modeled_qpu
routing,6,6,20,qaoa_transfer,stressed,64,3.1893537307036626,3.1893537307036626,True,2.2332998923957348e-05,1,0.3539212814865521,0.03271327878157291,0.0452758841121088,4.089233848038438,2.7266277563662986,5.1328,0.0,0.1679107173300574,True,-2.1679107173300576,modeled_qpu
routing,6,6,20,qaoa_transfer,optimistic,256,3.1893537307036626,3.1893537307036626,True,2.2332998923957348e-05,1,0.3539212814865521,0.03271327878157291,0.0452758841121088,4.089233848038438,2.7266277563662986,0.01506,0.0,0.000492661978450488,False,-0.000492661978450488,modeled_qpu
routing,6,6,20,qaoa_transfer,nominal,256,3.1893537307036626,3.1893537307036626,True,2.2332998923957348e-05,1,0.3539212814865521,0.03271327878157291,0.0452758841121088,4.089233848038438,2.7266277563662986,0.5378000000000001,0.0,0.01759320132872991,True,-2.01759320132873,modeled_qpu
routing,6,6,20,qaoa_transfer,stressed,256,3.1893537307036626,3.1893537307036626,True,2.2332998923957348e-05,1,0.3539212814865521,0.03271327878157291,0.0452758841121088,4.089233848038438,2.7266277563662986,5.1712,0.0,0.1691669072352698,True,-2.1691669072352697,modeled_qpu
routing,6,6,20,qaoa_transfer,optimistic,1024,3.1893537307036626,3.1893537307036626,True,2.2332998923957348e-05,1,0.3539212814865521,0.03271327878157291,0.0452758841121088,4.089233848038438,2.7266277563662986,0.022740000000000003,0.0,0.0007438999594929681,False,-0.0007438999594929681,modeled_qpu
routing,6,6,20,qaoa_transfer,nominal,1024,3.1893537307036626,3.1893537307036626,True,2.2332998923957348e-05,1,0.3539212814865521,0.03271327878157291,0.0452758841121088,4.089233848038438,2.7266277563662986,0.5762,0.0,0.01884939123394231,True,-2.0188493912339425,modeled_qpu
routing,6,6,20,qaoa_transfer,stressed,1024,3.1893537307036626,3.1893537307036626,True,2.2332998923957348e-05,1,0.3539212814865521,0.03271327878157291,0.0452758841121088,4.089233848038438,2.7266277563662986,5.3248,0.0,0.17419166685611942,True,-2.174191666856119,modeled_qpu
routing,6,6,21,qaoa_transfer,optimistic,16,3.92770300561512,3.92770300561512,True,2.2541964426636696e-05,1,0.4443850923640001,0.1390096160000346,0.04337187960529513,4.089233848038438,2.7266277563662986,0.012660000000000001,0.0,0.0017598617385604384,False,-0.0017598617385604384,modeled_qpu
routing,6,6,21,qaoa_transfer,nominal,16,3.92770300561512,3.92770300561512,True,2.2541964426636696e-05,1,0.4443850923640001,0.1390096160000346,0.04337187960529513,4.089233848038438,2.7266277563662986,0.5258,0.0,0.0730912560928182,True,-2.0730912560928183,modeled_qpu
routing,6,6,21,qaoa_transfer,stressed,16,3.92770300561512,3.92770300561512,True,2.2541964426636696e-05,1,0.4443850923640001,0.1390096160000346,0.04337187960529513,4.089233848038438,2.7266277563662986,5.1232,0.0,0.7121740646913773,True,-2.7121740646913772,modeled_qpu
routing,6,6,21,qaoa_transfer,optimistic,64,3.92770300561512,3.92770300561512,True,2.2541964426636696e-05,1,0.4443850923640001,0.1390096160000346,0.04337187960529513,4.089233848038438,2.7266277563662986,0.01314,0.0,0.001826586354240455,False,-0.001826586354240455,modeled_qpu
routing,6,6,21,qaoa_transfer,nominal,64,3.92770300561512,3.92770300561512,True,2.2541964426636696e-05,1,0.4443850923640001,0.1390096160000346,0.04337187960529513,4.089233848038438,2.7266277563662986,0.5282,0.0,0.07342487917121829,True,-2.073424879171218,modeled_qpu
routing,6,6,21,qaoa_transfer,stressed,64,3.92770300561512,3.92770300561512,True,2.2541964426636696e-05,1,0.4443850923640001,0.1390096160000346,0.04337187960529513,4.089233848038438,2.7266277563662986,5.1328,0.0,0.7135085570049776,True,-2.7135085570049777,modeled_qpu
routing,6,6,21,qaoa_transfer,optimistic,256,3.92770300561512,3.92770300561512,True,2.2541964426636696e-05,1,0.4443850923640001,0.1390096160000346,0.04337187960529513,4.089233848038438,2.7266277563662986,0.01506,0.0,0.0020934848169605214,False,-0.0020934848169605214,modeled_qpu
routing,6,6,21,qaoa_transfer,nominal,256,3.92770300561512,3.92770300561512,True,2.2541964426636696e-05,1,0.4443850923640001,0.1390096160000346,0.04337187960529513,4.089233848038438,2.7266277563662986,0.5378000000000001,0.0,0.07475937148481862,True,-2.0747593714848187,modeled_qpu
routing,6,6,21,qaoa_transfer,stressed,256,3.92770300561512,3.92770300561512,True,2.2541964426636696e-05,1,0.4443850923640001,0.1390096160000346,0.04337187960529513,4.089233848038438,2.7266277563662986,5.1712,0.0,0.718846526259379,True,-2.718846526259379,modeled_qpu
routing,6,6,21,qaoa_transfer,optimistic,1024,3.92770300561512,3.92770300561512,True,2.2541964426636696e-05,1,0.4443850923640001,0.1390096160000346,0.04337187960529513,4.089233848038438,2.7266277563662986,0.022740000000000003,0.0,0.0031610786678407878,False,-0.0031610786678407878,modeled_qpu
routing,6,6,21,qaoa_transfer,nominal,1024,3.92770300561512,3.92770300561512,True,2.2541964426636696e-05,1,0.4443850923640001,0.1390096160000346,0.04337187960529513,4.089233848038438,2.7266277563662986,0.5762,0.0,0.08009734073921995,True,-2.08009734073922,modeled_qpu
routing,6,6,21,qaoa_transfer,stressed,1024,3.92770300561512,3.92770300561512,True,2.2541964426636696e-05,1,0.4443850923640001,0.1390096160000346,0.04337187960529513,4.089233848038438,2.7266277563662986,5.3248,0.0,0.7401984032769843,True,-2.740198403276984,modeled_qpu
routing,6,6,22,qaoa_transfer,optimistic,16,4.478366992389914,3.106189314607587,True,2.1249987185001373e-05,1,0.8282699847655468,0.10074049079920223,0.03645312834974812,4.089233848038438,2.7266277563662986,0.012660000000000001,0.3341730184969468,0.0012753746135179005,False,-0.3354483931104647,modeled_qpu
routing,6,6,22,qaoa_transfer,nominal,16,4.478366992389914,3.106189314607587,True,2.1249987185001373e-05,1,0.8282699847655468,0.10074049079920223,0.03645312834974812,4.089233848038438,2.7266277563662986,0.5258,0.3341730184969468,0.05296935006222054,False,-0.38714236855916734,modeled_qpu
routing,6,6,22,qaoa_transfer,stressed,16,4.478366992389914,3.106189314607587,True,2.1249987185001373e-05,1,0.8282699847655468,0.10074049079920223,0.03645312834974812,4.089233848038438,2.7266277563662986,5.1232,0.3341730184969468,0.5161136824624729,True,-2.85028670095942,modeled_qpu
routing,6,6,22,qaoa_transfer,optimistic,64,3.106189314607587,3.106189314607587,True,2.1249987185001373e-05,1,0.8282699847655468,0.10074049079920223,0.03645312834974812,4.089233848038438,2.7266277563662986,0.01314,0.0,0.0013237300491015175,False,-0.0013237300491015175,modeled_qpu
routing,6,6,22,qaoa_transfer,nominal,64,3.106189314607587,3.106189314607587,True,2.1249987185001373e-05,1,0.8282699847655468,0.10074049079920223,0.03645312834974812,4.089233848038438,2.7266277563662986,0.5282,0.0,0.05321112724013862,False,-0.05321112724013862,modeled_qpu
routing,6,6,22,qaoa_transfer,stressed,64,3.106189314607587,3.106189314607587,True,2.1249987185001373e-05,1,0.8282699847655468,0.10074049079920223,0.03645312834974812,4.089233848038438,2.7266277563662986,5.1328,0.0,0.5170807911741452,True,-2.5170807911741453,modeled_qpu
routing,6,6,22,qaoa_transfer,optimistic,256,3.106189314607587,3.106189314607587,True,2.1249987185001373e-05,1,0.8282699847655468,0.10074049079920223,0.03645312834974812,4.089233848038438,2.7266277563662986,0.01506,0.0,0.0015171517914359858,False,-0.0015171517914359858,modeled_qpu
routing,6,6,22,qaoa_transfer,nominal,256,3.106189314607587,3.106189314607587,True,2.1249987185001373e-05,1,0.8282699847655468,0.10074049079920223,0.03645312834974812,4.089233848038438,2.7266277563662986,0.5378000000000001,0.0,0.05417823595181097,False,-0.05417823595181097,modeled_qpu
routing,6,6,22,qaoa_transfer,stressed,256,3.106189314607587,3.106189314607587,True,2.1249987185001373e-05,1,0.8282699847655468,0.10074049079920223,0.03645312834974812,4.089233848038438,2.7266277563662986,5.1712,0.0,0.5209492260208346,True,-2.520949226020835,modeled_qpu
routing,6,6,22,qaoa_transfer,optimistic,1024,3.106189314607587,3.106189314607587,True,2.1249987185001373e-05,1,0.8282699847655468,0.10074049079920223,0.03645312834974812,4.089233848038438,2.7266277563662986,0.022740000000000003,0.0,0.002290838760773859,False,-0.002290838760773859,modeled_qpu
routing,6,6,22,qaoa_transfer,nominal,1024,3.106189314607587,3.106189314607587,True,2.1249987185001373e-05,1,0.8282699847655468,0.10074049079920223,0.03645312834974812,4.089233848038438,2.7266277563662986,0.5762,0.0,0.05804667079850033,False,-0.05804667079850033,modeled_qpu
routing,6,6,22,qaoa_transfer,stressed,1024,3.106189314607587,3.106189314607587,True,2.1249987185001373e-05,1,0.8282699847655468,0.10074049079920223,0.03645312834974812,4.089233848038438,2.7266277563662986,5.3248,0.0,0.536422965407592,True,-2.536422965407592,modeled_qpu
routing,6,6,23,qaoa_transfer,optimistic,16,3.254243761699889,3.254243761699889,True,2.1209008991718292e-05,1,0.6715183821164851,0.08697626647402258,0.0448148395283922,4.089233848038438,2.7266277563662986,0.012660000000000001,0.0,0.001101119533561126,False,-0.001101119533561126,modeled_qpu
routing,6,6,23,qaoa_transfer,nominal,16,3.254243761699889,3.254243761699889,True,2.1209008991718292e-05,1,0.6715183821164851,0.08697626647402258,0.0448148395283922,4.089233848038438,2.7266277563662986,0.5258,0.0,0.045732120912041076,False,-0.045732120912041076,modeled_qpu
routing,6,6,23,qaoa_transfer,stressed,16,3.254243761699889,3.254243761699889,True,2.1209008991718292e-05,1,0.6715183821164851,0.08697626647402258,0.0448148395283922,4.089233848038438,2.7266277563662986,5.1232,0.0,0.4455968083997125,True,-2.4455968083997126,modeled_qpu
routing,6,6,23,qaoa_transfer,optimistic,64,3.254243761699889,3.254243761699889,True,2.1209008991718292e-05,1,0.6715183821164851,0.08697626647402258,0.0448148395283922,4.089233848038438,2.7266277563662986,0.01314,0.0,0.0011428681414686567,False,-0.0011428681414686567,modeled_qpu
routing,6,6,23,qaoa_transfer,nominal,64,3.254243761699889,3.254243761699889,True,2.1209008991718292e-05,1,0.6715183821164851,0.08697626647402258,0.0448148395283922,4.089233848038438,2.7266277563662986,0.5282,0.0,0.04594086395157873,False,-0.04594086395157873,modeled_qpu
routing,6,6,23,qaoa_transfer,stressed,64,3.254243761699889,3.254243761699889,True,2.1209008991718292e-05,1,0.6715183821164851,0.08697626647402258,0.0448148395283922,4.089233848038438,2.7266277563662986,5.1328,0.0,0.4464317805578631,True,-2.4464317805578633,modeled_qpu
routing,6,6,23,qaoa_transfer,optimistic,256,3.254243761699889,3.254243761699889,True,2.1209008991718292e-05,1,0.6715183821164851,0.08697626647402258,0.0448148395283922,4.089233848038438,2.7266277563662986,0.01506,0.0,0.0013098625730987802,False,-0.0013098625730987802,modeled_qpu
routing,6,6,23,qaoa_transfer,nominal,256,3.254243761699889,3.254243761699889,True,2.1209008991718292e-05,1,0.6715183821164851,0.08697626647402258,0.0448148395283922,4.089233848038438,2.7266277563662986,0.5378000000000001,0.0,0.04677583610972935,False,-0.04677583610972935,modeled_qpu
routing,6,6,23,qaoa_transfer,stressed,256,3.254243761699889,3.254243761699889,True,2.1209008991718292e-05,1,0.6715183821164851,0.08697626647402258,0.0448148395283922,4.089233848038438,2.7266277563662986,5.1712,0.0,0.4497716691904656,True,-2.4497716691904654,modeled_qpu
routing,6,6,23,qaoa_transfer,optimistic,1024,3.254243761699889,3.254243761699889,True,2.1209008991718292e-05,1,0.6715183821164851,0.08697626647402258,0.0448148395283922,4.089233848038438,2.7266277563662986,0.022740000000000003,0.0,0.0019778402996192736,False,-0.0019778402996192736,modeled_qpu
routing,6,6,23,qaoa_transfer,nominal,1024,3.254243761699889,3.254243761699889,True,2.1209008991718292e-05,1,0.6715183821164851,0.08697626647402258,0.0448148395283922,4.089233848038438,2.7266277563662986,0.5762,0.0,0.050115724742331814,False,-0.050115724742331814,modeled_qpu
routing,6,6,23,qaoa_transfer,stressed,1024,3.254243761699889,3.254243761699889,True,2.1209008991718292e-05,1,0.6715183821164851,0.08697626647402258,0.0448148395283922,4.089233848038438,2.7266277563662986,5.3248,0.0,0.4631312237208754,True,-2.4631312237208753,modeled_qpu
routing,6,6,24,qaoa_transfer,optimistic,16,2.3630618469184244,2.3630618469184244,True,2.174999099224806e-05,1,0.8805436243545451,0.14405530329290595,0.051492022851783,4.089233848038438,2.7266277563662986,0.012660000000000001,0.0,0.0018237401396881895,False,-0.0018237401396881895,modeled_qpu
routing,6,6,24,qaoa_transfer,nominal,16,2.3630618469184244,2.3630618469184244,True,2.174999099224806e-05,1,0.8805436243545451,0.14405530329290595,0.051492022851783,4.089233848038438,2.7266277563662986,0.5258,0.0,0.07574427847140995,False,-0.07574427847140995,modeled_qpu
routing,6,6,24,qaoa_transfer,stressed,16,2.3630618469184244,2.3630618469184244,True,2.174999099224806e-05,1,0.8805436243545451,0.14405530329290595,0.051492022851783,4.089233848038438,2.7266277563662986,5.1232,0.0,0.7380241298302157,True,-2.7380241298302157,modeled_qpu
routing,6,6,24,qaoa_transfer,optimistic,64,2.3630618469184244,2.3630618469184244,True,2.174999099224806e-05,1,0.8805436243545451,0.14405530329290595,0.051492022851783,4.089233848038438,2.7266277563662986,0.01314,0.0,0.0018928866852687843,False,-0.0018928866852687843,modeled_qpu
routing,6,6,24,qaoa_transfer,nominal,64,2.3630618469184244,2.3630618469184244,True,2.174999099224806e-05,1,0.8805436243545451,0.14405530329290595,0.051492022851783,4.089233848038438,2.7266277563662986,0.5282,0.0,0.07609001119931293,False,-0.07609001119931293,modeled_qpu
routing,6,6,24,qaoa_transfer,stressed,64,2.3630618469184244,2.3630618469184244,True,2.174999099224806e-05,1,0.8805436243545451,0.14405530329290595,0.051492022851783,4.089233848038438,2.7266277563662986,5.1328,0.0,0.7394070607418276,True,-2.7394070607418275,modeled_qpu
routing,6,6,24,qaoa_transfer,optimistic,256,2.3630618469184244,2.3630618469184244,True,2.174999099224806e-05,1,0.8805436243545451,0.14405530329290595,0.051492022851783,4.089233848038438,2.7266277563662986,0.01506,0.0,0.0021694728675911634,False,-0.0021694728675911634,modeled_qpu
routing,6,6,24,qaoa_transfer,nominal,256,2.3630618469184244,2.3630618469184244,True,2.174999099224806e-05,1,0.8805436243545451,0.14405530329290595,0.051492022851783,4.089233848038438,2.7266277563662986,0.5378000000000001,0.0,0.07747294211092483,False,-0.07747294211092483,modeled_qpu
routing,6,6,24,qaoa_transfer,stressed,256,2.3630618469184244,2.3630618469184244,True,2.174999099224806e-05,1,0.8805436243545451,0.14405530329290595,0.051492022851783,4.089233848038438,2.7266277563662986,5.1712,0.0,0.7449387843882752,True,-2.744938784388275,modeled_qpu
routing,6,6,24,qaoa_transfer,optimistic,1024,2.3630618469184244,2.3630618469184244,True,2.174999099224806e-05,1,0.8805436243545451,0.14405530329290595,0.051492022851783,4.089233848038438,2.7266277563662986,0.022740000000000003,0.0,0.0032758175968806815,False,-0.0032758175968806815,modeled_qpu
routing,6,6,24,qaoa_transfer,nominal,1024,2.3630618469184244,2.3630618469184244,True,2.174999099224806e-05,1,0.8805436243545451,0.14405530329290595,0.051492022851783,4.089233848038438,2.7266277563662986,0.5762,0.0,0.0830046657573724,False,-0.0830046657573724,modeled_qpu
routing,6,6,24,qaoa_transfer,stressed,1024,2.3630618469184244,2.3630618469184244,True,2.174999099224806e-05,1,0.8805436243545451,0.14405530329290595,0.051492022851783,4.089233848038438,2.7266277563662986,5.3248,0.0,0.7670656789740655,True,-2.7670656789740655,modeled_qpu
routing,6,6,25,qaoa_transfer,optimistic,16,3.2933191031826143,3.2933191031826143,True,2.0999927073717117e-05,1,0.9779893378612408,0.04648450635514657,0.04764837282251124,4.089233848038438,2.7266277563662986,0.012660000000000001,0.0,0.0005884938504561556,False,-0.0005884938504561556,modeled_qpu
routing,6,6,25,qaoa_transfer,nominal,16,3.2933191031826143,3.2933191031826143,True,2.0999927073717117e-05,1,0.9779893378612408,0.04648450635514657,0.04764837282251124,4.089233848038438,2.7266277563662986,0.5258,0.0,0.024441553441536066,False,-0.024441553441536066,modeled_qpu
routing,6,6,25,qaoa_transfer,stressed,16,3.2933191031826143,3.2933191031826143,True,2.0999927073717117e-05,1,0.9779893378612408,0.04648450635514657,0.04764837282251124,4.089233848038438,2.7266277563662986,5.1232,0.0,0.23814942295868688,True,-2.2381494229586867,modeled_qpu
routing,6,6,25,qaoa_transfer,optimistic,64,3.2933191031826143,3.2933191031826143,True,2.0999927073717117e-05,1,0.9779893378612408,0.04648450635514657,0.04764837282251124,4.089233848038438,2.7266277563662986,0.01314,0.0,0.000610806413506626,False,-0.000610806413506626,modeled_qpu
routing,6,6,25,qaoa_transfer,nominal,64,3.2933191031826143,3.2933191031826143,True,2.0999927073717117e-05,1,0.9779893378612408,0.04648450635514657,0.04764837282251124,4.089233848038438,2.7266277563662986,0.5282,0.0,0.024553116256788417,False,-0.024553116256788417,modeled_qpu
routing,6,6,25,qaoa_transfer,stressed,64,3.2933191031826143,3.2933191031826143,True,2.0999927073717117e-05,1,0.9779893378612408,0.04648450635514657,0.04764837282251124,4.089233848038438,2.7266277563662986,5.1328,0.0,0.23859567421969627,True,-2.238595674219696,modeled_qpu
routing,6,6,25,qaoa_transfer,optimistic,256,3.2933191031826143,3.2933191031826143,True,2.0999927073717117e-05,1,0.9779893378612408,0.04648450635514657,0.04764837282251124,4.089233848038438,2.7266277563662986,0.01506,0.0,0.0007000566657085073,False,-0.0007000566657085073,modeled_qpu
routing,6,6,25,qaoa_transfer,nominal,256,3.2933191031826143,3.2933191031826143,True,2.0999927073717117e-05,1,0.9779893378612408,0.04648450635514657,0.04764837282251124,4.089233848038438,2.7266277563662986,0.5378000000000001,0.0,0.024999367517797827,False,-0.024999367517797827,modeled_qpu
routing,6,6,25,qaoa_transfer,stressed,256,3.2933191031826143,3.2933191031826143,True,2.0999927073717117e-05,1,0.9779893378612408,0.04648450635514657,0.04764837282251124,4.089233848038438,2.7266277563662986,5.1712,0.0,0.2403806792637339,True,-2.2403806792637337,modeled_qpu
routing,6,6,25,qaoa_transfer,optimistic,1024,3.2933191031826143,3.2933191031826143,True,2.0999927073717117e-05,1,0.9779893378612408,0.04648450635514657,0.04764837282251124,4.089233848038438,2.7266277563662986,0.022740000000000003,0.0,0.001057057674516033,False,-0.001057057674516033,modeled_qpu
routing,6,6,25,qaoa_transfer,nominal,1024,3.2933191031826143,3.2933191031826143,True,2.0999927073717117e-05,1,0.9779893378612408,0.04648450635514657,0.04764837282251124,4.089233848038438,2.7266277563662986,0.5762,0.0,0.026784372561835454,False,-0.026784372561835454,modeled_qpu
routing,6,6,25,qaoa_transfer,stressed,1024,3.2933191031826143,3.2933191031826143,True,2.0999927073717117e-05,1,0.9779893378612408,0.04648450635514657,0.04764837282251124,4.089233848038438,2.7266277563662986,5.3248,0.0,0.24752069943988442,True,-2.2475206994398844,modeled_qpu
routing,6,6,26,qaoa_transfer,optimistic,16,3.800725828543417,3.800725828543417,True,2.1167099475860596e-05,1,0.513558986124065,0.13210337882311202,0.047034118870391564,4.089233848038438,2.7266277563662986,0.012660000000000001,0.0,0.0016724287759005982,False,-0.0016724287759005982,modeled_qpu
routing,6,6,26,qaoa_transfer,nominal,16,3.800725828543417,3.800725828543417,True,2.1167099475860596e-05,1,0.513558986124065,0.13210337882311202,0.047034118870391564,4.089233848038438,2.7266277563662986,0.5258,0.0,0.0694599565851923,True,-2.069459956585192,modeled_qpu
routing,6,6,26,qaoa_transfer,stressed,16,3.800725828543417,3.800725828543417,True,2.1167099475860596e-05,1,0.513558986124065,0.13210337882311202,0.047034118870391564,4.089233848038438,2.7266277563662986,5.1232,0.0,0.6767920303865674,True,-2.6767920303865673,modeled_qpu
routing,6,6,26,qaoa_transfer,optimistic,64,3.800725828543417,3.800725828543417,True,2.1167099475860596e-05,1,0.513558986124065,0.13210337882311202,0.047034118870391564,4.089233848038438,2.7266277563662986,0.01314,0.0,0.001735838397735692,False,-0.001735838397735692,modeled_qpu
routing,6,6,26,qaoa_transfer,nominal,64,3.800725828543417,3.800725828543417,True,2.1167099475860596e-05,1,0.513558986124065,0.13210337882311202,0.047034118870391564,4.089233848038438,2.7266277563662986,0.5282,0.0,0.06977700469436776,True,-2.0697770046943678,modeled_qpu
routing,6,6,26,qaoa_transfer,stressed,64,3.800725828543417,3.800725828543417,True,2.1167099475860596e-05,1,0.513558986124065,0.13210337882311202,0.047034118870391564,4.089233848038438,2.7266277563662986,5.1328,0.0,0.6780602228232693,True,-2.6780602228232695,modeled_qpu
routing,6,6,26,qaoa_transfer,optimistic,256,3.800725828543417,3.800725828543417,True,2.1167099475860596e-05,1,0.513558986124065,0.13210337882311202,0.047034118870391564,4.089233848038438,2.7266277563662986,0.01506,0.0,0.001989476885076067,False,-0.001989476885076067,modeled_qpu
routing,6,6,26,qaoa_transfer,nominal,256,3.800725828543417,3.800725828543417,True,2.1167099475860596e-05,1,0.513558986124065,0.13210337882311202,0.047034118870391564,4.089233848038438,2.7266277563662986,0.5378000000000001,0.0,0.07104519713106965,True,-2.0710451971310695,modeled_qpu
routing,6,6,26,qaoa_transfer,stressed,256,3.800725828543417,3.800725828543417,True,2.1167099475860596e-05,1,0.513558986124065,0.13210337882311202,0.047034118870391564,4.089233848038438,2.7266277563662986,5.1712,0.0,0.6831329925700769,True,-2.683132992570077,modeled_qpu
routing,6,6,26,qaoa_transfer,optimistic,1024,3.800725828543417,3.800725828543417,True,2.1167099475860596e-05,1,0.513558986124065,0.13210337882311202,0.047034118870391564,4.089233848038438,2.7266277563662986,0.022740000000000003,0.0,0.0030040308344375676,False,-0.0030040308344375676,modeled_qpu
routing,6,6,26,qaoa_transfer,nominal,1024,3.800725828543417,3.800725828543417,True,2.1167099475860596e-05,1,0.513558986124065,0.13210337882311202,0.047034118870391564,4.089233848038438,2.7266277563662986,0.5762,0.0,0.07611796687787716,True,-2.0761179668778773,modeled_qpu
routing,6,6,26,qaoa_transfer,stressed,1024,3.800725828543417,3.800725828543417,True,2.1167099475860596e-05,1,0.513558986124065,0.13210337882311202,0.047034118870391564,4.089233848038438,2.7266277563662986,5.3248,0.0,0.7034240715573068,True,-2.703424071557307,modeled_qpu
routing,6,6,27,qaoa_transfer,optimistic,16,3.8988825650866374,3.4268922748593944,True,2.0749983377754688e-05,1,0.9724809654513641,0.08586192108581413,0.04147338580639567,4.089233848038438,2.7266277563662986,0.012660000000000001,0.10661887864489186,0.001087011920946407,False,-0.10770589056583826,modeled_qpu
routing,6,6,27,qaoa_transfer,nominal,16,3.8988825650866374,3.4268922748593944,True,2.0749983377754688e-05,1,0.9724809654513641,0.08586192108581413,0.04147338580639567,4.089233848038438,2.7266277563662986,0.5258,0.10661887864489186,0.045146198106921075,False,-0.15176507675181294,modeled_qpu
routing,6,6,27,qaoa_transfer,stressed,16,3.8988825650866374,3.4268922748593944,True,2.0749983377754688e-05,1,0.9724809654513641,0.08586192108581413,0.04147338580639567,4.089233848038438,2.7266277563662986,5.1232,0.10661887864489186,0.4398877941068429,True,-2.5465066727517347,modeled_qpu
routing,6,6,27,qaoa_transfer,optimistic,64,3.4268922748593944,3.4268922748593944,True,2.0749983377754688e-05,1,0.9724809654513641,0.08586192108581413,0.04147338580639567,4.089233848038438,2.7266277563662986,0.01314,0.0,0.0011282256430675977,False,-0.0011282256430675977,modeled_qpu
routing,6,6,27,qaoa_transfer,nominal,64,3.4268922748593944,3.4268922748593944,True,2.0749983377754688e-05,1,0.9724809654513641,0.08586192108581413,0.04147338580639567,4.089233848038438,2.7266277563662986,0.5282,0.0,0.04535226671752702,False,-0.04535226671752702,modeled_qpu
routing,6,6,27,qaoa_transfer,stressed,64,3.4268922748593944,3.4268922748593944,True,2.0749983377754688e-05,1,0.9724809654513641,0.08586192108581413,0.04147338580639567,4.089233848038438,2.7266277563662986,5.1328,0.0,0.4407120685492667,True,-2.4407120685492667,modeled_qpu
routing,6,6,27,qaoa_transfer,optimistic,256,3.4268922748593944,3.4268922748593944,True,2.0749983377754688e-05,1,0.9724809654513641,0.08586192108581413,0.04147338580639567,4.089233848038438,2.7266277563662986,0.01506,0.0,0.0012930805315523608,False,-0.0012930805315523608,modeled_qpu
routing,6,6,27,qaoa_transfer,nominal,256,3.4268922748593944,3.4268922748593944,True,2.0749983377754688e-05,1,0.9724809654513641,0.08586192108581413,0.04147338580639567,4.089233848038438,2.7266277563662986,0.5378000000000001,0.0,0.046176541159950846,False,-0.046176541159950846,modeled_qpu
routing,6,6,27,qaoa_transfer,stressed,256,3.4268922748593944,3.4268922748593944,True,2.0749983377754688e-05,1,0.9724809654513641,0.08586192108581413,0.04147338580639567,4.089233848038438,2.7266277563662986,5.1712,0.0,0.444009166318962,True,-2.444009166318962,modeled_qpu
routing,6,6,27,qaoa_transfer,optimistic,1024,3.4268922748593944,3.4268922748593944,True,2.0749983377754688e-05,1,0.9724809654513641,0.08586192108581413,0.04147338580639567,4.089233848038438,2.7266277563662986,0.022740000000000003,0.0,0.0019525000854914135,False,-0.0019525000854914135,modeled_qpu
routing,6,6,27,qaoa_transfer,nominal,1024,3.4268922748593944,3.4268922748593944,True,2.0749983377754688e-05,1,0.9724809654513641,0.08586192108581413,0.04147338580639567,4.089233848038438,2.7266277563662986,0.5762,0.0,0.049473638929646103,False,-0.049473638929646103,modeled_qpu
routing,6,6,27,qaoa_transfer,stressed,1024,3.4268922748593944,3.4268922748593944,True,2.0749983377754688e-05,1,0.9724809654513641,0.08586192108581413,0.04147338580639567,4.089233848038438,2.7266277563662986,5.3248,0.0,0.45719755739774304,True,-2.457197557397743,modeled_qpu
routing,6,6,28,qaoa_transfer,optimistic,16,3.053928430780503,3.053928430780503,True,2.062495332211256e-05,1,0.9186483485650638,0.045497075639358404,0.04402873289101593,4.089233848038438,2.7266277563662986,0.012660000000000001,0.0,0.0005759929775942774,False,-0.0005759929775942774,modeled_qpu
routing,6,6,28,qaoa_transfer,nominal,16,3.053928430780503,3.053928430780503,True,2.062495332211256e-05,1,0.9186483485650638,0.045497075639358404,0.04402873289101593,4.089233848038438,2.7266277563662986,0.5258,0.0,0.023922362371174653,False,-0.023922362371174653,modeled_qpu
routing,6,6,28,qaoa_transfer,stressed,16,3.053928430780503,3.053928430780503,True,2.062495332211256e-05,1,0.9186483485650638,0.045497075639358404,0.04402873289101593,4.089233848038438,2.7266277563662986,5.1232,0.0,0.23309061791556096,True,-2.233090617915561,modeled_qpu
routing,6,6,28,qaoa_transfer,optimistic,64,3.053928430780503,3.053928430780503,True,2.062495332211256e-05,1,0.9186483485650638,0.045497075639358404,0.04402873289101593,4.089233848038438,2.7266277563662986,0.01314,0.0,0.0005978315739011695,False,-0.0005978315739011695,modeled_qpu
routing,6,6,28,qaoa_transfer,nominal,64,3.053928430780503,3.053928430780503,True,2.062495332211256e-05,1,0.9186483485650638,0.045497075639358404,0.04402873289101593,4.089233848038438,2.7266277563662986,0.5282,0.0,0.024031555352709108,False,-0.024031555352709108,modeled_qpu
routing,6,6,28,qaoa_transfer,stressed,64,3.053928430780503,3.053928430780503,True,2.062495332211256e-05,1,0.9186483485650638,0.045497075639358404,0.04402873289101593,4.089233848038438,2.7266277563662986,5.1328,0.0,0.2335273898416988,True,-2.233527389841699,modeled_qpu
routing,6,6,28,qaoa_transfer,optimistic,256,3.053928430780503,3.053928430780503,True,2.062495332211256e-05,1,0.9186483485650638,0.045497075639358404,0.04402873289101593,4.089233848038438,2.7266277563662986,0.01506,0.0,0.0006851859591287376,False,-0.0006851859591287376,modeled_qpu
routing,6,6,28,qaoa_transfer,nominal,256,3.053928430780503,3.053928430780503,True,2.062495332211256e-05,1,0.9186483485650638,0.045497075639358404,0.04402873289101593,4.089233848038438,2.7266277563662986,0.5378000000000001,0.0,0.024468327278846954,False,-0.024468327278846954,modeled_qpu
routing,6,6,28,qaoa_transfer,stressed,256,3.053928430780503,3.053928430780503,True,2.062495332211256e-05,1,0.9186483485650638,0.045497075639358404,0.04402873289101593,4.089233848038438,2.7266277563662986,5.1712,0.0,0.23527447754625017,True,-2.23527447754625,modeled_qpu
routing,6,6,28,qaoa_transfer,optimistic,1024,3.053928430780503,3.053928430780503,True,2.062495332211256e-05,1,0.9186483485650638,0.045497075639358404,0.04402873289101593,4.089233848038438,2.7266277563662986,0.022740000000000003,0.0,0.0010346035000390102,False,-0.0010346035000390102,modeled_qpu
routing,6,6,28,qaoa_transfer,nominal,1024,3.053928430780503,3.053928430780503,True,2.062495332211256e-05,1,0.9186483485650638,0.045497075639358404,0.04402873289101593,4.089233848038438,2.7266277563662986,0.5762,0.0,0.026215414983398314,False,-0.026215414983398314,modeled_qpu
routing,6,6,28,qaoa_transfer,stressed,1024,3.053928430780503,3.053928430780503,True,2.062495332211256e-05,1,0.9186483485650638,0.045497075639358404,0.04402873289101593,4.089233848038438,2.7266277563662986,5.3248,0.0,0.24226282836445562,True,-2.2422628283644555,modeled_qpu
routing,6,6,29,qaoa_transfer,optimistic,16,3.699756871852938,3.669190692305266,True,2.887495793402195e-05,1,0.7617128975420185,0.06968220484044703,0.05457700421511858,4.089233848038438,2.7266277563662986,0.012660000000000001,0.006546354938564539,0.0008821767132800595,False,-0.007428531651844599,modeled_qpu
routing,6,6,29,qaoa_transfer,nominal,16,3.699756871852938,3.669190692305266,True,2.887495793402195e-05,1,0.7617128975420185,0.06968220484044703,0.05457700421511858,4.089233848038438,2.7266277563662986,0.5258,0.006546354938564539,0.03663890330510705,False,-0.04318525824367159,modeled_qpu
routing,6,6,29,qaoa_transfer,stressed,16,3.699756871852938,3.669190692305266,True,2.887495793402195e-05,1,0.7617128975420185,0.06968220484044703,0.05457700421511858,4.089233848038438,2.7266277563662986,5.1232,0.006546354938564539,0.3569958718385782,True,-2.3635422267771427,modeled_qpu
routing,6,6,29,qaoa_transfer,optimistic,64,3.669190692305266,3.669190692305266,True,2.887495793402195e-05,1,0.7617128975420185,0.06968220484044703,0.05457700421511858,4.089233848038438,2.7266277563662986,0.01314,0.0,0.000915624171603474,False,-0.000915624171603474,modeled_qpu
routing,6,6,29,qaoa_transfer,nominal,64,3.669190692305266,3.669190692305266,True,2.887495793402195e-05,1,0.7617128975420185,0.06968220484044703,0.05457700421511858,4.089233848038438,2.7266277563662986,0.5282,0.0,0.03680614059672412,False,-0.03680614059672412,modeled_qpu
routing,6,6,29,qaoa_transfer,stressed,64,3.669190692305266,3.669190692305266,True,2.887495793402195e-05,1,0.7617128975420185,0.06968220484044703,0.05457700421511858,4.089233848038438,2.7266277563662986,5.1328,0.0,0.3576648210050465,True,-2.3576648210050464,modeled_qpu
routing,6,6,29,qaoa_transfer,optimistic,256,3.669190692305266,3.669190692305266,True,2.887495793402195e-05,1,0.7617128975420185,0.06968220484044703,0.05457700421511858,4.089233848038438,2.7266277563662986,0.01506,0.0,0.0010494140048971322,False,-0.0010494140048971322,modeled_qpu
routing,6,6,29,qaoa_transfer,nominal,256,3.669190692305266,3.669190692305266,True,2.887495793402195e-05,1,0.7617128975420185,0.06968220484044703,0.05457700421511858,4.089233848038438,2.7266277563662986,0.5378000000000001,0.0,0.037475089763192415,False,-0.037475089763192415,modeled_qpu
routing,6,6,29,qaoa_transfer,stressed,256,3.669190692305266,3.669190692305266,True,2.887495793402195e-05,1,0.7617128975420185,0.06968220484044703,0.05457700421511858,4.089233848038438,2.7266277563662986,5.1712,0.0,0.3603406176709197,True,-2.3603406176709196,modeled_qpu
routing,6,6,29,qaoa_transfer,optimistic,1024,3.669190692305266,3.669190692305266,True,2.887495793402195e-05,1,0.7617128975420185,0.06968220484044703,0.05457700421511858,4.089233848038438,2.7266277563662986,0.022740000000000003,0.0,0.0015845733380717656,False,-0.0015845733380717656,modeled_qpu
routing,6,6,29,qaoa_transfer,nominal,1024,3.669190692305266,3.669190692305266,True,2.887495793402195e-05,1,0.7617128975420185,0.06968220484044703,0.05457700421511858,4.089233848038438,2.7266277563662986,0.5762,0.0,0.04015088642906558,False,-0.04015088642906558,modeled_qpu
routing,6,6,29,qaoa_transfer,stressed,1024,3.669190692305266,3.669190692305266,True,2.887495793402195e-05,1,0.7617128975420185,0.06968220484044703,0.05457700421511858,4.089233848038438,2.7266277563662986,5.3248,0.0,0.3710438043344123,True,-2.371043804334412,modeled_qpu
routing,8,8,15,qaoa_transfer,optimistic,16,3.8405470257889682,3.007370637355062,True,3.5499921068549156e-05,1,0.4572331396447283,0.07305280384173114,0.0040737755305288725,0.16354762819012678,2.670098093072753,0.012660000000000001,0.20791098798483437,0.0009248484966363163,False,-0.2088358364814707,modeled_qpu
routing,8,8,15,qaoa_transfer,nominal,16,3.8405470257889682,3.007370637355062,True,3.5499921068549156e-05,1,0.4572331396447283,0.07305280384173114,0.0040737755305288725,0.16354762819012678,2.670098093072753,0.5258,0.20791098798483437,0.038411164259982235,True,-2.2463221522448165,modeled_qpu
routing,8,8,15,qaoa_transfer,stressed,16,3.8405470257889682,3.007370637355062,True,3.5499921068549156e-05,1,0.4572331396447283,0.07305280384173114,0.0040737755305288725,0.16354762819012678,2.670098093072753,5.1232,0.20791098798483437,0.37426412464195696,True,-2.5821751126267913,modeled_qpu
routing,8,8,15,qaoa_transfer,optimistic,64,3.8405470257889682,3.007370637355062,True,3.5499921068549156e-05,1,0.4572331396447283,0.07305280384173114,0.0040737755305288725,0.16354762819012678,2.670098093072753,0.01314,0.20791098798483437,0.0009599138424803473,False,-0.20887090182731471,modeled_qpu
routing,8,8,15,qaoa_transfer,nominal,64,3.8405470257889682,3.007370637355062,True,3.5499921068549156e-05,1,0.4572331396447283,0.07305280384173114,0.0040737755305288725,0.16354762819012678,2.670098093072753,0.5282,0.20791098798483437,0.03858649098920239,True,-2.2464974789740366,modeled_qpu
routing,8,8,15,qaoa_transfer,stressed,64,3.8405470257889682,3.007370637355062,True,3.5499921068549156e-05,1,0.4572331396447283,0.07305280384173114,0.0040737755305288725,0.16354762819012678,2.670098093072753,5.1328,0.20791098798483437,0.3749654315588376,True,-2.582876419543672,modeled_qpu
routing,8,8,15,qaoa_transfer,optimistic,256,3.007370637355062,3.007370637355062,True,3.5499921068549156e-05,1,0.4572331396447283,0.07305280384173114,0.0040737755305288725,0.16354762819012678,2.670098093072753,0.01506,0.0,0.001100175225856471,False,-0.001100175225856471,modeled_qpu
routing,8,8,15,qaoa_transfer,nominal,256,3.007370637355062,3.007370637355062,True,3.5499921068549156e-05,1,0.4572331396447283,0.07305280384173114,0.0040737755305288725,0.16354762819012678,2.670098093072753,0.5378000000000001,0.0,0.039287797906083013,True,-2.039287797906083,modeled_qpu
routing,8,8,15,qaoa_transfer,stressed,256,3.007370637355062,3.007370637355062,True,3.5499921068549156e-05,1,0.4572331396447283,0.07305280384173114,0.0040737755305288725,0.16354762819012678,2.670098093072753,5.1712,0.0,0.37777065922636005,True,-2.37777065922636,modeled_qpu
routing,8,8,15,qaoa_transfer,optimistic,1024,3.007370637355062,3.007370637355062,True,3.5499921068549156e-05,1,0.4572331396447283,0.07305280384173114,0.0040737755305288725,0.16354762819012678,2.670098093072753,0.022740000000000003,0.0,0.0016612207593609664,False,-0.0016612207593609664,modeled_qpu
routing,8,8,15,qaoa_transfer,nominal,1024,3.007370637355062,3.007370637355062,True,3.5499921068549156e-05,1,0.4572331396447283,0.07305280384173114,0.0040737755305288725,0.16354762819012678,2.670098093072753,0.5762,0.0,0.04209302557360549,True,-2.0420930255736054,modeled_qpu
routing,8,8,15,qaoa_transfer,stressed,1024,3.007370637355062,3.007370637355062,True,3.5499921068549156e-05,1,0.4572331396447283,0.07305280384173114,0.0040737755305288725,0.16354762819012678,2.670098093072753,5.3248,0.0,0.38899156989644995,True,-2.38899156989645,modeled_qpu
routing,8,8,16,qaoa_transfer,optimistic,16,27.34110406152096,3.449095122354789,False,3.341701813042164e-05,1,0.9989413221138362,0.06690000212990312,0.0041105774169254315,0.16354762819012678,2.670098093072753,0.012660000000000001,5.370082743144578,0.0008469540269645735,False,-10.370929697171544,modeled_qpu
routing,8,8,16,qaoa_transfer,nominal,16,27.34110406152096,3.449095122354789,False,3.341701813042164e-05,1,0.9989413221138362,0.06690000212990312,0.0041105774169254315,0.16354762819012678,2.670098093072753,0.5258,5.370082743144578,0.03517602111990306,False,-10.405258764264483,modeled_qpu
routing,8,8,16,qaoa_transfer,stressed,16,27.34110406152096,3.449095122354789,False,3.341701813042164e-05,1,0.9989413221138362,0.06690000212990312,0.0041105774169254315,0.16354762819012678,2.670098093072753,5.1232,5.370082743144578,0.34274209091191965,True,-12.712824834056498,modeled_qpu
routing,8,8,16,qaoa_transfer,optimistic,64,3.449095122354789,3.449095122354789,True,3.341701813042164e-05,1,0.9989413221138362,0.06690000212990312,0.0041105774169254315,0.16354762819012678,2.670098093072753,0.01314,0.0,0.000879066027986927,False,-0.000879066027986927,modeled_qpu
routing,8,8,16,qaoa_transfer,nominal,64,3.449095122354789,3.449095122354789,True,3.341701813042164e-05,1,0.9989413221138362,0.06690000212990312,0.0041105774169254315,0.16354762819012678,2.670098093072753,0.5282,0.0,0.035336581125014824,False,-0.035336581125014824,modeled_qpu
routing,8,8,16,qaoa_transfer,stressed,64,3.449095122354789,3.449095122354789,True,3.341701813042164e-05,1,0.9989413221138362,0.06690000212990312,0.0041105774169254315,0.16354762819012678,2.670098093072753,5.1328,0.0,0.3433843309323667,True,-2.3433843309323668,modeled_qpu
routing,8,8,16,qaoa_transfer,optimistic,256,3.9820812339949176,3.449095122354789,True,3.341701813042164e-05,1,0.9989413221138362,0.06690000212990312,0.0041105774169254315,0.16354762819012678,2.670098093072753,0.01506,0.11979651973771081,0.0010075140320763409,False,-0.12080403376978716,modeled_qpu
routing,8,8,16,qaoa_transfer,nominal,256,3.9820812339949176,3.449095122354789,True,3.341701813042164e-05,1,0.9989413221138362,0.06690000212990312,0.0041105774169254315,0.16354762819012678,2.670098093072753,0.5378000000000001,0.11979651973771081,0.0359788211454619,False,-0.1557753408831727,modeled_qpu
routing,8,8,16,qaoa_transfer,stressed,256,3.9820812339949176,3.449095122354789,True,3.341701813042164e-05,1,0.9989413221138362,0.06690000212990312,0.0041105774169254315,0.16354762819012678,2.670098093072753,5.1712,0.11979651973771081,0.345953291014155,True,-2.465749810751866,modeled_qpu
routing,8,8,16,qaoa_transfer,optimistic,1024,3.449095122354789,3.449095122354789,True,3.341701813042164e-05,1,0.9989413221138362,0.06690000212990312,0.0041105774169254315,0.16354762819012678,2.670098093072753,0.022740000000000003,0.0,0.001521306048433997,False,-0.001521306048433997,modeled_qpu
routing,8,8,16,qaoa_transfer,nominal,1024,3.449095122354789,3.449095122354789,True,3.341701813042164e-05,1,0.9989413221138362,0.06690000212990312,0.0041105774169254315,0.16354762819012678,2.670098093072753,0.5762,0.0,0.03854778122725018,False,-0.03854778122725018,modeled_qpu
routing,8,8,16,qaoa_transfer,stressed,1024,3.449095122354789,3.449095122354789,True,3.341701813042164e-05,1,0.9989413221138362,0.06690000212990312,0.0041105774169254315,0.16354762819012678,2.670098093072753,5.3248,0.0,0.35622913134130807,True,-2.356229131341308,modeled_qpu
routing,8,8,17,qaoa_transfer,optimistic,16,4.893564343502511,2.993047650677492,False,3.1208968721330166e-05,1,0.4003179082764517,0.05213944501443451,0.004136427379067853,0.16354762819012678,2.670098093072753,0.012660000000000001,0.475956427042027,0.000660085373882741,False,-5.47661651241591,modeled_qpu
routing,8,8,17,qaoa_transfer,nominal,16,4.893564343502511,2.993047650677492,False,3.1208968721330166e-05,1,0.4003179082764517,0.05213944501443451,0.004136427379067853,0.16354762819012678,2.670098093072753,0.5258,0.475956427042027,0.027414920188589667,True,-7.503371347230616,modeled_qpu
routing,8,8,17,qaoa_transfer,stressed,16,4.893564343502511,2.993047650677492,False,3.1208968721330166e-05,1,0.4003179082764517,0.05213944501443451,0.004136427379067853,0.16354762819012678,2.670098093072753,5.1232,0.475956427042027,0.26712080469795085,True,-7.743077231739978,modeled_qpu
routing,8,8,17,qaoa_transfer,optimistic,64,4.536742878995344,2.993047650677492,False,3.1208968721330166e-05,1,0.4003179082764517,0.05213944501443451,0.004136427379067853,0.16354762819012678,2.670098093072753,0.01314,0.3865957442446089,0.0006851123074896695,False,-5.387280856552098,modeled_qpu
routing,8,8,17,qaoa_transfer,nominal,64,4.536742878995344,2.993047650677492,False,3.1208968721330166e-05,1,0.4003179082764517,0.05213944501443451,0.004136427379067853,0.16354762819012678,2.670098093072753,0.5282,0.3865957442446089,0.027540054856624308,True,-7.414135799101233,modeled_qpu
routing,8,8,17,qaoa_transfer,stressed,64,4.536742878995344,2.993047650677492,False,3.1208968721330166e-05,1,0.4003179082764517,0.05213944501443451,0.004136427379067853,0.16354762819012678,2.670098093072753,5.1328,0.3865957442446089,0.2676213433700894,True,-7.654217087614699,modeled_qpu
routing,8,8,17,qaoa_transfer,optimistic,256,2.993047650677492,2.993047650677492,True,3.1208968721330166e-05,1,0.4003179082764517,0.05213944501443451,0.004136427379067853,0.16354762819012678,2.670098093072753,0.01506,0.0,0.0007852200419173837,False,-0.0007852200419173837,modeled_qpu
routing,8,8,17,qaoa_transfer,nominal,256,2.993047650677492,2.993047650677492,True,3.1208968721330166e-05,1,0.4003179082764517,0.05213944501443451,0.004136427379067853,0.16354762819012678,2.670098093072753,0.5378000000000001,0.0,0.028040593528762883,True,-2.028040593528763,modeled_qpu
routing,8,8,17,qaoa_transfer,stressed,256,2.993047650677492,2.993047650677492,True,3.1208968721330166e-05,1,0.4003179082764517,0.05213944501443451,0.004136427379067853,0.16354762819012678,2.670098093072753,5.1712,0.0,0.2696234980586437,True,-2.269623498058644,modeled_qpu
routing,8,8,17,qaoa_transfer,optimistic,1024,2.993047650677492,2.993047650677492,True,3.1208968721330166e-05,1,0.4003179082764517,0.05213944501443451,0.004136427379067853,0.16354762819012678,2.670098093072753,0.022740000000000003,0.0,0.0011856509796282408,False,-0.0011856509796282408,modeled_qpu
routing,8,8,17,qaoa_transfer,nominal,1024,2.993047650677492,2.993047650677492,True,3.1208968721330166e-05,1,0.4003179082764517,0.05213944501443451,0.004136427379067853,0.16354762819012678,2.670098093072753,0.5762,0.0,0.030042748217317165,True,-2.0300427482173173,modeled_qpu
routing,8,8,17,qaoa_transfer,stressed,1024,2.993047650677492,2.993047650677492,True,3.1208968721330166e-05,1,0.4003179082764517,0.05213944501443451,0.004136427379067853,0.16354762819012678,2.670098093072753,5.3248,0.0,0.2776321168128609,True,-2.277632116812861,modeled_qpu
routing,8,8,18,qaoa_transfer,optimistic,16,4.838609270461663,3.0177344890049427,True,3.087508957833052e-05,1,0.6345081402594653,0.04463452233724106,0.004142759726120483,0.16354762819012678,2.670098093072753,0.012660000000000001,0.453209336366,0.0005650730527894718,False,-0.4537744094187895,modeled_qpu
routing,8,8,18,qaoa_transfer,nominal,16,4.838609270461663,3.0177344890049427,True,3.087508957833052e-05,1,0.6345081402594653,0.04463452233724106,0.004142759726120483,0.16354762819012678,2.670098093072753,0.5258,0.453209336366,0.02346883184492135,False,-0.47667816821092135,modeled_qpu
routing,8,8,18,qaoa_transfer,stressed,16,4.838609270461663,3.0177344890049427,True,3.087508957833052e-05,1,0.6345081402594653,0.04463452233724106,0.004142759726120483,0.16354762819012678,2.670098093072753,5.1232,0.453209336366,0.22867158483815336,True,-2.6818809212041534,modeled_qpu
routing,8,8,18,qaoa_transfer,optimistic,64,3.364655130276575,3.0177344890049427,True,3.087508957833052e-05,1,0.6345081402594653,0.04463452233724106,0.004142759726120483,0.16354762819012678,2.670098093072753,0.01314,0.08634732887925421,0.0005864976235113475,False,-0.08693382650276556,modeled_qpu
routing,8,8,18,qaoa_transfer,nominal,64,3.364655130276575,3.0177344890049427,True,3.087508957833052e-05,1,0.6345081402594653,0.04463452233724106,0.004142759726120483,0.16354762819012678,2.670098093072753,0.5282,0.08634732887925421,0.023575954698530726,False,-0.10992328357778494,modeled_qpu
routing,8,8,18,qaoa_transfer,stressed,64,3.364655130276575,3.0177344890049427,True,3.087508957833052e-05,1,0.6345081402594653,0.04463452233724106,0.004142759726120483,0.16354762819012678,2.670098093072753,5.1328,0.08634732887925421,0.22910007625259088,True,-2.315447405131845,modeled_qpu
routing,8,8,18,qaoa_transfer,optimistic,256,3.0177344890049427,3.0177344890049427,True,3.087508957833052e-05,1,0.6345081402594653,0.04463452233724106,0.004142759726120483,0.16354762819012678,2.670098093072753,0.01506,0.0,0.0006721959063988504,False,-0.0006721959063988504,modeled_qpu
routing,8,8,18,qaoa_transfer,nominal,256,3.0177344890049427,3.0177344890049427,True,3.087508957833052e-05,1,0.6345081402594653,0.04463452233724106,0.004142759726120483,0.16354762819012678,2.670098093072753,0.5378000000000001,0.0,0.024004446112968245,False,-0.024004446112968245,modeled_qpu
routing,8,8,18,qaoa_transfer,stressed,256,3.0177344890049427,3.0177344890049427,True,3.087508957833052e-05,1,0.6345081402594653,0.04463452233724106,0.004142759726120483,0.16354762819012678,2.670098093072753,5.1712,0.0,0.23081404191034094,True,-2.230814041910341,modeled_qpu
routing,8,8,18,qaoa_transfer,optimistic,1024,3.0177344890049427,3.0177344890049427,True,3.087508957833052e-05,1,0.6345081402594653,0.04463452233724106,0.004142759726120483,0.16354762819012678,2.670098093072753,0.022740000000000003,0.0,0.0010149890379488617,False,-0.0010149890379488617,modeled_qpu
routing,8,8,18,qaoa_transfer,nominal,1024,3.0177344890049427,3.0177344890049427,True,3.087508957833052e-05,1,0.6345081402594653,0.04463452233724106,0.004142759726120483,0.16354762819012678,2.670098093072753,0.5762,0.0,0.025718411770718298,False,-0.025718411770718298,modeled_qpu
routing,8,8,18,qaoa_transfer,stressed,1024,3.0177344890049427,3.0177344890049427,True,3.087508957833052e-05,1,0.6345081402594653,0.04463452233724106,0.004142759726120483,0.16354762819012678,2.670098093072753,5.3248,0.0,0.23766990454134118,True,-2.2376699045413413,modeled_qpu
routing,8,8,19,qaoa_transfer,optimistic,16,5.055236083324982,3.9038912859779344,True,3.087497316300869e-05,1,0.21485057469077948,0.05739045583844878,0.004100248862088595,0.16354762819012678,2.670098093072753,0.012660000000000001,0.2347818763109971,0.0007265631709147617,False,-0.23550843948191186,modeled_qpu
routing,8,8,19,qaoa_transfer,nominal,16,5.055236083324982,3.9038912859779344,True,3.087497316300869e-05,1,0.21485057469077948,0.05739045583844878,0.004100248862088595,0.16354762819012678,2.670098093072753,0.5258,0.2347818763109971,0.030175901679856374,True,-2.2649577779908534,modeled_qpu
routing,8,8,19,qaoa_transfer,stressed,16,5.055236083324982,3.9038912859779344,True,3.087497316300869e-05,1,0.21485057469077948,0.05739045583844878,0.004100248862088595,0.16354762819012678,2.670098093072753,5.1232,0.2347818763109971,0.2940227833515408,True,-2.528804659662538,modeled_qpu
routing,8,8,19,qaoa_transfer,optimistic,64,4.036629326658146,3.9038912859779344,True,3.087497316300869e-05,1,0.21485057469077948,0.05739045583844878,0.004100248862088595,0.16354762819012678,2.670098093072753,0.01314,0.027067900354920134,0.000754110589717217,False,-0.027822010944637352,modeled_qpu
routing,8,8,19,qaoa_transfer,nominal,64,4.036629326658146,3.9038912859779344,True,3.087497316300869e-05,1,0.21485057469077948,0.05739045583844878,0.004100248862088595,0.16354762819012678,2.670098093072753,0.5282,0.027067900354920134,0.030313638773868647,True,-2.0573815391287886,modeled_qpu
routing,8,8,19,qaoa_transfer,stressed,64,4.036629326658146,3.9038912859779344,True,3.087497316300869e-05,1,0.21485057469077948,0.05739045583844878,0.004100248862088595,0.16354762819012678,2.670098093072753,5.1328,0.027067900354920134,0.2945737317275899,True,-2.32164163208251,modeled_qpu
routing,8,8,19,qaoa_transfer,optimistic,256,3.9038912859779344,3.9038912859779344,True,3.087497316300869e-05,1,0.21485057469077948,0.05739045583844878,0.004100248862088595,0.16354762819012678,2.670098093072753,0.01506,0.0,0.0008643002649270387,False,-0.0008643002649270387,modeled_qpu
routing,8,8,19,qaoa_transfer,nominal,256,3.9038912859779344,3.9038912859779344,True,3.087497316300869e-05,1,0.21485057469077948,0.05739045583844878,0.004100248862088595,0.16354762819012678,2.670098093072753,0.5378000000000001,0.0,0.030864587149917758,True,-2.030864587149918,modeled_qpu
routing,8,8,19,qaoa_transfer,stressed,256,3.9038912859779344,3.9038912859779344,True,3.087497316300869e-05,1,0.21485057469077948,0.05739045583844878,0.004100248862088595,0.16354762819012678,2.670098093072753,5.1712,0.0,0.29677752523178635,True,-2.2967775252317866,modeled_qpu
routing,8,8,19,qaoa_transfer,optimistic,1024,3.9038912859779344,3.9038912859779344,True,3.087497316300869e-05,1,0.21485057469077948,0.05739045583844878,0.004100248862088595,0.16354762819012678,2.670098093072753,0.022740000000000003,0.0,0.0013050589657663254,False,-0.0013050589657663254,modeled_qpu
routing,8,8,19,qaoa_transfer,nominal,1024,3.9038912859779344,3.9038912859779344,True,3.087497316300869e-05,1,0.21485057469077948,0.05739045583844878,0.004100248862088595,0.16354762819012678,2.670098093072753,0.5762,0.0,0.03306838065411419,True,-2.033068380654114,modeled_qpu
routing,8,8,19,qaoa_transfer,stressed,1024,3.9038912859779344,3.9038912859779344,True,3.087497316300869e-05,1,0.21485057469077948,0.05739045583844878,0.004100248862088595,0.16354762819012678,2.670098093072753,5.3248,0.0,0.3055926992485721,True,-2.3055926992485722,modeled_qpu
routing,8,8,20,qaoa_transfer,optimistic,16,5.256433690567533,3.1665401616406443,True,3.058300353586674e-05,1,0.4474612381854702,0.12732602759437367,0.004085890461621296,0.16354762819012678,2.670098093072753,0.012660000000000001,0.5015896758100512,0.0016119475093447709,False,-0.503201623319396,modeled_qpu
routing,8,8,20,qaoa_transfer,nominal,16,5.256433690567533,3.1665401616406443,True,3.058300353586674e-05,1,0.4474612381854702,0.12732602759437367,0.004085890461621296,0.16354762819012678,2.670098093072753,0.5258,0.5015896758100512,0.06694802530912168,True,-2.568537701119173,modeled_qpu
routing,8,8,20,qaoa_transfer,stressed,16,5.256433690567533,3.1665401616406443,True,3.058300353586674e-05,1,0.4474612381854702,0.12732602759437367,0.004085890461621296,0.16354762819012678,2.670098093072753,5.1232,0.5015896758100512,0.6523167045714952,True,-3.1539063803815464,modeled_qpu
routing,8,8,20,qaoa_transfer,optimistic,64,5.041150811311384,3.1665401616406443,True,3.058300353586674e-05,1,0.4474612381854702,0.12732602759437367,0.004085890461621296,0.16354762819012678,2.670098093072753,0.01314,0.44992021604145077,0.00167306400259007,False,-0.45159328004404087,modeled_qpu
routing,8,8,20,qaoa_transfer,nominal,64,5.041150811311384,3.1665401616406443,True,3.058300353586674e-05,1,0.4474612381854702,0.12732602759437367,0.004085890461621296,0.16354762819012678,2.670098093072753,0.5282,0.44992021604145077,0.06725360777534817,True,-2.517173823816799,modeled_qpu
routing,8,8,20,qaoa_transfer,stressed,64,5.041150811311384,3.1665401616406443,True,3.058300353586674e-05,1,0.4474612381854702,0.12732602759437367,0.004085890461621296,0.16354762819012678,2.670098093072753,5.1328,0.44992021604145077,0.6535390344364012,True,-3.1034592504778518,modeled_qpu
routing,8,8,20,qaoa_transfer,optimistic,256,3.1665401616406443,3.1665401616406443,True,3.058300353586674e-05,1,0.4474612381854702,0.12732602759437367,0.004085890461621296,0.16354762819012678,2.670098093072753,0.01506,0.0,0.0019175299755712675,False,-0.0019175299755712675,modeled_qpu
routing,8,8,20,qaoa_transfer,nominal,256,3.1665401616406443,3.1665401616406443,True,3.058300353586674e-05,1,0.4474612381854702,0.12732602759437367,0.004085890461621296,0.16354762819012678,2.670098093072753,0.5378000000000001,0.0,0.06847593764025417,True,-2.068475937640254,modeled_qpu
routing,8,8,20,qaoa_transfer,stressed,256,3.1665401616406443,3.1665401616406443,True,3.058300353586674e-05,1,0.4474612381854702,0.12732602759437367,0.004085890461621296,0.16354762819012678,2.670098093072753,5.1712,0.0,0.658428353896025,True,-2.658428353896025,modeled_qpu
routing,8,8,20,qaoa_transfer,optimistic,1024,3.1665401616406443,3.1665401616406443,True,3.058300353586674e-05,1,0.4474612381854702,0.12732602759437367,0.004085890461621296,0.16354762819012678,2.670098093072753,0.022740000000000003,0.0,0.0028953938674960576,False,-0.0028953938674960576,modeled_qpu
routing,8,8,20,qaoa_transfer,nominal,1024,3.1665401616406443,3.1665401616406443,True,3.058300353586674e-05,1,0.4474612381854702,0.12732602759437367,0.004085890461621296,0.16354762819012678,2.670098093072753,0.5762,0.0,0.07336525709987811,True,-2.073365257099878,modeled_qpu
routing,8,8,20,qaoa_transfer,stressed,1024,3.1665401616406443,3.1665401616406443,True,3.058300353586674e-05,1,0.4474612381854702,0.12732602759437367,0.004085890461621296,0.16354762819012678,2.670098093072753,5.3248,0.0,0.6779856317345209,True,-2.6779856317345208,modeled_qpu
routing,8,8,21,qaoa_transfer,optimistic,16,4.127881577800055,2.5960392834733907,True,3.0499999411404133e-05,1,0.633016978039686,0.08364662579021094,0.004058971960731858,0.16354762819012678,2.670098093072753,0.012660000000000001,0.42598041166198497,0.0010589662825040706,False,-0.42703937794448904,modeled_qpu
routing,8,8,21,qaoa_transfer,nominal,16,4.127881577800055,2.5960392834733907,True,3.0499999411404133e-05,1,0.633016978039686,0.08364662579021094,0.004058971960731858,0.16354762819012678,2.670098093072753,0.5258,0.42598041166198497,0.04398139584049292,False,-0.4699618075024779,modeled_qpu
routing,8,8,21,qaoa_transfer,stressed,16,4.127881577800055,2.5960392834733907,True,3.0499999411404133e-05,1,0.633016978039686,0.08364662579021094,0.004058971960731858,0.16354762819012678,2.670098093072753,5.1232,0.42598041166198497,0.42853839324840864,True,-2.8545188049103936,modeled_qpu
routing,8,8,21,qaoa_transfer,optimistic,64,2.5960392834733907,2.5960392834733907,True,3.0499999411404133e-05,1,0.633016978039686,0.08364662579021094,0.004058971960731858,0.16354762819012678,2.670098093072753,0.01314,0.0,0.001099116662883372,False,-0.001099116662883372,modeled_qpu
routing,8,8,21,qaoa_transfer,nominal,64,2.5960392834733907,2.5960392834733907,True,3.0499999411404133e-05,1,0.633016978039686,0.08364662579021094,0.004058971960731858,0.16354762819012678,2.670098093072753,0.5282,0.0,0.04418214774238942,False,-0.04418214774238942,modeled_qpu
routing,8,8,21,qaoa_transfer,stressed,64,2.5960392834733907,2.5960392834733907,True,3.0499999411404133e-05,1,0.633016978039686,0.08364662579021094,0.004058971960731858,0.16354762819012678,2.670098093072753,5.1328,0.0,0.4293414008559947,True,-2.4293414008559946,modeled_qpu
routing,8,8,21,qaoa_transfer,optimistic,256,4.851769301680711,2.5960392834733907,True,3.0499999411404133e-05,1,0.633016978039686,0.08364662579021094,0.004058971960731858,0.16354762819012678,2.670098093072753,0.01506,0.6272818065626149,0.0012597181844005768,False,-0.6285415247470155,modeled_qpu
routing,8,8,21,qaoa_transfer,nominal,256,4.851769301680711,2.5960392834733907,True,3.0499999411404133e-05,1,0.633016978039686,0.08364662579021094,0.004058971960731858,0.16354762819012678,2.670098093072753,0.5378000000000001,0.6272818065626149,0.04498515534997545,False,-0.6722669619125904,modeled_qpu
routing,8,8,21,qaoa_transfer,stressed,256,4.851769301680711,2.5960392834733907,True,3.0499999411404133e-05,1,0.633016978039686,0.08364662579021094,0.004058971960731858,0.16354762819012678,2.670098093072753,5.1712,0.6272818065626149,0.4325534312863388,True,-3.0598352378489535,modeled_qpu
routing,8,8,21,qaoa_transfer,optimistic,1024,2.5960392834733907,2.5960392834733907,True,3.0499999411404133e-05,1,0.633016978039686,0.08364662579021094,0.004058971960731858,0.16354762819012678,2.670098093072753,0.022740000000000003,0.0,0.0019021242704693971,False,-0.0019021242704693971,modeled_qpu
routing,8,8,21,qaoa_transfer,nominal,1024,2.5960392834733907,2.5960392834733907,True,3.0499999411404133e-05,1,0.633016978039686,0.08364662579021094,0.004058971960731858,0.16354762819012678,2.670098093072753,0.5762,0.0,0.04819718578031955,False,-0.04819718578031955,modeled_qpu
routing,8,8,21,qaoa_transfer,stressed,1024,2.5960392834733907,2.5960392834733907,True,3.0499999411404133e-05,1,0.633016978039686,0.08364662579021094,0.004058971960731858,0.16354762819012678,2.670098093072753,5.3248,0.0,0.4454015530077152,True,-2.445401553007715,modeled_qpu
routing,8,8,22,qaoa_transfer,optimistic,16,30.30356970617186,3.7456847968415206,False,3.0458904802799225e-05,1,0.8677254330545906,0.08950203138408026,0.004013649772254545,0.16354762819012678,2.670098093072753,0.012660000000000001,5.59621762638047,0.0011330957173224562,False,-10.597350722097794,modeled_qpu
routing,8,8,22,qaoa_transfer,nominal,16,30.30356970617186,3.7456847968415206,False,3.0458904802799225e-05,1,0.8677254330545906,0.08950203138408026,0.004013649772254545,0.16354762819012678,2.670098093072753,0.5258,5.59621762638047,0.04706016810174941,False,-10.64327779448222,modeled_qpu
routing,8,8,22,qaoa_transfer,stressed,16,30.30356970617186,3.7456847968415206,False,3.0458904802799225e-05,1,0.8677254330545906,0.08950203138408026,0.004013649772254545,0.16354762819012678,2.670098093072753,5.1232,5.59621762638047,0.45853680718691997,True,-13.05475443356739,modeled_qpu
routing,8,8,22,qaoa_transfer,optimistic,64,3.7456847968415206,3.7456847968415206,True,3.0458904802799225e-05,1,0.8677254330545906,0.08950203138408026,0.004013649772254545,0.16354762819012678,2.670098093072753,0.01314,0.0,0.0011760566923868147,False,-0.0011760566923868147,modeled_qpu
routing,8,8,22,qaoa_transfer,nominal,64,3.7456847968415206,3.7456847968415206,True,3.0458904802799225e-05,1,0.8677254330545906,0.08950203138408026,0.004013649772254545,0.16354762819012678,2.670098093072753,0.5282,0.0,0.04727497297707119,False,-0.04727497297707119,modeled_qpu
routing,8,8,22,qaoa_transfer,stressed,64,3.7456847968415206,3.7456847968415206,True,3.0458904802799225e-05,1,0.8677254330545906,0.08950203138408026,0.004013649772254545,0.16354762819012678,2.670098093072753,5.1328,0.0,0.4593960266882071,True,-2.459396026688207,modeled_qpu
routing,8,8,22,qaoa_transfer,optimistic,256,3.7456847968415206,3.7456847968415206,True,3.0458904802799225e-05,1,0.8677254330545906,0.08950203138408026,0.004013649772254545,0.16354762819012678,2.670098093072753,0.01506,0.0,0.0013479005926442487,False,-0.0013479005926442487,modeled_qpu
routing,8,8,22,qaoa_transfer,nominal,256,3.7456847968415206,3.7456847968415206,True,3.0458904802799225e-05,1,0.8677254330545906,0.08950203138408026,0.004013649772254545,0.16354762819012678,2.670098093072753,0.5378000000000001,0.0,0.04813419247835837,False,-0.04813419247835837,modeled_qpu
routing,8,8,22,qaoa_transfer,stressed,256,3.7456847968415206,3.7456847968415206,True,3.0458904802799225e-05,1,0.8677254330545906,0.08950203138408026,0.004013649772254545,0.16354762819012678,2.670098093072753,5.1712,0.0,0.46283290469335586,True,-2.462832904693356,modeled_qpu
routing,8,8,22,qaoa_transfer,optimistic,1024,3.7456847968415206,3.7456847968415206,True,3.0458904802799225e-05,1,0.8677254330545906,0.08950203138408026,0.004013649772254545,0.16354762819012678,2.670098093072753,0.022740000000000003,0.0,0.0020352761936739856,False,-0.0020352761936739856,modeled_qpu
routing,8,8,22,qaoa_transfer,nominal,1024,3.7456847968415206,3.7456847968415206,True,3.0458904802799225e-05,1,0.8677254330545906,0.08950203138408026,0.004013649772254545,0.16354762819012678,2.670098093072753,0.5762,0.0,0.05157107048350705,False,-0.05157107048350705,modeled_qpu
routing,8,8,22,qaoa_transfer,stressed,1024,3.7456847968415206,3.7456847968415206,True,3.0458904802799225e-05,1,0.8677254330545906,0.08950203138408026,0.004013649772254545,0.16354762819012678,2.670098093072753,5.3248,0.0,0.47658041671395057,True,-2.4765804167139507,modeled_qpu
routing,8,8,23,qaoa_transfer,optimistic,16,24.745875951430023,3.4770946878230173,False,3.108300734311342e-05,1,0.3990085069164167,0.0821957292656863,0.004148776950862275,0.16354762819012678,2.670098093072753,0.012660000000000001,4.750576600815411,0.0010405979325035888,False,-9.751617198747914,modeled_qpu
routing,8,8,23,qaoa_transfer,nominal,16,24.745875951430023,3.4770946878230173,False,3.108300734311342e-05,1,0.3990085069164167,0.0821957292656863,0.004148776950862275,0.16354762819012678,2.670098093072753,0.5258,4.750576600815411,0.043218514447897864,True,-11.793795115263308,modeled_qpu
routing,8,8,23,qaoa_transfer,stressed,16,24.745875951430023,3.4770946878230173,False,3.108300734311342e-05,1,0.3990085069164167,0.0821957292656863,0.004148776950862275,0.16354762819012678,2.670098093072753,5.1232,4.750576600815411,0.42110516017396404,True,-12.171681760989374,modeled_qpu
routing,8,8,23,qaoa_transfer,optimistic,64,3.4770946878230173,3.4770946878230173,True,3.108300734311342e-05,1,0.3990085069164167,0.0821957292656863,0.004148776950862275,0.16354762819012678,2.670098093072753,0.01314,0.0,0.001080051882551118,False,-0.001080051882551118,modeled_qpu
routing,8,8,23,qaoa_transfer,nominal,64,3.4770946878230173,3.4770946878230173,True,3.108300734311342e-05,1,0.3990085069164167,0.0821957292656863,0.004148776950862275,0.16354762819012678,2.670098093072753,0.5282,0.0,0.04341578419813551,True,-2.0434157841981353,modeled_qpu
routing,8,8,23,qaoa_transfer,stressed,64,3.4770946878230173,3.4770946878230173,True,3.108300734311342e-05,1,0.3990085069164167,0.0821957292656863,0.004148776950862275,0.16354762819012678,2.670098093072753,5.1328,0.0,0.4218942391749146,True,-2.4218942391749145,modeled_qpu
routing,8,8,23,qaoa_transfer,optimistic,256,3.4770946878230173,3.4770946878230173,True,3.108300734311342e-05,1,0.3990085069164167,0.0821957292656863,0.004148776950862275,0.16354762819012678,2.670098093072753,0.01506,0.0,0.0012378676827412356,False,-0.0012378676827412356,modeled_qpu
routing,8,8,23,qaoa_transfer,nominal,256,3.4770946878230173,3.4770946878230173,True,3.108300734311342e-05,1,0.3990085069164167,0.0821957292656863,0.004148776950862275,0.16354762819012678,2.670098093072753,0.5378000000000001,0.0,0.0442048631990861,True,-2.044204863199086,modeled_qpu
routing,8,8,23,qaoa_transfer,stressed,256,3.4770946878230173,3.4770946878230173,True,3.108300734311342e-05,1,0.3990085069164167,0.0821957292656863,0.004148776950862275,0.16354762819012678,2.670098093072753,5.1712,0.0,0.425050555178717,True,-2.425050555178717,modeled_qpu
routing,8,8,23,qaoa_transfer,optimistic,1024,3.4770946878230173,3.4770946878230173,True,3.108300734311342e-05,1,0.3990085069164167,0.0821957292656863,0.004148776950862275,0.16354762819012678,2.670098093072753,0.022740000000000003,0.0,0.0018691308835017068,False,-0.0018691308835017068,modeled_qpu
routing,8,8,23,qaoa_transfer,nominal,1024,3.4770946878230173,3.4770946878230173,True,3.108300734311342e-05,1,0.3990085069164167,0.0821957292656863,0.004148776950862275,0.16354762819012678,2.670098093072753,0.5762,0.0,0.04736117920288845,True,-2.0473611792028885,modeled_qpu
routing,8,8,23,qaoa_transfer,stressed,1024,3.4770946878230173,3.4770946878230173,True,3.108300734311342e-05,1,0.3990085069164167,0.0821957292656863,0.004148776950862275,0.16354762819012678,2.670098093072753,5.3248,0.0,0.4376758191939264,True,-2.4376758191939265,modeled_qpu
routing,8,8,24,qaoa_transfer,optimistic,16,22.464946747302577,3.5986268483510706,False,3.066693898290396e-05,1,0.6407221591015891,0.0935839121220717,0.004111742831199742,0.16354762819012678,2.670098093072753,0.012660000000000001,4.102598562811505,0.001184772327465428,False,-9.10378333513897,modeled_qpu
routing,8,8,24,qaoa_transfer,nominal,16,22.464946747302577,3.5986268483510706,False,3.066693898290396e-05,1,0.6407221591015891,0.0935839121220717,0.004111742831199742,0.16354762819012678,2.670098093072753,0.5258,4.102598562811505,0.049206420993785305,False,-9.15180498380529,modeled_qpu
routing,8,8,24,qaoa_transfer,stressed,16,22.464946747302577,3.5986268483510706,False,3.066693898290396e-05,1,0.6407221591015891,0.0935839121220717,0.004111742831199742,0.16354762819012678,2.670098093072753,5.1232,4.102598562811505,0.47944909858379775,True,-11.582047661395302,modeled_qpu
routing,8,8,24,qaoa_transfer,optimistic,64,4.369943289404374,3.5986268483510706,True,3.066693898290396e-05,1,0.6407221591015891,0.0935839121220717,0.004111742831199742,0.16354762819012678,2.670098093072753,0.01314,0.16772755574414017,0.0012296926052840222,False,-0.1689572483494242,modeled_qpu
routing,8,8,24,qaoa_transfer,nominal,64,4.369943289404374,3.5986268483510706,True,3.066693898290396e-05,1,0.6407221591015891,0.0935839121220717,0.004111742831199742,0.16354762819012678,2.670098093072753,0.5282,0.16772755574414017,0.049431022382878276,False,-0.21715857812701844,modeled_qpu
routing,8,8,24,qaoa_transfer,stressed,64,4.369943289404374,3.5986268483510706,True,3.066693898290396e-05,1,0.6407221591015891,0.0935839121220717,0.004111742831199742,0.16354762819012678,2.670098093072753,5.1328,0.16772755574414017,0.48034750414016963,True,-2.64807505988431,modeled_qpu
routing,8,8,24,qaoa_transfer,optimistic,256,3.5986268483510706,3.5986268483510706,True,3.066693898290396e-05,1,0.6407221591015891,0.0935839121220717,0.004111742831199742,0.16354762819012678,2.670098093072753,0.01506,0.0,0.0014093737165583999,False,-0.0014093737165583999,modeled_qpu
routing,8,8,24,qaoa_transfer,nominal,256,3.5986268483510706,3.5986268483510706,True,3.066693898290396e-05,1,0.6407221591015891,0.0935839121220717,0.004111742831199742,0.16354762819012678,2.670098093072753,0.5378000000000001,0.0,0.05032942793925017,False,-0.05032942793925017,modeled_qpu
routing,8,8,24,qaoa_transfer,stressed,256,3.5986268483510706,3.5986268483510706,True,3.066693898290396e-05,1,0.6407221591015891,0.0935839121220717,0.004111742831199742,0.16354762819012678,2.670098093072753,5.1712,0.0,0.48394112636565717,True,-2.4839411263656572,modeled_qpu
routing,8,8,24,qaoa_transfer,optimistic,1024,3.5986268483510706,3.5986268483510706,True,3.066693898290396e-05,1,0.6407221591015891,0.0935839121220717,0.004111742831199742,0.16354762819012678,2.670098093072753,0.022740000000000003,0.0,0.002128098161655911,False,-0.002128098161655911,modeled_qpu
routing,8,8,24,qaoa_transfer,nominal,1024,3.5986268483510706,3.5986268483510706,True,3.066693898290396e-05,1,0.6407221591015891,0.0935839121220717,0.004111742831199742,0.16354762819012678,2.670098093072753,0.5762,0.0,0.053923050164737724,False,-0.053923050164737724,modeled_qpu
routing,8,8,24,qaoa_transfer,stressed,1024,3.5986268483510706,3.5986268483510706,True,3.066693898290396e-05,1,0.6407221591015891,0.0935839121220717,0.004111742831199742,0.16354762819012678,2.670098093072753,5.3248,0.0,0.49831561526760737,True,-2.4983156152676074,modeled_qpu
routing,8,8,25,qaoa_transfer,optimistic,16,40.96082359787186,4.017563694755808,False,3.0249939300119877e-05,1,0.8422502087550822,0.05420948161356566,0.004107485299663536,0.16354762819012678,2.670098093072753,0.012660000000000001,7.362788426926782,0.0006862920372277413,False,-12.36347471896401,modeled_qpu
routing,8,8,25,qaoa_transfer,nominal,16,40.96082359787186,4.017563694755808,False,3.0249939300119877e-05,1,0.8422502087550822,0.05420948161356566,0.004107485299663536,0.16354762819012678,2.670098093072753,0.5258,7.362788426926782,0.028503345432412827,False,-12.391291772359194,modeled_qpu
routing,8,8,25,qaoa_transfer,stressed,16,40.96082359787186,4.017563694755808,False,3.0249939300119877e-05,1,0.8422502087550822,0.05420948161356566,0.004107485299663536,0.16354762819012678,2.670098093072753,5.1232,7.362788426926782,0.27772601620261955,True,-14.640514443129401,modeled_qpu
routing,8,8,25,qaoa_transfer,optimistic,64,4.017563694755808,4.017563694755808,True,3.0249939300119877e-05,1,0.8422502087550822,0.05420948161356566,0.004107485299663536,0.16354762819012678,2.670098093072753,0.01314,0.0,0.0007123125884022528,False,-0.0007123125884022528,modeled_qpu
routing,8,8,25,qaoa_transfer,nominal,64,4.017563694755808,4.017563694755808,True,3.0249939300119877e-05,1,0.8422502087550822,0.05420948161356566,0.004107485299663536,0.16354762819012678,2.670098093072753,0.5282,0.0,0.028633448188285383,False,-0.028633448188285383,modeled_qpu
routing,8,8,25,qaoa_transfer,stressed,64,4.017563694755808,4.017563694755808,True,3.0249939300119877e-05,1,0.8422502087550822,0.05420948161356566,0.004107485299663536,0.16354762819012678,2.670098093072753,5.1328,0.0,0.2782464272261098,True,-2.27824642722611,modeled_qpu
routing,8,8,25,qaoa_transfer,optimistic,256,4.017563694755808,4.017563694755808,True,3.0249939300119877e-05,1,0.8422502087550822,0.05420948161356566,0.004107485299663536,0.16354762819012678,2.670098093072753,0.01506,0.0,0.0008163947931002989,False,-0.0008163947931002989,modeled_qpu
routing,8,8,25,qaoa_transfer,nominal,256,4.017563694755808,4.017563694755808,True,3.0249939300119877e-05,1,0.8422502087550822,0.05420948161356566,0.004107485299663536,0.16354762819012678,2.670098093072753,0.5378000000000001,0.0,0.029153859211775615,False,-0.029153859211775615,modeled_qpu
routing,8,8,25,qaoa_transfer,stressed,256,4.017563694755808,4.017563694755808,True,3.0249939300119877e-05,1,0.8422502087550822,0.05420948161356566,0.004107485299663536,0.16354762819012678,2.670098093072753,5.1712,0.0,0.28032807132007076,True,-2.2803280713200706,modeled_qpu
routing,8,8,25,qaoa_transfer,optimistic,1024,4.017563694755808,4.017563694755808,True,3.0249939300119877e-05,1,0.8422502087550822,0.05420948161356566,0.004107485299663536,0.16354762819012678,2.670098093072753,0.022740000000000003,0.0,0.0012327236118924833,False,-0.0012327236118924833,modeled_qpu
routing,8,8,25,qaoa_transfer,nominal,1024,4.017563694755808,4.017563694755808,True,3.0249939300119877e-05,1,0.8422502087550822,0.05420948161356566,0.004107485299663536,0.16354762819012678,2.670098093072753,0.5762,0.0,0.031235503305736535,False,-0.031235503305736535,modeled_qpu
routing,8,8,25,qaoa_transfer,stressed,1024,4.017563694755808,4.017563694755808,True,3.0249939300119877e-05,1,0.8422502087550822,0.05420948161356566,0.004107485299663536,0.16354762819012678,2.670098093072753,5.3248,0.0,0.2886546476959144,True,-2.2886546476959144,modeled_qpu
routing,8,8,26,qaoa_transfer,optimistic,16,5.420649860585396,2.4972630059293133,True,4.51250234618783e-05,1,0.6902204046970825,0.12544135766909684,0.004083188310620369,0.16354762819012678,2.670098093072753,0.012660000000000001,0.8359070649532871,0.0015880875880907662,False,-0.837495152541378,modeled_qpu
routing,8,8,26,qaoa_transfer,nominal,16,5.420649860585396,2.4972630059293133,True,4.51250234618783e-05,1,0.6902204046970825,0.12544135766909684,0.004083188310620369,0.16354762819012678,2.670098093072753,0.5258,0.8359070649532871,0.06595706586241112,False,-0.9018641308156983,modeled_qpu
routing,8,8,26,qaoa_transfer,stressed,16,5.420649860585396,2.4972630059293133,True,4.51250234618783e-05,1,0.6902204046970825,0.12544135766909684,0.004083188310620369,0.16354762819012678,2.670098093072753,5.1232,0.8359070649532871,0.6426611636103169,True,-3.478568228563604,modeled_qpu
routing,8,8,26,qaoa_transfer,optimistic,64,3.6689036250069416,2.4972630059293133,True,4.51250234618783e-05,1,0.6902204046970825,0.12544135766909684,0.004083188310620369,0.16354762819012678,2.670098093072753,0.01314,0.33501644488596105,0.0016482994397719326,False,-0.33666474432573296,modeled_qpu
routing,8,8,26,qaoa_transfer,nominal,64,3.6689036250069416,2.4972630059293133,True,4.51250234618783e-05,1,0.6902204046970825,0.12544135766909684,0.004083188310620369,0.16354762819012678,2.670098093072753,0.5282,0.33501644488596105,0.06625812512081695,False,-0.401274570006778,modeled_qpu
routing,8,8,26,qaoa_transfer,stressed,64,3.6689036250069416,2.4972630059293133,True,4.51250234618783e-05,1,0.6902204046970825,0.12544135766909684,0.004083188310620369,0.16354762819012678,2.670098093072753,5.1328,0.33501644488596105,0.6438654006439402,True,-2.978881845529901,modeled_qpu
routing,8,8,26,qaoa_transfer,optimistic,256,2.4972630059293133,2.4972630059293133,True,4.51250234618783e-05,1,0.6902204046970825,0.12544135766909684,0.004083188310620369,0.16354762819012678,2.670098093072753,0.01506,0.0,0.0018891468464965985,False,-0.0018891468464965985,modeled_qpu
routing,8,8,26,qaoa_transfer,nominal,256,2.4972630059293133,2.4972630059293133,True,4.51250234618783e-05,1,0.6902204046970825,0.12544135766909684,0.004083188310620369,0.16354762819012678,2.670098093072753,0.5378000000000001,0.0,0.06746236215444029,False,-0.06746236215444029,modeled_qpu
routing,8,8,26,qaoa_transfer,stressed,256,2.4972630059293133,2.4972630059293133,True,4.51250234618783e-05,1,0.6902204046970825,0.12544135766909684,0.004083188310620369,0.16354762819012678,2.670098093072753,5.1712,0.0,0.6486823487784336,True,-2.6486823487784337,modeled_qpu
routing,8,8,26,qaoa_transfer,optimistic,1024,2.4972630059293133,2.4972630059293133,True,4.51250234618783e-05,1,0.6902204046970825,0.12544135766909684,0.004083188310620369,0.16354762819012678,2.670098093072753,0.022740000000000003,0.0,0.0028525364733952624,False,-0.0028525364733952624,modeled_qpu
routing,8,8,26,qaoa_transfer,nominal,1024,2.4972630059293133,2.4972630059293133,True,4.51250234618783e-05,1,0.6902204046970825,0.12544135766909684,0.004083188310620369,0.16354762819012678,2.670098093072753,0.5762,0.0,0.0722793102889336,False,-0.0722793102889336,modeled_qpu
routing,8,8,26,qaoa_transfer,stressed,1024,2.4972630059293133,2.4972630059293133,True,4.51250234618783e-05,1,0.6902204046970825,0.12544135766909684,0.004083188310620369,0.16354762819012678,2.670098093072753,5.3248,0.0,0.6679501413164068,True,-2.667950141316407,modeled_qpu
routing,8,8,27,qaoa_transfer,optimistic,16,7.873888435332483,3.662290811014594,False,3.316695801913738e-05,1,0.8046953923916209,0.13229615153344332,0.004056505577433695,0.16354762819012678,2.670098093072753,0.012660000000000001,0.9033322448200894,0.0016748692784133927,False,-5.9050071140985025,modeled_qpu
routing,8,8,27,qaoa_transfer,nominal,16,7.873888435332483,3.662290811014594,False,3.316695801913738e-05,1,0.8046953923916209,0.13229615153344332,0.004056505577433695,0.16354762819012678,2.670098093072753,0.5258,0.9033322448200894,0.0695613164762845,False,-5.972893561296374,modeled_qpu
routing,8,8,27,qaoa_transfer,stressed,16,7.873888435332483,3.662290811014594,False,3.316695801913738e-05,1,0.8046953923916209,0.13229615153344332,0.004056505577433695,0.16354762819012678,2.670098093072753,5.1232,0.9033322448200894,0.6777796435361367,True,-8.581111888356226,modeled_qpu
routing,8,8,27,qaoa_transfer,optimistic,64,6.266426980011513,3.662290811014594,True,3.316695801913738e-05,1,0.8046953923916209,0.13229615153344332,0.004056505577433695,0.16354762819012678,2.670098093072753,0.01314,0.5585529248507375,0.0017383714311494452,False,-0.5602912962818869,modeled_qpu
routing,8,8,27,qaoa_transfer,nominal,64,6.266426980011513,3.662290811014594,True,3.316695801913738e-05,1,0.8046953923916209,0.13229615153344332,0.004056505577433695,0.16354762819012678,2.670098093072753,0.5282,0.5585529248507375,0.06987882723996476,False,-0.6284317520907022,modeled_qpu
routing,8,8,27,qaoa_transfer,stressed,64,6.266426980011513,3.662290811014594,True,3.316695801913738e-05,1,0.8046953923916209,0.13229615153344332,0.004056505577433695,0.16354762819012678,2.670098093072753,5.1328,0.5585529248507375,0.6790496865908578,True,-3.2376026114415954,modeled_qpu
routing,8,8,27,qaoa_transfer,optimistic,256,3.662290811014594,3.662290811014594,True,3.316695801913738e-05,1,0.8046953923916209,0.13229615153344332,0.004056505577433695,0.16354762819012678,2.670098093072753,0.01506,0.0,0.0019923800420936564,False,-0.0019923800420936564,modeled_qpu
routing,8,8,27,qaoa_transfer,nominal,256,3.662290811014594,3.662290811014594,True,3.316695801913738e-05,1,0.8046953923916209,0.13229615153344332,0.004056505577433695,0.16354762819012678,2.670098093072753,0.5378000000000001,0.0,0.07114887029468582,False,-0.07114887029468582,modeled_qpu
routing,8,8,27,qaoa_transfer,stressed,256,3.662290811014594,3.662290811014594,True,3.316695801913738e-05,1,0.8046953923916209,0.13229615153344332,0.004056505577433695,0.16354762819012678,2.670098093072753,5.1712,0.0,0.6841298588097421,True,-2.684129858809742,modeled_qpu
routing,8,8,27,qaoa_transfer,optimistic,1024,3.662290811014594,3.662290811014594,True,3.316695801913738e-05,1,0.8046953923916209,0.13229615153344332,0.004056505577433695,0.16354762819012678,2.670098093072753,0.022740000000000003,0.0,0.0030084144858705014,False,-0.0030084144858705014,modeled_qpu
routing,8,8,27,qaoa_transfer,nominal,1024,3.662290811014594,3.662290811014594,True,3.316695801913738e-05,1,0.8046953923916209,0.13229615153344332,0.004056505577433695,0.16354762819012678,2.670098093072753,0.5762,0.0,0.07622904251357004,False,-0.07622904251357004,modeled_qpu
routing,8,8,27,qaoa_transfer,stressed,1024,3.662290811014594,3.662290811014594,True,3.316695801913738e-05,1,0.8046953923916209,0.13229615153344332,0.004056505577433695,0.16354762819012678,2.670098093072753,5.3248,0.0,0.7044505476852789,True,-2.704450547685279,modeled_qpu
routing,8,8,28,qaoa_transfer,optimistic,16,7.5183396282002555,2.7538192660831395,True,3.075005952268839e-05,1,0.38681064664504305,0.12355713392202401,0.004081149932294342,0.16354762819012678,2.670098093072753,0.012660000000000001,1.269246072970523,0.0015642333154528242,False,-1.270810306285976,modeled_qpu
routing,8,8,28,qaoa_transfer,nominal,16,7.5183396282002555,2.7538192660831395,True,3.075005952268839e-05,1,0.38681064664504305,0.12355713392202401,0.004081149932294342,0.16354762819012678,2.670098093072753,0.5258,1.269246072970523,0.06496634101620023,True,-3.334212413986723,modeled_qpu
routing,8,8,28,qaoa_transfer,stressed,16,7.5183396282002555,2.7538192660831395,True,3.075005952268839e-05,1,0.38681064664504305,0.12355713392202401,0.004081149932294342,0.16354762819012678,2.670098093072753,5.1232,1.269246072970523,0.6330079085093134,True,-3.9022539814798365,modeled_qpu
routing,8,8,28,qaoa_transfer,optimistic,64,4.365454966448529,2.7538192660831395,True,3.075005952268839e-05,1,0.38681064664504305,0.12355713392202401,0.004081149932294342,0.16354762819012678,2.670098093072753,0.01314,0.42933225766274674,0.0016235407397353957,False,-0.43095579840248216,modeled_qpu
routing,8,8,28,qaoa_transfer,nominal,64,4.365454966448529,2.7538192660831395,True,3.075005952268839e-05,1,0.38681064664504305,0.12355713392202401,0.004081149932294342,0.16354762819012678,2.670098093072753,0.5282,0.42933225766274674,0.06526287813761308,True,-2.4945951358003597,modeled_qpu
routing,8,8,28,qaoa_transfer,stressed,64,4.365454966448529,2.7538192660831395,True,3.075005952268839e-05,1,0.38681064664504305,0.12355713392202401,0.004081149932294342,0.16354762819012678,2.670098093072753,5.1328,0.42933225766274674,0.6341940569949648,True,-3.0635263146577114,modeled_qpu
routing,8,8,28,qaoa_transfer,optimistic,256,2.7538192660831395,2.7538192660831395,True,3.075005952268839e-05,1,0.38681064664504305,0.12355713392202401,0.004081149932294342,0.16354762819012678,2.670098093072753,0.01506,0.0,0.0018607704368656817,False,-0.0018607704368656817,modeled_qpu
routing,8,8,28,qaoa_transfer,nominal,256,2.7538192660831395,2.7538192660831395,True,3.075005952268839e-05,1,0.38681064664504305,0.12355713392202401,0.004081149932294342,0.16354762819012678,2.670098093072753,0.5378000000000001,0.0,0.06644902662326452,True,-2.0664490266232645,modeled_qpu
routing,8,8,28,qaoa_transfer,stressed,256,2.7538192660831395,2.7538192660831395,True,3.075005952268839e-05,1,0.38681064664504305,0.12355713392202401,0.004081149932294342,0.16354762819012678,2.670098093072753,5.1712,0.0,0.6389386509375705,True,-2.6389386509375705,modeled_qpu
routing,8,8,28,qaoa_transfer,optimistic,1024,2.7538192660831395,2.7538192660831395,True,3.075005952268839e-05,1,0.38681064664504305,0.12355713392202401,0.004081149932294342,0.16354762819012678,2.670098093072753,0.022740000000000003,0.0,0.0028096892253868266,False,-0.0028096892253868266,modeled_qpu
routing,8,8,28,qaoa_transfer,nominal,1024,2.7538192660831395,2.7538192660831395,True,3.075005952268839e-05,1,0.38681064664504305,0.12355713392202401,0.004081149932294342,0.16354762819012678,2.670098093072753,0.5762,0.0,0.07119362056587024,True,-2.0711936205658703,modeled_qpu
routing,8,8,28,qaoa_transfer,stressed,1024,2.7538192660831395,2.7538192660831395,True,3.075005952268839e-05,1,0.38681064664504305,0.12355713392202401,0.004081149932294342,0.16354762819012678,2.670098093072753,5.3248,0.0,0.6579170267079935,True,-2.6579170267079935,modeled_qpu
routing,8,8,29,qaoa_transfer,optimistic,16,4.224788254055097,3.1348383244055498,True,3.5499921068549156e-05,1,0.7790526244821138,0.05411251534697646,0.004004876374923947,0.16354762819012678,2.670098093072753,0.012660000000000001,0.2636015834564089,0.0006850644442927221,False,-0.2642866479007016,modeled_qpu
routing,8,8,29,qaoa_transfer,nominal,16,4.224788254055097,3.1348383244055498,True,3.5499921068549156e-05,1,0.7790526244821138,0.05411251534697646,0.004004876374923947,0.16354762819012678,2.670098093072753,0.5258,0.2636015834564089,0.028452360569440227,False,-0.2920539440258491,modeled_qpu
routing,8,8,29,qaoa_transfer,stressed,16,4.224788254055097,3.1348383244055498,True,3.5499921068549156e-05,1,0.7790526244821138,0.05411251534697646,0.004004876374923947,0.16354762819012678,2.670098093072753,5.1232,0.2636015834564089,0.2772292386256298,True,-2.5408308220820386,modeled_qpu
routing,8,8,29,qaoa_transfer,optimistic,64,3.1348383244055498,3.1348383244055498,True,3.5499921068549156e-05,1,0.7790526244821138,0.05411251534697646,0.004004876374923947,0.16354762819012678,2.670098093072753,0.01314,0.0,0.0007110384516592707,False,-0.0007110384516592707,modeled_qpu
routing,8,8,29,qaoa_transfer,nominal,64,3.1348383244055498,3.1348383244055498,True,3.5499921068549156e-05,1,0.7790526244821138,0.05411251534697646,0.004004876374923947,0.16354762819012678,2.670098093072753,0.5282,0.0,0.028582230606272966,False,-0.028582230606272966,modeled_qpu
routing,8,8,29,qaoa_transfer,stressed,64,3.1348383244055498,3.1348383244055498,True,3.5499921068549156e-05,1,0.7790526244821138,0.05411251534697646,0.004004876374923947,0.16354762819012678,2.670098093072753,5.1328,0.0,0.27774871877296076,True,-2.2777487187729606,modeled_qpu
routing,8,8,29,qaoa_transfer,optimistic,256,4.056315040095148,3.1348383244055498,True,3.5499921068549156e-05,1,0.7790526244821138,0.05411251534697646,0.004004876374923947,0.16354762819012678,2.670098093072753,0.01506,0.22285677054182662,0.0008149344811254655,False,-0.22367170502295208,modeled_qpu
routing,8,8,29,qaoa_transfer,nominal,256,4.056315040095148,3.1348383244055498,True,3.5499921068549156e-05,1,0.7790526244821138,0.05411251534697646,0.004004876374923947,0.16354762819012678,2.670098093072753,0.5378000000000001,0.22285677054182662,0.029101710753603943,False,-0.2519584812954306,modeled_qpu
routing,8,8,29,qaoa_transfer,stressed,256,4.056315040095148,3.1348383244055498,True,3.5499921068549156e-05,1,0.7790526244821138,0.05411251534697646,0.004004876374923947,0.16354762819012678,2.670098093072753,5.1712,0.22285677054182662,0.2798266393622847,True,-2.5026834099041113,modeled_qpu
routing,8,8,29,qaoa_transfer,optimistic,1024,3.1348383244055498,3.1348383244055498,True,3.5499921068549156e-05,1,0.7790526244821138,0.05411251534697646,0.004004876374923947,0.16354762819012678,2.670098093072753,0.022740000000000003,0.0,0.0012305185989902449,False,-0.0012305185989902449,modeled_qpu
routing,8,8,29,qaoa_transfer,nominal,1024,3.1348383244055498,3.1348383244055498,True,3.5499921068549156e-05,1,0.7790526244821138,0.05411251534697646,0.004004876374923947,0.16354762819012678,2.670098093072753,0.5762,0.0,0.031179631342927838,False,-0.031179631342927838,modeled_qpu
routing,8,8,29,qaoa_transfer,stressed,1024,3.1348383244055498,3.1348383244055498,True,3.5499921068549156e-05,1,0.7790526244821138,0.05411251534697646,0.004004876374923947,0.16354762819012678,2.670098093072753,5.3248,0.0,0.28813832171958026,True,-2.2881383217195803,modeled_qpu
routing,9,9,15,qaoa_transfer,optimistic,16,26.285836396311,5.55850565935004,False,4.4042011722922325e-05,1,0.8622756909545979,0.04993668154273771,0.002127676828292923,0.27843816842384084,2.67240882821956,0.012660000000000001,3.1603739957762085,0.0006321983883310595,False,-8.161006194164539,modeled_qpu
routing,9,9,15,qaoa_transfer,nominal,16,26.285836396311,5.55850565935004,False,4.4042011722922325e-05,1,0.8622756909545979,0.04993668154273771,0.002127676828292923,0.27843816842384084,2.67240882821956,0.5258,3.1603739957762085,0.02625670715517149,False,-8.18663070293138,modeled_qpu
routing,9,9,15,qaoa_transfer,stressed,16,26.285836396311,5.55850565935004,False,4.4042011722922325e-05,1,0.8622756909545979,0.04993668154273771,0.002127676828292923,0.27843816842384084,2.67240882821956,5.1232,3.1603739957762085,0.2558356068797538,True,-10.416209602655961,modeled_qpu
routing,9,9,15,qaoa_transfer,optimistic,64,20.524736794969773,5.55850565935004,False,4.4042011722922325e-05,1,0.8622756909545979,0.04993668154273771,0.002127676828292923,0.27843816842384084,2.67240882821956,0.01314,2.2819574935158196,0.0006561679954715736,False,-7.2826136615112915,modeled_qpu
routing,9,9,15,qaoa_transfer,nominal,64,20.524736794969773,5.55850565935004,False,4.4042011722922325e-05,1,0.8622756909545979,0.04993668154273771,0.002127676828292923,0.27843816842384084,2.67240882821956,0.5282,2.2819574935158196,0.02637655519087406,False,-7.308334048706693,modeled_qpu
routing,9,9,15,qaoa_transfer,stressed,64,20.524736794969773,5.55850565935004,False,4.4042011722922325e-05,1,0.8622756909545979,0.04993668154273771,0.002127676828292923,0.27843816842384084,2.67240882821956,5.1328,2.2819574935158196,0.2563149990225641,True,-9.538272492538383,modeled_qpu
routing,9,9,15,qaoa_transfer,optimistic,256,8.624977557509649,5.55850565935004,False,4.4042011722922325e-05,1,0.8622756909545979,0.04993668154273771,0.002127676828292923,0.27843816842384084,2.67240882821956,0.01506,0.46755649189506104,0.00075204642403363,False,-5.468308538319095,modeled_qpu
routing,9,9,15,qaoa_transfer,nominal,256,8.624977557509649,5.55850565935004,False,4.4042011722922325e-05,1,0.8622756909545979,0.04993668154273771,0.002127676828292923,0.27843816842384084,2.67240882821956,0.5378000000000001,0.46755649189506104,0.026855947333684346,False,-5.4944124392287454,modeled_qpu
routing,9,9,15,qaoa_transfer,stressed,256,8.624977557509649,5.55850565935004,False,4.4042011722922325e-05,1,0.8622756909545979,0.04993668154273771,0.002127676828292923,0.27843816842384084,2.67240882821956,5.1712,0.46755649189506104,0.25823256759380525,True,-7.725789059488866,modeled_qpu
routing,9,9,15,qaoa_transfer,optimistic,1024,5.55850565935004,5.55850565935004,True,4.4042011722922325e-05,1,0.8622756909545979,0.04993668154273771,0.002127676828292923,0.27843816842384084,2.67240882821956,0.022740000000000003,0.0,0.0011355601382818557,False,-0.0011355601382818557,modeled_qpu
routing,9,9,15,qaoa_transfer,nominal,1024,5.55850565935004,5.55850565935004,True,4.4042011722922325e-05,1,0.8622756909545979,0.04993668154273771,0.002127676828292923,0.27843816842384084,2.67240882821956,0.5762,0.0,0.02877351590492547,False,-0.02877351590492547,modeled_qpu
routing,9,9,15,qaoa_transfer,stressed,1024,5.55850565935004,5.55850565935004,True,4.4042011722922325e-05,1,0.8622756909545979,0.04993668154273771,0.002127676828292923,0.27843816842384084,2.67240882821956,5.3248,0.0,0.2659028418787698,True,-2.26590284187877,modeled_qpu
routing,9,9,16,qaoa_transfer,optimistic,16,23.112153166516652,6.116511011175708,False,4.116701893508434e-05,1,0.7908000671905736,0.1087606895525694,0.002134429276377552,0.27843816842384084,2.67240882821956,0.012660000000000001,2.3881986732896405,0.0013769103297355287,False,-7.389575583619376,modeled_qpu
routing,9,9,16,qaoa_transfer,nominal,16,23.112153166516652,6.116511011175708,False,4.116701893508434e-05,1,0.7908000671905736,0.1087606895525694,0.002134429276377552,0.27843816842384084,2.67240882821956,0.5258,2.3881986732896405,0.057186370566740995,False,-7.445385043856381,modeled_qpu
routing,9,9,16,qaoa_transfer,stressed,16,23.112153166516652,6.116511011175708,False,4.116701893508434e-05,1,0.7908000671905736,0.1087606895525694,0.002134429276377552,0.27843816842384084,2.67240882821956,5.1232,2.3881986732896405,0.5572027647157235,True,-9.945401438005364,modeled_qpu
routing,9,9,16,qaoa_transfer,optimistic,64,15.55132210405312,6.116511011175708,False,4.116701893508434e-05,1,0.7908000671905736,0.1087606895525694,0.002134429276377552,0.27843816842384084,2.67240882821956,0.01314,1.3257635768512217,0.001429115460720762,False,-6.327192692311942,modeled_qpu
routing,9,9,16,qaoa_transfer,nominal,64,15.55132210405312,6.116511011175708,False,4.116701893508434e-05,1,0.7908000671905736,0.1087606895525694,0.002134429276377552,0.27843816842384084,2.67240882821956,0.5282,1.3257635768512217,0.057447396221667155,False,-6.383210973072888,modeled_qpu
routing,9,9,16,qaoa_transfer,stressed,64,15.55132210405312,6.116511011175708,False,4.116701893508434e-05,1,0.7908000671905736,0.1087606895525694,0.002134429276377552,0.27843816842384084,2.67240882821956,5.1328,1.3257635768512217,0.5582468673354282,True,-8.88401044418665,modeled_qpu
routing,9,9,16,qaoa_transfer,optimistic,256,6.116511011175708,6.116511011175708,True,4.116701893508434e-05,1,0.7908000671905736,0.1087606895525694,0.002134429276377552,0.27843816842384084,2.67240882821956,0.01506,0.0,0.0016379359846616951,False,-0.0016379359846616951,modeled_qpu
routing,9,9,16,qaoa_transfer,nominal,256,6.116511011175708,6.116511011175708,True,4.116701893508434e-05,1,0.7908000671905736,0.1087606895525694,0.002134429276377552,0.27843816842384084,2.67240882821956,0.5378000000000001,0.0,0.05849149884137183,False,-0.05849149884137183,modeled_qpu
routing,9,9,16,qaoa_transfer,stressed,256,6.116511011175708,6.116511011175708,True,4.116701893508434e-05,1,0.7908000671905736,0.1087606895525694,0.002134429276377552,0.27843816842384084,2.67240882821956,5.1712,0.0,0.5624232778142468,True,-2.562423277814247,modeled_qpu
routing,9,9,16,qaoa_transfer,optimistic,1024,6.116511011175708,6.116511011175708,True,4.116701893508434e-05,1,0.7908000671905736,0.1087606895525694,0.002134429276377552,0.27843816842384084,2.67240882821956,0.022740000000000003,0.0,0.0024732180804254286,False,-0.0024732180804254286,modeled_qpu
routing,9,9,16,qaoa_transfer,nominal,1024,6.116511011175708,6.116511011175708,True,4.116701893508434e-05,1,0.7908000671905736,0.1087606895525694,0.002134429276377552,0.27843816842384084,2.67240882821956,0.5762,0.0,0.06266790932019049,False,-0.06266790932019049,modeled_qpu
routing,9,9,16,qaoa_transfer,stressed,1024,6.116511011175708,6.116511011175708,True,4.116701893508434e-05,1,0.7908000671905736,0.1087606895525694,0.002134429276377552,0.27843816842384084,2.67240882821956,5.3248,0.0,0.5791289197295215,True,-2.5791289197295217,modeled_qpu
routing,9,9,17,qaoa_transfer,optimistic,16,22.361172995343587,3.5301294554937996,False,4.058307968080044e-05,1,0.1287179180837649,0.05982015076497988,0.002153124944507683,0.27843816842384084,2.67240882821956,0.012660000000000001,4.156844462140683,0.0007573231086846453,False,-9.157601785249367,modeled_qpu
routing,9,9,17,qaoa_transfer,nominal,16,22.361172995343587,3.5301294554937996,False,4.058307968080044e-05,1,0.1287179180837649,0.05982015076497988,0.002153124944507683,0.27843816842384084,2.67240882821956,0.5258,4.156844462140683,0.031453435272226424,True,-11.188297897412909,modeled_qpu
routing,9,9,17,qaoa_transfer,stressed,16,22.361172995343587,3.5301294554937996,False,4.058307968080044e-05,1,0.1287179180837649,0.05982015076497988,0.002153124944507683,0.27843816842384084,2.67240882821956,5.1232,4.156844462140683,0.3064705963991449,True,-11.463315058539827,modeled_qpu
routing,9,9,17,qaoa_transfer,optimistic,64,6.101025355431277,3.5301294554937996,True,4.058307968080044e-05,1,0.1287179180837649,0.05982015076497988,0.002153124944507683,0.27843816842384084,2.67240882821956,0.01314,0.5675104707702533,0.0007860367810518357,False,-0.5682965075513051,modeled_qpu
routing,9,9,17,qaoa_transfer,nominal,64,6.101025355431277,3.5301294554937996,True,4.058307968080044e-05,1,0.1287179180837649,0.05982015076497988,0.002153124944507683,0.27843816842384084,2.67240882821956,0.5282,0.5675104707702533,0.03159700363406237,True,-2.599107474404316,modeled_qpu
routing,9,9,17,qaoa_transfer,stressed,64,6.101025355431277,3.5301294554937996,True,4.058307968080044e-05,1,0.1287179180837649,0.05982015076497988,0.002153124944507683,0.27843816842384084,2.67240882821956,5.1328,0.5675104707702533,0.3070448698464887,True,-2.874555340616742,modeled_qpu
routing,9,9,17,qaoa_transfer,optimistic,256,5.805618850035065,3.5301294554937996,True,4.058307968080044e-05,1,0.1287179180837649,0.05982015076497988,0.002153124944507683,0.27843816842384084,2.67240882821956,0.01506,0.5023011851861592,0.000900891470520597,False,-0.5032020766566798,modeled_qpu
routing,9,9,17,qaoa_transfer,nominal,256,5.805618850035065,3.5301294554937996,True,4.058307968080044e-05,1,0.1287179180837649,0.05982015076497988,0.002153124944507683,0.27843816842384084,2.67240882821956,0.5378000000000001,0.5023011851861592,0.032171277081406185,True,-2.5344724622675656,modeled_qpu
routing,9,9,17,qaoa_transfer,stressed,256,5.805618850035065,3.5301294554937996,True,4.058307968080044e-05,1,0.1287179180837649,0.05982015076497988,0.002153124944507683,0.27843816842384084,2.67240882821956,5.1712,0.5023011851861592,0.30934196363586397,True,-2.8116431488220233,modeled_qpu
routing,9,9,17,qaoa_transfer,optimistic,1024,3.5301294554937996,3.5301294554937996,True,4.058307968080044e-05,1,0.1287179180837649,0.05982015076497988,0.002153124944507683,0.27843816842384084,2.67240882821956,0.022740000000000003,0.0,0.0013603102283956427,False,-0.0013603102283956427,modeled_qpu
routing,9,9,17,qaoa_transfer,nominal,1024,3.5301294554937996,3.5301294554937996,True,4.058307968080044e-05,1,0.1287179180837649,0.05982015076497988,0.002153124944507683,0.27843816842384084,2.67240882821956,0.5762,0.0,0.03446837087078141,True,-2.0344683708707816,modeled_qpu
routing,9,9,17,qaoa_transfer,stressed,1024,3.5301294554937996,3.5301294554937996,True,4.058307968080044e-05,1,0.1287179180837649,0.05982015076497988,0.002153124944507683,0.27843816842384084,2.67240882821956,5.3248,0.0,0.31853033879336484,True,-2.318530338793365,modeled_qpu
routing,9,9,18,qaoa_transfer,optimistic,16,8.329572534940246,4.889839052340906,True,3.958295565098524e-05,1,0.39885359861788966,0.032612397517159594,0.0021315420627221952,0.27843816842384084,2.67240882821956,0.012660000000000001,0.5840114563456914,0.0004128729525672405,False,-0.5844243292982586,modeled_qpu
routing,9,9,18,qaoa_transfer,nominal,16,8.329572534940246,4.889839052340906,True,3.958295565098524e-05,1,0.39885359861788966,0.032612397517159594,0.0021315420627221952,0.27843816842384084,2.67240882821956,0.5258,0.5840114563456914,0.017147598614522516,True,-2.601159054960214,modeled_qpu
routing,9,9,18,qaoa_transfer,stressed,16,8.329572534940246,4.889839052340906,True,3.958295565098524e-05,1,0.39885359861788966,0.032612397517159594,0.0021315420627221952,0.27843816842384084,2.67240882821956,5.1232,0.5840114563456914,0.16707983495991202,True,-2.7510912913056034,modeled_qpu
routing,9,9,18,qaoa_transfer,optimistic,64,4.889839052340906,4.889839052340906,True,3.958295565098524e-05,1,0.39885359861788966,0.032612397517159594,0.0021315420627221952,0.27843816842384084,2.67240882821956,0.01314,0.0,0.0004285269033754771,False,-0.0004285269033754771,modeled_qpu
routing,9,9,18,qaoa_transfer,nominal,64,4.889839052340906,4.889839052340906,True,3.958295565098524e-05,1,0.39885359861788966,0.032612397517159594,0.0021315420627221952,0.27843816842384084,2.67240882821956,0.5282,0.0,0.0172258683685637,True,-2.0172258683685635,modeled_qpu
routing,9,9,18,qaoa_transfer,stressed,64,4.889839052340906,4.889839052340906,True,3.958295565098524e-05,1,0.39885359861788966,0.032612397517159594,0.0021315420627221952,0.27843816842384084,2.67240882821956,5.1328,0.0,0.16739291397607675,True,-2.1673929139760766,modeled_qpu
routing,9,9,18,qaoa_transfer,optimistic,256,4.889839052340906,4.889839052340906,True,3.958295565098524e-05,1,0.39885359861788966,0.032612397517159594,0.0021315420627221952,0.27843816842384084,2.67240882821956,0.01506,0.0,0.0004911427066084235,False,-0.0004911427066084235,modeled_qpu
routing,9,9,18,qaoa_transfer,nominal,256,4.889839052340906,4.889839052340906,True,3.958295565098524e-05,1,0.39885359861788966,0.032612397517159594,0.0021315420627221952,0.27843816842384084,2.67240882821956,0.5378000000000001,0.0,0.017538947384728432,True,-2.0175389473847285,modeled_qpu
routing,9,9,18,qaoa_transfer,stressed,256,4.889839052340906,4.889839052340906,True,3.958295565098524e-05,1,0.39885359861788966,0.032612397517159594,0.0021315420627221952,0.27843816842384084,2.67240882821956,5.1712,0.0,0.1686452300407357,True,-2.1686452300407355,modeled_qpu
routing,9,9,18,qaoa_transfer,optimistic,1024,4.922990778618956,4.889839052340906,True,3.958295565098524e-05,1,0.39885359861788966,0.032612397517159594,0.0021315420627221952,0.27843816842384084,2.67240882821956,0.022740000000000003,0.005628630253465789,0.0007416059195402093,False,-0.006370236173005998,modeled_qpu
routing,9,9,18,qaoa_transfer,nominal,1024,4.922990778618956,4.889839052340906,True,3.958295565098524e-05,1,0.39885359861788966,0.032612397517159594,0.0021315420627221952,0.27843816842384084,2.67240882821956,0.5762,0.005628630253465789,0.01879126344938736,True,-2.024419893702853,modeled_qpu
routing,9,9,18,qaoa_transfer,stressed,1024,4.922990778618956,4.889839052340906,True,3.958295565098524e-05,1,0.39885359861788966,0.032612397517159594,0.0021315420627221952,0.27843816842384084,2.67240882821956,5.3248,0.005628630253465789,0.1736544942993714,True,-2.1792831245528372,modeled_qpu
routing,9,9,19,qaoa_transfer,optimistic,16,9.145125786852855,6.927346274945821,False,3.950006794184446e-05,1,0.8003427343121933,0.0988223144620109,0.0021361114759109426,0.27843816842384084,2.67240882821956,0.012660000000000001,0.27976316852920513,0.0012510905010890581,False,-5.281014259030294,modeled_qpu
routing,9,9,19,qaoa_transfer,nominal,16,9.145125786852855,6.927346274945821,False,3.950006794184446e-05,1,0.8003427343121933,0.0988223144620109,0.0021361114759109426,0.27843816842384084,2.67240882821956,0.5258,0.27976316852920513,0.051960772944125336,False,-5.33172394147333,modeled_qpu
routing,9,9,19,qaoa_transfer,stressed,16,9.145125786852855,6.927346274945821,False,3.950006794184446e-05,1,0.8003427343121933,0.0988223144620109,0.0021361114759109426,0.27843816842384084,2.67240882821956,5.1232,0.27976316852920513,0.5062864814517742,True,-7.7860496499809795,modeled_qpu
routing,9,9,19,qaoa_transfer,optimistic,64,7.614339585193741,6.927346274945821,False,3.950006794184446e-05,1,0.8003427343121933,0.0988223144620109,0.0021361114759109426,0.27843816842384084,2.67240882821956,0.01314,0.08666119612046533,0.0012985252120308233,False,-5.087959721332496,modeled_qpu
routing,9,9,19,qaoa_transfer,nominal,64,7.614339585193741,6.927346274945821,False,3.950006794184446e-05,1,0.8003427343121933,0.0988223144620109,0.0021361114759109426,0.27843816842384084,2.67240882821956,0.5282,0.08666119612046533,0.05219794649883416,False,-5.1388591426192995,modeled_qpu
routing,9,9,19,qaoa_transfer,stressed,64,7.614339585193741,6.927346274945821,False,3.950006794184446e-05,1,0.8003427343121933,0.0988223144620109,0.0021361114759109426,0.27843816842384084,2.67240882821956,5.1328,0.08666119612046533,0.5072351756706095,True,-7.593896371791074,modeled_qpu
routing,9,9,19,qaoa_transfer,optimistic,256,7.2704913250700915,6.927346274945821,False,3.950006794184446e-05,1,0.8003427343121933,0.0988223144620109,0.0021361114759109426,0.27843816842384084,2.67240882821956,0.01506,0.043286244630031126,0.001488264055797884,False,-5.044774508685829,modeled_qpu
routing,9,9,19,qaoa_transfer,nominal,256,7.2704913250700915,6.927346274945821,False,3.950006794184446e-05,1,0.8003427343121933,0.0988223144620109,0.0021361114759109426,0.27843816842384084,2.67240882821956,0.5378000000000001,0.043286244630031126,0.05314664071766947,False,-5.0964328853477,modeled_qpu
routing,9,9,19,qaoa_transfer,stressed,256,7.2704913250700915,6.927346274945821,False,3.950006794184446e-05,1,0.8003427343121933,0.0988223144620109,0.0021361114759109426,0.27843816842384084,2.67240882821956,5.1712,0.043286244630031126,0.5110299525459507,True,-7.554316197175982,modeled_qpu
routing,9,9,19,qaoa_transfer,optimistic,1024,6.927346274945821,6.927346274945821,True,3.950006794184446e-05,1,0.8003427343121933,0.0988223144620109,0.0021361114759109426,0.27843816842384084,2.67240882821956,0.022740000000000003,0.0,0.0022472194308661283,False,-0.0022472194308661283,modeled_qpu
routing,9,9,19,qaoa_transfer,nominal,1024,6.927346274945821,6.927346274945821,True,3.950006794184446e-05,1,0.8003427343121933,0.0988223144620109,0.0021361114759109426,0.27843816842384084,2.67240882821956,0.5762,0.0,0.05694141759301068,False,-0.05694141759301068,modeled_qpu
routing,9,9,19,qaoa_transfer,stressed,1024,6.927346274945821,6.927346274945821,True,3.950006794184446e-05,1,0.8003427343121933,0.0988223144620109,0.0021361114759109426,0.27843816842384084,2.67240882821956,5.3248,0.0,0.5262090600473156,True,-2.5262090600473157,modeled_qpu
routing,9,9,20,qaoa_transfer,optimistic,16,18.921062222042735,4.728484856680911,False,3.91670037060976e-05,1,0.2108547357683226,0.1276444388090271,0.002096628226310658,0.27843816842384084,2.67240882821956,0.012660000000000001,2.477544712160593,0.0016159785953222831,False,-7.479160690755916,modeled_qpu
routing,9,9,20,qaoa_transfer,nominal,16,18.921062222042735,4.728484856680911,False,3.91670037060976e-05,1,0.2108547357683226,0.1276444388090271,0.002096628226310658,0.27843816842384084,2.67240882821956,0.5258,2.477544712160593,0.06711544592578646,True,-9.54466015808638,modeled_qpu
routing,9,9,20,qaoa_transfer,stressed,16,18.921062222042735,4.728484856680911,False,3.91670037060976e-05,1,0.2108547357683226,0.1276444388090271,0.002096628226310658,0.27843816842384084,2.67240882821956,5.1232,2.477544712160593,0.6539479889064076,True,-10.131492701067002,modeled_qpu
routing,9,9,20,qaoa_transfer,optimistic,64,4.728484856680911,4.728484856680911,True,3.91670037060976e-05,1,0.2108547357683226,0.1276444388090271,0.002096628226310658,0.27843816842384084,2.67240882821956,0.01314,0.0,0.001677247925950616,False,-0.001677247925950616,modeled_qpu
routing,9,9,20,qaoa_transfer,nominal,64,4.728484856680911,4.728484856680911,True,3.91670037060976e-05,1,0.2108547357683226,0.1276444388090271,0.002096628226310658,0.27843816842384084,2.67240882821956,0.5282,0.0,0.06742179257892811,True,-2.067421792578928,modeled_qpu
routing,9,9,20,qaoa_transfer,stressed,64,4.728484856680911,4.728484856680911,True,3.91670037060976e-05,1,0.2108547357683226,0.1276444388090271,0.002096628226310658,0.27843816842384084,2.67240882821956,5.1328,0.0,0.6551733755189743,True,-2.655173375518974,modeled_qpu
routing,9,9,20,qaoa_transfer,optimistic,256,6.582255867286264,4.728484856680911,True,3.91670037060976e-05,1,0.2108547357683226,0.1276444388090271,0.002096628226310658,0.27843816842384084,2.67240882821956,0.01506,0.3236058149727622,0.001922325248463948,False,-0.32552814022122617,modeled_qpu
routing,9,9,20,qaoa_transfer,nominal,256,6.582255867286264,4.728484856680911,True,3.91670037060976e-05,1,0.2108547357683226,0.1276444388090271,0.002096628226310658,0.27843816842384084,2.67240882821956,0.5378000000000001,0.3236058149727622,0.06864717919149478,True,-2.3922529941642567,modeled_qpu
routing,9,9,20,qaoa_transfer,stressed,256,6.582255867286264,4.728484856680911,True,3.91670037060976e-05,1,0.2108547357683226,0.1276444388090271,0.002096628226310658,0.27843816842384084,2.67240882821956,5.1712,0.3236058149727622,0.6600749219692409,True,-2.983680736942003,modeled_qpu
routing,9,9,20,qaoa_transfer,optimistic,1024,4.728484856680911,4.728484856680911,True,3.91670037060976e-05,1,0.2108547357683226,0.1276444388090271,0.002096628226310658,0.27843816842384084,2.67240882821956,0.022740000000000003,0.0,0.0029026345385172766,False,-0.0029026345385172766,modeled_qpu
routing,9,9,20,qaoa_transfer,nominal,1024,4.728484856680911,4.728484856680911,True,3.91670037060976e-05,1,0.2108547357683226,0.1276444388090271,0.002096628226310658,0.27843816842384084,2.67240882821956,0.5762,0.0,0.07354872564176142,True,-2.0735487256417615,modeled_qpu
routing,9,9,20,qaoa_transfer,stressed,1024,4.728484856680911,4.728484856680911,True,3.91670037060976e-05,1,0.2108547357683226,0.1276444388090271,0.002096628226310658,0.27843816842384084,2.67240882821956,5.3248,0.0,0.6796811077703074,True,-2.6796811077703073,modeled_qpu
routing,9,9,21,qaoa_transfer,optimistic,16,32.69688802184809,5.107257367467323,False,3.941694740206003e-05,1,0.26216981492676233,0.12843048288105038,0.0021277160560453823,0.27843816842384084,2.67240882821956,0.012660000000000001,4.517515636617452,0.001625929913274098,False,-9.519141566530726,modeled_qpu
routing,9,9,21,qaoa_transfer,nominal,16,32.69688802184809,5.107257367467323,False,3.941694740206003e-05,1,0.26216981492676233,0.12843048288105038,0.0021277160560453823,0.27843816842384084,2.67240882821956,0.5258,4.517515636617452,0.0675287478988563,True,-11.585044384516308,modeled_qpu
routing,9,9,21,qaoa_transfer,stressed,16,32.69688802184809,5.107257367467323,False,3.941694740206003e-05,1,0.26216981492676233,0.12843048288105038,0.0021277160560453823,0.27843816842384084,2.67240882821956,5.1232,4.517515636617452,0.6579750498961973,True,-12.17549068651365,modeled_qpu
routing,9,9,21,qaoa_transfer,optimistic,64,7.527861036507446,5.107257367467323,True,3.941694740206003e-05,1,0.26216981492676233,0.12843048288105038,0.0021277160560453823,0.27843816842384084,2.67240882821956,0.01314,0.39634872470487453,0.0016875765450570022,False,-0.39803630124993156,modeled_qpu
routing,9,9,21,qaoa_transfer,nominal,64,7.527861036507446,5.107257367467323,True,3.941694740206003e-05,1,0.26216981492676233,0.12843048288105038,0.0021277160560453823,0.27843816842384084,2.67240882821956,0.5282,0.39634872470487453,0.0678369810577708,True,-2.4641857057626453,modeled_qpu
routing,9,9,21,qaoa_transfer,stressed,64,7.527861036507446,5.107257367467323,True,3.941694740206003e-05,1,0.26216981492676233,0.12843048288105038,0.0021277160560453823,0.27843816842384084,2.67240882821956,5.1328,0.39634872470487453,0.6592079825318553,True,-3.05555670723673,modeled_qpu
routing,9,9,21,qaoa_transfer,optimistic,256,5.397193751894341,5.107257367467323,True,3.941694740206003e-05,1,0.26216981492676233,0.12843048288105038,0.0021277160560453823,0.27843816842384084,2.67240882821956,0.01506,0.047474073382182465,0.0019341630721886188,False,-0.049408236454371084,modeled_qpu
routing,9,9,21,qaoa_transfer,nominal,256,5.397193751894341,5.107257367467323,True,3.941694740206003e-05,1,0.26216981492676233,0.12843048288105038,0.0021277160560453823,0.27843816842384084,2.67240882821956,0.5378000000000001,0.047474073382182465,0.06906991369342891,True,-2.1165439870756115,modeled_qpu
routing,9,9,21,qaoa_transfer,stressed,256,5.397193751894341,5.107257367467323,True,3.941694740206003e-05,1,0.26216981492676233,0.12843048288105038,0.0021277160560453823,0.27843816842384084,2.67240882821956,5.1712,0.047474073382182465,0.6641397130744877,True,-2.7116137864566703,modeled_qpu
routing,9,9,21,qaoa_transfer,optimistic,1024,5.107257367467323,5.107257367467323,True,3.941694740206003e-05,1,0.26216981492676233,0.12843048288105038,0.0021277160560453823,0.27843816842384084,2.67240882821956,0.022740000000000003,0.0,0.002920509180715086,False,-0.002920509180715086,modeled_qpu
routing,9,9,21,qaoa_transfer,nominal,1024,5.107257367467323,5.107257367467323,True,3.941694740206003e-05,1,0.26216981492676233,0.12843048288105038,0.0021277160560453823,0.27843816842384084,2.67240882821956,0.5762,0.0,0.07400164423606123,True,-2.0740016442360614,modeled_qpu
routing,9,9,21,qaoa_transfer,stressed,1024,5.107257367467323,5.107257367467323,True,3.941694740206003e-05,1,0.26216981492676233,0.12843048288105038,0.0021277160560453823,0.27843816842384084,2.67240882821956,5.3248,0.0,0.683866635245017,True,-2.683866635245017,modeled_qpu
routing,9,9,22,qaoa_transfer,optimistic,16,8.311522259827136,5.44136881724763,True,4.4625019654631615e-05,1,0.7484362078873544,0.13444538610192996,0.0020591235285484116,0.27843816842384084,2.67240882821956,0.012660000000000001,0.44558129242565403,0.0017020785880504335,False,-0.44728337101370447,modeled_qpu
routing,9,9,22,qaoa_transfer,nominal,16,8.311522259827136,5.44136881724763,True,4.4625019654631615e-05,1,0.7484362078873544,0.13444538610192996,0.0020591235285484116,0.27843816842384084,2.67240882821956,0.5258,0.44558129242565403,0.07069138401239478,False,-0.5162726764380487,modeled_qpu
routing,9,9,22,qaoa_transfer,stressed,16,8.311522259827136,5.44136881724763,True,4.4625019654631615e-05,1,0.7484362078873544,0.13444538610192996,0.0020591235285484116,0.27843816842384084,2.67240882821956,5.1232,0.44558129242565403,0.6887906020774076,True,-3.1343718945030616,modeled_qpu
routing,9,9,22,qaoa_transfer,optimistic,64,6.542610178490047,5.44136881724763,True,4.4625019654631615e-05,1,0.7484362078873544,0.13444538610192996,0.0020591235285484116,0.27843816842384084,2.67240882821956,0.01314,0.1709638731279747,0.0017666123733793599,False,-0.17273048550135406,modeled_qpu
routing,9,9,22,qaoa_transfer,nominal,64,6.542610178490047,5.44136881724763,True,4.4625019654631615e-05,1,0.7484362078873544,0.13444538610192996,0.0020591235285484116,0.27843816842384084,2.67240882821956,0.5282,0.1709638731279747,0.07101405293903941,False,-0.24197792606701413,modeled_qpu
routing,9,9,22,qaoa_transfer,stressed,64,6.542610178490047,5.44136881724763,True,4.4625019654631615e-05,1,0.7484362078873544,0.13444538610192996,0.0020591235285484116,0.27843816842384084,2.67240882821956,5.1328,0.1709638731279747,0.6900812777839861,True,-2.861045150911961,modeled_qpu
routing,9,9,22,qaoa_transfer,optimistic,256,5.44136881724763,5.44136881724763,True,4.4625019654631615e-05,1,0.7484362078873544,0.13444538610192996,0.0020591235285484116,0.27843816842384084,2.67240882821956,0.01506,0.0,0.002024747514695065,False,-0.002024747514695065,modeled_qpu
routing,9,9,22,qaoa_transfer,nominal,256,5.44136881724763,5.44136881724763,True,4.4625019654631615e-05,1,0.7484362078873544,0.13444538610192996,0.0020591235285484116,0.27843816842384084,2.67240882821956,0.5378000000000001,0.0,0.07230472864561795,False,-0.07230472864561795,modeled_qpu
routing,9,9,22,qaoa_transfer,stressed,256,5.44136881724763,5.44136881724763,True,4.4625019654631615e-05,1,0.7484362078873544,0.13444538610192996,0.0020591235285484116,0.27843816842384084,2.67240882821956,5.1712,0.0,0.6952439806103002,True,-2.6952439806103,modeled_qpu
routing,9,9,22,qaoa_transfer,optimistic,1024,5.44136881724763,5.44136881724763,True,4.4625019654631615e-05,1,0.7484362078873544,0.13444538610192996,0.0020591235285484116,0.27843816842384084,2.67240882821956,0.022740000000000003,0.0,0.003057288079957888,False,-0.003057288079957888,modeled_qpu
routing,9,9,22,qaoa_transfer,nominal,1024,5.44136881724763,5.44136881724763,True,4.4625019654631615e-05,1,0.7484362078873544,0.13444538610192996,0.0020591235285484116,0.27843816842384084,2.67240882821956,0.5762,0.0,0.07746743147193205,False,-0.07746743147193205,modeled_qpu
routing,9,9,22,qaoa_transfer,stressed,1024,5.44136881724763,5.44136881724763,True,4.4625019654631615e-05,1,0.7484362078873544,0.13444538610192996,0.0020591235285484116,0.27843816842384084,2.67240882821956,5.3248,0.0,0.7158947919155566,True,-2.7158947919155567,modeled_qpu
routing,9,9,23,qaoa_transfer,optimistic,16,4.629967309561478,5.813695543607096,False,4.641700070351362e-05,1,0.5913287544981434,0.0787895647393917,0.002167734438182263,0.27843816842384084,2.67240882821956,0.012660000000000001,0.0,0.000997475889600699,False,-5.0009974758896005,modeled_qpu
routing,9,9,23,qaoa_transfer,nominal,16,4.629967309561478,5.813695543607096,False,4.641700070351362e-05,1,0.5913287544981434,0.0787895647393917,0.002167734438182263,0.27843816842384084,2.67240882821956,0.5258,0.0,0.04142755313997216,False,-5.041427553139973,modeled_qpu
routing,9,9,23,qaoa_transfer,stressed,16,4.629967309561478,5.813695543607096,False,4.641700070351362e-05,1,0.5913287544981434,0.0787895647393917,0.002167734438182263,0.27843816842384084,2.67240882821956,5.1232,0.0,0.4036546980728515,True,-7.4036546980728515,modeled_qpu
routing,9,9,23,qaoa_transfer,optimistic,64,5.473831385406385,5.813695543607096,False,4.641700070351362e-05,1,0.5913287544981434,0.0787895647393917,0.002167734438182263,0.27843816842384084,2.67240882821956,0.01314,0.0,0.0010352948806756068,False,-5.001035294880675,modeled_qpu
routing,9,9,23,qaoa_transfer,nominal,64,5.473831385406385,5.813695543607096,False,4.641700070351362e-05,1,0.5913287544981434,0.0787895647393917,0.002167734438182263,0.27843816842384084,2.67240882821956,0.5282,0.0,0.041616648095346695,False,-5.041616648095347,modeled_qpu
routing,9,9,23,qaoa_transfer,stressed,64,5.473831385406385,5.813695543607096,False,4.641700070351362e-05,1,0.5913287544981434,0.0787895647393917,0.002167734438182263,0.27843816842384084,2.67240882821956,5.1328,0.0,0.40441107789434966,True,-7.404411077894349,modeled_qpu
routing,9,9,23,qaoa_transfer,optimistic,256,4.629967309561478,5.813695543607096,False,4.641700070351362e-05,1,0.5913287544981434,0.0787895647393917,0.002167734438182263,0.27843816842384084,2.67240882821956,0.01506,0.0,0.001186570844975239,False,-5.001186570844975,modeled_qpu
routing,9,9,23,qaoa_transfer,nominal,256,4.629967309561478,5.813695543607096,False,4.641700070351362e-05,1,0.5913287544981434,0.0787895647393917,0.002167734438182263,0.27843816842384084,2.67240882821956,0.5378000000000001,0.0,0.04237302791684486,False,-5.042373027916845,modeled_qpu
routing,9,9,23,qaoa_transfer,stressed,256,4.629967309561478,5.813695543607096,False,4.641700070351362e-05,1,0.5913287544981434,0.0787895647393917,0.002167734438182263,0.27843816842384084,2.67240882821956,5.1712,0.0,0.4074365971803423,True,-7.407436597180342,modeled_qpu
routing,9,9,23,qaoa_transfer,optimistic,1024,5.906155006183328,5.813695543607096,True,4.641700070351362e-05,1,0.5913287544981434,0.0787895647393917,0.002167734438182263,0.27843816842384084,2.67240882821956,0.022740000000000003,0.013569649830183689,0.0017916747021737673,False,-0.015361324532357456,modeled_qpu
routing,9,9,23,qaoa_transfer,nominal,1024,5.906155006183328,5.813695543607096,True,4.641700070351362e-05,1,0.5913287544981434,0.0787895647393917,0.002167734438182263,0.27843816842384084,2.67240882821956,0.5762,0.013569649830183689,0.045398547202837494,False,-0.05896819703302118,modeled_qpu
routing,9,9,23,qaoa_transfer,stressed,1024,5.906155006183328,5.813695543607096,True,4.641700070351362e-05,1,0.5913287544981434,0.0787895647393917,0.002167734438182263,0.27843816842384084,2.67240882821956,5.3248,0.013569649830183689,0.41953867432431285,True,-2.4331083241544964,modeled_qpu
routing,9,9,24,qaoa_transfer,optimistic,16,6.465444962141248,6.4016021439551976,True,4.208309110254049e-05,1,0.6917059389139357,0.11484634286803745,0.0021367605730913905,0.27843816842384084,2.67240882821956,0.012660000000000001,0.008625540382252285,0.0014539547007093542,False,-0.010079495082961638,modeled_qpu
routing,9,9,24,qaoa_transfer,nominal,16,6.465444962141248,6.4016021439551976,True,4.208309110254049e-05,1,0.6917059389139357,0.11484634286803745,0.0021367605730913905,0.27843816842384084,2.67240882821956,0.5258,0.008625540382252285,0.0603862070800141,False,-0.06901174746226638,modeled_qpu
routing,9,9,24,qaoa_transfer,stressed,16,6.465444962141248,6.4016021439551976,True,4.208309110254049e-05,1,0.6917059389139357,0.11484634286803745,0.0021367605730913905,0.27843816842384084,2.67240882821956,5.1232,0.008625540382252285,0.5883807837815295,True,-2.5970063241637815,modeled_qpu
routing,9,9,24,qaoa_transfer,optimistic,64,8.108810953411089,6.4016021439551976,True,4.208309110254049e-05,1,0.6917059389139357,0.11484634286803745,0.0021367605730913905,0.27843816842384084,2.67240882821956,0.01314,0.23065395521835078,0.0015090809452860121,False,-0.2321630361636368,modeled_qpu
routing,9,9,24,qaoa_transfer,nominal,64,8.108810953411089,6.4016021439551976,True,4.208309110254049e-05,1,0.6917059389139357,0.11484634286803745,0.0021367605730913905,0.27843816842384084,2.67240882821956,0.5282,0.23065395521835078,0.06066183830289738,False,-0.29131579352124815,modeled_qpu
routing,9,9,24,qaoa_transfer,stressed,64,8.108810953411089,6.4016021439551976,True,4.208309110254049e-05,1,0.6917059389139357,0.11484634286803745,0.0021367605730913905,0.27843816842384084,2.67240882821956,5.1328,0.23065395521835078,0.5894833086730625,True,-2.8201372638914135,modeled_qpu
routing,9,9,24,qaoa_transfer,optimistic,256,6.4016021439551976,6.4016021439551976,True,4.208309110254049e-05,1,0.6917059389139357,0.11484634286803745,0.0021367605730913905,0.27843816842384084,2.67240882821956,0.01506,0.0,0.001729585923592644,False,-0.001729585923592644,modeled_qpu
routing,9,9,24,qaoa_transfer,nominal,256,6.4016021439551976,6.4016021439551976,True,4.208309110254049e-05,1,0.6917059389139357,0.11484634286803745,0.0021367605730913905,0.27843816842384084,2.67240882821956,0.5378000000000001,0.0,0.06176436319443055,False,-0.06176436319443055,modeled_qpu
routing,9,9,24,qaoa_transfer,stressed,256,6.4016021439551976,6.4016021439551976,True,4.208309110254049e-05,1,0.6917059389139357,0.11484634286803745,0.0021367605730913905,0.27843816842384084,2.67240882821956,5.1712,0.0,0.5938934082391952,True,-2.5938934082391953,modeled_qpu
routing,9,9,24,qaoa_transfer,optimistic,1024,6.4016021439551976,6.4016021439551976,True,4.208309110254049e-05,1,0.6917059389139357,0.11484634286803745,0.0021367605730913905,0.27843816842384084,2.67240882821956,0.022740000000000003,0.0,0.002611605836819172,False,-0.002611605836819172,modeled_qpu
routing,9,9,24,qaoa_transfer,nominal,1024,6.4016021439551976,6.4016021439551976,True,4.208309110254049e-05,1,0.6917059389139357,0.11484634286803745,0.0021367605730913905,0.27843816842384084,2.67240882821956,0.5762,0.0,0.06617446276056319,False,-0.06617446276056319,modeled_qpu
routing,9,9,24,qaoa_transfer,stressed,1024,6.4016021439551976,6.4016021439551976,True,4.208309110254049e-05,1,0.6917059389139357,0.11484634286803745,0.0021367605730913905,0.27843816842384084,2.67240882821956,5.3248,0.0,0.6115338065037258,True,-2.6115338065037257,modeled_qpu
routing,9,9,25,qaoa_transfer,optimistic,16,16.165328105210477,7.466149845372773,False,4.095898475497961e-05,1,0.9276489925492178,0.0727839441660608,0.0021154020831631007,0.27843816842384084,2.67240882821956,0.012660000000000001,1.0275247212394067,0.0009214447331423297,False,-6.028446165972549,modeled_qpu
routing,9,9,25,qaoa_transfer,nominal,16,16.165328105210477,7.466149845372773,False,4.095898475497961e-05,1,0.9276489925492178,0.0727839441660608,0.0021154020831631007,0.27843816842384084,2.67240882821956,0.5258,1.0275247212394067,0.03826979784251477,False,-6.065794519081921,modeled_qpu
routing,9,9,25,qaoa_transfer,stressed,16,16.165328105210477,7.466149845372773,False,4.095898475497961e-05,1,0.9276489925492178,0.0727839441660608,0.0021154020831631007,0.27843816842384084,2.67240882821956,5.1232,1.0275247212394067,0.37288670275156266,True,-8.40041142399097,modeled_qpu
routing,9,9,25,qaoa_transfer,optimistic,64,9.08023540958949,7.466149845372773,True,4.095898475497961e-05,1,0.9276489925492178,0.0727839441660608,0.0021154020831631007,0.27843816842384084,2.67240882821956,0.01314,0.19065166500672143,0.0009563810263420389,False,-0.19160804603306347,modeled_qpu
routing,9,9,25,qaoa_transfer,nominal,64,9.08023540958949,7.466149845372773,True,4.095898475497961e-05,1,0.9276489925492178,0.0727839441660608,0.0021154020831631007,0.27843816842384084,2.67240882821956,0.5282,0.19065166500672143,0.03844447930851331,False,-0.22909614431523473,modeled_qpu
routing,9,9,25,qaoa_transfer,stressed,64,9.08023540958949,7.466149845372773,True,4.095898475497961e-05,1,0.9276489925492178,0.0727839441660608,0.0021154020831631007,0.27843816842384084,2.67240882821956,5.1328,0.19065166500672143,0.3735854286155568,True,-2.5642370936222783,modeled_qpu
routing,9,9,25,qaoa_transfer,optimistic,256,7.590944939414119,7.466149845372773,True,4.095898475497961e-05,1,0.9276489925492178,0.0727839441660608,0.0021154020831631007,0.27843816842384084,2.67240882821956,0.01506,0.014740477822933123,0.0010961261991408757,False,-0.015836604022074,modeled_qpu
routing,9,9,25,qaoa_transfer,nominal,256,7.590944939414119,7.466149845372773,True,4.095898475497961e-05,1,0.9276489925492178,0.0727839441660608,0.0021154020831631007,0.27843816842384084,2.67240882821956,0.5378000000000001,0.014740477822933123,0.0391432051725075,False,-0.05388368299544062,modeled_qpu
routing,9,9,25,qaoa_transfer,stressed,256,7.590944939414119,7.466149845372773,True,4.095898475497961e-05,1,0.9276489925492178,0.0727839441660608,0.0021154020831631007,0.27843816842384084,2.67240882821956,5.1712,0.014740477822933123,0.37638033207153354,True,-2.3911208098944665,modeled_qpu
routing,9,9,25,qaoa_transfer,optimistic,1024,7.466149845372773,7.466149845372773,True,4.095898475497961e-05,1,0.9276489925492178,0.0727839441660608,0.0021154020831631007,0.27843816842384084,2.67240882821956,0.022740000000000003,0.0,0.0016551068903362227,False,-0.0016551068903362227,modeled_qpu
routing,9,9,25,qaoa_transfer,nominal,1024,7.466149845372773,7.466149845372773,True,4.095898475497961e-05,1,0.9276489925492178,0.0727839441660608,0.0021154020831631007,0.27843816842384084,2.67240882821956,0.5762,0.0,0.04193810862848423,False,-0.04193810862848423,modeled_qpu
routing,9,9,25,qaoa_transfer,stressed,1024,7.466149845372773,7.466149845372773,True,4.095898475497961e-05,1,0.9276489925492178,0.0727839441660608,0.0021154020831631007,0.27843816842384084,2.67240882821956,5.3248,0.0,0.3875599458954405,True,-2.3875599458954406,modeled_qpu
routing,9,9,26,qaoa_transfer,optimistic,16,23.335096173821043,5.3496847312022116,False,4.070904105901718e-05,1,0.6181697204117448,0.1117136758208832,0.002143319411370852,0.27843816842384084,2.67240882821956,0.012660000000000001,2.832488887871695,0.0014142951358923814,False,-7.833903183007587,modeled_qpu
routing,9,9,26,qaoa_transfer,nominal,16,23.335096173821043,5.3496847312022116,False,4.070904105901718e-05,1,0.6181697204117448,0.1117136758208832,0.002143319411370852,0.27843816842384084,2.67240882821956,0.5258,2.832488887871695,0.058739050746620385,False,-7.891227938618315,modeled_qpu
routing,9,9,26,qaoa_transfer,stressed,16,23.335096173821043,5.3496847312022116,False,4.070904105901718e-05,1,0.6181697204117448,0.1117136758208832,0.002143319411370852,0.27843816842384084,2.67240882821956,5.1232,2.832488887871695,0.5723315039655488,True,-10.404820391837244,modeled_qpu
routing,9,9,26,qaoa_transfer,optimistic,64,23.533874548683986,5.3496847312022116,False,4.070904105901718e-05,1,0.6181697204117448,0.1117136758208832,0.002143319411370852,0.27843816842384084,2.67240882821956,0.01314,2.8637941232145057,0.0014679177002864053,False,-7.865262040914792,modeled_qpu
routing,9,9,26,qaoa_transfer,nominal,64,23.533874548683986,5.3496847312022116,False,4.070904105901718e-05,1,0.6181697204117448,0.1117136758208832,0.002143319411370852,0.27843816842384084,2.67240882821956,0.5282,2.8637941232145057,0.0590071635685905,False,-7.922801286783097,modeled_qpu
routing,9,9,26,qaoa_transfer,stressed,64,23.533874548683986,5.3496847312022116,False,4.070904105901718e-05,1,0.6181697204117448,0.1117136758208832,0.002143319411370852,0.27843816842384084,2.67240882821956,5.1328,2.8637941232145057,0.5734039552534292,True,-10.437198078467935,modeled_qpu
routing,9,9,26,qaoa_transfer,optimistic,256,5.3496847312022116,5.3496847312022116,True,4.070904105901718e-05,1,0.6181697204117448,0.1117136758208832,0.002143319411370852,0.27843816842384084,2.67240882821956,0.01506,0.0,0.001682407957862501,False,-0.001682407957862501,modeled_qpu
routing,9,9,26,qaoa_transfer,nominal,256,5.3496847312022116,5.3496847312022116,True,4.070904105901718e-05,1,0.6181697204117448,0.1117136758208832,0.002143319411370852,0.27843816842384084,2.67240882821956,0.5378000000000001,0.0,0.06007961485647099,False,-0.06007961485647099,modeled_qpu
routing,9,9,26,qaoa_transfer,stressed,256,5.3496847312022116,5.3496847312022116,True,4.070904105901718e-05,1,0.6181697204117448,0.1117136758208832,0.002143319411370852,0.27843816842384084,2.67240882821956,5.1712,0.0,0.5776937604049511,True,-2.577693760404951,modeled_qpu
routing,9,9,26,qaoa_transfer,optimistic,1024,5.3496847312022116,5.3496847312022116,True,4.070904105901718e-05,1,0.6181697204117448,0.1117136758208832,0.002143319411370852,0.27843816842384084,2.67240882821956,0.022740000000000003,0.0,0.002540368988166884,False,-0.002540368988166884,modeled_qpu
routing,9,9,26,qaoa_transfer,nominal,1024,5.3496847312022116,5.3496847312022116,True,4.070904105901718e-05,1,0.6181697204117448,0.1117136758208832,0.002143319411370852,0.27843816842384084,2.67240882821956,0.5762,0.0,0.0643694200079929,False,-0.0643694200079929,modeled_qpu
routing,9,9,26,qaoa_transfer,stressed,1024,5.3496847312022116,5.3496847312022116,True,4.070904105901718e-05,1,0.6181697204117448,0.1117136758208832,0.002143319411370852,0.27843816842384084,2.67240882821956,5.3248,0.0,0.5948529810110388,True,-2.594852981011039,modeled_qpu
routing,9,9,27,qaoa_transfer,optimistic,16,7.63704127282762,6.637668284924448,True,4.5166932977735996e-05,1,0.7216065106837067,0.12105191601070348,0.0021206365405170347,0.27843816842384084,2.67240882821956,0.012660000000000001,0.1308479172728379,0.0015325172566955062,False,-0.1323804345295334,modeled_qpu
routing,9,9,27,qaoa_transfer,nominal,16,7.63704127282762,6.637668284924448,True,4.5166932977735996e-05,1,0.7216065106837067,0.12105191601070348,0.0021206365405170347,0.27843816842384084,2.67240882821956,0.5258,0.1308479172728379,0.06364909743842789,False,-0.1944970147112658,modeled_qpu
routing,9,9,27,qaoa_transfer,stressed,16,7.63704127282762,6.637668284924448,True,4.5166932977735996e-05,1,0.7216065106837067,0.12105191601070348,0.0021206365405170347,0.27843816842384084,2.67240882821956,5.1232,0.1308479172728379,0.6201731761060361,True,-2.751021093378874,modeled_qpu
routing,9,9,27,qaoa_transfer,optimistic,64,7.356352919617356,6.637668284924448,True,4.5166932977735996e-05,1,0.7216065106837067,0.12105191601070348,0.0021206365405170347,0.27843816842384084,2.67240882821956,0.01314,0.09409738782600413,0.0015906221763806437,False,-0.09568801000238478,modeled_qpu
routing,9,9,27,qaoa_transfer,nominal,64,7.356352919617356,6.637668284924448,True,4.5166932977735996e-05,1,0.7216065106837067,0.12105191601070348,0.0021206365405170347,0.27843816842384084,2.67240882821956,0.5282,0.09409738782600413,0.06393962203685358,False,-0.1580370098628577,modeled_qpu
routing,9,9,27,qaoa_transfer,stressed,64,7.356352919617356,6.637668284924448,True,4.5166932977735996e-05,1,0.7216065106837067,0.12105191601070348,0.0021206365405170347,0.27843816842384084,2.67240882821956,5.1328,0.09409738782600413,0.6213352744997388,True,-2.715432662325743,modeled_qpu
routing,9,9,27,qaoa_transfer,optimistic,256,6.7018212216133985,6.637668284924448,True,4.5166932977735996e-05,1,0.7216065106837067,0.12105191601070348,0.0021206365405170347,0.27843816842384084,2.67240882821956,0.01506,0.008399544768863315,0.0018230418551211944,False,-0.010222586623984509,modeled_qpu
routing,9,9,27,qaoa_transfer,nominal,256,6.7018212216133985,6.637668284924448,True,4.5166932977735996e-05,1,0.7216065106837067,0.12105191601070348,0.0021206365405170347,0.27843816842384084,2.67240882821956,0.5378000000000001,0.008399544768863315,0.06510172043055634,False,-0.07350126519941966,modeled_qpu
routing,9,9,27,qaoa_transfer,stressed,256,6.7018212216133985,6.637668284924448,True,4.5166932977735996e-05,1,0.7216065106837067,0.12105191601070348,0.0021206365405170347,0.27843816842384084,2.67240882821956,5.1712,0.008399544768863315,0.6259836680745497,True,-2.634383212843413,modeled_qpu
routing,9,9,27,qaoa_transfer,optimistic,1024,6.637668284924448,6.637668284924448,True,4.5166932977735996e-05,1,0.7216065106837067,0.12105191601070348,0.0021206365405170347,0.27843816842384084,2.67240882821956,0.022740000000000003,0.0,0.0027527205700833973,False,-0.0027527205700833973,modeled_qpu
routing,9,9,27,qaoa_transfer,nominal,1024,6.637668284924448,6.637668284924448,True,4.5166932977735996e-05,1,0.7216065106837067,0.12105191601070348,0.0021206365405170347,0.27843816842384084,2.67240882821956,0.5762,0.0,0.06975011400536735,False,-0.06975011400536735,modeled_qpu
routing,9,9,27,qaoa_transfer,stressed,1024,6.637668284924448,6.637668284924448,True,4.5166932977735996e-05,1,0.7216065106837067,0.12105191601070348,0.0021206365405170347,0.27843816842384084,2.67240882821956,5.3248,0.0,0.6445772423737939,True,-2.644577242373794,modeled_qpu
routing,9,9,28,qaoa_transfer,optimistic,16,27.482111863867683,5.438017542246594,False,4.129204899072647e-05,1,0.11950691156368383,0.06572276654870682,0.0021144278300245594,0.27843816842384084,2.67240882821956,0.012660000000000001,3.4240500553107593,0.0008320502245066284,False,-8.424882105535266,modeled_qpu
routing,9,9,28,qaoa_transfer,nominal,16,27.482111863867683,5.438017542246594,False,4.129204899072647e-05,1,0.11950691156368383,0.06572276654870682,0.0021144278300245594,0.27843816842384084,2.67240882821956,0.5258,3.4240500553107593,0.03455703065131005,True,-10.45860708596207,modeled_qpu
routing,9,9,28,qaoa_transfer,stressed,16,27.482111863867683,5.438017542246594,False,4.129204899072647e-05,1,0.11950691156368383,0.06572276654870682,0.0021144278300245594,0.27843816842384084,2.67240882821956,5.1232,3.4240500553107593,0.33671087758233476,True,-10.760760932893094,modeled_qpu
routing,9,9,28,qaoa_transfer,optimistic,64,5.438017542246594,5.438017542246594,True,4.129204899072647e-05,1,0.11950691156368383,0.06572276654870682,0.0021144278300245594,0.27843816842384084,2.67240882821956,0.01314,0.0,0.0008635971524500076,False,-0.0008635971524500076,modeled_qpu
routing,9,9,28,qaoa_transfer,nominal,64,5.438017542246594,5.438017542246594,True,4.129204899072647e-05,1,0.11950691156368383,0.06572276654870682,0.0021144278300245594,0.27843816842384084,2.67240882821956,0.5282,0.0,0.03471476529102694,True,-2.034714765291027,modeled_qpu
routing,9,9,28,qaoa_transfer,stressed,64,5.438017542246594,5.438017542246594,True,4.129204899072647e-05,1,0.11950691156368383,0.06572276654870682,0.0021144278300245594,0.27843816842384084,2.67240882821956,5.1328,0.0,0.33734181614120234,True,-2.3373418161412025,modeled_qpu
routing,9,9,28,qaoa_transfer,optimistic,256,11.457395840381311,5.438017542246594,False,4.129204899072647e-05,1,0.11950691156368383,0.06572276654870682,0.0021144278300245594,0.27843816842384084,2.67240882821956,0.01506,0.9349738888773221,0.0009897848642235246,False,-5.935963673741546,modeled_qpu
routing,9,9,28,qaoa_transfer,nominal,256,11.457395840381311,5.438017542246594,False,4.129204899072647e-05,1,0.11950691156368383,0.06572276654870682,0.0021144278300245594,0.27843816842384084,2.67240882821956,0.5378000000000001,0.9349738888773221,0.03534570384989453,True,-7.970319592727217,modeled_qpu
routing,9,9,28,qaoa_transfer,stressed,256,11.457395840381311,5.438017542246594,False,4.129204899072647e-05,1,0.11950691156368383,0.06572276654870682,0.0021144278300245594,0.27843816842384084,2.67240882821956,5.1712,0.9349738888773221,0.3398655703766727,True,-8.274839459253995,modeled_qpu
routing,9,9,28,qaoa_transfer,optimistic,1024,5.438017542246594,5.438017542246594,True,4.129204899072647e-05,1,0.11950691156368383,0.06572276654870682,0.0021144278300245594,0.27843816842384084,2.67240882821956,0.022740000000000003,0.0,0.0014945357113175933,False,-0.0014945357113175933,modeled_qpu
routing,9,9,28,qaoa_transfer,nominal,1024,5.438017542246594,5.438017542246594,True,4.129204899072647e-05,1,0.11950691156368383,0.06572276654870682,0.0021144278300245594,0.27843816842384084,2.67240882821956,0.5762,0.0,0.03786945808536487,True,-2.037869458085365,modeled_qpu
routing,9,9,28,qaoa_transfer,stressed,1024,5.438017542246594,5.438017542246594,True,4.129204899072647e-05,1,0.11950691156368383,0.06572276654870682,0.0021144278300245594,0.27843816842384084,2.67240882821956,5.3248,0.0,0.34996058731855406,True,-2.349960587318554,modeled_qpu
routing,9,9,29,qaoa_transfer,optimistic,16,26.028487231639108,5.647547221245621,False,4.058307968080044e-05,1,0.6250805884154437,0.13276215664635926,0.0021361100032912987,0.27843816842384084,2.67240882821956,0.012660000000000001,3.0659338447804956,0.0016807689031429084,False,-8.067614613683638,modeled_qpu
routing,9,9,29,qaoa_transfer,nominal,16,26.028487231639108,5.647547221245621,False,4.058307968080044e-05,1,0.6250805884154437,0.13276215664635926,0.0021361100032912987,0.27843816842384084,2.67240882821956,0.5258,3.0659338447804956,0.06980634196465571,False,-8.135740186745151,modeled_qpu
routing,9,9,29,qaoa_transfer,stressed,16,26.028487231639108,5.647547221245621,False,4.058307968080044e-05,1,0.6250805884154437,0.13276215664635926,0.0021361100032912987,0.27843816842384084,2.67240882821956,5.1232,3.0659338447804956,0.6801670809306277,True,-10.746100925711124,modeled_qpu
routing,9,9,29,qaoa_transfer,optimistic,64,6.338301489230484,5.647547221245621,True,4.058307968080044e-05,1,0.6250805884154437,0.13276215664635926,0.0021361100032912987,0.27843816842384084,2.67240882821956,0.01314,0.10391114872824159,0.0017444947383331607,False,-0.10565564346657474,modeled_qpu
routing,9,9,29,qaoa_transfer,nominal,64,6.338301489230484,5.647547221245621,True,4.058307968080044e-05,1,0.6250805884154437,0.13276215664635926,0.0021361100032912987,0.27843816842384084,2.67240882821956,0.5282,0.10391114872824159,0.07012497114060696,False,-0.17403611986884854,modeled_qpu
routing,9,9,29,qaoa_transfer,stressed,64,6.338301489230484,5.647547221245621,True,4.058307968080044e-05,1,0.6250805884154437,0.13276215664635926,0.0021361100032912987,0.27843816842384084,2.67240882821956,5.1328,0.10391114872824159,0.6814415976344328,True,-2.7853527463626744,modeled_qpu
routing,9,9,29,qaoa_transfer,optimistic,256,5.964261823027323,5.647547221245621,True,4.058307968080044e-05,1,0.6250805884154437,0.13276215664635926,0.0021361100032912987,0.27843816842384084,2.67240882821956,0.01506,0.047643828804928116,0.0019993980790941708,False,-0.049643226884022285,modeled_qpu
routing,9,9,29,qaoa_transfer,nominal,256,5.964261823027323,5.647547221245621,True,4.058307968080044e-05,1,0.6250805884154437,0.13276215664635926,0.0021361100032912987,0.27843816842384084,2.67240882821956,0.5378000000000001,0.047643828804928116,0.07139948784441202,False,-0.11904331664934015,modeled_qpu
routing,9,9,29,qaoa_transfer,stressed,256,5.964261823027323,5.647547221245621,True,4.058307968080044e-05,1,0.6250805884154437,0.13276215664635926,0.0021361100032912987,0.27843816842384084,2.67240882821956,5.1712,0.047643828804928116,0.686539664449653,True,-2.734183493254581,modeled_qpu
routing,9,9,29,qaoa_transfer,optimistic,1024,5.647547221245621,5.647547221245621,True,4.058307968080044e-05,1,0.6250805884154437,0.13276215664635926,0.0021361100032912987,0.27843816842384084,2.67240882821956,0.022740000000000003,0.0,0.00301901144213821,False,-0.00301901144213821,modeled_qpu
routing,9,9,29,qaoa_transfer,nominal,1024,5.647547221245621,5.647547221245621,True,4.058307968080044e-05,1,0.6250805884154437,0.13276215664635926,0.0021361100032912987,0.27843816842384084,2.67240882821956,0.5762,0.0,0.07649755465963222,False,-0.07649755465963222,modeled_qpu
routing,9,9,29,qaoa_transfer,stressed,1024,5.647547221245621,5.647547221245621,True,4.058307968080044e-05,1,0.6250805884154437,0.13276215664635926,0.0021361100032912987,0.27843816842384084,2.67240882821956,5.3248,0.0,0.7069319317105338,True,-2.7069319317105336,modeled_qpu
routing,12,12,15,qaoa_transfer,optimistic,16,12.983366089087047,5.4444217906487005,False,0.00018654204905033112,1,0.28029483564476987,0.07857199415592932,0.0011367936645745303,4.268225383786989,2.614610022471446,0.012660000000000001,1.1698402965147119,0.0009947214460140652,False,-6.1708350179607265,modeled_qpu
routing,12,12,15,qaoa_transfer,nominal,16,12.983366089087047,5.4444217906487005,False,0.00018654204905033112,1,0.28029483564476987,0.07857199415592932,0.0011367936645745303,4.268225383786989,2.614610022471446,0.5258,1.1698402965147119,0.04131315452718764,True,-8.211153451041898,modeled_qpu
routing,12,12,15,qaoa_transfer,stressed,16,12.983366089087047,5.4444217906487005,False,0.00018654204905033112,1,0.28029483564476987,0.07857199415592932,0.0011367936645745303,4.268225383786989,2.614610022471446,5.1232,1.1698402965147119,0.4025400404596571,True,-8.57238033697437,modeled_qpu
routing,12,12,15,qaoa_transfer,optimistic,64,15.029454597156509,5.4444217906487005,False,0.00018654204905033112,1,0.28029483564476987,0.07857199415592932,0.0011367936645745303,4.268225383786989,2.614610022471446,0.01314,1.4873379052277973,0.0010324360032089113,False,-6.488370341231006,modeled_qpu
routing,12,12,15,qaoa_transfer,nominal,64,15.029454597156509,5.4444217906487005,False,0.00018654204905033112,1,0.28029483564476987,0.07857199415592932,0.0011367936645745303,4.268225383786989,2.614610022471446,0.5282,1.4873379052277973,0.04150172731316187,True,-8.528839632540958,modeled_qpu
routing,12,12,15,qaoa_transfer,stressed,64,15.029454597156509,5.4444217906487005,False,0.00018654204905033112,1,0.28029483564476987,0.07857199415592932,0.0011367936645745303,4.268225383786989,2.614610022471446,5.1328,1.4873379052277973,0.403294331603554,True,-8.890632236831351,modeled_qpu
routing,12,12,15,qaoa_transfer,optimistic,256,5.776299911582498,5.4444217906487005,True,0.00018654204905033112,1,0.28029483564476987,0.07857199415592932,0.0011367936645745303,4.268225383786989,2.614610022471446,0.01506,0.051498510140254285,0.0011832942319882956,False,-0.05268180437224258,modeled_qpu
routing,12,12,15,qaoa_transfer,nominal,256,5.776299911582498,5.4444217906487005,True,0.00018654204905033112,1,0.28029483564476987,0.07857199415592932,0.0011367936645745303,4.268225383786989,2.614610022471446,0.5378000000000001,0.051498510140254285,0.04225601845705879,True,-2.093754528597313,modeled_qpu
routing,12,12,15,qaoa_transfer,stressed,256,5.776299911582498,5.4444217906487005,True,0.00018654204905033112,1,0.28029483564476987,0.07857199415592932,0.0011367936645745303,4.268225383786989,2.614610022471446,5.1712,0.051498510140254285,0.4063114961791417,True,-2.457810006319396,modeled_qpu
routing,12,12,15,qaoa_transfer,optimistic,1024,7.133948498156789,5.4444217906487005,True,0.00018654204905033112,1,0.28029483564476987,0.07857199415592932,0.0011367936645745303,4.268225383786989,2.614610022471446,0.022740000000000003,0.26216885895949704,0.0017867271471058328,False,-0.26395558610660286,modeled_qpu
routing,12,12,15,qaoa_transfer,nominal,1024,7.133948498156789,5.4444217906487005,True,0.00018654204905033112,1,0.28029483564476987,0.07857199415592932,0.0011367936645745303,4.268225383786989,2.614610022471446,0.5762,0.26216885895949704,0.04527318303264648,True,-2.3074420419921435,modeled_qpu
routing,12,12,15,qaoa_transfer,stressed,1024,7.133948498156789,5.4444217906487005,True,0.00018654204905033112,1,0.28029483564476987,0.07857199415592932,0.0011367936645745303,4.268225383786989,2.614610022471446,5.3248,0.26216885895949704,0.4183801544814924,True,-2.6805490134409897,modeled_qpu
routing,12,12,16,qaoa_transfer,optimistic,16,43.36698872146428,6.065167946315393,False,0.0001925000688061118,1,0.7224224322059125,0.08426765417721549,0.0009602109318432023,4.268225383786989,2.614610022471446,0.012660000000000001,5.2796792742347245,0.001066828501883548,False,-10.280746102736607,modeled_qpu
routing,12,12,16,qaoa_transfer,nominal,16,43.36698872146428,6.065167946315393,False,0.0001925000688061118,1,0.7224224322059125,0.08426765417721549,0.0009602109318432023,4.268225383786989,2.614610022471446,0.5258,5.2796792742347245,0.04430793256637991,False,-10.323987206801103,modeled_qpu
routing,12,12,16,qaoa_transfer,stressed,16,43.36698872146428,6.065167946315393,False,0.0001925000688061118,1,0.7224224322059125,0.08426765417721549,0.0009602109318432023,4.268225383786989,2.614610022471446,5.1232,5.2796792742347245,0.4317200458807104,True,-12.711399320115435,modeled_qpu
routing,12,12,16,qaoa_transfer,optimistic,64,7.287039465243579,6.065167946315393,True,0.0001925000688061118,1,0.7224224322059125,0.08426765417721549,0.0009602109318432023,4.268225383786989,2.614610022471446,0.01314,0.17294302530563524,0.0011072769758886116,False,-0.17405030228152385,modeled_qpu
routing,12,12,16,qaoa_transfer,nominal,64,7.287039465243579,6.065167946315393,True,0.0001925000688061118,1,0.7224224322059125,0.08426765417721549,0.0009602109318432023,4.268225383786989,2.614610022471446,0.5282,0.17294302530563524,0.044510174936405224,False,-0.21745320024204046,modeled_qpu
routing,12,12,16,qaoa_transfer,stressed,64,7.287039465243579,6.065167946315393,True,0.0001925000688061118,1,0.7224224322059125,0.08426765417721549,0.0009602109318432023,4.268225383786989,2.614610022471446,5.1328,0.17294302530563524,0.4325290153608116,True,-2.605472040666447,modeled_qpu
routing,12,12,16,qaoa_transfer,optimistic,256,6.784292759002665,6.065167946315393,True,0.0001925000688061118,1,0.7224224322059125,0.08426765417721549,0.0009602109318432023,4.268225383786989,2.614610022471446,0.01506,0.10178453196746838,0.0012690708719088654,False,-0.10305360283937724,modeled_qpu
routing,12,12,16,qaoa_transfer,nominal,256,6.784292759002665,6.065167946315393,True,0.0001925000688061118,1,0.7224224322059125,0.08426765417721549,0.0009602109318432023,4.268225383786989,2.614610022471446,0.5378000000000001,0.10178453196746838,0.045319144416506495,False,-0.14710367638397487,modeled_qpu
routing,12,12,16,qaoa_transfer,stressed,256,6.784292759002665,6.065167946315393,True,0.0001925000688061118,1,0.7224224322059125,0.08426765417721549,0.0009602109318432023,4.268225383786989,2.614610022471446,5.1712,0.10178453196746838,0.4357648932812167,True,-2.537549425248685,modeled_qpu
routing,12,12,16,qaoa_transfer,optimistic,1024,6.065167946315393,6.065167946315393,True,0.0001925000688061118,1,0.7224224322059125,0.08426765417721549,0.0009602109318432023,4.268225383786989,2.614610022471446,0.022740000000000003,0.0,0.0019162464559898805,False,-0.0019162464559898805,modeled_qpu
routing,12,12,16,qaoa_transfer,nominal,1024,6.065167946315393,6.065167946315393,True,0.0001925000688061118,1,0.7224224322059125,0.08426765417721549,0.0009602109318432023,4.268225383786989,2.614610022471446,0.5762,0.0,0.04855502233691157,False,-0.04855502233691157,modeled_qpu
routing,12,12,16,qaoa_transfer,stressed,1024,6.065167946315393,6.065167946315393,True,0.0001925000688061118,1,0.7224224322059125,0.08426765417721549,0.0009602109318432023,4.268225383786989,2.614610022471446,5.3248,0.0,0.44870840496283704,True,-2.448708404962837,modeled_qpu
routing,12,12,17,qaoa_transfer,optimistic,16,26.96880205262609,5.072353322148093,False,0.00017241702880710363,1,0.39210230179159816,0.04253523158373689,0.0011018379633761072,4.268225383786989,2.614610022471446,0.012660000000000001,3.6059246833700604,0.0005384960318501091,False,-8.606463179401912,modeled_qpu
routing,12,12,17,qaoa_transfer,nominal,16,26.96880205262609,5.072353322148093,False,0.00017241702880710363,1,0.39210230179159816,0.04253523158373689,0.0011018379633761072,4.268225383786989,2.614610022471446,0.5258,3.6059246833700604,0.022365024766728858,True,-10.62828970813679,modeled_qpu
routing,12,12,17,qaoa_transfer,stressed,16,26.96880205262609,5.072353322148093,False,0.00017241702880710363,1,0.39210230179159816,0.04253523158373689,0.0011018379633761072,4.268225383786989,2.614610022471446,5.1232,3.6059246833700604,0.21791649844980082,True,-10.823841181819862,modeled_qpu
routing,12,12,17,qaoa_transfer,optimistic,64,6.3620505113146,5.072353322148093,True,0.00017241702880710363,1,0.39210230179159816,0.04253523158373689,0.0011018379633761072,4.268225383786989,2.614610022471446,0.01314,0.21238836423804763,0.0005589129430103028,False,-0.21294727718105794,modeled_qpu
routing,12,12,17,qaoa_transfer,nominal,64,6.3620505113146,5.072353322148093,True,0.00017241702880710363,1,0.39210230179159816,0.04253523158373689,0.0011018379633761072,4.268225383786989,2.614610022471446,0.5282,0.21238836423804763,0.022467109322529825,True,-2.2348554735605775,modeled_qpu
routing,12,12,17,qaoa_transfer,stressed,64,6.3620505113146,5.072353322148093,True,0.00017241702880710363,1,0.39210230179159816,0.04253523158373689,0.0011018379633761072,4.268225383786989,2.614610022471446,5.1328,0.21238836423804763,0.2183248366730047,True,-2.430713200911052,modeled_qpu
routing,12,12,17,qaoa_transfer,optimistic,256,5.865082366624267,5.072353322148093,True,0.00017241702880710363,1,0.39210230179159816,0.04253523158373689,0.0011018379633761072,4.268225383786989,2.614610022471446,0.01506,0.1305472528393237,0.0006405805876510776,False,-0.13118783342697476,modeled_qpu
routing,12,12,17,qaoa_transfer,nominal,256,5.865082366624267,5.072353322148093,True,0.00017241702880710363,1,0.39210230179159816,0.04253523158373689,0.0011018379633761072,4.268225383786989,2.614610022471446,0.5378000000000001,0.1305472528393237,0.0228754475457337,True,-2.1534227003850575,modeled_qpu
routing,12,12,17,qaoa_transfer,stressed,256,5.865082366624267,5.072353322148093,True,0.00017241702880710363,1,0.39210230179159816,0.04253523158373689,0.0011018379633761072,4.268225383786989,2.614610022471446,5.1712,0.1305472528393237,0.2199581895658202,True,-2.3505054424051437,modeled_qpu
routing,12,12,17,qaoa_transfer,optimistic,1024,5.072353322148093,5.072353322148093,True,0.00017241702880710363,1,0.39210230179159816,0.04253523158373689,0.0011018379633761072,4.268225383786989,2.614610022471446,0.022740000000000003,0.0,0.0009672511662141771,False,-0.0009672511662141771,modeled_qpu
routing,12,12,17,qaoa_transfer,nominal,1024,5.072353322148093,5.072353322148093,True,0.00017241702880710363,1,0.39210230179159816,0.04253523158373689,0.0011018379633761072,4.268225383786989,2.614610022471446,0.5762,0.0,0.024508800438549198,True,-2.024508800438549,modeled_qpu
routing,12,12,17,qaoa_transfer,stressed,1024,5.072353322148093,5.072353322148093,True,0.00017241702880710363,1,0.39210230179159816,0.04253523158373689,0.0011018379633761072,4.268225383786989,2.614610022471446,5.3248,0.0,0.2264916011370822,True,-2.226491601137082,modeled_qpu
routing,12,12,18,qaoa_transfer,optimistic,16,42.53923243063155,6.449074310128199,False,0.00019595795311033726,1,0.4908483717548165,0.04277988964868747,0.0010790049078028597,4.268225383786989,2.614610022471446,0.012660000000000001,4.84491852516937,0.0005415934029523834,False,-9.845460118572321,modeled_qpu
routing,12,12,18,qaoa_transfer,nominal,16,42.53923243063155,6.449074310128199,False,0.00019595795311033726,1,0.4908483717548165,0.04277988964868747,0.0010790049078028597,4.268225383786989,2.614610022471446,0.5258,4.84491852516937,0.022493665977279875,True,-11.867412191146649,modeled_qpu
routing,12,12,18,qaoa_transfer,stressed,16,42.53923243063155,6.449074310128199,False,0.00019595795311033726,1,0.4908483717548165,0.04277988964868747,0.0010790049078028597,4.268225383786989,2.614610022471446,5.1232,4.84491852516937,0.21916993064815565,True,-12.064088455817524,modeled_qpu
routing,12,12,18,qaoa_transfer,optimistic,64,24.3951956370879,6.449074310128199,False,0.00019595795311033726,1,0.4908483717548165,0.04277988964868747,0.0010790049078028597,4.268225383786989,2.614610022471446,0.01314,2.4091746947079185,0.0005621277499837534,False,-7.409736822457901,modeled_qpu
routing,12,12,18,qaoa_transfer,nominal,64,24.3951956370879,6.449074310128199,False,0.00019595795311033726,1,0.4908483717548165,0.04277988964868747,0.0010790049078028597,4.268225383786989,2.614610022471446,0.5282,2.4091746947079185,0.022596337712436722,True,-9.431771032420354,modeled_qpu
routing,12,12,18,qaoa_transfer,stressed,64,24.3951956370879,6.449074310128199,False,0.00019595795311033726,1,0.4908483717548165,0.04277988964868747,0.0010790049078028597,4.268225383786989,2.614610022471446,5.1328,2.4091746947079185,0.21958061758878306,True,-9.6287553122967,modeled_qpu
routing,12,12,18,qaoa_transfer,optimistic,256,6.962196068553305,6.449074310128199,True,0.00019595795311033726,1,0.4908483717548165,0.04277988964868747,0.0010790049078028597,4.268225383786989,2.614610022471446,0.01506,0.06888396290092519,0.0006442651381092333,False,-0.06952822803903443,modeled_qpu
routing,12,12,18,qaoa_transfer,nominal,256,6.962196068553305,6.449074310128199,True,0.00019595795311033726,1,0.4908483717548165,0.04277988964868747,0.0010790049078028597,4.268225383786989,2.614610022471446,0.5378000000000001,0.06888396290092519,0.023007024653064125,True,-2.0918909875539895,modeled_qpu
routing,12,12,18,qaoa_transfer,stressed,256,6.962196068553305,6.449074310128199,True,0.00019595795311033726,1,0.4908483717548165,0.04277988964868747,0.0010790049078028597,4.268225383786989,2.614610022471446,5.1712,0.06888396290092519,0.22122336535129267,True,-2.2901073282522177,modeled_qpu
routing,12,12,18,qaoa_transfer,optimistic,1024,6.449074310128199,6.449074310128199,True,0.00019595795311033726,1,0.4908483717548165,0.04277988964868747,0.0010790049078028597,4.268225383786989,2.614610022471446,0.022740000000000003,0.0,0.0009728146906111532,False,-0.0009728146906111532,modeled_qpu
routing,12,12,18,qaoa_transfer,nominal,1024,6.449074310128199,6.449074310128199,True,0.00019595795311033726,1,0.4908483717548165,0.04277988964868747,0.0010790049078028597,4.268225383786989,2.614610022471446,0.5762,0.0,0.024649772415573725,True,-2.024649772415574,modeled_qpu
routing,12,12,18,qaoa_transfer,stressed,1024,6.449074310128199,6.449074310128199,True,0.00019595795311033726,1,0.4908483717548165,0.04277988964868747,0.0010790049078028597,4.268225383786989,2.614610022471446,5.3248,0.0,0.22779435640133106,True,-2.227794356401331,modeled_qpu
routing,12,12,19,qaoa_transfer,optimistic,16,23.95663084458946,5.973443594900447,False,0.00018229195848107338,1,0.8665481582118305,0.03222640667897417,0.001203800887327799,4.268225383786989,2.614610022471446,0.012660000000000001,2.5788101681699684,0.000407986308555813,False,-7.579218154478524,modeled_qpu
routing,12,12,19,qaoa_transfer,nominal,16,23.95663084458946,5.973443594900447,False,0.00018229195848107338,1,0.8665481582118305,0.03222640667897417,0.001203800887327799,4.268225383786989,2.614610022471446,0.5258,2.5788101681699684,0.016944644631804617,False,-7.595754812801773,modeled_qpu
routing,12,12,19,qaoa_transfer,stressed,16,23.95663084458946,5.973443594900447,False,0.00018229195848107338,1,0.8665481582118305,0.03222640667897417,0.001203800887327799,4.268225383786989,2.614610022471446,5.1232,2.5788101681699684,0.16510232669772046,True,-9.74391249486769,modeled_qpu
routing,12,12,19,qaoa_transfer,optimistic,64,25.187864853698827,5.973443594900447,False,0.00018229195848107338,1,0.8665481582118305,0.03222640667897417,0.001203800887327799,4.268225383786989,2.614610022471446,0.01314,2.755370570839569,0.0004234549837617206,False,-7.75579402582333,modeled_qpu
routing,12,12,19,qaoa_transfer,nominal,64,25.187864853698827,5.973443594900447,False,0.00018229195848107338,1,0.8665481582118305,0.03222640667897417,0.001203800887327799,4.268225383786989,2.614610022471446,0.5282,2.755370570839569,0.017021988007834155,False,-7.772392558847403,modeled_qpu
routing,12,12,19,qaoa_transfer,stressed,64,25.187864853698827,5.973443594900447,False,0.00018229195848107338,1,0.8665481582118305,0.03222640667897417,0.001203800887327799,4.268225383786989,2.614610022471446,5.1328,2.755370570839569,0.1654117002018386,True,-9.920782271041407,modeled_qpu
routing,12,12,19,qaoa_transfer,optimistic,256,7.755755634249784,5.973443594900447,True,0.00018229195848107338,1,0.8665481582118305,0.03222640667897417,0.001203800887327799,4.268225383786989,2.614610022471446,0.01506,0.25558563930347267,0.000485329684585351,False,-0.25607096898805803,modeled_qpu
routing,12,12,19,qaoa_transfer,nominal,256,7.755755634249784,5.973443594900447,True,0.00018229195848107338,1,0.8665481582118305,0.03222640667897417,0.001203800887327799,4.268225383786989,2.614610022471446,0.5378000000000001,0.25558563930347267,0.01733136151195231,False,-0.27291700081542497,modeled_qpu
routing,12,12,19,qaoa_transfer,stressed,256,7.755755634249784,5.973443594900447,True,0.00018229195848107338,1,0.8665481582118305,0.03222640667897417,0.001203800887327799,4.268225383786989,2.614610022471446,5.1712,0.25558563930347267,0.1666491942183112,True,-2.422234833521784,modeled_qpu
routing,12,12,19,qaoa_transfer,optimistic,1024,5.973443594900447,5.973443594900447,True,0.00018229195848107338,1,0.8665481582118305,0.03222640667897417,0.001203800887327799,4.268225383786989,2.614610022471446,0.022740000000000003,0.0,0.0007328284878798727,False,-0.0007328284878798727,modeled_qpu
routing,12,12,19,qaoa_transfer,nominal,1024,5.973443594900447,5.973443594900447,True,0.00018229195848107338,1,0.8665481582118305,0.03222640667897417,0.001203800887327799,4.268225383786989,2.614610022471446,0.5762,0.0,0.018568855528424917,False,-0.018568855528424917,modeled_qpu
routing,12,12,19,qaoa_transfer,stressed,1024,5.973443594900447,5.973443594900447,True,0.00018229195848107338,1,0.8665481582118305,0.03222640667897417,0.001203800887327799,4.268225383786989,2.614610022471446,5.3248,0.0,0.17159917028420163,True,-2.1715991702842015,modeled_qpu
routing,12,12,20,qaoa_transfer,optimistic,16,26.67268586439971,4.151950195058666,False,0.00017933303024619818,1,0.865831837895541,0.056271280115854916,0.0012975280945849885,4.268225383786989,2.614610022471446,0.012660000000000001,4.3713030632441106,0.0007123944062667233,False,-9.372015457650376,modeled_qpu
routing,12,12,20,qaoa_transfer,nominal,16,26.67268586439971,4.151950195058666,False,0.00017933303024619818,1,0.865831837895541,0.056271280115854916,0.0012975280945849885,4.268225383786989,2.614610022471446,0.5258,4.3713030632441106,0.02958743908491652,False,-9.400890502329027,modeled_qpu
routing,12,12,20,qaoa_transfer,stressed,16,26.67268586439971,4.151950195058666,False,0.00017933303024619818,1,0.865831837895541,0.056271280115854916,0.0012975280945849885,4.268225383786989,2.614610022471446,5.1232,4.3713030632441106,0.2882890222895479,True,-11.659592085533658,modeled_qpu
routing,12,12,20,qaoa_transfer,optimistic,64,5.475994369365058,4.151950195058666,True,0.00017933303024619818,1,0.865831837895541,0.056271280115854916,0.0012975280945849885,4.268225383786989,2.614610022471446,0.01314,0.2569986362788032,0.0007394046207223336,False,-0.2577380408995255,modeled_qpu
routing,12,12,20,qaoa_transfer,nominal,64,5.475994369365058,4.151950195058666,True,0.00017933303024619818,1,0.865831837895541,0.056271280115854916,0.0012975280945849885,4.268225383786989,2.614610022471446,0.5282,0.2569986362788032,0.029722490157194567,False,-0.2867211264359978,modeled_qpu
routing,12,12,20,qaoa_transfer,stressed,64,5.475994369365058,4.151950195058666,True,0.00017933303024619818,1,0.865831837895541,0.056271280115854916,0.0012975280945849885,4.268225383786989,2.614610022471446,5.1328,0.2569986362788032,0.2888292265786601,True,-2.5458278628574633,modeled_qpu
routing,12,12,20,qaoa_transfer,optimistic,256,6.413996050408316,4.151950195058666,True,0.00017933303024619818,1,0.865831837895541,0.056271280115854916,0.0012975280945849885,4.268225383786989,2.614610022471446,0.01506,0.43906594002388083,0.000847445478544775,False,-0.4399133855024256,modeled_qpu
routing,12,12,20,qaoa_transfer,nominal,256,6.413996050408316,4.151950195058666,True,0.00017933303024619818,1,0.865831837895541,0.056271280115854916,0.0012975280945849885,4.268225383786989,2.614610022471446,0.5378000000000001,0.43906594002388083,0.030262694446306776,False,-0.4693286344701876,modeled_qpu
routing,12,12,20,qaoa_transfer,stressed,256,6.413996050408316,4.151950195058666,True,0.00017933303024619818,1,0.865831837895541,0.056271280115854916,0.0012975280945849885,4.268225383786989,2.614610022471446,5.1712,0.43906594002388083,0.29099004373510895,True,-2.73005598375899,modeled_qpu
routing,12,12,20,qaoa_transfer,optimistic,1024,4.460661694806837,4.151950195058666,True,0.00017933303024619818,1,0.865831837895541,0.056271280115854916,0.0012975280945849885,4.268225383786989,2.614610022471446,0.022740000000000003,0.059921289620435705,0.001279608909834541,False,-0.06120089853027025,modeled_qpu
routing,12,12,20,qaoa_transfer,nominal,1024,4.460661694806837,4.151950195058666,True,0.00017933303024619818,1,0.865831837895541,0.056271280115854916,0.0012975280945849885,4.268225383786989,2.614610022471446,0.5762,0.059921289620435705,0.032423511602755604,False,-0.0923448012231913,modeled_qpu
routing,12,12,20,qaoa_transfer,stressed,1024,4.460661694806837,4.151950195058666,True,0.00017933303024619818,1,0.865831837895541,0.056271280115854916,0.0012975280945849885,4.268225383786989,2.614610022471446,5.3248,0.059921289620435705,0.29963331236090424,True,-2.35955460198134,modeled_qpu
routing,12,12,21,qaoa_transfer,optimistic,16,10.668965313382316,8.479639683257494,True,0.00017945794388651848,1,0.36517202548935784,0.07787975837165405,0.0010277823078131945,4.268225383786989,2.614610022471446,0.012660000000000001,0.23095030014606027,0.0009859577409851404,False,-0.23193625788704542,modeled_qpu
routing,12,12,21,qaoa_transfer,nominal,16,10.668965313382316,8.479639683257494,True,0.00017945794388651848,1,0.36517202548935784,0.07787975837165405,0.0010277823078131945,4.268225383786989,2.614610022471446,0.5258,0.23095030014606027,0.0409491769518157,True,-2.271899477097876,modeled_qpu
routing,12,12,21,qaoa_transfer,stressed,16,10.668965313382316,8.479639683257494,True,0.00017945794388651848,1,0.36517202548935784,0.07787975837165405,0.0010277823078131945,4.268225383786989,2.614610022471446,5.1232,0.23095030014606027,0.398993578089658,True,-2.6299438782357183,modeled_qpu
routing,12,12,21,qaoa_transfer,optimistic,64,8.88839587375425,8.479639683257494,False,0.00017945794388651848,1,0.36517202548935784,0.07787975837165405,0.0010277823078131945,4.268225383786989,2.614610022471446,0.01314,0.043119380499100926,0.0010233400250035342,False,-5.044142720524104,modeled_qpu
routing,12,12,21,qaoa_transfer,nominal,64,8.88839587375425,8.479639683257494,False,0.00017945794388651848,1,0.36517202548935784,0.07787975837165405,0.0010277823078131945,4.268225383786989,2.614610022471446,0.5282,0.043119380499100926,0.041136088371907666,True,-7.084255468871008,modeled_qpu
routing,12,12,21,qaoa_transfer,stressed,64,8.88839587375425,8.479639683257494,False,0.00017945794388651848,1,0.36517202548935784,0.07787975837165405,0.0010277823078131945,4.268225383786989,2.614610022471446,5.1328,0.043119380499100926,0.39974122377002586,True,-7.442860604269127,modeled_qpu
routing,12,12,21,qaoa_transfer,optimistic,256,10.668965313382316,8.479639683257494,True,0.00017945794388651848,1,0.36517202548935784,0.07787975837165405,0.0010277823078131945,4.268225383786989,2.614610022471446,0.01506,0.23095030014606027,0.00117286916107711,False,-0.2321231693071374,modeled_qpu
routing,12,12,21,qaoa_transfer,nominal,256,10.668965313382316,8.479639683257494,True,0.00017945794388651848,1,0.36517202548935784,0.07787975837165405,0.0010277823078131945,4.268225383786989,2.614610022471446,0.5378000000000001,0.23095030014606027,0.04188373405227555,True,-2.2728340341983357,modeled_qpu
routing,12,12,21,qaoa_transfer,stressed,256,10.668965313382316,8.479639683257494,True,0.00017945794388651848,1,0.36517202548935784,0.07787975837165405,0.0010277823078131945,4.268225383786989,2.614610022471446,5.1712,0.23095030014606027,0.4027318064914974,True,-2.6336821066375578,modeled_qpu
routing,12,12,21,qaoa_transfer,optimistic,1024,8.479639683257494,8.479639683257494,True,0.00017945794388651848,1,0.36517202548935784,0.07787975837165405,0.0010277823078131945,4.268225383786989,2.614610022471446,0.022740000000000003,0.0,0.0017709857053714133,False,-0.0017709857053714133,modeled_qpu
routing,12,12,21,qaoa_transfer,nominal,1024,8.479639683257494,8.479639683257494,True,0.00017945794388651848,1,0.36517202548935784,0.07787975837165405,0.0010277823078131945,4.268225383786989,2.614610022471446,0.5762,0.0,0.044874316773747064,True,-2.044874316773747,modeled_qpu
routing,12,12,21,qaoa_transfer,stressed,1024,8.479639683257494,8.479639683257494,True,0.00017945794388651848,1,0.36517202548935784,0.07787975837165405,0.0010277823078131945,4.268225383786989,2.614610022471446,5.3248,0.0,0.4146941373773835,True,-2.4146941373773836,modeled_qpu
routing,12,12,22,qaoa_transfer,optimistic,16,27.176563948467205,5.903359879922351,False,0.0001877499744296074,1,0.5297963273129453,0.054494099668333566,0.0008766652206137198,4.268225383786989,2.614610022471446,0.012660000000000001,3.08157251520605,0.000689895301801103,False,-8.082262410507852,modeled_qpu
routing,12,12,22,qaoa_transfer,nominal,16,27.176563948467205,5.903359879922351,False,0.0001877499744296074,1,0.5297963273129453,0.054494099668333566,0.0008766652206137198,4.268225383786989,2.614610022471446,0.5258,3.08157251520605,0.02865299760560979,False,-8.11022551281166,modeled_qpu
routing,12,12,22,qaoa_transfer,stressed,16,27.176563948467205,5.903359879922351,False,0.0001877499744296074,1,0.5297963273129453,0.054494099668333566,0.0008766652206137198,4.268225383786989,2.614610022471446,5.1232,3.08157251520605,0.27918417142080654,True,-10.360756686626857,modeled_qpu
routing,12,12,22,qaoa_transfer,optimistic,64,9.130040061200667,5.903359879922351,True,0.0001877499744296074,1,0.5297963273129453,0.054494099668333566,0.0008766652206137198,4.268225383786989,2.614610022471446,0.01314,0.4674072100257664,0.0007160524696419031,False,-0.4681232624954083,modeled_qpu
routing,12,12,22,qaoa_transfer,nominal,64,9.130040061200667,5.903359879922351,True,0.0001877499744296074,1,0.5297963273129453,0.054494099668333566,0.0008766652206137198,4.268225383786989,2.614610022471446,0.5282,0.4674072100257664,0.02878378344481379,False,-0.4961909934705802,modeled_qpu
routing,12,12,22,qaoa_transfer,stressed,64,9.130040061200667,5.903359879922351,True,0.0001877499744296074,1,0.5297963273129453,0.054494099668333566,0.0008766652206137198,4.268225383786989,2.614610022471446,5.1328,0.4674072100257664,0.2797073147776225,True,-2.747114524803389,modeled_qpu
routing,12,12,22,qaoa_transfer,optimistic,256,6.005240184429592,5.903359879922351,True,0.0001877499744296074,1,0.5297963273129453,0.054494099668333566,0.0008766652206137198,4.268225383786989,2.614610022471446,0.01506,0.014758075238631065,0.0008206811410051035,False,-0.015578756379636169,modeled_qpu
routing,12,12,22,qaoa_transfer,nominal,256,6.005240184429592,5.903359879922351,True,0.0001877499744296074,1,0.5297963273129453,0.054494099668333566,0.0008766652206137198,4.268225383786989,2.614610022471446,0.5378000000000001,0.014758075238631065,0.029306926801629794,True,-2.0440650020402606,modeled_qpu
routing,12,12,22,qaoa_transfer,stressed,256,6.005240184429592,5.903359879922351,True,0.0001877499744296074,1,0.5297963273129453,0.054494099668333566,0.0008766652206137198,4.268225383786989,2.614610022471446,5.1712,0.014758075238631065,0.28179988820488655,True,-2.296557963443518,modeled_qpu
routing,12,12,22,qaoa_transfer,optimistic,1024,5.903359879922351,5.903359879922351,True,0.0001877499744296074,1,0.5297963273129453,0.054494099668333566,0.0008766652206137198,4.268225383786989,2.614610022471446,0.022740000000000003,0.0,0.0012391958264579054,False,-0.0012391958264579054,modeled_qpu
routing,12,12,22,qaoa_transfer,nominal,1024,5.903359879922351,5.903359879922351,True,0.0001877499744296074,1,0.5297963273129453,0.054494099668333566,0.0008766652206137198,4.268225383786989,2.614610022471446,0.5762,0.0,0.031399500228893804,True,-2.031399500228894,modeled_qpu
routing,12,12,22,qaoa_transfer,stressed,1024,5.903359879922351,5.903359879922351,True,0.0001877499744296074,1,0.5297963273129453,0.054494099668333566,0.0008766652206137198,4.268225383786989,2.614610022471446,5.3248,0.0,0.29017018191394256,True,-2.2901701819139424,modeled_qpu
routing,12,12,23,qaoa_transfer,optimistic,16,50.111564540581114,3.946681767835954,False,0.00017383298836648464,1,0.36877423563333955,0.13012069329651796,0.0009930778945669747,4.268225383786989,2.614610022471446,0.012660000000000001,9.332494981366288,0.0016473279771339175,False,-14.334142309343422,modeled_qpu
routing,12,12,23,qaoa_transfer,nominal,16,50.111564540581114,3.946681767835954,False,0.00017383298836648464,1,0.36877423563333955,0.13012069329651796,0.0009930778945669747,4.268225383786989,2.614610022471446,0.5258,9.332494981366288,0.06841746053530914,True,-16.400912441901596,modeled_qpu
routing,12,12,23,qaoa_transfer,stressed,16,50.111564540581114,3.946681767835954,False,0.00017383298836648464,1,0.36877423563333955,0.13012069329651796,0.0009930778945669747,4.268225383786989,2.614610022471446,5.1232,9.332494981366288,0.6666343358967207,True,-16.99912931726301,modeled_qpu
routing,12,12,23,qaoa_transfer,optimistic,64,4.9411418972216925,3.946681767835954,True,0.00017383298836648464,1,0.36877423563333955,0.13012069329651796,0.0009930778945669747,4.268225383786989,2.614610022471446,0.01314,0.2010358005748143,0.001709785909916246,False,-0.20274558648473054,modeled_qpu
routing,12,12,23,qaoa_transfer,nominal,64,4.9411418972216925,3.946681767835954,True,0.00017383298836648464,1,0.36877423563333955,0.13012069329651796,0.0009930778945669747,4.268225383786989,2.614610022471446,0.5282,0.2010358005748143,0.06872975019922078,True,-2.269765550774035,modeled_qpu
routing,12,12,23,qaoa_transfer,stressed,64,4.9411418972216925,3.946681767835954,True,0.00017383298836648464,1,0.36877423563333955,0.13012069329651796,0.0009930778945669747,4.268225383786989,2.614610022471446,5.1328,0.2010358005748143,0.6678834945523673,True,-2.8689192951271814,modeled_qpu
routing,12,12,23,qaoa_transfer,optimistic,256,4.400059886177554,3.946681767835954,True,0.00017383298836648464,1,0.36877423563333955,0.13012069329651796,0.0009930778945669747,4.268225383786989,2.614610022471446,0.01506,0.09165297862691127,0.0019596176410455607,False,-0.09361259626795683,modeled_qpu
routing,12,12,23,qaoa_transfer,nominal,256,4.400059886177554,3.946681767835954,True,0.00017383298836648464,1,0.36877423563333955,0.13012069329651796,0.0009930778945669747,4.268225383786989,2.614610022471446,0.5378000000000001,0.09165297862691127,0.06997890885486736,True,-2.1616318874817786,modeled_qpu
routing,12,12,23,qaoa_transfer,stressed,256,4.400059886177554,3.946681767835954,True,0.00017383298836648464,1,0.36877423563333955,0.13012069329651796,0.0009930778945669747,4.268225383786989,2.614610022471446,5.1712,0.09165297862691127,0.6728801291749537,True,-2.764533107801865,modeled_qpu
routing,12,12,23,qaoa_transfer,optimistic,1024,3.946681767835954,3.946681767835954,True,0.00017383298836648464,1,0.36877423563333955,0.13012069329651796,0.0009930778945669747,4.268225383786989,2.614610022471446,0.022740000000000003,0.0,0.0029589445655628186,False,-0.0029589445655628186,modeled_qpu
routing,12,12,23,qaoa_transfer,nominal,1024,3.946681767835954,3.946681767835954,True,0.00017383298836648464,1,0.36877423563333955,0.13012069329651796,0.0009930778945669747,4.268225383786989,2.614610022471446,0.5762,0.0,0.07497554347745365,True,-2.0749755434774535,modeled_qpu
routing,12,12,23,qaoa_transfer,stressed,1024,3.946681767835954,3.946681767835954,True,0.00017383298836648464,1,0.36877423563333955,0.13012069329651796,0.0009930778945669747,4.268225383786989,2.614610022471446,5.3248,0.0,0.6928666676652988,True,-2.6928666676652986,modeled_qpu
routing,12,12,24,qaoa_transfer,optimistic,16,7.3715113644247925,5.069363213760779,False,0.0001836660085245967,1,0.6277353407522543,0.1387346101079778,0.0009657432101525216,4.268225383786989,2.614610022471446,0.012660000000000001,0.3793063735985453,0.0017563801639669991,False,-5.381062753762513,modeled_qpu
routing,12,12,24,qaoa_transfer,nominal,16,7.3715113644247925,5.069363213760779,False,0.0001836660085245967,1,0.6277353407522543,0.1387346101079778,0.0009657432101525216,4.268225383786989,2.614610022471446,0.5258,0.3793063735985453,0.07294665799477473,False,-5.452253031593321,modeled_qpu
routing,12,12,24,qaoa_transfer,stressed,16,7.3715113644247925,5.069363213760779,False,0.0001836660085245967,1,0.6277353407522543,0.1387346101079778,0.0009657432101525216,4.268225383786989,2.614610022471446,5.1232,0.3793063735985453,0.7107651545051918,True,-8.090071528103739,modeled_qpu
routing,12,12,24,qaoa_transfer,optimistic,64,7.17548988748299,5.069363213760779,True,0.0001836660085245967,1,0.6277353407522543,0.1387346101079778,0.0009657432101525216,4.268225383786989,2.614610022471446,0.01314,0.34700949663831127,0.0018229727768188284,False,-0.3488324694151301,modeled_qpu
routing,12,12,24,qaoa_transfer,nominal,64,7.17548988748299,5.069363213760779,True,0.0001836660085245967,1,0.6277353407522543,0.1387346101079778,0.0009657432101525216,4.268225383786989,2.614610022471446,0.5282,0.34700949663831127,0.07327962105903388,False,-0.4202891176973451,modeled_qpu
routing,12,12,24,qaoa_transfer,stressed,64,7.17548988748299,5.069363213760779,True,0.0001836660085245967,1,0.6277353407522543,0.1387346101079778,0.0009657432101525216,4.268225383786989,2.614610022471446,5.1328,0.34700949663831127,0.7120970067622284,True,-3.05910650340054,modeled_qpu
routing,12,12,24,qaoa_transfer,optimistic,256,5.942101211736863,5.069363213760779,True,0.0001836660085245967,1,0.6277353407522543,0.1387346101079778,0.0009657432101525216,4.268225383786989,2.614610022471446,0.01506,0.14379399736653864,0.002089343228226146,False,-0.1458833405947648,modeled_qpu
routing,12,12,24,qaoa_transfer,nominal,256,5.942101211736863,5.069363213760779,True,0.0001836660085245967,1,0.6277353407522543,0.1387346101079778,0.0009657432101525216,4.268225383786989,2.614610022471446,0.5378000000000001,0.14379399736653864,0.07461147331607047,False,-0.21840547068260913,modeled_qpu
routing,12,12,24,qaoa_transfer,stressed,256,5.942101211736863,5.069363213760779,True,0.0001836660085245967,1,0.6277353407522543,0.1387346101079778,0.0009657432101525216,4.268225383786989,2.614610022471446,5.1712,0.14379399736653864,0.7174244157903747,True,-2.861218413156913,modeled_qpu
routing,12,12,24,qaoa_transfer,optimistic,1024,6.302751889506907,5.069363213760779,True,0.0001836660085245967,1,0.6277353407522543,0.1387346101079778,0.0009657432101525216,4.268225383786989,2.614610022471446,0.022740000000000003,0.2032154992717728,0.003154825033855416,False,-0.2063703243056282,modeled_qpu
routing,12,12,24,qaoa_transfer,nominal,1024,6.302751889506907,5.069363213760779,True,0.0001836660085245967,1,0.6277353407522543,0.1387346101079778,0.0009657432101525216,4.268225383786989,2.614610022471446,0.5762,0.2032154992717728,0.07993888234421681,False,-0.2831543816159896,modeled_qpu
routing,12,12,24,qaoa_transfer,stressed,1024,6.302751889506907,5.069363213760779,True,0.0001836660085245967,1,0.6277353407522543,0.1387346101079778,0.0009657432101525216,4.268225383786989,2.614610022471446,5.3248,0.2032154992717728,0.7387340519029602,True,-2.9419495511747327,modeled_qpu
routing,12,12,25,qaoa_transfer,optimistic,16,36.495136597053275,6.8447769173922035,False,0.0001795829739421606,1,0.45297654656650815,0.1485849753945896,0.0009768591541549165,4.268225383786989,2.614610022471446,0.012660000000000001,3.7796307010241383,0.0018810857884955044,False,-8.781511786812635,modeled_qpu
routing,12,12,25,qaoa_transfer,nominal,16,36.495136597053275,6.8447769173922035,False,0.0001795829739421606,1,0.45297654656650815,0.1485849753945896,0.0009768591541549165,4.268225383786989,2.614610022471446,0.5258,3.7796307010241383,0.07812598006247522,True,-10.857756681086615,modeled_qpu
routing,12,12,25,qaoa_transfer,stressed,16,36.495136597053275,6.8447769173922035,False,0.0001795829739421606,1,0.45297654656650815,0.1485849753945896,0.0009768591541549165,4.268225383786989,2.614610022471446,5.1232,3.7796307010241383,0.7612305459415614,True,-11.5408612469657,modeled_qpu
routing,12,12,25,qaoa_transfer,optimistic,64,17.27512813548461,6.8447769173922035,False,0.0001795829739421606,1,0.45297654656650815,0.1485849753945896,0.0009768591541549165,4.268225383786989,2.614610022471446,0.01314,1.3295918198728987,0.0019524065766849074,False,-6.331544226449584,modeled_qpu
routing,12,12,25,qaoa_transfer,nominal,64,17.27512813548461,6.8447769173922035,False,0.0001795829739421606,1,0.45297654656650815,0.1485849753945896,0.0009768591541549165,4.268225383786989,2.614610022471446,0.5282,1.3295918198728987,0.07848258400342223,True,-8.408074403876322,modeled_qpu
routing,12,12,25,qaoa_transfer,stressed,64,17.27512813548461,6.8447769173922035,False,0.0001795829739421606,1,0.45297654656650815,0.1485849753945896,0.0009768591541549165,4.268225383786989,2.614610022471446,5.1328,1.3295918198728987,0.7626569617053494,True,-9.092248781578249,modeled_qpu
routing,12,12,25,qaoa_transfer,optimistic,256,7.371829568112777,6.8447769173922035,True,0.0001795829739421606,1,0.45297654656650815,0.1485849753945896,0.0009768591541549165,4.268225383786989,2.614610022471446,0.01506,0.06718516743950687,0.002237689729442519,False,-0.06942285716894939,modeled_qpu
routing,12,12,25,qaoa_transfer,nominal,256,7.371829568112777,6.8447769173922035,True,0.0001795829739421606,1,0.45297654656650815,0.1485849753945896,0.0009768591541549165,4.268225383786989,2.614610022471446,0.5378000000000001,0.06718516743950687,0.07990899976721029,True,-2.147094167206717,modeled_qpu
routing,12,12,25,qaoa_transfer,stressed,256,7.371829568112777,6.8447769173922035,True,0.0001795829739421606,1,0.45297654656650815,0.1485849753945896,0.0009768591541549165,4.268225383786989,2.614610022471446,5.1712,0.06718516743950687,0.7683626247605017,True,-2.8355477922000087,modeled_qpu
routing,12,12,25,qaoa_transfer,optimistic,1024,7.553542730490962,6.8447769173922035,True,0.0001795829739421606,1,0.45297654656650815,0.1485849753945896,0.0009768591541549165,4.268225383786989,2.614610022471446,0.022740000000000003,0.09034875313374365,0.0033788223404729676,False,-0.09372757547421662,modeled_qpu
routing,12,12,25,qaoa_transfer,nominal,1024,7.553542730490962,6.8447769173922035,True,0.0001795829739421606,1,0.45297654656650815,0.1485849753945896,0.0009768591541549165,4.268225383786989,2.614610022471446,0.5762,0.09034875313374365,0.08561466282236253,True,-2.1759634159561063,modeled_qpu
routing,12,12,25,qaoa_transfer,stressed,1024,7.553542730490962,6.8447769173922035,True,0.0001795829739421606,1,0.45297654656650815,0.1485849753945896,0.0009768591541549165,4.268225383786989,2.614610022471446,5.3248,0.09034875313374365,0.7911852769811106,True,-2.8815340301148544,modeled_qpu
routing,12,12,26,qaoa_transfer,optimistic,16,35.515095374716054,4.967402280510866,False,0.0001716669648885727,1,0.3517079214930923,0.119173446156055,0.0010731920160633596,4.268225383786989,2.614610022471446,0.012660000000000001,5.11909398063742,0.0015087358283356566,False,-10.120602716465756,modeled_qpu
routing,12,12,26,qaoa_transfer,nominal,16,35.515095374716054,4.967402280510866,False,0.0001716669648885727,1,0.3517079214930923,0.119173446156055,0.0010731920160633596,4.268225383786989,2.614610022471446,0.5258,5.11909398063742,0.06266139798885373,True,-12.181755378626274,modeled_qpu
routing,12,12,26,qaoa_transfer,stressed,16,35.515095374716054,4.967402280510866,False,0.0001716669648885727,1,0.3517079214930923,0.119173446156055,0.0010731920160633596,4.268225383786989,2.614610022471446,5.1232,5.11909398063742,0.6105493993467009,True,-12.72964337998412,modeled_qpu
routing,12,12,26,qaoa_transfer,optimistic,64,12.004077482001426,4.967402280510866,False,0.0001716669648885727,1,0.3517079214930923,0.119173446156055,0.0010731920160633596,4.268225383786989,2.614610022471446,0.01314,1.179185660814567,0.001565939082490563,False,-6.180751599897057,modeled_qpu
routing,12,12,26,qaoa_transfer,nominal,64,12.004077482001426,4.967402280510866,False,0.0001716669648885727,1,0.3517079214930923,0.119173446156055,0.0010731920160633596,4.268225383786989,2.614610022471446,0.5282,1.179185660814567,0.06294741425962826,True,-8.242133075074197,modeled_qpu
routing,12,12,26,qaoa_transfer,stressed,64,12.004077482001426,4.967402280510866,False,0.0001716669648885727,1,0.3517079214930923,0.119173446156055,0.0010731920160633596,4.268225383786989,2.614610022471446,5.1328,1.179185660814567,0.6116934644297991,True,-8.790879125244366,modeled_qpu
routing,12,12,26,qaoa_transfer,optimistic,256,5.8909793215246875,4.967402280510866,True,0.0001716669648885727,1,0.3517079214930923,0.119173446156055,0.0010731920160633596,4.268225383786989,2.614610022471446,0.01506,0.15477036700377347,0.0017947520991101885,False,-0.15656511910288365,modeled_qpu
routing,12,12,26,qaoa_transfer,nominal,256,5.8909793215246875,4.967402280510866,True,0.0001716669648885727,1,0.3517079214930923,0.119173446156055,0.0010731920160633596,4.268225383786989,2.614610022471446,0.5378000000000001,0.15477036700377347,0.06409147934272638,True,-2.2188618463465,modeled_qpu
routing,12,12,26,qaoa_transfer,stressed,256,5.8909793215246875,4.967402280510866,True,0.0001716669648885727,1,0.3517079214930923,0.119173446156055,0.0010731920160633596,4.268225383786989,2.614610022471446,5.1712,0.15477036700377347,0.6162697247621917,True,-2.771040091765965,modeled_qpu
routing,12,12,26,qaoa_transfer,optimistic,1024,4.967402280510866,4.967402280510866,True,0.0001716669648885727,1,0.3517079214930923,0.119173446156055,0.0010731920160633596,4.268225383786989,2.614610022471446,0.022740000000000003,0.0,0.002710004165588691,False,-0.002710004165588691,modeled_qpu
routing,12,12,26,qaoa_transfer,nominal,1024,4.967402280510866,4.967402280510866,True,0.0001716669648885727,1,0.3517079214930923,0.119173446156055,0.0010731920160633596,4.268225383786989,2.614610022471446,0.5762,0.0,0.0686677396751189,True,-2.068667739675119,modeled_qpu
routing,12,12,26,qaoa_transfer,stressed,1024,4.967402280510866,4.967402280510866,True,0.0001716669648885727,1,0.3517079214930923,0.119173446156055,0.0010731920160633596,4.268225383786989,2.614610022471446,5.3248,0.0,0.6345747660917617,True,-2.6345747660917618,modeled_qpu
routing,12,12,27,qaoa_transfer,optimistic,16,10.510990405390698,10.286059532813173,False,0.00017787492834031582,1,0.7396872495847301,0.07301229616685806,0.0011265943474718283,4.268225383786989,2.614610022471446,0.012660000000000001,0.019929973958010744,0.0009243356694724231,False,-5.020854309627483,modeled_qpu
routing,12,12,27,qaoa_transfer,nominal,16,10.510990405390698,10.286059532813173,False,0.00017787492834031582,1,0.7396872495847301,0.07301229616685806,0.0011265943474718283,4.268225383786989,2.614610022471446,0.5258,0.019929973958010744,0.03838986532453397,False,-5.058319839282545,modeled_qpu
routing,12,12,27,qaoa_transfer,stressed,16,10.510990405390698,10.286059532813173,False,0.00017787492834031582,1,0.7396872495847301,0.07301229616685806,0.0011265943474718283,4.268225383786989,2.614610022471446,5.1232,0.019929973958010744,0.3740565957220472,True,-7.393986569680058,modeled_qpu
routing,12,12,27,qaoa_transfer,optimistic,64,10.652111918159935,10.286059532813173,False,0.00017787492834031582,1,0.7396872495847301,0.07301229616685806,0.0011265943474718283,4.268225383786989,2.614610022471446,0.01314,0.03243402928032578,0.0009593815716325149,False,-5.033393410851959,modeled_qpu
routing,12,12,27,qaoa_transfer,nominal,64,10.652111918159935,10.286059532813173,False,0.00017787492834031582,1,0.7396872495847301,0.07301229616685806,0.0011265943474718283,4.268225383786989,2.614610022471446,0.5282,0.03243402928032578,0.03856509483533443,False,-5.0709991241156605,modeled_qpu
routing,12,12,27,qaoa_transfer,stressed,64,10.652111918159935,10.286059532813173,False,0.00017787492834031582,1,0.7396872495847301,0.07301229616685806,0.0011265943474718283,4.268225383786989,2.614610022471446,5.1328,0.03243402928032578,0.374757513765249,True,-7.407191543045575,modeled_qpu
routing,12,12,27,qaoa_transfer,optimistic,256,10.614595754596046,10.286059532813173,True,0.00017787492834031582,1,0.7396872495847301,0.07301229616685806,0.0011265943474718283,4.268225383786989,2.614610022471446,0.01506,0.02910991394540176,0.0010995651802728824,False,-0.030209479125674645,modeled_qpu
routing,12,12,27,qaoa_transfer,nominal,256,10.614595754596046,10.286059532813173,True,0.00017787492834031582,1,0.7396872495847301,0.07301229616685806,0.0011265943474718283,4.268225383786989,2.614610022471446,0.5378000000000001,0.02910991394540176,0.03926601287853627,False,-0.06837592682393803,modeled_qpu
routing,12,12,27,qaoa_transfer,stressed,256,10.614595754596046,10.286059532813173,True,0.00017787492834031582,1,0.7396872495847301,0.07301229616685806,0.0011265943474718283,4.268225383786989,2.614610022471446,5.1712,0.02910991394540176,0.3775611859380564,True,-2.406671099883458,modeled_qpu
routing,12,12,27,qaoa_transfer,optimistic,1024,10.376414910329768,10.286059532813173,True,0.00017787492834031582,1,0.7396872495847301,0.07301229616685806,0.0011265943474718283,4.268225383786989,2.614610022471446,0.022740000000000003,0.00800592777788339,0.0016602996148343525,False,-0.009666227392717741,modeled_qpu
routing,12,12,27,qaoa_transfer,nominal,1024,10.376414910329768,10.286059532813173,True,0.00017787492834031582,1,0.7396872495847301,0.07301229616685806,0.0011265943474718283,4.268225383786989,2.614610022471446,0.5762,0.00800592777788339,0.04206968505134362,False,-0.05007561282922701,modeled_qpu
routing,12,12,27,qaoa_transfer,stressed,1024,10.376414910329768,10.286059532813173,True,0.00017787492834031582,1,0.7396872495847301,0.07301229616685806,0.0011265943474718283,4.268225383786989,2.614610022471446,5.3248,0.00800592777788339,0.38877587462928576,True,-2.396781802407169,modeled_qpu
routing,12,12,28,qaoa_transfer,optimistic,16,28.621654047890072,8.336936641128187,False,0.0001750420778989792,1,0.9412183127569321,0.08782509128350247,0.0009681933566346653,4.268225383786989,2.614610022471446,0.012660000000000001,2.172523835859603,0.0011118656556491414,False,-7.173635701515252,modeled_qpu
routing,12,12,28,qaoa_transfer,nominal,16,28.621654047890072,8.336936641128187,False,0.0001750420778989792,1,0.9412183127569321,0.08782509128350247,0.0009681933566346653,4.268225383786989,2.614610022471446,0.5258,2.172523835859603,0.0461784329968656,False,-7.218702268856468,modeled_qpu
routing,12,12,28,qaoa_transfer,stressed,16,28.621654047890072,8.336936641128187,False,0.0001750420778989792,1,0.9412183127569321,0.08782509128350247,0.0009681933566346653,4.268225383786989,2.614610022471446,5.1232,2.172523835859603,0.44994550766363983,True,-9.622469343523242,modeled_qpu
routing,12,12,28,qaoa_transfer,optimistic,64,9.953887319770054,8.336936641128187,True,0.0001750420778989792,1,0.9412183127569321,0.08782509128350247,0.0009681933566346653,4.268225383786989,2.614610022471446,0.01314,0.17317785701997548,0.0011540216994652224,False,-0.1743318787194407,modeled_qpu
routing,12,12,28,qaoa_transfer,nominal,64,9.953887319770054,8.336936641128187,True,0.0001750420778989792,1,0.9412183127569321,0.08782509128350247,0.0009681933566346653,4.268225383786989,2.614610022471446,0.5282,0.17317785701997548,0.046389213215946,False,-0.21956707023592148,modeled_qpu
routing,12,12,28,qaoa_transfer,stressed,64,9.953887319770054,8.336936641128187,True,0.0001750420778989792,1,0.9412183127569321,0.08782509128350247,0.0009681933566346653,4.268225383786989,2.614610022471446,5.1328,0.17317785701997548,0.45078862853996143,True,-2.623966485559937,modeled_qpu
routing,12,12,28,qaoa_transfer,optimistic,256,9.989682767836005,8.336936641128187,True,0.0001750420778989792,1,0.9412183127569321,0.08782509128350247,0.0009681933566346653,4.268225383786989,2.614610022471446,0.01506,0.17701160350897657,0.0013226458747295472,False,-0.17833424938370612,modeled_qpu
routing,12,12,28,qaoa_transfer,nominal,256,9.989682767836005,8.336936641128187,True,0.0001750420778989792,1,0.9412183127569321,0.08782509128350247,0.0009681933566346653,4.268225383786989,2.614610022471446,0.5378000000000001,0.17701160350897657,0.04723233409226763,False,-0.2242439376012442,modeled_qpu
routing,12,12,28,qaoa_transfer,stressed,256,9.989682767836005,8.336936641128187,True,0.0001750420778989792,1,0.9412183127569321,0.08782509128350247,0.0009681933566346653,4.268225383786989,2.614610022471446,5.1712,0.17701160350897657,0.45416111204524795,True,-2.6311727155542246,modeled_qpu
routing,12,12,28,qaoa_transfer,optimistic,1024,8.336936641128187,8.336936641128187,True,0.0001750420778989792,1,0.9412183127569321,0.08782509128350247,0.0009681933566346653,4.268225383786989,2.614610022471446,0.022740000000000003,0.0,0.0019971425757868465,False,-0.0019971425757868465,modeled_qpu
routing,12,12,28,qaoa_transfer,nominal,1024,8.336936641128187,8.336936641128187,True,0.0001750420778989792,1,0.9412183127569321,0.08782509128350247,0.0009681933566346653,4.268225383786989,2.614610022471446,0.5762,0.0,0.05060481759755413,False,-0.05060481759755413,modeled_qpu
routing,12,12,28,qaoa_transfer,stressed,1024,8.336936641128187,8.336936641128187,True,0.0001750420778989792,1,0.9412183127569321,0.08782509128350247,0.0009681933566346653,4.268225383786989,2.614610022471446,5.3248,0.0,0.4676510460663939,True,-2.467651046066394,modeled_qpu
routing,12,12,29,qaoa_transfer,optimistic,16,8.015086248422783,6.090002020028917,True,0.0001723750028759241,1,0.8104338567266488,0.13964974567429725,0.0009792571984592678,4.268225383786989,2.614610022471446,0.012660000000000001,0.2715209703686395,0.0017679657802366032,False,-0.27328893614887606,modeled_qpu
routing,12,12,29,qaoa_transfer,nominal,16,8.015086248422783,6.090002020028917,True,0.0001723750028759241,1,0.8104338567266488,0.13964974567429725,0.0009792571984592678,4.268225383786989,2.614610022471446,0.5258,0.2715209703686395,0.0734278362755455,False,-0.344948806644185,modeled_qpu
routing,12,12,29,qaoa_transfer,stressed,16,8.015086248422783,6.090002020028917,True,0.0001723750028759241,1,0.8104338567266488,0.13964974567429725,0.0009792571984592678,4.268225383786989,2.614610022471446,5.1232,0.2715209703686395,0.7154535770385596,True,-2.986974547407199,modeled_qpu
routing,12,12,29,qaoa_transfer,optimistic,64,7.929209934623502,6.090002020028917,True,0.0001723750028759241,1,0.8104338567266488,0.13964974567429725,0.0009792571984592678,4.268225383786989,2.614610022471446,0.01314,0.25940865875621905,0.001834997658160266,False,-0.2612436564143793,modeled_qpu
routing,12,12,29,qaoa_transfer,nominal,64,7.929209934623502,6.090002020028917,True,0.0001723750028759241,1,0.8104338567266488,0.13964974567429725,0.0009792571984592678,4.268225383786989,2.614610022471446,0.5282,0.25940865875621905,0.07376299566516381,False,-0.33317165442138286,modeled_qpu
routing,12,12,29,qaoa_transfer,stressed,64,7.929209934623502,6.090002020028917,True,0.0001723750028759241,1,0.8104338567266488,0.13964974567429725,0.0009792571984592678,4.268225383786989,2.614610022471446,5.1328,0.25940865875621905,0.7167942145970329,True,-2.9762028733532517,modeled_qpu
routing,12,12,29,qaoa_transfer,optimistic,256,6.090002020028917,6.090002020028917,True,0.0001723750028759241,1,0.8104338567266488,0.13964974567429725,0.0009792571984592678,4.268225383786989,2.614610022471446,0.01506,0.0,0.0021031251698549165,False,-0.0021031251698549165,modeled_qpu
routing,12,12,29,qaoa_transfer,nominal,256,6.090002020028917,6.090002020028917,True,0.0001723750028759241,1,0.8104338567266488,0.13964974567429725,0.0009792571984592678,4.268225383786989,2.614610022471446,0.5378000000000001,0.0,0.07510363322363707,False,-0.07510363322363707,modeled_qpu
routing,12,12,29,qaoa_transfer,stressed,256,6.090002020028917,6.090002020028917,True,0.0001723750028759241,1,0.8104338567266488,0.13964974567429725,0.0009792571984592678,4.268225383786989,2.614610022471446,5.1712,0.0,0.722156764830926,True,-2.7221567648309257,modeled_qpu
routing,12,12,29,qaoa_transfer,optimistic,1024,6.090002020028917,6.090002020028917,True,0.0001723750028759241,1,0.8104338567266488,0.13964974567429725,0.0009792571984592678,4.268225383786989,2.614610022471446,0.022740000000000003,0.0,0.0031756352166335197,False,-0.0031756352166335197,modeled_qpu
routing,12,12,29,qaoa_transfer,nominal,1024,6.090002020028917,6.090002020028917,True,0.0001723750028759241,1,0.8104338567266488,0.13964974567429725,0.0009792571984592678,4.268225383786989,2.614610022471446,0.5762,0.0,0.08046618345753008,False,-0.08046618345753008,modeled_qpu
routing,12,12,29,qaoa_transfer,stressed,1024,6.090002020028917,6.090002020028917,True,0.0001723750028759241,1,0.8104338567266488,0.13964974567429725,0.0009792571984592678,4.268225383786989,2.614610022471446,5.3248,0.0,0.743606965766498,True,-2.743606965766498,modeled_qpu
