station,window,method,computed_solution,applied_solution,fallback,delay_evidence,delay_s,deadline_s,deadline_miss,next_cost,next_max_effective_load,next_mean_effective_load,switches
12560,0,milp,105,105,none,measured_local,0.03168754104990512,0.3,False,1.0121814694022708,0.10628499257004265,0.0812917914205569,4
12560,0,task_specific,210,210,none,measured_local,7.954193279147148e-05,0.3,False,1.3185341279534155,0.1260155108039125,0.0870015874716196,4
12560,0,rolling,170,170,none,measured_local,2.416083589196205e-06,0.3,False,1.0515489844577095,0.1084695799117244,0.08215744121782137,0
12560,0,qaoa_transfer,105,170,retain_previous,trace_replayed_qpu,3801.491,0.3,True,1.0515489844577095,0.1084695799117244,0.08215744121782137,0
12560,1,milp,105,105,none,measured_local,0.03172762494068593,0.3,False,1.038360192249637,0.11688202196914163,0.08485453673505677,0
12560,1,task_specific,83,83,none,measured_local,7.074989844113588e-05,0.3,False,1.3741846430529332,0.13227600331118253,0.09241159847159515,2
12560,1,rolling,170,170,none,measured_local,2.749962732195854e-06,0.3,False,1.0734320155974808,0.1100116754852922,0.08583872461144273,0
12560,1,qaoa_transfer,150,170,retain_previous,trace_replayed_qpu,4050.243,0.3,True,1.0734320155974808,0.1100116754852922,0.08583872461144273,0
12560,2,milp,150,150,none,measured_local,0.03384112496860325,0.3,False,1.0268325890588565,0.1101212041203127,0.08252150480624093,8
12560,2,task_specific,209,209,none,measured_local,6.762496195733547e-05,0.3,False,1.2754423069477774,0.11949517985574776,0.08855027306398006,2
12560,2,rolling,170,170,none,measured_local,1.7919810488820076e-06,0.3,False,1.062333820449676,0.10693965914117545,0.08339830038993701,0
12560,2,qaoa_transfer,105,170,retain_previous,trace_replayed_qpu,4558.6302,0.3,True,1.062333820449676,0.10693965914117545,0.08339830038993701,0
12560,3,milp,150,150,none,measured_local,0.03154595801606774,0.3,False,1.008681904909607,0.1044679599480435,0.07919581472647141,0
12560,3,task_specific,210,210,none,measured_local,6.820808630436659e-05,0.3,False,1.3163403849136732,0.1256032809562029,0.08616164156030354,2
12560,3,rolling,170,170,none,measured_local,1.7909333109855652e-06,0.3,False,1.0397924415144724,0.10386751619533152,0.0800833455112419,0
12560,3,qaoa_transfer,150,170,retain_previous,trace_replayed_qpu,5322.757020000019,0.3,True,1.0397924415144724,0.10386751619533152,0.0800833455112419,0
12560,4,milp,150,150,none,measured_local,0.033181875012815,0.3,False,0.9945560244529745,0.1001571129464936,0.07707954762274016,0
12560,4,task_specific,83,83,none,measured_local,6.216601468622684e-05,0.3,False,1.3080466787860685,0.11501448613103209,0.08445635969010831,2
12560,4,rolling,170,170,none,measured_local,1.5409896150231361e-06,0.3,False,1.0241867474302182,0.1012049162138239,0.07785731103786182,0
12560,4,qaoa_transfer,105,170,retain_previous,trace_replayed_qpu,6057.925400000011,0.3,True,1.0241867474302182,0.1012049162138239,0.07785731103786182,0
12560,5,milp,150,150,none,measured_local,0.03263162495568395,0.3,False,0.8810518391653523,0.07952824714575504,0.05332640061132436,0
12560,5,task_specific,210,210,none,measured_local,6.17919722571969e-05,0.3,False,1.1541285614444001,0.08996075100658124,0.0606654397880389,2
12560,5,rolling,170,170,none,measured_local,1.5419209375977516e-06,0.3,False,0.8937687896199878,0.07523266729547598,0.05406716868575546,0
12560,5,qaoa_transfer,150,170,retain_previous,trace_replayed_qpu,6972.2684,0.3,True,0.8937687896199878,0.07523266729547598,0.05406716868575546,0
12560,6,milp,85,85,none,measured_local,0.03188979206606746,0.3,False,0.7322082802877773,0.05723883160948373,0.025991080233264165,4
12560,6,task_specific,83,83,none,measured_local,6.391701754182577e-05,0.3,False,0.9255244939768903,0.05326470549565157,0.03219710819080574,2
12560,6,rolling,170,170,none,measured_local,1.5420373529195786e-06,0.3,False,0.736591735646758,0.056368552236774574,0.026494219740499696,0
12560,6,qaoa_transfer,150,170,retain_previous,trace_replayed_qpu,8713.00816,0.3,True,0.736591735646758,0.056368552236774574,0.026494219740499696,0
12560,7,milp,150,150,none,measured_local,0.03320783295203,0.3,False,0.6940494268838886,0.04873434681488826,0.020346800443785944,4
12560,7,task_specific,83,83,none,measured_local,6.566604133695364e-05,0.3,False,0.8745460044911992,0.03844737010071194,0.025288112349422256,0
12560,7,rolling,170,170,none,measured_local,1.6249250620603561e-06,0.3,False,0.6957612018357354,0.037588590901240004,0.020564793391168946,0
12560,7,qaoa_transfer,150,170,retain_previous,trace_replayed_qpu,10522.01418,0.3,True,0.6957612018357354,0.037588590901240004,0.020564793391168946,0
12560,8,milp,85,85,none,measured_local,0.03561258397530764,0.3,False,0.673724910946855,0.03089696825336825,0.017130138149111775,4
12560,8,task_specific,83,83,none,measured_local,6.87920255586505e-05,0.3,False,0.8540690867663296,0.035818464264407775,0.021863650112279982,0
12560,8,rolling,170,170,none,measured_local,1.6669509932398796e-06,0.3,False,0.6760762718169805,0.03213972205475307,0.017394030045893384,0
12560,8,qaoa_transfer,150,170,retain_previous,trace_replayed_qpu,12618.543799999981,0.3,True,0.6760762718169805,0.03213972205475307,0.017394030045893384,0
12560,9,milp,150,150,none,measured_local,0.03483033401425928,0.3,False,0.9248759197010259,0.08240717846572349,0.06682362913736947,4
12560,9,task_specific,83,83,none,measured_local,6.258406210690737e-05,0.3,False,1.1990087292426552,0.09195795799897992,0.07167672716915824,0
12560,9,rolling,170,170,none,measured_local,2.0830193534493446e-06,0.3,False,0.9487652624358538,0.08411393439159995,0.06722690679542451,0
12560,9,qaoa_transfer,150,170,retain_previous,trace_replayed_qpu,15199.442000000001,0.3,True,0.9487652624358538,0.08411393439159995,0.06722690679542451,0
12560,10,milp,150,150,none,measured_local,0.03338204196188599,0.3,False,0.9848349419314337,0.09708029275300387,0.07594689799252564,0
12560,10,task_specific,210,210,none,measured_local,6.208301056176424e-05,0.3,False,1.287916954715032,0.11824364210629368,0.08240051447198303,2
12560,10,rolling,170,170,none,measured_local,1.5419209375977516e-06,0.3,False,1.013237195613586,0.09943081917046394,0.07654413156089634,0
12560,10,qaoa_transfer,150,170,retain_previous,trace_replayed_qpu,16883.729360000023,0.3,True,1.013237195613586,0.09943081917046394,0.07654413156089634,0
12560,11,milp,150,150,none,measured_local,0.03292108396999538,0.3,False,0.9951293163269946,0.10032905302262042,0.07762087354828584,0
12560,11,task_specific,83,83,none,measured_local,6.65419502183795e-05,0.3,False,1.3127515149009326,0.11546623505418051,0.08503972127488724,2
12560,11,rolling,170,170,none,measured_local,1.5830155462026596e-06,0.3,False,1.026583006445527,0.10483086469860547,0.07833092989033966,0
12560,11,qaoa_transfer,105,170,retain_previous,trace_replayed_qpu,19501.39002,0.3,True,1.026583006445527,0.10483086469860547,0.07833092989033966,0
12560,12,milp,150,150,none,measured_local,0.03290604194626212,0.3,False,1.0190234361345167,0.10283900699221407,0.08197823290817487,0
12560,12,task_specific,210,210,none,measured_local,5.8833975344896317e-05,0.3,False,1.340047940730961,0.12765819349770263,0.08934403512591217,2
12560,12,rolling,170,170,none,measured_local,1.459033228456974e-06,0.3,False,1.0550796444781847,0.10752709412532235,0.08276457516113817,0
12560,12,qaoa_transfer,105,170,retain_previous,trace_replayed_qpu,21076.41,0.3,True,1.0550796444781847,0.10752709412532235,0.08276457516113817,0
12560,13,milp,105,105,none,measured_local,0.03127470798790455,0.3,False,1.0352794648251264,0.10739074031268184,0.08523808590336292,8
12560,13,task_specific,83,83,none,measured_local,6.66249543428421e-05,0.3,False,1.3786695947614378,0.1291243800663133,0.09318272386468444,2
12560,13,rolling,170,170,none,measured_local,1.6660196706652641e-06,0.3,False,1.0789659163158445,0.11716357123402679,0.08613949111195462,0
12560,13,qaoa_transfer,105,170,retain_previous,trace_replayed_qpu,22301.84380000001,0.3,True,1.0789659163158445,0.11716357123402679,0.08613949111195462,0
12560,14,milp,150,150,none,measured_local,0.032178958994336426,0.3,False,1.034435498662091,0.10833425624052173,0.08564448662062817,8
12560,14,task_specific,210,210,none,measured_local,6.84160040691495e-05,0.3,False,1.3642093119016732,0.13428447973739194,0.093504388485953,2
12560,14,rolling,170,170,none,measured_local,1.7079291865229607e-06,0.3,False,1.0761363793850942,0.11454275634974107,0.0867366479078961,0
12560,14,qaoa_transfer,105,170,retain_previous,trace_replayed_qpu,26988.115000000023,0.3,True,1.0761363793850942,0.11454275634974107,0.0867366479078961,0
12560,15,milp,105,105,none,measured_local,0.033574874978512526,0.3,False,1.0495906742234729,0.11593766269455355,0.08898588746655228,8
12560,15,task_specific,83,83,none,measured_local,6.708304863423109e-05,0.3,False,1.4138488443776684,0.1406811289287071,0.0972774535853271,2
12560,15,rolling,170,170,none,measured_local,1.8330756574869156e-06,0.3,False,1.0933152169061269,0.1150657386802863,0.09002840948462734,0
12560,15,qaoa_transfer,105,170,retain_previous,trace_replayed_qpu,30066.683,0.3,True,1.0933152169061269,0.1150657386802863,0.09002840948462734,0
12560,16,milp,150,150,none,measured_local,0.03371779096778482,0.3,False,1.0479565545525444,0.12071757278951245,0.08860226685558682,8
12560,16,task_specific,209,209,none,measured_local,7.279205601662397e-05,0.3,False,1.3147077346648093,0.13575548093916812,0.09527612159985686,2
12560,16,rolling,170,170,none,measured_local,1.9579892978072166e-06,0.3,False,1.0906585921565601,0.11602366552557807,0.08969538042265317,0
12560,16,qaoa_transfer,105,170,retain_previous,trace_replayed_qpu,33372.02029999999,0.3,True,1.0906585921565601,0.11602366552557807,0.08969538042265317,0
12560,17,milp,105,105,none,measured_local,0.03677829192019999,0.3,False,1.046721267762004,0.1163988745715342,0.08866141386381363,8
12560,17,task_specific,210,210,none,measured_local,7.058295886963606e-05,0.3,False,1.378364633645351,0.14013019351388,0.09602479999498903,2
12560,17,rolling,170,170,none,measured_local,1.6660196706652641e-06,0.3,False,1.094188784271375,0.12377567540037798,0.08972896480391401,0
12560,17,qaoa_transfer,105,170,retain_previous,trace_replayed_qpu,38236.33444,0.3,True,1.094188784271375,0.12377567540037798,0.08972896480391401,0
12560,18,milp,105,105,none,measured_local,0.03389487508684397,0.3,False,1.041632468080934,0.11294740746409151,0.08786803169405008,0
12560,18,task_specific,210,210,none,measured_local,6.933300755918026e-05,0.3,False,1.3831261440569604,0.14004127137340378,0.09615911584113378,0
12560,18,rolling,170,170,none,measured_local,2.9170187190175056e-06,0.3,False,1.0883758293123025,0.12169711791184942,0.08905471960678436,0
12560,18,qaoa_transfer,150,170,retain_previous,trace_replayed_qpu,40437.89090000001,0.3,True,1.0883758293123025,0.12169711791184942,0.08905471960678436,0
12560,19,milp,150,150,none,measured_local,0.03363874997012317,0.3,False,1.0425356017655776,0.11556758717899171,0.08762831170202336,8
12560,19,task_specific,45,45,none,measured_local,6.779201794415712e-05,0.3,False,1.3862508768186874,0.14355499646195852,0.09616565360142401,8
12560,19,rolling,170,170,none,measured_local,1.625041477382183e-06,0.3,False,1.0876112685679824,0.1174437239397653,0.08879689573280755,0
12560,19,qaoa_transfer,150,170,retain_previous,trace_replayed_qpu,43481.44719999998,0.3,True,1.0876112685679824,0.1174437239397653,0.08879689573280755,0
12560,20,milp,150,150,none,measured_local,0.03625962499063462,0.3,False,1.052323223198472,0.1161174058746525,0.08895089004413945,0
12560,20,task_specific,45,45,none,measured_local,8.287501987069845e-05,0.3,False,1.398845167372048,0.14427027240879614,0.09754377192046718,0
12560,20,rolling,170,170,none,measured_local,1.625041477382183e-06,0.3,False,1.0988015475665718,0.11443070439382169,0.09007778171419956,0
12560,20,qaoa_transfer,150,170,retain_previous,trace_replayed_qpu,48527.47675999998,0.3,True,1.0988015475665718,0.11443070439382169,0.09007778171419956,0
12560,21,milp,150,150,none,measured_local,0.03295458306092769,0.3,False,1.0580496283122987,0.12247741022436244,0.0894705805799618,0
12560,21,task_specific,45,45,none,measured_local,8.645805064588785e-05,0.3,False,1.4105418972151456,0.15077979075857417,0.09813362918430119,0
12560,21,rolling,170,170,none,measured_local,1.7499551177024841e-06,0.3,False,1.104082409263182,0.11902607560865852,0.0906325386891643,0
12560,21,qaoa_transfer,150,170,retain_previous,trace_replayed_qpu,53384.057600000044,0.3,True,1.104082409263182,0.11902607560865852,0.0906325386891643,0
12560,22,milp,105,105,none,measured_local,0.0338158750673756,0.3,False,1.0637329755136211,0.13225333873721215,0.08958874070780745,8
12560,22,task_specific,45,45,none,measured_local,7.349997758865356e-05,0.3,False,1.4135140236295234,0.16091719222880813,0.09840104743037863,0
12560,22,rolling,170,170,none,measured_local,2.00001522898674e-06,0.3,False,1.10892359717079,0.12407148214071757,0.09073956023157954,0
12560,22,qaoa_transfer,150,170,retain_previous,trace_replayed_qpu,57209.42362000002,0.3,True,1.10892359717079,0.12407148214071757,0.09073956023157954,0
12560,23,milp,150,150,none,measured_local,0.03362283401656896,0.3,False,1.0809913645224145,0.12757444557519798,0.09511832438784054,8
12560,23,task_specific,45,45,none,measured_local,9.108299855142832e-05,0.3,False,1.4426618970889238,0.1556432569536232,0.10386285059073808,0
12560,23,rolling,170,170,none,measured_local,2.0420411601662636e-06,0.3,False,1.1303531965073583,0.13427098425005618,0.09624808992926975,0
12560,23,qaoa_transfer,150,170,retain_previous,trace_replayed_qpu,61686.31511999999,0.3,True,1.1303531965073583,0.13427098425005618,0.09624808992926975,0
12560,24,milp,105,105,none,measured_local,0.03366199997253716,0.3,False,1.0759849160074255,0.13821317441114161,0.09302478411306037,8
12560,24,task_specific,45,45,none,measured_local,0.00011441705282777548,0.3,False,1.4430544305138358,0.1679632588092278,0.1020665474272231,0
12560,24,rolling,170,170,none,measured_local,1.6660196706652641e-06,0.3,False,1.1212310298371968,0.12982320388882054,0.09425882991268396,0
12560,24,qaoa_transfer,105,170,retain_previous,trace_replayed_qpu,66510.1831,0.3,True,1.1212310298371968,0.12982320388882054,0.09425882991268396,0
12560,25,milp,105,105,none,measured_local,0.037586209014989436,0.3,False,1.0921561967924334,0.15336536891190491,0.09484962290018564,0
12560,25,task_specific,45,45,none,measured_local,7.100007496774197e-05,0.3,False,1.4652679345928714,0.18407251739812985,0.1040263607628459,0
12560,25,rolling,170,170,none,measured_local,1.7919810488820076e-06,0.3,False,1.1434965928021223,0.1447509053598736,0.09598077574592992,0
12560,25,qaoa_transfer,150,170,retain_previous,trace_replayed_qpu,71306.33684000002,0.3,True,1.1434965928021223,0.1447509053598736,0.09598077574592992,0
12560,26,milp,105,105,none,measured_local,0.034624667023308575,0.3,False,1.0949568675005474,0.1465613604427834,0.09510390491981083,0
12560,26,task_specific,45,45,none,measured_local,7.42500415071845e-05,0.3,False,1.4692826026436734,0.17794039672331305,0.10443169836482179,0
12560,26,rolling,170,170,none,measured_local,2.125045284628868e-06,0.3,False,1.148153690132427,0.1378498925231393,0.09638741482005306,0
12560,26,qaoa_transfer,150,170,retain_previous,trace_replayed_qpu,74863.04220000001,0.3,True,1.148153690132427,0.1378498925231393,0.09638741482005306,0
12560,27,milp,150,150,none,measured_local,0.03581070795189589,0.3,False,1.0791543643537067,0.1405816937941028,0.09293642168751369,8
12560,27,task_specific,45,45,none,measured_local,6.429094355553389e-05,0.3,False,1.4448530995156865,0.17207024181398822,0.10229456506609183,0
12560,27,rolling,170,170,none,measured_local,1.500011421740055e-06,0.3,False,1.1303410121199453,0.13255572347351804,0.09426634225331068,0
12560,27,qaoa_transfer,150,170,retain_previous,trace_replayed_qpu,78499.34332,0.3,True,1.1303410121199453,0.13255572347351804,0.09426634225331068,0
12560,28,milp,150,150,none,measured_local,0.030408541904762387,0.3,False,1.0780668945258354,0.13126905121867435,0.09254135910884267,0
12560,28,task_specific,45,45,none,measured_local,6.624998059123755e-05,0.3,False,1.4359899982468938,0.16167657569270724,0.10168382748789216,0
12560,28,rolling,170,170,none,measured_local,1.6669509932398796e-06,0.3,False,1.1332550233908214,0.13335312464600793,0.09382102530299863,0
12560,28,qaoa_transfer,105,170,retain_previous,trace_replayed_qpu,84164.25534000002,0.3,True,1.1332550233908214,0.13335312464600793,0.09382102530299863,0
12560,29,milp,150,150,none,measured_local,0.03126837499439716,0.3,False,1.0739439628355454,0.12201784483408895,0.09227667236314588,0
12560,29,task_specific,45,45,none,measured_local,6.53750030323863e-05,0.3,False,1.4252023938860967,0.15114510185715463,0.10122474995617234,0
12560,29,rolling,170,170,none,measured_local,1.625041477382183e-06,0.3,False,1.1251930531931957,0.12137718787341184,0.09365637558477052,0
12560,29,qaoa_transfer,150,170,retain_previous,trace_replayed_qpu,92768.27739999996,0.3,True,1.1251930531931957,0.12137718787341184,0.09365637558477052,0
12560,30,milp,150,150,none,measured_local,0.03614691598340869,0.3,False,1.0628071822528886,0.12141829929929765,0.09086109907088863,0
12560,30,task_specific,45,45,none,measured_local,6.800005212426186e-05,0.3,False,1.4105364273573244,0.14978456919477856,0.09964255984715242,0
12560,30,rolling,170,170,none,measured_local,1.7499551177024841e-06,0.3,False,1.1133863909138155,0.12405586929530885,0.09214232632982988,0
12560,30,qaoa_transfer,150,170,retain_previous,trace_replayed_qpu,114401.84185999991,0.3,True,1.1133863909138155,0.12405586929530885,0.09214232632982988,0
12560,31,milp,105,105,none,measured_local,0.03349733306095004,0.3,False,1.0608001374380738,0.12304136903251328,0.08973267955632222,8
12560,31,task_specific,45,45,none,measured_local,6.633403245359659e-05,0.3,False,1.40292263919167,0.15100823842910788,0.09842591068393311,0
12560,31,rolling,170,170,none,measured_local,1.6249250620603561e-06,0.3,False,1.1065561506323505,0.12081305121452254,0.09099715977284539,0
12560,31,qaoa_transfer,105,170,retain_previous,trace_replayed_qpu,207486.516,0.3,True,1.1065561506323505,0.12081305121452254,0.09099715977284539,0
12560,32,milp,105,105,none,measured_local,0.03277687495574355,0.3,False,1.071663501501837,0.13065318228511658,0.09128250343595185,0
12560,32,task_specific,210,210,none,measured_local,6.720796227455139e-05,0.3,False,1.4162362940845532,0.15782174665567716,0.09983556597979175,8
12560,32,rolling,170,170,none,measured_local,1.6249250620603561e-06,0.3,False,1.1111410452004218,0.12189126305145934,0.09242640376580875,0
12560,32,qaoa_transfer,105,170,retain_previous,trace_replayed_qpu,0.335999999999996,0.3,True,1.1111410452004218,0.12189126305145934,0.09242640376580875,0
12560,33,milp,105,105,none,measured_local,0.030713042011484504,0.3,False,1.08410040167763,0.1322480359742175,0.09586658753754593,0
12560,33,task_specific,45,45,none,measured_local,7.066596299409866e-05,0.3,False,1.4369220716478321,0.1598153374025772,0.10448090735211384,8
12560,33,rolling,170,170,none,measured_local,1.7499551177024841e-06,0.3,False,1.1295478902499163,0.12855741149635427,0.09685352613001055,0
12560,33,qaoa_transfer,105,170,retain_previous,trace_replayed_qpu,0.40899999999999803,0.3,True,1.1295478902499163,0.12855741149635427,0.09685352613001055,0
12560,34,milp,150,150,none,measured_local,0.03312837495468557,0.3,False,1.0837359522805872,0.1370686722699727,0.09459001004194076,8
12560,34,task_specific,45,45,none,measured_local,7.154198829084635e-05,0.3,False,1.4406278941861945,0.16635877014952455,0.10341055179119579,0
12560,34,rolling,170,170,none,measured_local,1.7499551177024841e-06,0.3,False,1.1264396334433975,0.12787836406835784,0.0957261972562479,0
12560,34,qaoa_transfer,105,170,retain_previous,trace_replayed_qpu,0.443999999999996,0.3,True,1.1264396334433975,0.12787836406835784,0.0957261972562479,0
12560,35,milp,105,105,none,measured_local,0.03672591701615602,0.3,False,1.1117686789136911,0.1445158111821644,0.09916839880701467,8
12560,35,task_specific,45,45,none,measured_local,6.516603752970695e-05,0.3,False,1.4835169116602303,0.1740853025709549,0.10809069735465486,0
12560,35,rolling,170,170,none,measured_local,2.0420411601662636e-06,0.3,False,1.156012112034786,0.13544447295948897,0.10023599083608495,0
12560,35,qaoa_transfer,150,170,retain_previous,trace_replayed_qpu,0.4766599999999973,0.3,True,1.156012112034786,0.13544447295948897,0.10023599083608495,0
12560,36,milp,105,105,none,measured_local,0.027432624949142337,0.3,False,1.1086895787594355,0.14853018169769397,0.09751921697284227,0
12560,36,task_specific,45,45,none,measured_local,7.01660756021738e-05,0.3,False,1.4860445442683794,0.18013142417924782,0.10681292279150575,0
12560,36,rolling,170,170,none,measured_local,1.708976924419403e-06,0.3,False,1.154902401381418,0.13913737501526707,0.09862530280086965,0
12560,36,qaoa_transfer,105,170,retain_previous,trace_replayed_qpu,0.504999999999998,0.3,True,1.154902401381418,0.13913737501526707,0.09862530280086965,0
12560,37,milp,150,150,none,measured_local,0.0350962090305984,0.3,False,1.1150697634802802,0.1517883808193412,0.09780473946898588,8
12560,37,task_specific,45,45,none,measured_local,6.999995093792677e-05,0.3,False,1.4939619950431469,0.1836690720099885,0.10723861360670947,0
12560,37,rolling,170,170,none,measured_local,1.7919810488820076e-06,0.3,False,1.1535153681558066,0.14227569265379703,0.09896006003453545,0
12560,37,qaoa_transfer,105,170,retain_previous,trace_replayed_qpu,0.539999999999996,0.3,True,1.1535153681558066,0.14227569265379703,0.09896006003453545,0
12560,38,milp,150,150,none,measured_local,0.04339320899453014,0.3,False,1.143347712799475,0.17655239471933543,0.101414244087007,0
12560,38,task_specific,45,45,none,measured_local,7.837498560547829e-05,0.3,False,1.5384493413877722,0.2084248989688661,0.11088654987607865,0
12560,38,rolling,170,170,none,measured_local,2.250075340270996e-06,0.3,False,1.1802860407421827,0.16718417810982297,0.10237538420389516,0
12560,38,qaoa_transfer,150,170,retain_previous,trace_replayed_qpu,0.575,0.3,True,1.1802860407421827,0.16718417810982297,0.10237538420389516,0
12560,39,milp,150,150,none,measured_local,0.034183916985057294,0.3,False,1.13952325537608,0.1724079980813462,0.10204619281998686,0
12560,39,task_specific,46,46,none,measured_local,7.479195483028889e-05,0.3,False,1.429816583377947,0.16544781408828485,0.10887310673006194,2
12560,39,rolling,170,170,none,measured_local,1.708976924419403e-06,0.3,False,1.1850714859918743,0.16323870538505866,0.10296965101855457,0
12560,39,qaoa_transfer,105,170,retain_previous,trace_replayed_qpu,0.6095399999999971,0.3,True,1.1850714859918743,0.16323870538505866,0.10296965101855457,0
12560,40,milp,150,150,none,measured_local,0.03358083392959088,0.3,False,1.1147339259119151,0.1539520232487525,0.09751308138440198,0
12560,40,task_specific,45,45,none,measured_local,7.020903285592794e-05,0.3,False,1.4789105845554635,0.18195890957935218,0.10588319958532236,2
12560,40,rolling,170,170,none,measured_local,1.6669509932398796e-06,0.3,False,1.1610287341289656,0.14471496730614408,0.09865178714979686,0
12560,40,qaoa_transfer,105,170,retain_previous,trace_replayed_qpu,0.630999999999998,0.3,True,1.1610287341289656,0.14471496730614408,0.09865178714979686,0
12560,41,milp,150,150,none,measured_local,0.034671041066758335,0.3,False,1.1295450625308452,0.16389347303012197,0.10096834814779788,0
12560,41,task_specific,45,45,none,measured_local,6.391701754182577e-05,0.3,False,1.5211623786945325,0.19396336498291533,0.11007276461388658,0
12560,41,rolling,170,170,none,measured_local,1.5419209375977516e-06,0.3,False,1.176879733068118,0.15498617724374408,0.10212571835322413,0
12560,41,qaoa_transfer,105,170,retain_previous,trace_replayed_qpu,0.639999999999998,0.3,True,1.176879733068118,0.15498617724374408,0.10212571835322413,0
12560,42,milp,150,150,none,measured_local,0.0369509169831872,0.3,False,1.1263489124262889,0.1678062705512154,0.09936362656327113,0
12560,42,task_specific,46,46,none,measured_local,7.487495895475149e-05,0.3,False,1.4182424621340655,0.16163791365880315,0.10657740424133609,2
12560,42,rolling,170,170,none,measured_local,1.6670674085617065e-06,0.3,False,1.177787301542443,0.1591065254794733,0.10054699332670296,0
12560,42,qaoa_transfer,150,170,retain_previous,trace_replayed_qpu,0.6909999999999981,0.3,True,1.177787301542443,0.1591065254794733,0.10054699332670296,0
12560,43,milp,150,150,none,measured_local,0.030808833078481257,0.3,False,1.100298258683168,0.1549423256203135,0.09533372281065722,0
12560,43,task_specific,45,45,none,measured_local,7.399998139590025e-05,0.3,False,1.4579670896677843,0.1821967448020434,0.10363163791934485,2
12560,43,rolling,170,170,none,measured_local,1.9579892978072166e-06,0.3,False,1.1521643286672298,0.1468621131390756,0.09661968253856107,0
12560,43,qaoa_transfer,150,170,retain_previous,trace_replayed_qpu,0.8784199999999982,0.3,True,1.1521643286672298,0.1468621131390756,0.09661968253856107,0
12560,44,milp,105,105,none,measured_local,0.03263187501579523,0.3,False,1.0761508123681307,0.1452026992254794,0.09164495646707921,8
12560,44,task_specific,45,45,none,measured_local,7.345795165747404e-05,0.3,False,1.4375811292152867,0.17446117420303417,0.1005866772416946,0
12560,44,rolling,170,170,none,measured_local,1.541106030344963e-06,0.3,False,1.1219552432646485,0.13688264362552158,0.09294160821668074,0
12560,44,qaoa_transfer,150,170,retain_previous,trace_replayed_qpu,2.1629999999999963,0.3,True,1.1219552432646485,0.13688264362552158,0.09294160821668074,0
12560,45,milp,150,150,none,measured_local,0.03442749998066574,0.3,False,1.052551313572897,0.12699320106078693,0.08724127030920327,8
12560,45,task_specific,45,45,none,measured_local,6.595801096409559e-05,0.3,False,1.4041090860235008,0.1569938139990837,0.09627702823038217,0
12560,45,rolling,170,170,none,measured_local,1.6660196706652641e-06,0.3,False,1.0941820869251675,0.11868191682092015,0.08838638108161621,0
12560,45,qaoa_transfer,150,170,retain_previous,trace_replayed_qpu,4.0434,0.3,True,1.0941820869251675,0.11868191682092015,0.08838638108161621,0
12560,46,milp,150,150,none,measured_local,0.03528237505815923,0.3,False,1.068103103785919,0.13872738792654718,0.08905128283932243,0
12560,46,task_specific,45,45,none,measured_local,7.362500764429569e-05,0.3,False,1.4257584282758216,0.16745255199769454,0.09784022715058753,0
12560,46,rolling,170,170,none,measured_local,1.958920620381832e-06,0.3,False,1.1032619407554585,0.13055956554512688,0.09009205217312918,0
12560,46,qaoa_transfer,105,170,retain_previous,trace_replayed_qpu,5.547399999999997,0.3,True,1.1032619407554585,0.13055956554512688,0.09009205217312918,0
12707,0,milp,202,202,none,measured_local,0.033039791975170374,0.3,False,1.0982036413492837,0.10630788789677112,0.055684946586237266,2
12707,0,task_specific,165,165,none,measured_local,7.224990986287594e-05,0.3,False,1.7728276380771155,0.13574821524642497,0.0668273390339146,4
12707,0,rolling,170,170,none,measured_local,1.8330756574869156e-06,0.3,False,1.1063738447901061,0.09889253023835504,0.05598515681674909,0
12707,0,qaoa_transfer,202,170,retain_previous,trace_replayed_qpu,7.187819999999996,0.3,True,1.1063738447901061,0.09889253023835504,0.05598515681674909,0
12707,1,milp,170,170,none,measured_local,0.03126395889557898,0.3,False,1.1293421049054837,0.09870393390143292,0.05870258191940601,2
12707,1,task_specific,165,165,none,measured_local,6.962497718632221e-05,0.3,False,1.8954329256172042,0.15527042382646455,0.07620819095192789,0
12707,1,rolling,170,170,none,measured_local,1.915963366627693e-06,0.3,False,1.1380078252203214,0.09896340996499522,0.05954684611975265,0
12707,1,qaoa_transfer,202,170,retain_previous,trace_replayed_qpu,8.200759999999997,0.3,True,1.1380078252203214,0.09896340996499522,0.05954684611975265,0
12707,2,milp,202,202,none,measured_local,0.02922691695857793,0.3,False,1.131917451608932,0.11406552761077202,0.05841510290634831,2
12707,2,task_specific,212,212,none,measured_local,6.724998820573092e-05,0.3,False,1.663798393064579,0.14015649878038072,0.07322362742974359,4
12707,2,rolling,170,170,none,measured_local,1.625041477382183e-06,0.3,False,1.1467346249373374,0.09630590529225873,0.05987519563050804,0
12707,2,qaoa_transfer,53,170,retain_previous,trace_replayed_qpu,12.541100000000005,0.3,True,1.1467346249373374,0.09630590529225873,0.05987519563050804,0
12707,3,milp,170,170,none,measured_local,0.03280191600788385,0.3,False,1.130890035328737,0.09911206438771725,0.05828931757920932,2
12707,3,task_specific,165,165,none,measured_local,6.524997297674417e-05,0.3,False,1.9202668115294275,0.16332852310426998,0.07720027368415612,4
12707,3,rolling,170,170,none,measured_local,1.6670674085617065e-06,0.3,False,1.1440487450877956,0.09871186106990666,0.059580865623433434,0
12707,3,qaoa_transfer,202,170,retain_previous,trace_replayed_qpu,13.504399999999997,0.3,True,1.1440487450877956,0.09871186106990666,0.059580865623433434,0
12707,4,milp,202,202,none,measured_local,0.03388179198373109,0.3,False,1.1311531192399433,0.11916533774487459,0.057757067188358546,2
12707,4,task_specific,212,212,none,measured_local,7.179100066423416e-05,0.3,False,1.6623719922362472,0.14558874952559409,0.07296653259234559,4
12707,4,rolling,170,170,none,measured_local,1.7499551177024841e-06,0.3,False,1.142200644859104,0.09958248002479228,0.05925121862719489,0
12707,4,qaoa_transfer,202,170,retain_previous,trace_replayed_qpu,14.101619999999999,0.3,True,1.142200644859104,0.09958248002479228,0.05925121862719489,0
12707,5,milp,170,170,none,measured_local,0.03215024992823601,0.3,False,1.1973954505181934,0.11929268398944644,0.06933039940085003,2
12707,5,task_specific,165,165,none,measured_local,7.06670107319951e-05,0.3,False,2.0395247081893673,0.18423700769643553,0.08839158554840523,4
12707,5,rolling,170,170,none,measured_local,1.6249250620603561e-06,0.3,False,1.2108232957259857,0.1188905075383894,0.0706425161214776,0
12707,5,qaoa_transfer,53,170,retain_previous,trace_replayed_qpu,15.422199999999988,0.3,True,1.2108232957259857,0.1188905075383894,0.0706425161214776,0
12707,6,milp,53,53,none,measured_local,0.02850141702219844,0.3,False,1.2386285858852786,0.16075974629195625,0.07145885355931607,6
12707,6,task_specific,216,216,none,measured_local,7.008400280028582e-05,0.3,False,1.6025496786369686,0.1944106378639474,0.0823128754587531,6
12707,6,rolling,170,170,none,measured_local,1.6669509932398796e-06,0.3,False,1.2302807176072497,0.139985207880739,0.07262058239314964,0
12707,6,qaoa_transfer,202,170,retain_previous,trace_replayed_qpu,18.579039999999992,0.3,True,1.2302807176072497,0.139985207880739,0.07262058239314964,0
12707,7,milp,170,170,none,measured_local,0.03244025004096329,0.3,False,1.23662500579994,0.16489848528149575,0.07508363635358796,6
12707,7,task_specific,141,141,none,measured_local,6.270792800933123e-05,0.3,False,2.028080882479084,0.20285506858761554,0.09302434615954705,4
12707,7,rolling,170,170,none,measured_local,1.5828991308808327e-06,0.3,False,1.249483211627714,0.16440377319965238,0.07634451794018124,0
12707,7,qaoa_transfer,202,170,retain_previous,trace_replayed_qpu,23.035399999999996,0.3,True,1.249483211627714,0.16440377319965238,0.07634451794018124,0
12707,8,milp,53,53,none,measured_local,0.03330341703258455,0.3,False,1.277972502716638,0.1723581004402611,0.07589677630335052,6
12707,8,task_specific,212,212,none,measured_local,6.579200271517038e-05,0.3,False,1.8053303690810305,0.19634891498287688,0.08929642744858902,4
12707,8,rolling,170,170,none,measured_local,1.6249250620603561e-06,0.3,False,1.246512533854795,0.14874036578772365,0.07638708029069284,0
12707,8,qaoa_transfer,53,170,retain_previous,trace_replayed_qpu,27.161999999999995,0.3,True,1.246512533854795,0.14874036578772365,0.07638708029069284,0
12707,9,milp,170,170,none,measured_local,0.032028499990701675,0.3,False,1.1385163498216686,0.10226270861328852,0.0594727064120404,6
12707,9,task_specific,170,170,none,measured_local,6.437499541789293e-05,0.3,False,1.161596327525532,0.10364806115402428,0.06201763215182325,6
12707,9,rolling,170,170,none,measured_local,1.5420373529195786e-06,0.3,False,1.1504548080767307,0.10249091875642946,0.06062531334636988,0
12707,9,qaoa_transfer,202,170,retain_previous,trace_replayed_qpu,32.99244000000001,0.3,True,1.1504548080767307,0.10249091875642946,0.06062531334636988,0
12707,10,milp,202,202,none,measured_local,0.03370408294722438,0.3,False,1.1059940401912023,0.10314477895262752,0.05566755740851015,2
12707,10,task_specific,169,169,none,measured_local,6.78329961374402e-05,0.3,False,1.7050871788093767,0.13816321378302163,0.06734866728229251,2
12707,10,rolling,170,170,none,measured_local,1.6660196706652641e-06,0.3,False,1.1249784422854936,0.09438542083307472,0.057273870201918264,0
12707,10,qaoa_transfer,202,170,retain_previous,trace_replayed_qpu,36.903020000000005,0.3,True,1.1249784422854936,0.09438542083307472,0.057273870201918264,0
12707,11,milp,85,85,none,measured_local,0.054805084015242755,0.3,False,1.11258071945301,0.09467273819146976,0.056102078304784676,6
12707,11,task_specific,212,212,none,measured_local,0.0002014579949900508,0.3,False,1.5915305458346323,0.12746815174928258,0.06786173779881453,6
12707,11,rolling,170,170,none,measured_local,3.6660348996520042e-06,0.3,False,1.125997861787187,0.09504822033182556,0.05742446105713734,0
12707,11,qaoa_transfer,202,170,retain_previous,trace_replayed_qpu,39.999480000000005,0.3,True,1.125997861787187,0.09504822033182556,0.05742446105713734,0
12707,12,milp,202,202,none,measured_local,0.03805208392441273,0.3,False,1.109295165408835,0.10365149487077205,0.05636666713508414,6
12707,12,task_specific,165,165,none,measured_local,7.779104635119438e-05,0.3,False,1.8649939378723104,0.1466101696521242,0.0741539686109855,4
12707,12,rolling,170,170,none,measured_local,2.0420411601662636e-06,0.3,False,1.129091355816634,0.0980362100515107,0.05796244654467968,0
12707,12,qaoa_transfer,202,170,retain_previous,trace_replayed_qpu,44.07458,0.3,True,1.129091355816634,0.0980362100515107,0.05796244654467968,0
12707,13,milp,170,170,none,measured_local,0.03234504198189825,0.3,False,1.121517929522596,0.10034887024446822,0.057479853153607666,2
12707,13,task_specific,216,216,none,measured_local,7.37910158932209e-05,0.3,False,1.4259631448071146,0.13370432971906088,0.06693893906649126,6
12707,13,rolling,170,170,none,measured_local,1.7080456018447876e-06,0.3,False,1.134846948038763,0.10066044607064982,0.05878978389541585,0
12707,13,qaoa_transfer,53,170,retain_previous,trace_replayed_qpu,48.63859999999999,0.3,True,1.134846948038763,0.10066044607064982,0.05878978389541585,0
12707,14,milp,202,202,none,measured_local,0.03461666707880795,0.3,False,1.1267078647239117,0.10771736457683458,0.058821421691563985,2
12707,14,task_specific,165,165,none,measured_local,7.391604594886303e-05,0.3,False,1.8784248870830078,0.15118719988736884,0.07572416469997309,6
12707,14,rolling,170,170,none,measured_local,1.7499551177024841e-06,0.3,False,1.1457311426938914,0.10530824623681176,0.06047117370096908,0
12707,14,qaoa_transfer,202,170,retain_previous,trace_replayed_qpu,56.77331999999998,0.3,True,1.1457311426938914,0.10530824623681176,0.06047117370096908,0
12707,15,milp,85,85,none,measured_local,0.034702459000982344,0.3,False,1.1506160710105446,0.10840826350384108,0.062072359057204735,6
12707,15,task_specific,212,212,none,measured_local,7.604190614074469e-05,0.3,False,1.6708476319395713,0.1440062382366119,0.07613810750975342,4
12707,15,rolling,170,170,none,measured_local,2.791057340800762e-06,0.3,False,1.1640040579784214,0.10878757056738195,0.06339327856734729,0
12707,15,qaoa_transfer,202,170,retain_previous,trace_replayed_qpu,61.09708,0.3,True,1.1640040579784214,0.10878757056738195,0.06339327856734729,0
12707,16,milp,53,53,none,measured_local,0.030805042013525963,0.3,False,1.1837079333735356,0.1298781371059987,0.06526498923615766,2
12707,16,task_specific,170,170,none,measured_local,8.491706103086472e-05,0.3,False,1.1997570827395139,0.11427735234963707,0.06807499336931283,6
12707,16,rolling,170,170,none,measured_local,1.708976924419403e-06,0.3,False,1.1885917501408914,0.11208441782298309,0.06670010144946054,0
12707,16,qaoa_transfer,53,170,retain_previous,trace_replayed_qpu,68.18,0.3,True,1.1885917501408914,0.11208441782298309,0.06670010144946054,0
12707,17,milp,170,170,none,measured_local,0.031532500055618584,0.3,False,1.2049779882840763,0.11336073613857967,0.06944977659708976,6
12707,17,task_specific,169,169,none,measured_local,6.920797750353813e-05,0.3,False,1.8496582389566418,0.16224689771988293,0.0817545949105763,2
12707,17,rolling,170,170,none,measured_local,1.625041477382183e-06,0.3,False,1.2180622037601445,0.11376499464631297,0.0707397937535223,0
12707,17,qaoa_transfer,53,170,retain_previous,trace_replayed_qpu,78.43212000000001,0.3,True,1.2180622037601445,0.11376499464631297,0.0707397937535223,0
12707,18,milp,202,202,none,measured_local,0.03094745904672891,0.3,False,1.229190779374562,0.12461831370118698,0.0720540330373374,2
12707,18,task_specific,212,212,none,measured_local,7.424992509186268e-05,0.3,False,1.7542900701736595,0.14807510462120033,0.08474169312221515,6
12707,18,rolling,170,170,none,measured_local,1.8749851733446121e-06,0.3,False,1.2449893927414686,0.11669267840517972,0.0733890550940036,0
12707,18,qaoa_transfer,53,170,retain_previous,trace_replayed_qpu,84.46360000000003,0.3,True,1.2449893927414686,0.11669267840517972,0.0733890550940036,0
12707,19,milp,170,170,none,measured_local,0.035121334018185735,0.3,False,1.2286011188141908,0.11454313715260146,0.07298363872792898,2
12707,19,task_specific,170,170,none,measured_local,7.241603452712297e-05,0.3,False,1.2505603952234459,0.11521069611584678,0.0753843061251539,6
12707,19,rolling,170,170,none,measured_local,1.5419209375977516e-06,0.3,False,1.2421179735189323,0.11495447536647622,0.07431223481853672,0
12707,19,qaoa_transfer,53,170,retain_previous,trace_replayed_qpu,96.76627999999998,0.3,True,1.2421179735189323,0.11495447536647622,0.07431223481853672,0
12707,20,milp,53,53,none,measured_local,0.029641499975696206,0.3,False,1.2556806793479962,0.13811536454921453,0.07728649515201219,6
12707,20,task_specific,169,169,none,measured_local,7.066596299409866e-05,0.3,False,1.9207805462399894,0.15982544311675362,0.0897792297452615,2
12707,20,rolling,170,170,none,measured_local,1.6669509932398796e-06,0.3,False,1.2658018491657546,0.121288976932123,0.07882794933797331,0
12707,20,qaoa_transfer,202,170,retain_previous,trace_replayed_qpu,111.99626,0.3,True,1.2658018491657546,0.121288976932123,0.07882794933797331,0
12707,21,milp,85,85,none,measured_local,0.033849958097562194,0.3,False,1.2798132884889777,0.12922860384507664,0.08090936870140758,2
12707,21,task_specific,149,149,none,measured_local,6.808293983340263e-05,0.3,False,2.1993120955935224,0.15873235766238816,0.10169633756222152,4
12707,21,rolling,170,170,none,measured_local,1.7079291865229607e-06,0.3,False,1.2941103198830948,0.12957594831662875,0.08230754622914387,0
12707,21,qaoa_transfer,202,170,retain_previous,trace_replayed_qpu,131.08151999999998,0.3,True,1.2941103198830948,0.12957594831662875,0.08230754622914387,0
12707,22,milp,53,53,none,measured_local,0.031591458013281226,0.3,False,1.3299115275061915,0.14807449381859888,0.08806321692102086,2
12707,22,task_specific,153,153,none,measured_local,7.499998901039362e-05,0.3,False,2.043625787695656,0.17484960683613932,0.10642601818890718,2
12707,22,rolling,170,170,none,measured_local,1.7910497263073921e-06,0.3,False,1.36535106536244,0.12988948828810346,0.08956525799707737,0
12707,22,qaoa_transfer,202,170,retain_previous,trace_replayed_qpu,150.73899999999998,0.3,True,1.36535106536244,0.12988948828810346,0.08956525799707737,0
12707,23,milp,85,85,none,measured_local,0.03292958298698068,0.3,False,1.4590689537627552,0.14870844699588956,0.10056145859798958,2
12707,23,task_specific,149,149,none,measured_local,6.983301136642694e-05,0.3,False,2.448245691703017,0.17361088865315122,0.12363495437847694,2
12707,23,rolling,170,170,none,measured_local,1.6660196706652641e-06,0.3,False,1.474248276393494,0.15486791558658508,0.10203377663406099,0
12707,23,qaoa_transfer,202,170,retain_previous,trace_replayed_qpu,171.1178000000002,0.3,True,1.474248276393494,0.15486791558658508,0.10203377663406099,0
12707,24,milp,53,53,none,measured_local,0.03248316701501608,0.3,False,1.425087072163659,0.1489399563388154,0.10289878527796342,2
12707,24,task_specific,153,153,none,measured_local,7.658300455659628e-05,0.3,False,2.22598266346653,0.17596491625905164,0.12378560043815791,2
12707,24,rolling,170,170,none,measured_local,1.8749851733446121e-06,0.3,False,1.4970769940478732,0.15786799532783657,0.10628120690983736,0
12707,24,qaoa_transfer,53,170,retain_previous,trace_replayed_qpu,187.011,0.3,True,1.4970769940478732,0.15786799532783657,0.10628120690983736,0
12707,25,milp,170,170,none,measured_local,0.03771512501407415,0.3,False,1.5176089832948745,0.1674664737136045,0.10722063745147001,6
12707,25,task_specific,149,149,none,measured_local,8.54589743539691e-05,0.3,False,2.5677170363937645,0.1711426246832094,0.13273050207007608,2
12707,25,rolling,170,170,none,measured_local,2.5830231606960297e-06,0.3,False,1.538479893236902,0.17563909499802904,0.10926442485119683,0
12707,25,qaoa_transfer,202,170,retain_previous,trace_replayed_qpu,208.24779999999996,0.3,True,1.538479893236902,0.17563909499802904,0.10926442485119683,0
12707,26,milp,202,202,none,measured_local,0.034455084009096026,0.3,False,1.4280690462711698,0.15441692776442453,0.10091503807926744,2
12707,26,task_specific,85,85,none,measured_local,7.341697346419096e-05,0.3,False,1.484444812982996,0.13467554301501697,0.10741391035954531,2
12707,26,rolling,170,170,none,measured_local,2.374988980591297e-06,0.3,False,1.45958717423736,0.13241402622660367,0.10436199733092255,0
12707,26,qaoa_transfer,202,170,retain_previous,trace_replayed_qpu,246.85518000000008,0.3,True,1.45958717423736,0.13241402622660367,0.10436199733092255,0
12707,27,milp,170,170,none,measured_local,0.0278974580578506,0.3,False,1.4282756786443804,0.1297807837470935,0.10180398893890774,2
12707,27,task_specific,163,163,none,measured_local,7.337506394833326e-05,0.3,False,1.700384143275015,0.14591179017766254,0.10819955665437414,6
12707,27,rolling,170,170,none,measured_local,1.8329592421650887e-06,0.3,False,1.4507334689747031,0.13577467605946203,0.10397717935593401,0
12707,27,qaoa_transfer,202,170,retain_previous,trace_replayed_qpu,292.81968,0.3,True,1.4507334689747031,0.13577467605946203,0.10397717935593401,0
12707,28,milp,202,202,none,measured_local,0.03288320801220834,0.3,False,1.3750178331216414,0.1552509520109316,0.0987758895287853,2
12707,28,task_specific,39,39,none,measured_local,7.67499441280961e-05,0.3,False,1.7236102767441692,0.16616866720428936,0.10583879759176501,2
12707,28,rolling,170,170,none,measured_local,1.8749851733446121e-06,0.3,False,1.4182613930556636,0.1350310712693671,0.10123083672436758,0
12707,28,qaoa_transfer,53,170,retain_previous,trace_replayed_qpu,344.2418000000001,0.3,True,1.4182613930556636,0.1350310712693671,0.10123083672436758,0
12707,29,milp,85,85,none,measured_local,0.02989841706585139,0.3,False,1.3845814581205582,0.15800902198880235,0.09998845608409224,6
12707,29,task_specific,216,216,none,measured_local,7.416598964482546e-05,0.3,False,1.7858708325463066,0.18244542677699221,0.10946525691860423,8
12707,29,rolling,170,170,none,measured_local,1.6669509932398796e-06,0.3,False,1.4036036601642885,0.15832709905935027,0.1018315348263916,0
12707,29,qaoa_transfer,53,170,retain_previous,trace_replayed_qpu,414.7057599999997,0.3,True,1.4036036601642885,0.15832709905935027,0.1018315348263916,0
12707,30,milp,202,202,none,measured_local,0.030031000031158328,0.3,False,1.3695130773696471,0.15278376251423928,0.09441429076176919,6
12707,30,task_specific,216,216,none,measured_local,7.258390542119741e-05,0.3,False,1.741258013481895,0.16603807168113632,0.10529677081365765,0
12707,30,rolling,170,170,none,measured_local,2.249958924949169e-06,0.3,False,1.368637773836327,0.13281547825687337,0.0957400915041072,0
12707,30,qaoa_transfer,202,170,retain_previous,trace_replayed_qpu,490.81076,0.3,True,1.368637773836327,0.13281547825687337,0.0957400915041072,0
12707,31,milp,85,85,none,measured_local,0.03178937500342727,0.3,False,1.3676216547065965,0.12211439347195098,0.09428668436254871,6
12707,31,task_specific,165,165,none,measured_local,7.050007116049528e-05,0.3,False,2.2781157798722753,0.1947963914625077,0.11439837772874487,6
12707,31,rolling,170,170,none,measured_local,1.6660196706652641e-06,0.3,False,1.3834366835097383,0.12217519618524783,0.09581594434590818,0
12707,31,qaoa_transfer,53,170,retain_previous,trace_replayed_qpu,562.5450000000001,0.3,True,1.3834366835097383,0.12217519618524783,0.09581594434590818,0
12707,32,milp,202,202,none,measured_local,0.029699250007979572,0.3,False,1.3929478273150078,0.14637204471084786,0.09746092206263565,6
12707,32,task_specific,149,149,none,measured_local,7.204199209809303e-05,0.3,False,2.3943687725884297,0.15885298329401176,0.12242938357708032,2
12707,32,rolling,170,170,none,measured_local,1.7080456018447876e-06,0.3,False,1.3825582819105429,0.12925945796492164,0.09872341708774346,0
12707,32,qaoa_transfer,53,170,retain_previous,trace_replayed_qpu,619.6498599999986,0.3,True,1.3825582819105429,0.12925945796492164,0.09872341708774346,0
12707,33,milp,85,85,none,measured_local,0.03002812503837049,0.3,False,1.3920001416993864,0.12301968457154877,0.09927854801700295,6
12707,33,task_specific,165,165,none,measured_local,6.870809011161327e-05,0.3,False,2.330861627942026,0.19251158004948665,0.12224095451934139,2
12707,33,rolling,170,170,none,measured_local,1.625041477382183e-06,0.3,False,1.4075450940552778,0.12349632115104527,0.10078895704776357,0
12707,33,qaoa_transfer,53,170,retain_previous,trace_replayed_qpu,690.6360000000001,0.3,True,1.4075450940552778,0.12349632115104527,0.10078895704776357,0
12707,34,milp,202,202,none,measured_local,0.029005125048570335,0.3,False,1.4263403381202142,0.15201000442040252,0.1100883361254474,6
12707,34,task_specific,149,149,none,measured_local,7.199996616691351e-05,0.3,False,2.5596483421225042,0.18947224963595555,0.1366791200446154,2
12707,34,rolling,170,170,none,measured_local,1.7499551177024841e-06,0.3,False,1.5329292565755626,0.1902881674850997,0.11191362735138195,0
12707,34,qaoa_transfer,202,170,retain_previous,trace_replayed_qpu,773.8281000000001,0.3,True,1.5329292565755626,0.1902881674850997,0.11191362735138195,0
12707,35,milp,53,53,none,measured_local,0.03528904204722494,0.3,False,1.4779350806352758,0.17179925701508358,0.10973350845300536,8
12707,35,task_specific,170,170,none,measured_local,8.387502748519182e-05,0.3,False,1.5696888321584668,0.1774211921156057,0.11586534160200493,6
12707,35,rolling,170,170,none,measured_local,4.00003045797348e-06,0.3,False,1.5401558367578914,0.17185404774362306,0.11239823141438907,0
12707,35,qaoa_transfer,202,170,retain_previous,trace_replayed_qpu,869.6112000000002,0.3,True,1.5401558367578914,0.17185404774362306,0.11239823141438907,0
12707,36,milp,85,85,none,measured_local,0.031715249991975725,0.3,False,1.5168354363837946,0.1854079620737631,0.1066174924662727,2
12707,36,task_specific,216,216,none,measured_local,7.42500415071845e-05,0.3,False,1.7104510533145525,0.15554406264519838,0.11100060611518699,4
12707,36,rolling,170,170,none,measured_local,1.708976924419403e-06,0.3,False,1.5380154090361902,0.1941485591830815,0.1086538959189473,0
12707,36,qaoa_transfer,53,170,retain_previous,trace_replayed_qpu,987.5664600000002,0.3,True,1.5380154090361902,0.1941485591830815,0.1086538959189473,0
12707,37,milp,53,53,none,measured_local,0.031594667001627386,0.3,False,1.562885196555655,0.18491495370061348,0.12577059782271743,2
12707,37,task_specific,39,39,none,measured_local,7.029192056506872e-05,0.3,False,1.9206019938435497,0.21757586121240846,0.1342737763328638,8
12707,37,rolling,170,170,none,measured_local,1.708976924419403e-06,0.3,False,1.7025815283860803,0.23590507436482638,0.12996288522590477,0
12707,37,qaoa_transfer,202,170,retain_previous,trace_replayed_qpu,1087.05568,0.3,True,1.7025815283860803,0.23590507436482638,0.12996288522590477,0
12707,38,milp,202,202,none,measured_local,0.03261445800308138,0.3,False,1.555794772418772,0.18799742789578527,0.12387212991389138,8
12707,38,task_specific,216,216,none,measured_local,7.149996235966682e-05,0.3,False,1.877168362841289,0.17643268538868145,0.13281504984608875,8
12707,38,rolling,170,170,none,measured_local,1.834006980061531e-06,0.3,False,1.695578436164005,0.251860507940856,0.127364538209652,0
12707,38,qaoa_transfer,202,170,retain_previous,trace_replayed_qpu,1229.3304000000003,0.3,True,1.695578436164005,0.251860507940856,0.127364538209652,0
12707,39,milp,53,53,none,measured_local,0.03068920806981623,0.3,False,1.496282227693944,0.16095029834900335,0.1154323693104693,8
12707,39,task_specific,216,216,none,measured_local,6.962497718632221e-05,0.3,False,1.8027894380907346,0.16526086065865148,0.12346670907103223,0
12707,39,rolling,170,170,none,measured_local,1.6249250620603561e-06,0.3,False,1.63431060495515,0.22385774992899596,0.11892696090410013,0
12707,39,qaoa_transfer,202,170,retain_previous,trace_replayed_qpu,1385.5546000000004,0.3,True,1.63431060495515,0.22385774992899596,0.11892696090410013,0
12707,40,milp,53,53,none,measured_local,0.031207874999381602,0.3,False,1.461976758579904,0.15156315627618816,0.1083945556923486,0
12707,40,task_specific,39,39,none,measured_local,7.329101208597422e-05,0.3,False,1.8264815205718508,0.17917945490754061,0.11605723595226837,8
12707,40,rolling,170,170,none,measured_local,2.2919848561286926e-06,0.3,False,1.508827786820088,0.148239107617252,0.11184526512387874,0
12707,40,qaoa_transfer,202,170,retain_previous,trace_replayed_qpu,1574.0720000000001,0.3,True,1.508827786820088,0.148239107617252,0.11184526512387874,0
12707,41,milp,85,85,none,measured_local,0.03089616703800857,0.3,False,1.3808969921431582,0.1234100626160751,0.09611258047025076,2
12707,41,task_specific,39,39,none,measured_local,6.975000724196434e-05,0.3,False,1.7842372301453389,0.18360045566560196,0.10647453801429627,0
12707,41,rolling,170,170,none,measured_local,1.5409896150231361e-06,0.3,False,1.4063967314332824,0.12310309935220518,0.0985331946705022,0
12707,41,qaoa_transfer,53,170,retain_previous,trace_replayed_qpu,1659.5689999999997,0.3,True,1.4063967314332824,0.12310309935220518,0.0985331946705022,0
12707,42,milp,53,53,none,measured_local,0.032009458052925766,0.3,False,1.3054685883721358,0.13448251061851818,0.08448465141211567,2
12707,42,task_specific,165,165,none,measured_local,7.29589955881238e-05,0.3,False,2.193577192276453,0.18451508894507895,0.10470021382246092,2
12707,42,rolling,170,170,none,measured_local,1.8749851733446121e-06,0.3,False,1.3196508520735286,0.12252305132455377,0.08612241828583206,0
12707,42,qaoa_transfer,202,170,retain_previous,trace_replayed_qpu,1845.6639200000009,0.3,True,1.3196508520735286,0.12252305132455377,0.08612241828583206,0
12707,43,milp,85,85,none,measured_local,0.034103916957974434,0.3,False,1.2328112970965677,0.12025536151983572,0.07434237284881234,2
12707,43,task_specific,212,212,none,measured_local,7.06670107319951e-05,0.3,False,1.8387197511081252,0.1591372457939197,0.09150458173577877,4
12707,43,rolling,170,170,none,measured_local,1.625041477382183e-06,0.3,False,1.2500059959572172,0.12029136200030482,0.07600377130183822,0
12707,43,qaoa_transfer,202,170,retain_previous,trace_replayed_qpu,1984.5545999999997,0.3,True,1.2500059959572172,0.12029136200030482,0.07600377130183822,0
12707,44,milp,53,53,none,measured_local,0.030321500031277537,0.3,False,1.1903866598551194,0.12840077391034113,0.06633238059771858,2
12707,44,task_specific,39,39,none,measured_local,7.079204078763723e-05,0.3,False,1.5458952704056066,0.16146126644943143,0.07756010296710925,6
12707,44,rolling,170,170,none,measured_local,1.8330756574869156e-06,0.3,False,1.2031865746663843,0.10780980937054613,0.06821264989893043,0
12707,44,qaoa_transfer,202,170,retain_previous,trace_replayed_qpu,2142.670420000001,0.3,True,1.2031865746663843,0.10780980937054613,0.06821264989893043,0
12707,45,milp,170,170,none,measured_local,0.030920375022105873,0.3,False,1.1672272978670633,0.10953844686326031,0.06388622283508107,6
12707,45,task_specific,165,165,none,measured_local,8.533301297575235e-05,0.3,False,1.9667922541988343,0.16827843564213876,0.08244548893429032,2
12707,45,rolling,170,170,none,measured_local,1.8749851733446121e-06,0.3,False,1.1823082471006274,0.10986197286945797,0.06536716436665961,0
12707,45,qaoa_transfer,202,170,retain_previous,trace_replayed_qpu,2355.1834799999992,0.3,True,1.1823082471006274,0.10986197286945797,0.06536716436665961,0
12707,46,milp,53,53,none,measured_local,0.033753625000827014,0.3,False,1.149379407264423,0.11422919674049023,0.061949518463841474,6
12707,46,task_specific,212,212,none,measured_local,7.66250304877758e-05,0.3,False,1.6948558599499797,0.14190005845071454,0.07741162009558669,4
12707,46,rolling,170,170,none,measured_local,2.00001522898674e-06,0.3,False,1.170060902009687,0.1079633846365744,0.06359520617751568,0
12707,46,qaoa_transfer,202,170,retain_previous,trace_replayed_qpu,2641.1710800000037,0.3,True,1.170060902009687,0.1079633846365744,0.06359520617751568,0
12748,0,milp,27,27,none,measured_local,0.04109420801978558,0.3,False,1.304105766266434,0.09551546502465047,0.08562456625996222,4
12748,0,task_specific,114,114,none,measured_local,7.291696965694427e-05,0.3,False,2.0010709752860127,0.11598211957595436,0.09773558516025764,4
12748,0,rolling,170,170,none,measured_local,1.9579892978072166e-06,0.3,False,2.228680471249246,0.12390189075781068,0.10171513374800725,0
12748,0,qaoa_transfer,228,170,retain_previous,trace_replayed_qpu,33372.02029999999,0.3,True,2.228680471249246,0.12390189075781068,0.10171513374800725,0
12748,1,milp,228,228,none,measured_local,0.03178754192776978,0.3,False,1.3339404831680766,0.10207067440743475,0.08816514415666085,8
12748,1,task_specific,172,172,none,measured_local,7.433304563164711e-05,0.3,False,1.809896168320455,0.11834941450381778,0.09904981358027898,6
12748,1,rolling,170,170,none,measured_local,1.6659032553434372e-06,0.3,False,2.336439713234598,0.13181041997235227,0.11127951178123113,0
12748,1,qaoa_transfer,228,170,retain_previous,trace_replayed_qpu,38236.33444,0.3,True,2.336439713234598,0.13181041997235227,0.11127951178123113,0
12748,2,milp,228,228,none,measured_local,0.04627358401194215,0.3,False,1.3404360511108986,0.10413574960568278,0.08882351207920192,0
12748,2,task_specific,232,232,none,measured_local,7.737509440630674e-05,0.3,False,2.0192357729742314,0.12565807883178898,0.10424741175348234,2
12748,2,rolling,170,170,none,measured_local,1.5830155462026596e-06,0.3,False,2.3659285785950717,0.13052033444093336,0.11388599283086495,0
12748,2,qaoa_transfer,27,170,retain_previous,trace_replayed_qpu,40437.89090000001,0.3,True,2.3659285785950717,0.13052033444093336,0.11388599283086495,0
12748,3,milp,228,228,none,measured_local,0.034018374979496,0.3,False,1.3287790175102907,0.10474556792346999,0.08717340127777247,0
12748,3,task_specific,240,240,none,measured_local,7.295794785022736e-05,0.3,False,1.6835051224785014,0.13023716611764183,0.0966969434739064,2
12748,3,rolling,170,170,none,measured_local,1.708976924419403e-06,0.3,False,2.3555488356067897,0.1325528110116188,0.11281071446487678,0
12748,3,qaoa_transfer,27,170,retain_previous,trace_replayed_qpu,43481.44719999998,0.3,True,2.3555488356067897,0.1325528110116188,0.11281071446487678,0
12748,4,milp,27,27,none,measured_local,0.03438033303245902,0.3,False,1.3174578436590147,0.10259897902900035,0.08555697543775727,8
12748,4,task_specific,114,114,none,measured_local,7.199996616691351e-05,0.3,False,2.038719488733267,0.12110683695199358,0.10136340074889093,2
12748,4,rolling,170,170,none,measured_local,1.8329592421650887e-06,0.3,False,2.3401242908740967,0.1313355215146983,0.11122622089016976,0
12748,4,qaoa_transfer,27,170,retain_previous,trace_replayed_qpu,48527.47675999998,0.3,True,2.3401242908740967,0.1313355215146983,0.11122622089016976,0
12748,5,milp,228,228,none,measured_local,0.036595750018022954,0.3,False,1.1424238673078504,0.07850154129055309,0.05992394609147536,8
12748,5,task_specific,83,83,none,measured_local,6.945803761482239e-05,0.3,False,1.5712047554198547,0.0930450301086585,0.071357099061591,2
12748,5,rolling,170,170,none,measured_local,1.8329592421650887e-06,0.3,False,2.057572197470166,0.10323481600296643,0.08549060727185243,0
12748,5,qaoa_transfer,228,170,retain_previous,trace_replayed_qpu,53384.057600000044,0.3,True,2.057572197470166,0.10323481600296643,0.08549060727185243,0
12748,6,milp,27,27,none,measured_local,0.03311275003943592,0.3,False,0.9214150458324787,0.04558506609340441,0.028560596682696254,8
12748,6,task_specific,210,210,none,measured_local,6.941694300621748e-05,0.3,False,1.6010637791992979,0.06586617525536623,0.045498313530607126,2
12748,6,rolling,170,170,none,measured_local,1.7080456018447876e-06,0.3,False,1.681806972225114,0.0671280723674649,0.051439304936754145,0
12748,6,qaoa_transfer,27,170,retain_previous,trace_replayed_qpu,57209.42362000002,0.3,True,1.681806972225114,0.0671280723674649,0.051439304936754145,0
12748,7,milp,27,27,none,measured_local,0.03610662498977035,0.3,False,0.8770421651101932,0.03689932721106757,0.023035376145811963,0
12748,7,task_specific,180,180,none,measured_local,6.920797750353813e-05,0.3,False,1.389413859224504,0.059915010647470804,0.03490052372187973,4
12748,7,rolling,170,170,none,measured_local,1.7079291865229607e-06,0.3,False,1.5739546150866295,0.05504972715666577,0.042045174305627854,0
12748,7,qaoa_transfer,228,170,retain_previous,trace_replayed_qpu,61686.31511999999,0.3,True,1.5739546150866295,0.05504972715666577,0.042045174305627854,0
12748,8,milp,228,228,none,measured_local,0.031350958975963295,0.3,False,0.8678841015513746,0.035016945901751285,0.021926054127754828,8
12748,8,task_specific,114,114,none,measured_local,7.283303420990705e-05,0.3,False,1.3455447367983053,0.04317864257037533,0.03300789327915224,4
12748,8,rolling,170,170,none,measured_local,1.5420373529195786e-06,0.3,False,1.5427733898111717,0.05138608844347766,0.03934886537716573,0
12748,8,qaoa_transfer,27,170,retain_previous,trace_replayed_qpu,66510.1831,0.3,True,1.5427733898111717,0.05138608844347766,0.03934886537716573,0
12748,9,milp,228,228,none,measured_local,0.03149820794351399,0.3,False,1.2363003714305647,0.08465176613622863,0.07562210253878436,0
12748,9,task_specific,83,83,none,measured_local,6.979203317314386e-05,0.3,False,1.6532727865975372,0.09799371940990928,0.08322324244785953,2
12748,9,rolling,170,170,none,measured_local,1.7080456018447876e-06,0.3,False,2.1213452609396155,0.10370916524410262,0.0924943347452793,0
12748,9,qaoa_transfer,228,170,retain_previous,trace_replayed_qpu,71306.33684000002,0.3,True,2.1213452609396155,0.10370916524410262,0.0924943347452793,0
12748,10,milp,27,27,none,measured_local,0.03247929096687585,0.3,False,1.3138005559671828,0.101053367740151,0.08528250928576411,8
12748,10,task_specific,232,232,none,measured_local,6.949994713068008e-05,0.3,False,1.9690751292775444,0.12030920904803902,0.09917140416391507,6
12748,10,rolling,170,170,none,measured_local,1.5830155462026596e-06,0.3,False,2.293374765804182,0.12198834555627308,0.1074086315234904,0
12748,10,qaoa_transfer,27,170,retain_previous,trace_replayed_qpu,74863.04220000001,0.3,True,2.293374765804182,0.12198834555627308,0.1074086315234904,0
12748,11,milp,228,228,none,measured_local,0.031459666904993355,0.3,False,1.3493029297769399,0.10851980141031009,0.08980751389917957,8
12748,11,task_specific,240,240,none,measured_local,7.212499622255564e-05,0.3,False,1.6975576259756133,0.12998206600362483,0.09896561316355618,2
12748,11,rolling,170,170,none,measured_local,1.583946868777275e-06,0.3,False,2.3713189085358906,0.14093336115965588,0.11429686914510453,0
12748,11,qaoa_transfer,27,170,retain_previous,trace_replayed_qpu,78499.34332,0.3,True,2.3713189085358906,0.14093336115965588,0.11429686914510453,0
12748,12,milp,27,27,none,measured_local,0.034342249971814454,0.3,False,1.363080520676367,0.11380466580101793,0.09189507324442349,8
12748,12,task_specific,240,240,none,measured_local,6.570899859070778e-05,0.3,False,1.7152093688088073,0.13134268369182983,0.10060144064939033,0
12748,12,rolling,170,170,none,measured_local,1.7080456018447876e-06,0.3,False,2.4046557785709095,0.13378924768750083,0.11744547271339727,0
12748,12,qaoa_transfer,27,170,retain_previous,trace_replayed_qpu,84164.25534000002,0.3,True,2.4046557785709095,0.13378924768750083,0.11744547271339727,0
12748,13,milp,27,27,none,measured_local,0.037520833080634475,0.3,False,1.40359679223834,0.12453178500509612,0.09707701301690917,0
12748,13,task_specific,240,240,none,measured_local,7.037504110485315e-05,0.3,False,1.758372542866894,0.13295519920493873,0.10588023422022019,0
12748,13,rolling,170,170,none,measured_local,1.500011421740055e-06,0.3,False,2.465051161418601,0.14928392042859395,0.12311639446427274,0
12748,13,qaoa_transfer,228,170,retain_previous,trace_replayed_qpu,92768.27739999996,0.3,True,2.465051161418601,0.14928392042859395,0.12311639446427274,0
12748,14,milp,27,27,none,measured_local,0.03408508293796331,0.3,False,1.425418777372304,0.12565794671002634,0.1012524198059585,0
12748,14,task_specific,240,240,none,measured_local,6.850005593150854e-05,0.3,False,1.7900380054045135,0.13654573011657387,0.11012181357167233,0
12748,14,rolling,170,170,none,measured_local,1.5830155462026596e-06,0.3,False,2.5175130935812224,0.16475764830977213,0.12778877903546504,0
12748,14,qaoa_transfer,228,170,retain_previous,trace_replayed_qpu,114401.84185999991,0.3,True,2.5175130935812224,0.16475764830977213,0.12778877903546504,0
12748,15,milp,27,27,none,measured_local,0.03871020895894617,0.3,False,1.4562407214346742,0.13274657776180637,0.1054979694343076,0
12748,15,task_specific,240,240,none,measured_local,6.504100747406483e-05,0.3,False,1.8293065943567584,0.1440711997408714,0.11461345013511283,0
12748,15,rolling,170,170,none,measured_local,1.5409896150231361e-06,0.3,False,2.572352099530398,0.1732018091917792,0.13280032733953057,0
12748,15,qaoa_transfer,228,170,retain_previous,trace_replayed_qpu,207486.516,0.3,True,2.572352099530398,0.1732018091917792,0.13280032733953057,0
12748,16,milp,228,228,none,measured_local,0.028128792066127062,0.3,False,1.4592512018654482,0.1357206577253583,0.10493101803586685,8
12748,16,task_specific,240,240,none,measured_local,7.033301517367363e-05,0.3,False,1.8358411624178397,0.15152757849828646,0.11425766485891896,0
12748,16,rolling,170,170,none,measured_local,1.6249250620603561e-06,0.3,False,2.579036599229391,0.16767503350936924,0.13283380248825996,0
12748,16,qaoa_transfer,27,170,retain_previous,trace_replayed_qpu,0.335999999999996,0.3,True,2.579036599229391,0.16767503350936924,0.13283380248825996,0
12748,17,milp,27,27,none,measured_local,0.03236704203300178,0.3,False,1.4498202274897747,0.1301549382647038,0.10439378004663621,8
12748,17,task_specific,240,240,none,measured_local,7.262500002980232e-05,0.3,False,1.8263543483331603,0.14531383341054577,0.113808529060446,0
12748,17,rolling,170,170,none,measured_local,1.8329592421650887e-06,0.3,False,2.5759528653172596,0.17072507335158904,0.13238841498073478,0
12748,17,qaoa_transfer,27,170,retain_previous,trace_replayed_qpu,0.40899999999999803,0.3,True,2.5759528653172596,0.17072507335158904,0.13238841498073478,0
12748,18,milp,27,27,none,measured_local,0.03269795898813754,0.3,False,1.4411935566644845,0.1318548216539671,0.10293300568724437,0
12748,18,task_specific,240,240,none,measured_local,8.000002708286047e-05,0.3,False,1.8153276493463706,0.14381484494474311,0.11234635870832901,0
12748,18,rolling,170,170,none,measured_local,1.500011421740055e-06,0.3,False,2.561299789166964,0.16463992099920555,0.1310863216329315,0
12748,18,qaoa_transfer,27,170,retain_previous,trace_replayed_qpu,0.443999999999996,0.3,True,2.561299789166964,0.16463992099920555,0.1310863216329315,0
12748,19,milp,228,228,none,measured_local,0.032138834008947015,0.3,False,1.430272212277258,0.1256819563424635,0.1013923389166121,8
12748,19,task_specific,240,240,none,measured_local,7.774995174258947e-05,0.3,False,1.802664261713462,0.14440969759146877,0.11074569123365927,0
12748,19,rolling,170,170,none,measured_local,1.5830155462026596e-06,0.3,False,2.5429537527094555,0.16154639348709102,0.1293949947291741,0
12748,19,qaoa_transfer,27,170,retain_previous,trace_replayed_qpu,0.4766599999999973,0.3,True,2.5429537527094555,0.16154639348709102,0.1293949947291741,0
12748,20,milp,228,228,none,measured_local,0.0341628750320524,0.3,False,1.4399160257930057,0.13387436702592667,0.10306930530693144,0
12748,20,task_specific,240,240,none,measured_local,7.074989844113588e-05,0.3,False,1.8150709349085397,0.1417118641953606,0.11237910654283656,0
12748,20,rolling,170,170,none,measured_local,1.6669509932398796e-06,0.3,False,2.559227449510068,0.1598460434942099,0.13088634381773637,0
12748,20,qaoa_transfer,228,170,retain_previous,trace_replayed_qpu,0.504999999999998,0.3,True,2.559227449510068,0.1598460434942099,0.13088634381773637,0
12748,21,milp,27,27,none,measured_local,0.030422957963310182,0.3,False,1.459894693867178,0.1355427938404422,0.10564790064482514,8
12748,21,task_specific,240,240,none,measured_local,7.199996616691351e-05,0.3,False,1.839695206573401,0.1497517339123331,0.1150267733727135,0
12748,21,rolling,170,170,none,measured_local,1.750071533024311e-06,0.3,False,2.59198279889496,0.17035114404709473,0.13363068623775168,0
12748,21,qaoa_transfer,27,170,retain_previous,trace_replayed_qpu,0.539999999999996,0.3,True,2.59198279889496,0.17035114404709473,0.13363068623775168,0
12748,22,milp,27,27,none,measured_local,0.03358308400493115,0.3,False,1.4598357102316448,0.1345490178978952,0.10630986734667944,0
12748,22,task_specific,240,240,none,measured_local,6.962509360164404e-05,0.3,False,1.8404965967697087,0.14391772956849455,0.11580488016433502,0
12748,22,rolling,170,170,none,measured_local,1.6249250620603561e-06,0.3,False,2.600633637337661,0.1760246517683291,0.13461206997237402,0
12748,22,qaoa_transfer,228,170,retain_previous,trace_replayed_qpu,0.575,0.3,True,2.600633637337661,0.1760246517683291,0.13461206997237402,0
12748,23,milp,27,27,none,measured_local,0.03391650004778057,0.3,False,1.459656235017117,0.13687367159152125,0.10613339275579112,0
12748,23,task_specific,240,240,none,measured_local,8.216593414545059e-05,0.3,False,1.842772619468228,0.14672503636110534,0.11564991491924273,0
12748,23,rolling,170,170,none,measured_local,1.459033228456974e-06,0.3,False,2.6022113975149757,0.16791565019544658,0.1346533409334415,0
12748,23,qaoa_transfer,228,170,retain_previous,trace_replayed_qpu,0.6095399999999971,0.3,True,2.6022113975149757,0.16791565019544658,0.1346533409334415,0
12748,24,milp,27,27,none,measured_local,0.03244679095223546,0.3,False,1.4374245274878001,0.12925014667249404,0.10275390587542793,0
12748,24,task_specific,240,240,none,measured_local,7.025001104921103e-05,0.3,False,1.8187758616642116,0.1487704164427614,0.11233181548670569,0
12748,24,rolling,170,170,none,measured_local,1.5830155462026596e-06,0.3,False,2.5640412009935716,0.1547879004192214,0.13131778493787438,0
12748,24,qaoa_transfer,27,170,retain_previous,trace_replayed_qpu,0.630999999999998,0.3,True,2.5640412009935716,0.1547879004192214,0.13131778493787438,0
12748,25,milp,27,27,none,measured_local,0.043750416953116655,0.3,False,1.4394310470938945,0.1318628335326089,0.103098113187195,0
12748,25,task_specific,240,240,none,measured_local,6.437499541789293e-05,0.3,False,1.8193000171884726,0.14665294606011364,0.1126318965416053,0
12748,25,rolling,170,170,none,measured_local,1.5828991308808327e-06,0.3,False,2.5648237064637294,0.15925744754902016,0.13126353002483931,0
12748,25,qaoa_transfer,27,170,retain_previous,trace_replayed_qpu,0.639999999999998,0.3,True,2.5648237064637294,0.15925744754902016,0.13126353002483931,0
12748,26,milp,228,228,none,measured_local,0.03289520798716694,0.3,False,1.4435528260147525,0.13706584688251838,0.10264827617734736,8
12748,26,task_specific,240,240,none,measured_local,6.970809772610664e-05,0.3,False,1.8163691713664325,0.1462842521195645,0.11214500042971182,0
12748,26,rolling,170,170,none,measured_local,1.6249250620603561e-06,0.3,False,2.5530041160617034,0.15683150696449957,0.13078309266159324,0
12748,26,qaoa_transfer,228,170,retain_previous,trace_replayed_qpu,0.6909999999999981,0.3,True,2.5530041160617034,0.15683150696449957,0.13078309266159324,0
12748,27,milp,27,27,none,measured_local,0.03085020906291902,0.3,False,1.4424135986459772,0.13488805694325193,0.1031388206503688,8
12748,27,task_specific,27,27,none,measured_local,7.104198448359966e-05,0.3,False,1.4476739473731226,0.13430668467501947,0.10392788524684074,6
12748,27,rolling,170,170,none,measured_local,1.8329592421650887e-06,0.3,False,2.55810232569306,0.16026376980559898,0.13087510290154258,0
12748,27,qaoa_transfer,27,170,retain_previous,trace_replayed_qpu,0.8784199999999982,0.3,True,2.55810232569306,0.16026376980559898,0.13087510290154258,0
12748,28,milp,228,228,none,measured_local,0.038458417053334415,0.3,False,1.4315029061509836,0.13052011478766062,0.10201033996614943,8
12748,28,task_specific,113,113,none,measured_local,7.449998520314693e-05,0.3,False,2.3926936092625124,0.15224836596535363,0.12014363124456322,4
12748,28,rolling,170,170,none,measured_local,1.750071533024311e-06,0.3,False,2.55153938212058,0.1603454255840373,0.12990255814232649,0
12748,28,qaoa_transfer,228,170,retain_previous,trace_replayed_qpu,2.1629999999999963,0.3,True,2.55153938212058,0.1603454255840373,0.12990255814232649,0
12748,29,milp,228,228,none,measured_local,0.027412459021434188,0.3,False,1.424067955741075,0.12408540486469759,0.10137507265377459,0
12748,29,task_specific,27,27,none,measured_local,6.991694681346416e-05,0.3,False,1.4362357094821572,0.12777255807426222,0.10321964712980697,4
12748,29,rolling,170,170,none,measured_local,1.708976924419403e-06,0.3,False,2.548413381776906,0.16431102379838064,0.1293759845530145,0
12748,29,qaoa_transfer,27,170,retain_previous,trace_replayed_qpu,4.0434,0.3,True,2.548413381776906,0.16431102379838064,0.1293759845530145,0
12748,30,milp,27,27,none,measured_local,0.03733504202682525,0.3,False,1.4212603369250874,0.12442930997943155,0.10032669889352687,8
12748,30,task_specific,232,232,none,measured_local,7.687497418373823e-05,0.3,False,2.113423771616712,0.139576119421655,0.1140794894972332,6
12748,30,rolling,170,170,none,measured_local,2.124928869307041e-06,0.3,False,2.534013760382704,0.16341998938156493,0.12843533454442263,0
12748,30,qaoa_transfer,27,170,retain_previous,trace_replayed_qpu,5.547399999999997,0.3,True,2.534013760382704,0.16341998938156493,0.12843533454442263,0
12748,31,milp,27,27,none,measured_local,0.035822417004965246,0.3,False,1.454004921503931,0.14411017175077462,0.10524400842312717,0
12748,31,task_specific,240,240,none,measured_local,7.1709044277668e-05,0.3,False,1.8294215741159818,0.14555566676082343,0.11492477512048802,2
12748,31,rolling,170,170,none,measured_local,1.584063284099102e-06,0.3,False,2.5866902038426556,0.18492815927955775,0.13306284400956758,0
12748,31,qaoa_transfer,228,170,retain_previous,trace_replayed_qpu,6.055999999999994,0.3,True,2.5866902038426556,0.18492815927955775,0.13306284400956758,0
12748,32,milp,228,228,none,measured_local,0.04030591598711908,0.3,False,1.4804591688776874,0.15825262528241274,0.10996262303759827,8
12748,32,task_specific,240,240,none,measured_local,7.099995855242014e-05,0.3,False,1.8641618218873275,0.15861015164882272,0.11934803935289955,0
12748,32,rolling,170,170,none,measured_local,2.0830193534493446e-06,0.3,False,2.6493593545839498,0.20060862012168978,0.1382797550960664,0
12748,32,qaoa_transfer,27,170,retain_previous,trace_replayed_qpu,6.330999999999999,0.3,True,2.6493593545839498,0.20060862012168978,0.1382797550960664,0
12748,33,milp,27,27,none,measured_local,0.035421667038463056,0.3,False,1.4588384376809338,0.13994359502926573,0.10571147922194218,8
12748,33,task_specific,201,201,none,measured_local,7.583294063806534e-05,0.3,False,2.5232566591923464,0.1783585040489311,0.12854766452053837,4
12748,33,rolling,170,170,none,measured_local,2.0420411601662636e-06,0.3,False,2.6051685706224066,0.18357552330592197,0.13493398386459876,0
12748,33,qaoa_transfer,228,170,retain_previous,trace_replayed_qpu,7.187819999999996,0.3,True,2.6051685706224066,0.18357552330592197,0.13493398386459876,0
12748,34,milp,27,27,none,measured_local,0.03779674996621907,0.3,False,1.4517312944965066,0.14483540842692316,0.10529596094202334,0
12748,34,task_specific,83,83,none,measured_local,7.43749551475048e-05,0.3,False,2.0032942733396375,0.18633901477768244,0.11869237404440933,4
12748,34,rolling,170,170,none,measured_local,1.7919810488820076e-06,0.3,False,2.5953136165055386,0.18792439546174683,0.13395421426556017,0
12748,34,qaoa_transfer,228,170,retain_previous,trace_replayed_qpu,8.200759999999997,0.3,True,2.5953136165055386,0.18792439546174683,0.13395421426556017,0
12748,35,milp,228,228,none,measured_local,0.03654474997892976,0.3,False,1.4399222264417442,0.1283235985103116,0.10284328236241266,8
12748,35,task_specific,27,27,none,measured_local,6.562494672834873e-05,0.3,False,1.4481756544083497,0.13150024332754393,0.10417337687933509,2
12748,35,rolling,170,170,none,measured_local,1.6249250620603561e-06,0.3,False,2.563204599325307,0.1716652442825038,0.13143284041263847,0
12748,35,qaoa_transfer,228,170,retain_previous,trace_replayed_qpu,12.541100000000005,0.3,True,2.563204599325307,0.1716652442825038,0.13143284041263847,0
12748,36,milp,27,27,none,measured_local,0.03471833292860538,0.3,False,1.4422913008777478,0.1435506586669143,0.1036230556610436,8
12748,36,task_specific,154,154,none,measured_local,7.466704118996859e-05,0.3,False,2.1810753994607714,0.17509501945554895,0.1182553211350757,2
12748,36,rolling,170,170,none,measured_local,2.00001522898674e-06,0.3,False,2.5688368279912375,0.185390726447469,0.13170511498313267,0
12748,36,qaoa_transfer,228,170,retain_previous,trace_replayed_qpu,13.504399999999997,0.3,True,2.5688368279912375,0.185390726447469,0.13170511498313267,0
12748,37,milp,27,27,none,measured_local,0.03377470897976309,0.3,False,1.446435612046193,0.14437807356024146,0.1041822825219437,0
12748,37,task_specific,15,15,none,measured_local,7.104198448359966e-05,0.3,False,1.807095763837904,0.14529481801684102,0.11337358082418734,4
12748,37,rolling,170,170,none,measured_local,1.4170072972774506e-06,0.3,False,2.5724422121580046,0.18679896712217742,0.13234592069978096,0
12748,37,qaoa_transfer,27,170,retain_previous,trace_replayed_qpu,14.101619999999999,0.3,True,2.5724422121580046,0.18679896712217742,0.13234592069978096,0
12748,38,milp,27,27,none,measured_local,0.02754525002092123,0.3,False,1.4340019850464438,0.13699666484188217,0.1020983903011548,0
12748,38,task_specific,201,201,none,measured_local,7.320893928408623e-05,0.3,False,2.468757447783324,0.17533019771201974,0.1240066314888287,4
12748,38,rolling,170,170,none,measured_local,2.0830193534493446e-06,0.3,False,2.547506031225008,0.1795426976663424,0.13024855530395013,0
12748,38,qaoa_transfer,228,170,retain_previous,trace_replayed_qpu,15.422199999999988,0.3,True,2.547506031225008,0.1795426976663424,0.13024855530395013,0
12748,39,milp,27,27,none,measured_local,0.03266129200346768,0.3,False,1.4702981865238325,0.1601863252519548,0.10691254962616109,0
12748,39,task_specific,172,172,none,measured_local,7.520802319049835e-05,0.3,False,2.0150976911303218,0.20118607125431542,0.12015124109587554,4
12748,39,rolling,170,170,none,measured_local,1.459033228456974e-06,0.3,False,2.5944337439875076,0.20228878917069856,0.1347501507806252,0
12748,39,qaoa_transfer,228,170,retain_previous,trace_replayed_qpu,18.579039999999992,0.3,True,2.5944337439875076,0.20228878917069856,0.1347501507806252,0
12748,40,milp,228,228,none,measured_local,0.03476075001526624,0.3,False,1.4658688897845196,0.1527388716501409,0.10620745466309581,8
12748,40,task_specific,228,228,none,measured_local,6.395892705768347e-05,0.3,False,1.4740902811757413,0.15587298118316079,0.10752903606329726,2
12748,40,rolling,170,170,none,measured_local,1.4581019058823586e-06,0.3,False,2.5921542886429196,0.19634521192084503,0.1343108435996877,0
12748,40,qaoa_transfer,228,170,retain_previous,trace_replayed_qpu,23.035399999999996,0.3,True,2.5921542886429196,0.19634521192084503,0.1343108435996877,0
12748,41,milp,228,228,none,measured_local,0.03526308399159461,0.3,False,1.4665041694846945,0.14582481485803578,0.10519672224461299,0
12748,41,task_specific,240,240,none,measured_local,6.616709288209677e-05,0.3,False,1.8017526901626866,0.13931814373585155,0.11180328600159707,2
12748,41,rolling,170,170,none,measured_local,1.708976924419403e-06,0.3,False,2.5717781564191764,0.17372715113443082,0.133353857216073,0
12748,41,qaoa_transfer,228,170,retain_previous,trace_replayed_qpu,27.161999999999995,0.3,True,2.5717781564191764,0.17372715113443082,0.133353857216073,0
12748,42,milp,228,228,none,measured_local,0.031084832968190312,0.3,False,1.457485914408931,0.13919411408390486,0.10417510423711736,0
12748,42,task_specific,240,240,none,measured_local,7.01249809935689e-05,0.3,False,1.8063267219265735,0.13514337645988,0.11255631725406716,0
12748,42,rolling,170,170,none,measured_local,1.7499551177024841e-06,0.3,False,2.554025062396136,0.16988884029818896,0.13180695391047942,0
12748,42,qaoa_transfer,228,170,retain_previous,trace_replayed_qpu,32.99244000000001,0.3,True,2.554025062396136,0.16988884029818896,0.13180695391047942,0
12748,43,milp,27,27,none,measured_local,0.03693075000774115,0.3,False,1.4241032049683728,0.12931202352863638,0.10008714786022327,8
12748,43,task_specific,240,240,none,measured_local,7.3749921284616e-05,0.3,False,1.7758771644089335,0.1334723132044462,0.10880816804816433,0
12748,43,rolling,170,170,none,measured_local,1.750071533024311e-06,0.3,False,2.5143567870445236,0.16980022103914888,0.1275006265599034,0
12748,43,qaoa_transfer,27,170,retain_previous,trace_replayed_qpu,36.903020000000005,0.3,True,2.5143567870445236,0.16980022103914888,0.1275006265599034,0
12748,44,milp,228,228,none,measured_local,0.030430500046350062,0.3,False,1.3988957569058378,0.1257947636240248,0.09634008012420932,8
12748,44,task_specific,240,240,none,measured_local,7.116701453924179e-05,0.3,False,1.7502311828164747,0.13256242314447267,0.10513442911022333,0
12748,44,rolling,170,170,none,measured_local,1.8330756574869156e-06,0.3,False,2.4714020623477,0.1540714296231958,0.12359641967611308,0
12748,44,qaoa_transfer,228,170,retain_previous,trace_replayed_qpu,39.999480000000005,0.3,True,2.4714020623477,0.1540714296231958,0.12359641967611308,0
12748,45,milp,27,27,none,measured_local,0.034030084032565355,0.3,False,1.3843564231112828,0.11654479468948212,0.09454739392264595,8
12748,45,task_specific,240,240,none,measured_local,8.037500083446503e-05,0.3,False,1.7361222474799454,0.13273507431937004,0.10333077957041187,0
12748,45,rolling,170,170,none,measured_local,1.5830155462026596e-06,0.3,False,2.4482612876418615,0.1511861561114955,0.1213600515586925,0
12748,45,qaoa_transfer,228,170,retain_previous,trace_replayed_qpu,44.07458,0.3,True,2.4482612876418615,0.1511861561114955,0.1213600515586925,0
12748,46,milp,27,27,none,measured_local,0.03435750002972782,0.3,False,1.378695536081248,0.1143988633730281,0.09400891057778207,0
12748,46,task_specific,240,240,none,measured_local,6.695801857858896e-05,0.3,False,1.7284262341054784,0.13036766221741564,0.10280305618699863,0
12748,46,rolling,170,170,none,measured_local,1.8749851733446121e-06,0.3,False,2.4410775899173416,0.15400015708154183,0.12060653219104654,0
12748,46,qaoa_transfer,228,170,retain_previous,trace_replayed_qpu,48.63859999999999,0.3,True,2.4410775899173416,0.15400015708154183,0.12060653219104654,0
12771,0,milp,180,180,none,measured_local,0.029008875018917024,0.3,False,0.9262771256960276,0.12910292814701382,0.0837419940898714,4
12771,0,task_specific,150,150,none,measured_local,7.570802699774504e-05,0.3,False,1.2189972468455488,0.1256924454891989,0.08870717755686666,4
12771,0,rolling,107,107,none,measured_local,2.874992787837982e-06,0.3,False,1.3246860283499802,0.12809223436811004,0.08091963013186595,3
12771,0,qaoa_transfer,75,170,retain_previous,trace_replayed_qpu,43481.44719999998,0.3,True,1.9875387385357146,0.12957319155953387,0.10319392848025627,0
12771,1,milp,180,180,none,measured_local,0.03004037495702505,0.3,False,0.9267394311341651,0.13250748229806464,0.08273192814240068,0
12771,1,task_specific,105,105,none,measured_local,0.0001386249205097556,0.3,False,1.251037620939707,0.12751986579966854,0.09004993117113871,8
12771,1,rolling,106,106,none,measured_local,2.7919886633753777e-06,0.3,False,1.1164646369495768,0.12443131449986279,0.08643422244893206,1
12771,1,qaoa_transfer,180,170,retain_previous,trace_replayed_qpu,48527.47675999998,0.3,True,2.07090687844309,0.13365921264876351,0.10926346846339285,0
12771,2,milp,180,180,none,measured_local,0.029871582984924316,0.3,False,0.9137875754714018,0.11882573396363341,0.07705598577835412,0
12771,2,task_specific,105,105,none,measured_local,8.037500083446503e-05,0.3,False,1.237761766158962,0.1187104098563353,0.08516344052349267,0
12771,2,rolling,106,106,none,measured_local,1.5419209375977516e-06,0.3,False,1.1183705013390939,0.1109164052136938,0.08179911592373942,0
12771,2,qaoa_transfer,75,170,retain_previous,trace_replayed_qpu,53384.057600000044,0.3,True,2.0663652912794004,0.1375625642577847,0.10566017196107724,0
12771,3,milp,75,75,none,measured_local,0.031076833023689687,0.3,False,0.8735864586623874,0.1105309870362178,0.07485718938678504,8
12771,3,task_specific,180,180,none,measured_local,7.220800034701824e-05,0.3,False,0.8699516563828418,0.1056583844324426,0.07450452542015285,6
12771,3,rolling,106,106,none,measured_local,1.5830155462026596e-06,0.3,False,1.0821916514610206,0.09810703160087955,0.07997176253347735,0
12771,3,qaoa_transfer,180,170,retain_previous,trace_replayed_qpu,57209.42362000002,0.3,True,2.0444447135357575,0.1416835774000596,0.103671632281985,0
12771,4,milp,180,180,none,measured_local,0.03358799999114126,0.3,False,0.8640280777734806,0.10836083850452627,0.07060216146655969,8
12771,4,task_specific,232,232,none,measured_local,7.470801938325167e-05,0.3,False,1.2848380598761333,0.11329319727974513,0.0788625583693145,4
12771,4,rolling,106,106,none,measured_local,2.08395067602396e-06,0.3,False,1.071552660795291,0.09207324346846851,0.0758172912865255,0
12771,4,qaoa_transfer,75,170,retain_previous,trace_replayed_qpu,61686.31511999999,0.3,True,2.009978476436398,0.13882638606348868,0.09987361783839394,0
12771,5,milp,180,180,none,measured_local,0.031373625039123,0.3,False,0.7435709770422827,0.07410921337641457,0.045013201944337014,0
12771,5,task_specific,150,150,none,measured_local,7.120799273252487e-05,0.3,False,1.0081803813913117,0.07774745646734958,0.051173054138756474,6
12771,5,rolling,106,106,none,measured_local,1.584063284099102e-06,0.3,False,0.9337459471268617,0.06784253424652939,0.05020131651988228,0
12771,5,qaoa_transfer,180,170,retain_previous,trace_replayed_qpu,66510.1831,0.3,True,1.7568478322403638,0.11229803886401268,0.07366196191090996,0
12771,6,milp,75,75,none,measured_local,0.03362266696058214,0.3,False,0.6048542648752702,0.033410528967744484,0.018589274426057067,8
12771,6,task_specific,180,180,none,measured_local,7.333408575505018e-05,0.3,False,0.6004739673100035,0.03592900810542127,0.0181129009470443,2
12771,6,rolling,106,106,none,measured_local,1.6659032553434372e-06,0.3,False,0.773229998480362,0.04217189820589937,0.02334364867817154,0
12771,6,qaoa_transfer,75,170,retain_previous,trace_replayed_qpu,71306.33684000002,0.3,True,1.4589825589604384,0.0774312220857353,0.043921195806009096,0
12771,7,milp,75,75,none,measured_local,0.03350220900028944,0.3,False,0.5795303599797136,0.028251410142222377,0.015121356621881753,0
12771,7,task_specific,228,228,none,measured_local,7.666705641895533e-05,0.3,False,0.6660277913769552,0.03225924113147516,0.016416867353814566,2
12771,7,rolling,106,106,none,measured_local,1.500011421740055e-06,0.3,False,0.7429977312596125,0.03561764958678539,0.01933074996200905,0
12771,7,qaoa_transfer,180,170,retain_previous,trace_replayed_qpu,74863.04220000001,0.3,True,1.3749472333518218,0.06520146099762966,0.03647456397401096,0
12771,8,milp,180,180,none,measured_local,0.034353583003394306,0.3,False,0.5748285727453879,0.027335224696378602,0.014488258999492838,8
12771,8,task_specific,105,105,none,measured_local,7.66250304877758e-05,0.3,False,0.7949099249489457,0.042773540942934556,0.017979241670840036,4
12771,8,rolling,106,106,none,measured_local,1.6249250620603561e-06,0.3,False,0.7370647272555296,0.034052015260100266,0.018574943281490314,0
12771,8,qaoa_transfer,75,170,retain_previous,trace_replayed_qpu,78499.34332,0.3,True,1.3501053559432619,0.061012971736817974,0.03437368083379555,0
12771,9,milp,180,180,none,measured_local,0.0350958330091089,0.3,False,0.7939810125869651,0.0846845409710481,0.05975821431863469,0
12771,9,task_specific,180,180,none,measured_local,6.862496957182884e-05,0.3,False,0.7906357247956362,0.08208711185888087,0.059368874266822025,6
12771,9,rolling,106,106,none,measured_local,1.5830155462026596e-06,0.3,False,1.0017405670080597,0.07836800179366189,0.06381411818138824,0
12771,9,qaoa_transfer,75,170,retain_previous,trace_replayed_qpu,84164.25534000002,0.3,True,1.7761138977687465,0.11012233209929095,0.07914013389858154,0
12771,10,milp,75,75,none,measured_local,0.03181833296548575,0.3,False,0.8301721682274352,0.09618885839959992,0.06459952531467412,8
12771,10,task_specific,105,105,none,measured_local,7.258402183651924e-05,0.3,False,1.0956284140123749,0.08681919706027602,0.06913843202317356,6
12771,10,rolling,106,106,none,measured_local,1.500011421740055e-06,0.3,False,1.0377282030516222,0.08836111734777674,0.0697935141752015,0
12771,10,qaoa_transfer,75,170,retain_previous,trace_replayed_qpu,92768.27739999996,0.3,True,1.8994573944249322,0.12765827388113188,0.08915284744421866,0
12771,11,milp,75,75,none,measured_local,0.03127816703636199,0.3,False,0.8366197519309773,0.09573153871838322,0.06626680420568588,0
12771,11,task_specific,180,180,none,measured_local,7.404095958918333e-05,0.3,False,0.8319080640100788,0.09208762856732669,0.06572079839206835,6
12771,11,rolling,106,106,none,measured_local,1.6249250620603561e-06,0.3,False,1.052213400263697,0.09185638520535028,0.07145570507629057,0
12771,11,qaoa_transfer,75,170,retain_previous,trace_replayed_qpu,114401.84185999991,0.3,True,1.940523476244399,0.13469037313605675,0.0929989348606233,0
12771,12,milp,75,75,none,measured_local,0.027925124973990023,0.3,False,0.8497376343314628,0.10186702798970898,0.06922799379827443,0
12771,12,task_specific,105,105,none,measured_local,7.245794404298067e-05,0.3,False,1.1231121959950474,0.09143718911618744,0.07365216071609976,6
12771,12,rolling,106,106,none,measured_local,1.5409896150231361e-06,0.3,False,1.065991643011308,0.09239383806077395,0.07461783500659243,0
12771,12,qaoa_transfer,180,170,retain_previous,trace_replayed_qpu,207486.516,0.3,True,1.9719289562595694,0.13774121749633558,0.09682558690610997,0
12771,13,milp,180,180,none,measured_local,0.02803404093720019,0.3,False,0.8943397834550054,0.13364219689556267,0.07664344085828657,8
12771,13,task_specific,180,180,none,measured_local,8.145894389599562e-05,0.3,False,0.8890326167455209,0.12967179398367584,0.07602279849594284,6
12771,13,rolling,106,106,none,measured_local,1.625041477382183e-06,0.3,False,1.1025737910527003,0.10734349441074799,0.08204979107528271,0
12771,13,qaoa_transfer,75,170,retain_previous,trace_replayed_qpu,0.335999999999996,0.3,True,2.0304044415476024,0.14051606354138135,0.10469822390648922,0
12771,14,milp,180,180,none,measured_local,0.031086707953363657,0.3,False,0.8962931219901875,0.1209787090158311,0.07883349458637515,0
12771,14,task_specific,105,105,none,measured_local,7.941701915115118e-05,0.3,False,1.1688092982164782,0.09667616486245739,0.08271205706501711,6
12771,14,rolling,106,106,none,measured_local,1.70909333974123e-06,0.3,False,1.1195779279934264,0.09878168375024257,0.0840393447763175,0
12771,14,qaoa_transfer,75,170,retain_previous,trace_replayed_qpu,0.40899999999999803,0.3,True,2.0553800844121053,0.14087720738939574,0.10723511103869006,0
12771,15,milp,180,180,none,measured_local,0.03293087496422231,0.3,False,0.9231250213263957,0.1306753211573473,0.08553232804975469,0
12771,15,task_specific,180,180,none,measured_local,7.445795927196741e-05,0.3,False,0.9165454942412976,0.12597293985700408,0.08475352253425938,6
12771,15,rolling,106,106,none,measured_local,1.6669509932398796e-06,0.3,False,1.1568968582945587,0.10959958722162925,0.09111444819983565,0
12771,15,qaoa_transfer,75,170,retain_previous,trace_replayed_qpu,0.443999999999996,0.3,True,2.110464583851472,0.14386621278035824,0.11450950211030261,0
12771,16,milp,180,180,none,measured_local,0.0319717499660328,0.3,False,0.923050763404048,0.12345804723000739,0.0845531255331599,0
12771,16,task_specific,105,105,none,measured_local,7.687509059906006e-05,0.3,False,1.2172560429244856,0.10667434271726342,0.08942945484380539,6
12771,16,rolling,106,106,none,measured_local,1.6249250620603561e-06,0.3,False,1.158700079742018,0.10304591588715287,0.09039742145736396,0
12771,16,qaoa_transfer,180,170,retain_previous,trace_replayed_qpu,0.4766599999999973,0.3,True,2.1197059763936954,0.14611288253725316,0.11423661459628681,0
12771,17,milp,75,75,none,measured_local,0.0291293750051409,0.3,False,0.9361841462248599,0.13091774741330847,0.08983876908510122,8
12771,17,task_specific,180,180,none,measured_local,7.233407814055681e-05,0.3,False,0.9302248634378856,0.12640505075383032,0.08914327965096805,6
12771,17,rolling,106,106,none,measured_local,1.7080456018447876e-06,0.3,False,1.1790683124491061,0.12477054662571356,0.09573000199355045,0
12771,17,qaoa_transfer,180,170,retain_previous,trace_replayed_qpu,0.504999999999998,0.3,True,2.171188276992391,0.16324059299940485,0.11975514940984237,0
12771,18,milp,180,180,none,measured_local,0.031596209038980305,0.3,False,0.9109865419523591,0.1269565657947288,0.0816046036556215,8
12771,18,task_specific,23,23,none,measured_local,8.741696365177631e-05,0.3,False,1.3661562035703074,0.13456882822957236,0.0907371036116558,4
12771,18,rolling,106,106,none,measured_local,2.1670712158083916e-06,0.3,False,1.1367150441559937,0.1091185246385013,0.08767670781122765,0
12771,18,qaoa_transfer,75,170,retain_previous,trace_replayed_qpu,0.539999999999996,0.3,True,2.1189670074695983,0.14945314898047818,0.11247970692480978,0
12771,19,milp,75,75,none,measured_local,0.03189570805989206,0.3,False,0.9235860570803787,0.13185779424651206,0.08413716354880899,8
12771,19,task_specific,150,150,none,measured_local,7.687509059906006e-05,0.3,False,1.2186157238645814,0.1070952020694946,0.0903533546047075,2
12771,19,rolling,106,106,none,measured_local,1.7919810488820076e-06,0.3,False,1.1459314774751606,0.10407415793635916,0.08978037610389986,0
12771,19,qaoa_transfer,75,170,retain_previous,trace_replayed_qpu,0.575,0.3,True,2.1217928451357873,0.1470753589712308,0.11433667518673996,0
12771,20,milp,75,75,none,measured_local,0.029653417062945664,0.3,False,0.9289101987688275,0.12458592508246907,0.08546465142700946,0
12771,20,task_specific,180,180,none,measured_local,7.991702295839787e-05,0.3,False,0.9241289045425818,0.12002641760538046,0.08493884720239524,2
12771,20,rolling,106,106,none,measured_local,1.5830155462026596e-06,0.3,False,1.1608577802369078,0.11038685030277481,0.09102328693687901,0
12771,20,qaoa_transfer,75,170,retain_previous,trace_replayed_qpu,0.6095399999999971,0.3,True,2.1298011078226335,0.14885347624834938,0.11541982112839468,0
12771,21,milp,180,180,none,measured_local,0.03206195798702538,0.3,False,0.9179372096439811,0.12266208729787276,0.08318525496922068,8
12771,21,task_specific,105,105,none,measured_local,7.54169886931777e-05,0.3,False,1.207698993798004,0.10717788305920618,0.08809356322660498,6
12771,21,rolling,106,106,none,measured_local,1.5830155462026596e-06,0.3,False,1.152043583313048,0.10345363017773296,0.08898394450592269,0
12771,21,qaoa_transfer,75,170,retain_previous,trace_replayed_qpu,0.630999999999998,0.3,True,2.11223733010502,0.14661540404708046,0.11320752769556583,0
12771,22,milp,180,180,none,measured_local,0.02927379193715751,0.3,False,0.9122158318613427,0.12696963729515356,0.08173593024109953,0
12771,22,task_specific,180,180,none,measured_local,6.979203317314386e-05,0.3,False,0.906250645424858,0.12239781620704171,0.08104262916789842,6
12771,22,rolling,106,106,none,measured_local,1.5828991308808327e-06,0.3,False,1.1362731351179651,0.11154950624694257,0.0875885895828262,0
12771,22,qaoa_transfer,180,170,retain_previous,trace_replayed_qpu,0.639999999999998,0.3,True,2.102936245025145,0.15034642226606076,0.11159343325262551,0
12771,23,milp,180,180,none,measured_local,0.02990737499203533,0.3,False,0.9326525455861954,0.13756451625313737,0.08551789579653357,0
12771,23,task_specific,150,150,none,measured_local,7.229100447148085e-05,0.3,False,1.2050166844689354,0.11109612513320886,0.08983641457560616,2
12771,23,rolling,106,106,none,measured_local,1.6249250620603561e-06,0.3,False,1.1464153113998539,0.11137642924899736,0.09111932837794912,0
12771,23,qaoa_transfer,180,170,retain_previous,trace_replayed_qpu,0.6909999999999981,0.3,True,2.137191509319484,0.15072653889508136,0.11528590612562863,0
12771,24,milp,180,180,none,measured_local,0.028704041033051908,0.3,False,0.9544512551643201,0.16197722649174856,0.08837881363965489,0
12771,24,task_specific,105,105,none,measured_local,7.520802319049835e-05,0.3,False,1.2350993954995517,0.1177,0.09518791711172339,8
12771,24,rolling,106,106,none,measured_local,1.5830155462026596e-06,0.3,False,1.1530606225961637,0.1318295017193342,0.09372288278499634,0
12771,24,qaoa_transfer,180,170,retain_previous,trace_replayed_qpu,0.8784199999999982,0.3,True,2.16080939584428,0.1636336787164823,0.1184922877329871,0
12771,25,milp,75,75,none,measured_local,0.027369415969587862,0.3,False,0.9569029123028078,0.16598780968461738,0.086461281379108,8
12771,25,task_specific,105,105,none,measured_local,7.291696965694427e-05,0.3,False,1.219995822501991,0.11939999999999999,0.09347748488748879,0
12771,25,rolling,106,106,none,measured_local,1.5830155462026596e-06,0.3,False,1.1525482541079637,0.13447387941273065,0.0914265155649041,0
12771,25,qaoa_transfer,180,170,retain_previous,trace_replayed_qpu,2.1629999999999963,0.3,True,2.1409442424659844,0.16793810764223732,0.116620234896107,0
12771,26,milp,75,75,none,measured_local,0.026830957969650626,0.3,False,0.9202097407042469,0.14488646417990034,0.0809975728075702,0
12771,26,task_specific,180,180,none,measured_local,7.362500764429569e-05,0.3,False,0.9152925075352787,0.13962075925598888,0.0804726062333595,6
12771,26,rolling,106,106,none,measured_local,1.4581019058823586e-06,0.3,False,1.119029684228488,0.11308614858605018,0.08588870635269909,0
12771,26,qaoa_transfer,180,170,retain_previous,trace_replayed_qpu,4.0434,0.3,True,2.092365445138405,0.1470175927007275,0.11059860606164959,0
12771,27,milp,75,75,none,measured_local,0.03315041703172028,0.3,False,0.9134605668011642,0.13505756083850293,0.07991774351760617,0
12771,27,task_specific,105,105,none,measured_local,7.53339845687151e-05,0.3,False,1.1688628932789435,0.10245388893357699,0.08381245939054764,6
12771,27,rolling,106,106,none,measured_local,1.5420373529195786e-06,0.3,False,1.118694402658453,0.10487902762754295,0.08488824210571219,0
12771,27,qaoa_transfer,75,170,retain_previous,trace_replayed_qpu,5.547399999999997,0.3,True,2.0814963018755828,0.14241258388851147,0.10922163612846011,0
12771,28,milp,75,75,none,measured_local,0.03287983301561326,0.3,False,0.9071108086454528,0.1275347797887928,0.07897401417002911,0
12771,28,task_specific,105,105,none,measured_local,7.120904047042131e-05,0.3,False,1.200832630951653,0.10452539762929505,0.08535907233197358,0
12771,28,rolling,106,106,none,measured_local,1.5419209375977516e-06,0.3,False,1.117619475138067,0.10074080613706377,0.08410486006646133,0
12771,28,qaoa_transfer,75,170,retain_previous,trace_replayed_qpu,6.055999999999994,0.3,True,2.0700791983406672,0.14218227772756595,0.10817490754688958,0
12771,29,milp,75,75,none,measured_local,0.028515083016827703,0.3,False,0.924759367804257,0.13358483901381735,0.08235277021613632,0
12771,29,task_specific,180,180,none,measured_local,7.274991367012262e-05,0.3,False,0.9199102829841577,0.12880784468365114,0.08182281804527852,6
12771,29,rolling,106,106,none,measured_local,1.708976924419403e-06,0.3,False,1.1351367127587177,0.10942777925746779,0.08761548687845166,0
12771,29,qaoa_transfer,75,170,retain_previous,trace_replayed_qpu,6.330999999999999,0.3,True,2.0961983549157734,0.14258225336599076,0.11142697995851666,0
12771,30,milp,75,75,none,measured_local,0.02878304198384285,0.3,False,0.9260132661462713,0.12804428064155618,0.08343148419510643,0
12771,30,task_specific,105,105,none,measured_local,0.00012016703840345144,0.3,False,1.205633544220448,0.10935909143976258,0.0877179325400485,6
12771,30,rolling,106,106,none,measured_local,1.708976924419403e-06,0.3,False,1.142815913829633,0.11007894285219308,0.08869091781896794,0
12771,30,qaoa_transfer,75,170,retain_previous,trace_replayed_qpu,7.187819999999996,0.3,True,2.1180385412676026,0.14817071221317435,0.11271745887289433,0
12771,31,milp,75,75,none,measured_local,0.02934154192917049,0.3,False,0.9177613531410467,0.12138548107927648,0.08256283165365677,0
12771,31,task_specific,180,180,none,measured_local,7.687497418373823e-05,0.3,False,0.9112167613370415,0.11656102328632147,0.08179369466532549,6
12771,31,rolling,106,106,none,measured_local,1.6670674085617065e-06,0.3,False,1.1408765478804508,0.10948365557049318,0.08798289784574082,0
12771,31,qaoa_transfer,75,170,retain_previous,trace_replayed_qpu,8.200759999999997,0.3,True,2.1111290068232487,0.14846885616346425,0.11236346353169006,0
12771,32,milp,180,180,none,measured_local,0.030834042001515627,0.3,False,0.9148679750180568,0.11868497618724935,0.08050653382852616,8
12771,32,task_specific,105,105,none,measured_local,7.37910158932209e-05,0.3,False,1.1921289376814226,0.1120359549166671,0.08516018832366129,6
12771,32,rolling,106,106,none,measured_local,1.583946868777275e-06,0.3,False,1.1406985528093578,0.10859096396871998,0.08608441369701125,0
12771,32,qaoa_transfer,180,170,retain_previous,trace_replayed_qpu,12.541100000000005,0.3,True,2.094248464155341,0.14563999119112206,0.1103407251705812,0
12771,33,milp,180,180,none,measured_local,0.026832915958948433,0.3,False,0.9114134821289713,0.11499147526203382,0.08255919937545142,0
12771,33,task_specific,180,180,none,measured_local,8.662499021738768e-05,0.3,False,0.9053728030258564,0.11044041668820953,0.08185373834887454,6
12771,33,rolling,106,106,none,measured_local,1.6249250620603561e-06,0.3,False,1.1447830073293561,0.10535689990450994,0.08820496382023395,0
12771,33,qaoa_transfer,180,170,retain_previous,trace_replayed_qpu,13.504399999999997,0.3,True,2.104019608728386,0.14614926939829642,0.11204371160388352,0
12771,34,milp,180,180,none,measured_local,0.02945408399682492,0.3,False,0.9547546916245657,0.13968858128820028,0.08844783705322429,0
12771,34,task_specific,105,105,none,measured_local,7.133395411074162e-05,0.3,False,1.2275802516311092,0.11765479841554521,0.09348020797292253,6
12771,34,rolling,106,106,none,measured_local,1.5419209375977516e-06,0.3,False,1.1833608167168084,0.11403524131749594,0.09428207518323391,0
12771,34,qaoa_transfer,75,170,retain_previous,trace_replayed_qpu,14.101619999999999,0.3,True,2.1535445772172044,0.15086810992725663,0.11826299021820966,0
12771,35,milp,75,75,none,measured_local,0.028875999967567623,0.3,False,0.9759832686992377,0.14270565899414256,0.09458136729061414,8
12771,35,task_specific,105,105,none,measured_local,7.445900700986385e-05,0.3,False,1.2916750244931783,0.12334697171584638,0.10140200629077772,0
12771,35,rolling,106,106,none,measured_local,1.5409896150231361e-06,0.3,False,1.2121930454768637,0.11855687853263285,0.10029652041792021,0
12771,35,qaoa_transfer,75,170,retain_previous,trace_replayed_qpu,15.422199999999988,0.3,True,2.2041539458722155,0.15783902614050052,0.12455111443043011,0
12771,36,milp,75,75,none,measured_local,0.029930250020697713,0.3,False,0.9741103464844296,0.1552478863544407,0.09483708171748095,0
12771,36,task_specific,180,180,none,measured_local,6.904196925461292e-05,0.3,False,0.9693067638938501,0.1504786980550424,0.09431568165849229,6
12771,36,rolling,106,106,none,measured_local,1.5828991308808327e-06,0.3,False,1.1912228094111794,0.12462065499070327,0.10074232613692159,0
12771,36,qaoa_transfer,180,170,retain_previous,trace_replayed_qpu,18.579039999999992,0.3,True,2.221338579029244,0.1597736206855853,0.12554134864680538,0
12771,37,milp,180,180,none,measured_local,0.03382337500806898,0.3,False,0.964857006531677,0.15772119100037546,0.09419025866211074,8
12771,37,task_specific,150,150,none,measured_local,0.00011566700413823128,0.3,False,1.252335556903301,0.1295209286238969,0.09884722397847265,2
12771,37,rolling,106,106,none,measured_local,1.6670674085617065e-06,0.3,False,1.1676730111075262,0.1262966807698434,0.0996180702352795,0
12771,37,qaoa_transfer,75,170,retain_previous,trace_replayed_qpu,23.035399999999996,0.3,True,2.217008932735097,0.15980109483093063,0.1253709644757311,0
12771,38,milp,180,180,none,measured_local,0.027834667009301484,0.3,False,0.9705284410479044,0.15670497296321934,0.09650892516329193,0
12771,38,task_specific,105,105,none,measured_local,6.841693539172411e-05,0.3,False,1.3031271602975387,0.14679212369529604,0.10369588892258252,8
12771,38,rolling,106,106,none,measured_local,1.584063284099102e-06,0.3,False,1.1724145350960764,0.12573533972683504,0.10157932527768815,0
12771,38,qaoa_transfer,75,170,retain_previous,trace_replayed_qpu,27.161999999999995,0.3,True,2.2259517894916634,0.1582292143856888,0.12781272331837742,0
12771,39,milp,180,180,none,measured_local,0.028767458046786487,0.3,False,0.9940776990604377,0.15814606914537654,0.0969882110261976,0
12771,39,task_specific,105,105,none,measured_local,7.683306466788054e-05,0.3,False,1.3162141127053917,0.15058156138032758,0.10530317900743846,0
12771,39,rolling,106,106,none,measured_local,2.2909371182322502e-06,0.3,False,1.196142637396926,0.14593714158007537,0.1020353633774019,0
12771,39,qaoa_transfer,75,170,retain_previous,trace_replayed_qpu,32.99244000000001,0.3,True,2.22718127122891,0.15851785702464166,0.12837379473729157,0
12771,40,milp,75,75,none,measured_local,0.03013087494764477,0.3,False,1.0195059789116585,0.16589594344151293,0.10052694247651095,8
12771,40,task_specific,105,105,none,measured_local,7.287494372576475e-05,0.3,False,1.3343764944644576,0.15539743719051702,0.10858035281763478,0
12771,40,rolling,106,106,none,measured_local,1.7080456018447876e-06,0.3,False,1.2227332187403357,0.15023825872857904,0.10557856593492315,0
12771,40,qaoa_transfer,180,170,retain_previous,trace_replayed_qpu,36.903020000000005,0.3,True,2.2561172322656247,0.1676948186842232,0.13135453178072276,0
12771,41,milp,180,180,none,measured_local,0.03737745899707079,0.3,False,1.00924274080677,0.15969886774083777,0.09966264947279146,8
12771,41,task_specific,105,105,none,measured_local,7.037492468953133e-05,0.3,False,1.3227090630153324,0.1504987753359843,0.10753441236161143,0
12771,41,rolling,106,106,none,measured_local,1.5830155462026596e-06,0.3,False,1.2123628310467551,0.14971154983603252,0.1047433304685084,0
12771,41,qaoa_transfer,75,170,retain_previous,trace_replayed_qpu,39.999480000000005,0.3,True,2.264569699256068,0.19025630933615528,0.1305779308066406,0
12771,42,milp,75,75,none,measured_local,0.02882766700349748,0.3,False,1.0352398572792363,0.1729334118623785,0.10530606852016924,8
12771,42,task_specific,75,75,none,measured_local,7.054198067635298e-05,0.3,False,1.0303391609934156,0.1672512915815896,0.10480126118488557,2
12771,42,rolling,106,106,none,measured_local,1.5828991308808327e-06,0.3,False,1.2367879371927486,0.14763434191413555,0.11038407077616888,0
12771,42,qaoa_transfer,180,170,retain_previous,trace_replayed_qpu,44.07458,0.3,True,2.321846430355953,0.18992735903781352,0.13668924248140168,0
12771,43,milp,75,75,none,measured_local,0.03246041596867144,0.3,False,1.035529359616885,0.1794888357510614,0.10378099643198088,0
12771,43,task_specific,150,150,none,measured_local,7.308402564376593e-05,0.3,False,1.2982592462198395,0.14704101810530934,0.10806356118887032,6
12771,43,rolling,106,106,none,measured_local,3.0830269679427147e-06,0.3,False,1.2240707250122462,0.14848320527270759,0.10881969842981871,0
12771,43,qaoa_transfer,180,170,retain_previous,trace_replayed_qpu,48.63859999999999,0.3,True,2.321082309182959,0.19069865218666837,0.13594616075889882,0
12771,44,milp,180,180,none,measured_local,0.029031291021965444,0.3,False,1.1371580358161575,0.23132340209053925,0.11405073399042212,8
12771,44,task_specific,23,23,none,measured_local,6.71660527586937e-05,0.3,False,1.5438734897953164,0.19321099782499665,0.12440516776970822,2
12771,44,rolling,106,106,none,measured_local,1.7499551177024841e-06,0.3,False,1.2816998415765444,0.19936803943092526,0.11876426812530616,0
12771,44,qaoa_transfer,180,170,retain_previous,trace_replayed_qpu,56.77331999999998,0.3,True,2.3931475150507127,0.22991422320496974,0.14618955772957398,0
12771,45,milp,75,75,none,measured_local,0.0310269589535892,0.3,False,1.0700975649445659,0.20289044207282214,0.10470395089540394,8
12771,45,task_specific,150,150,none,measured_local,7.499998901039362e-05,0.3,False,1.3134242313834943,0.16244833558520033,0.10965161978217708,2
12771,45,rolling,106,106,none,measured_local,1.7499551177024841e-06,0.3,False,1.235599162727397,0.15982185448004738,0.10831749603941362,0
12771,45,qaoa_transfer,180,170,retain_previous,trace_replayed_qpu,61.09708,0.3,True,2.315164643452011,0.19531949759577943,0.1361036878762678,0
12771,46,milp,180,180,none,measured_local,0.030663124984130263,0.3,False,1.0447068389576888,0.19549101003178793,0.09825243912361416,8
12771,46,task_specific,105,105,none,measured_local,6.916595157235861e-05,0.3,False,1.289003199268981,0.15981815641192104,0.10433560578458737,8
12771,46,rolling,106,106,none,measured_local,1.5420373529195786e-06,0.3,False,1.2031033880939959,0.15574623433309792,0.10238997906818492,0
12771,46,qaoa_transfer,75,170,retain_previous,trace_replayed_qpu,68.18,0.3,True,2.2628379495392466,0.19112678195322633,0.12937911608630026,0
13153,0,milp,149,149,none,measured_local,0.02897670795209706,0.3,False,0.8565435236006778,0.13494778151608663,0.0876909755839666,6
13153,0,task_specific,45,45,none,measured_local,7.42919510230422e-05,0.3,False,1.6522550708268926,0.14315384690662247,0.10529047718542697,4
13153,0,rolling,170,170,none,measured_local,1.959037035703659e-06,0.3,False,1.0271691971525012,0.13372584275599528,0.091917257349827,0
13153,0,qaoa_transfer,106,170,retain_previous,trace_replayed_qpu,0.6095399999999971,0.3,True,1.0271691971525012,0.13372584275599528,0.091917257349827,0
13153,1,milp,149,149,none,measured_local,0.038184541976079345,0.3,False,0.8883326298309566,0.16352439233636967,0.08362608809001695,0
13153,1,task_specific,45,45,none,measured_local,6.958306767046452e-05,0.3,False,1.643213762067126,0.1379989093750625,0.10351887677067231,0
13153,1,rolling,170,170,none,measured_local,1.6669509932398796e-06,0.3,False,1.0389635568036122,0.13960185660789434,0.08789172992881253,0
13153,1,qaoa_transfer,149,170,retain_previous,trace_replayed_qpu,0.630999999999998,0.3,True,1.0389635568036122,0.13960185660789434,0.08789172992881253,0
13153,2,milp,149,149,none,measured_local,0.031244416953995824,0.3,False,0.8626473621832762,0.15409815396997723,0.07709581574577391,0
13153,2,task_specific,45,45,none,measured_local,7.299997378140688e-05,0.3,False,1.5851464336596548,0.12183565005526786,0.09596784405167816,0
13153,2,rolling,170,170,none,measured_local,1.750071533024311e-06,0.3,False,1.0034577874557642,0.1276885332001458,0.0808615889200903,0
13153,2,qaoa_transfer,149,170,retain_previous,trace_replayed_qpu,0.639999999999998,0.3,True,1.0034577874557642,0.1276885332001458,0.0808615889200903,0
13153,3,milp,149,149,none,measured_local,0.0333359589567408,0.3,False,0.838994942398448,0.1424468585253254,0.07574118405458191,0
13153,3,task_specific,45,45,none,measured_local,7.204199209809303e-05,0.3,False,1.571807873074553,0.12104532850161016,0.09380366084149137,0
13153,3,rolling,170,170,none,measured_local,1.6669509932398796e-06,0.3,False,0.983906520204266,0.11599230281471379,0.07926144468639411,0
13153,3,qaoa_transfer,106,170,retain_previous,trace_replayed_qpu,0.6909999999999981,0.3,True,0.983906520204266,0.11599230281471379,0.07926144468639411,0
13153,4,milp,149,149,none,measured_local,0.03178204200230539,0.3,False,0.8282971540431392,0.13870995889908486,0.0733123735599612,0
13153,4,task_specific,45,45,none,measured_local,0.00013270892668515444,0.3,False,1.5477326986370983,0.11616379251392536,0.09163269682686381,0
13153,4,rolling,170,170,none,measured_local,2.5830231606960297e-06,0.3,False,0.965023808275068,0.11303948833623442,0.07693516300510665,0
13153,4,qaoa_transfer,149,170,retain_previous,trace_replayed_qpu,0.8784199999999982,0.3,True,0.965023808275068,0.11303948833623442,0.07693516300510665,0
13153,5,milp,149,149,none,measured_local,0.03493241698015481,0.3,False,0.7145848481293451,0.0980874976536669,0.04565742885107848,0
13153,5,task_specific,45,45,none,measured_local,7.049995474517345e-05,0.3,False,1.330131080545997,0.08357910848533803,0.06364331746592745,0
13153,5,rolling,170,170,none,measured_local,1.7499551177024841e-06,0.3,False,0.836310686163504,0.0728125298561903,0.049075595206876696,0
13153,5,qaoa_transfer,149,170,retain_previous,trace_replayed_qpu,2.1629999999999963,0.3,True,0.836310686163504,0.0728125298561903,0.049075595206876696,0
13153,6,milp,106,106,none,measured_local,0.03234183299355209,0.3,False,0.5886194442499748,0.0556051461688044,0.01786462120323363,8
13153,6,task_specific,77,77,none,measured_local,7.575005292892456e-05,0.3,False,0.9962495359498345,0.05820302509063741,0.03076842106503417,2
13153,6,rolling,170,170,none,measured_local,1.8329592421650887e-06,0.3,False,0.6958717152179897,0.03845048615685586,0.020907767154087604,0
13153,6,qaoa_transfer,106,170,retain_previous,trace_replayed_qpu,4.0434,0.3,True,0.6958717152179897,0.03845048615685586,0.020907767154087604,0
13153,7,milp,149,149,none,measured_local,0.031512125045992434,0.3,False,0.5605403967351765,0.04555391727548933,0.014715486106249369,8
13153,7,task_specific,45,45,none,measured_local,6.458302959799767e-05,0.3,False,1.025597551054219,0.039490609849408526,0.02639207152117469,2
13153,7,rolling,170,170,none,measured_local,1.625041477382183e-06,0.3,False,0.6680614100203586,0.03132360901950255,0.017396792880449746,0
13153,7,qaoa_transfer,106,170,retain_previous,trace_replayed_qpu,5.547399999999997,0.3,True,0.6680614100203586,0.03132360901950255,0.017396792880449746,0
13153,8,milp,149,149,none,measured_local,0.030391375068575144,0.3,False,0.5536868173262777,0.04304329870253129,0.014013509918379413,0
13153,8,task_specific,106,106,none,measured_local,7.391697727143764e-05,0.3,False,0.5411057270647414,0.038119886485447944,0.013035935676247945,4
13153,8,rolling,170,170,none,measured_local,2.124928869307041e-06,0.3,False,0.6625188101774336,0.029853681450460277,0.016701535250508968,0
13153,8,qaoa_transfer,149,170,retain_previous,trace_replayed_qpu,6.055999999999994,0.3,True,0.6625188101774336,0.029853681450460277,0.016701535250508968,0
13153,9,milp,149,149,none,measured_local,0.03171324997674674,0.3,False,0.7449691003707891,0.10471975244683551,0.06205467043315694,0
13153,9,task_specific,180,180,none,measured_local,7.00830714777112e-05,0.3,False,1.1910583127117456,0.10350549668407792,0.06732919762996789,6
13153,9,rolling,170,170,none,measured_local,1.5830155462026596e-06,0.3,False,0.8916012505329308,0.09275100142142015,0.06477547025443584,0
13153,9,qaoa_transfer,149,170,retain_previous,trace_replayed_qpu,6.330999999999999,0.3,True,0.8916012505329308,0.09275100142142015,0.06477547025443584,0
13153,10,milp,149,149,none,measured_local,0.030748374992981553,0.3,False,0.8049587437358876,0.12381407172144118,0.07228672750926973,0
13153,10,task_specific,45,45,none,measured_local,7.241603452712297e-05,0.3,False,1.5037718344873987,0.11097025849924089,0.08646308954246629,4
13153,10,rolling,170,170,none,measured_local,1.7499551177024841e-06,0.3,False,0.953382440228739,0.10585587801181595,0.07595253126332327,0
13153,10,qaoa_transfer,106,170,retain_previous,trace_replayed_qpu,7.187819999999996,0.3,True,0.953382440228739,0.10585587801181595,0.07595253126332327,0
13153,11,milp,106,106,none,measured_local,0.03816479200031608,0.3,False,0.8236615883177034,0.12986718389090457,0.0741864685933972,8
13153,11,task_specific,45,45,none,measured_local,7.279193960130215e-05,0.3,False,1.5525597211513955,0.12125639154232934,0.09165679586218496,0
13153,11,rolling,170,170,none,measured_local,1.8330756574869156e-06,0.3,False,0.975608610905242,0.11145819862690654,0.07789706100571847,0
13153,11,qaoa_transfer,106,170,retain_previous,trace_replayed_qpu,8.200759999999997,0.3,True,0.975608610905242,0.11145819862690654,0.07789706100571847,0
13153,12,milp,149,149,none,measured_local,0.025338666047900915,0.3,False,0.8535890482779869,0.14307586066706127,0.07880403970794259,8
13153,12,task_specific,45,45,none,measured_local,7.354107219725847e-05,0.3,False,1.5933171029428521,0.12445981279088206,0.0970264930287849,0
13153,12,rolling,170,170,none,measured_local,2.08395067602396e-06,0.3,False,1.004721924957844,0.11838064250368843,0.08260271527263105,0
13153,12,qaoa_transfer,149,170,retain_previous,trace_replayed_qpu,12.541100000000005,0.3,True,1.004721924957844,0.11838064250368843,0.08260271527263105,0
13153,13,milp,106,106,none,measured_local,0.025242459028959274,0.3,False,0.9185600158258056,0.15845733240387752,0.09097722620694967,8
13153,13,task_specific,45,45,none,measured_local,7.220893166959286e-05,0.3,False,1.683939457973867,0.13584267943995199,0.10947042757357131,0
13153,13,rolling,170,170,none,measured_local,1.7499551177024841e-06,0.3,False,1.0717445352153385,0.13267476719423985,0.0947555481239461,0
13153,13,qaoa_transfer,106,170,retain_previous,trace_replayed_qpu,13.504399999999997,0.3,True,1.0717445352153385,0.13267476719423985,0.0947555481239461,0
13153,14,milp,149,149,none,measured_local,0.032810875098221004,0.3,False,1.0392953190732195,0.19210257644426526,0.11358900039564515,8
13153,14,task_specific,45,45,none,measured_local,7.316598203033209e-05,0.3,False,1.8505121739293453,0.15328703529592944,0.13272348644934667,0
13153,14,rolling,170,170,none,measured_local,1.7080456018447876e-06,0.3,False,1.196158406005442,0.16445996753862283,0.11741861338038348,0
13153,14,qaoa_transfer,106,170,retain_previous,trace_replayed_qpu,14.101619999999999,0.3,True,1.196158406005442,0.16445996753862283,0.11741861338038348,0
13153,15,milp,149,149,none,measured_local,0.029077959014102817,0.3,False,1.1528063504262438,0.23105429659148907,0.1299198829768305,0
13153,15,task_specific,106,106,none,measured_local,6.883393507450819e-05,0.3,False,1.1339815154153028,0.2235389284527655,0.12848656621097715,4
13153,15,rolling,170,170,none,measured_local,1.5830155462026596e-06,0.3,False,1.3200284741042199,0.19966360860047147,0.13384146015013604,0
13153,15,qaoa_transfer,149,170,retain_previous,trace_replayed_qpu,15.422199999999988,0.3,True,1.3200284741042199,0.19966360860047147,0.13384146015013604,0
13153,16,milp,149,149,none,measured_local,0.030448332894593477,0.3,False,1.2230928341845206,0.2588206348146507,0.1377201587606561,0
13153,16,task_specific,149,149,none,measured_local,7.637508679181337e-05,0.3,False,1.2181920997369016,0.2570212007323057,0.13724953788538258,8
13153,16,rolling,170,170,none,measured_local,1.999898813664913e-06,0.3,False,1.3742918605851648,0.22411539484059334,0.1419007118526055,0
13153,16,qaoa_transfer,149,170,retain_previous,trace_replayed_qpu,18.579039999999992,0.3,True,1.3742918605851648,0.22411539484059334,0.1419007118526055,0
13153,17,milp,106,106,none,measured_local,0.03273162490222603,0.3,False,1.1316856806579088,0.24693528910412332,0.11975232085461301,8
13153,17,task_specific,149,149,none,measured_local,6.995804142206907e-05,0.3,False,1.1304515763855352,0.246485803757993,0.11962980249342255,0
13153,17,rolling,170,170,none,measured_local,1.6670674085617065e-06,0.3,False,1.2683882927977645,0.20852348007138763,0.12353229651462913,0
13153,17,qaoa_transfer,149,170,retain_previous,trace_replayed_qpu,23.035399999999996,0.3,True,1.2683882927977645,0.20852348007138763,0.12353229651462913,0
13153,18,milp,106,106,none,measured_local,0.029843042022548616,0.3,False,1.1218132224934556,0.2489720711068229,0.12417964201644771,0
13153,18,task_specific,149,149,none,measured_local,8.833396714180708e-05,0.3,False,1.1215043462948815,0.2488595573832303,0.12414878940963837,0
13153,18,rolling,170,170,none,measured_local,1.6660196706652641e-06,0.3,False,1.2668048156045666,0.21322066876668028,0.12759720731994412,0
13153,18,qaoa_transfer,106,170,retain_previous,trace_replayed_qpu,27.161999999999995,0.3,True,1.2668048156045666,0.21322066876668028,0.12759720731994412,0
13153,19,milp,106,106,none,measured_local,0.034610374947078526,0.3,False,1.1044142725087625,0.23952494515742578,0.11670783056233638,0
13153,19,task_specific,149,149,none,measured_local,6.695801857858896e-05,0.3,False,1.1043370621918478,0.23949680554070085,0.11670010865737203,0
13153,19,rolling,170,170,none,measured_local,1.583946868777275e-06,0.3,False,1.2477306079569275,0.20440707613720216,0.12033262039011415,0
13153,19,qaoa_transfer,106,170,retain_previous,trace_replayed_qpu,32.99244000000001,0.3,True,1.2477306079569275,0.20440707613720216,0.12033262039011415,0
13153,20,milp,149,149,none,measured_local,0.029676791978999972,0.3,False,1.0959235489745416,0.240329049060529,0.11594785681271906,8
13153,20,task_specific,149,149,none,measured_local,7.145898416638374e-05,0.3,False,1.0959042537721189,0.24032201497979644,0.11594592655479619,0
13153,20,rolling,170,170,none,measured_local,1.7910497263073921e-06,0.3,False,1.2204747067838895,0.20563491967407227,0.1195307651989232,0
13153,20,qaoa_transfer,106,170,retain_previous,trace_replayed_qpu,36.903020000000005,0.3,True,1.2204747067838895,0.20563491967407227,0.1195307651989232,0
13153,21,milp,149,149,none,measured_local,0.03265379194635898,0.3,False,1.1169380051296443,0.24176126793095032,0.12492308872436356,0
13153,21,task_specific,149,149,none,measured_local,7.1333022788167e-05,0.3,False,1.1169331834622485,0.24175950999133722,0.12492260634430297,0
13153,21,rolling,170,170,none,measured_local,1.750071533024311e-06,0.3,False,1.2623378462114592,0.20750283465886,0.12803686766959724,0
13153,21,qaoa_transfer,106,170,retain_previous,trace_replayed_qpu,39.999480000000005,0.3,True,1.2623378462114592,0.20750283465886,0.12803686766959724,0
13153,22,milp,106,106,none,measured_local,0.029862332972697914,0.3,False,1.1477308746031323,0.2532020480139122,0.12804845012824112,8
13153,22,task_specific,149,149,none,measured_local,7.187505252659321e-05,0.3,False,1.1477296697358632,0.2532016087099252,0.1280483295865562,0
13153,22,rolling,170,170,none,measured_local,1.6669509932398796e-06,0.3,False,1.2951655222717486,0.21925290926900234,0.1316834461552865,0
13153,22,qaoa_transfer,106,170,retain_previous,trace_replayed_qpu,44.07458,0.3,True,1.2951655222717486,0.21925290926900234,0.1316834461552865,0
13153,23,milp,149,149,none,measured_local,0.029621624969877303,0.3,False,1.18862767208442,0.2745219206434447,0.13639327186507832,8
13153,23,task_specific,149,149,none,measured_local,6.991694681346416e-05,0.3,False,1.1886273710058917,0.2745218108660049,0.1363932417433966,0
13153,23,rolling,170,170,none,measured_local,1.7920974642038345e-06,0.3,False,1.314177930899226,0.24028189859575705,0.14007913805679373,0
13153,23,qaoa_transfer,106,170,retain_previous,trace_replayed_qpu,48.63859999999999,0.3,True,1.314177930899226,0.24028189859575705,0.14007913805679373,0
13153,24,milp,106,106,none,measured_local,0.033307958976365626,0.3,False,1.1888588016039132,0.28393917012935826,0.1314156918021105,8
13153,24,task_specific,178,178,none,measured_local,7.933401502668858e-05,0.3,False,1.9205683989035212,0.23718671321298498,0.14564320581568513,4
13153,24,rolling,170,170,none,measured_local,1.7919810488820076e-06,0.3,False,1.3085595637564884,0.24805342752034237,0.13455444827248064,0
13153,24,qaoa_transfer,149,170,retain_previous,trace_replayed_qpu,56.77331999999998,0.3,True,1.3085595637564884,0.24805342752034237,0.13455444827248064,0
13153,25,milp,149,149,none,measured_local,0.028582165949046612,0.3,False,1.153983070644682,0.2537852003551517,0.12744647004009782,8
13153,25,task_specific,45,45,none,measured_local,6.891589146107435e-05,0.3,False,1.974686974129116,0.19085076448055616,0.14606340957827135,6
13153,25,rolling,170,170,none,measured_local,1.8329592421650887e-06,0.3,False,1.3029574018895653,0.21728922362224964,0.13043898909391222,0
13153,25,qaoa_transfer,149,170,retain_previous,trace_replayed_qpu,61.09708,0.3,True,1.3029574018895653,0.21728922362224964,0.13043898909391222,0
13153,26,milp,106,106,none,measured_local,0.029127333080396056,0.3,False,1.12084947172819,0.24463890922336984,0.12211207676611706,8
13153,26,task_specific,77,77,none,measured_local,6.933300755918026e-05,0.3,False,1.881548248161583,0.20319450765558947,0.1400174226079059,2
13153,26,rolling,170,170,none,measured_local,1.584063284099102e-06,0.3,False,1.2667195987424051,0.210014445280498,0.12583643504723913,0
13153,26,qaoa_transfer,106,170,retain_previous,trace_replayed_qpu,68.18,0.3,True,1.2667195987424051,0.210014445280498,0.12583643504723913,0
13153,27,milp,106,106,none,measured_local,0.030640374985523522,0.3,False,1.0944363937295882,0.231106341959956,0.12090873679320475,0
13153,27,task_specific,39,39,none,measured_local,7.545796688646078e-05,0.3,False,2.2606727296683955,0.2032300376443999,0.14680698241839135,4
13153,27,rolling,170,170,none,measured_local,2.0830193534493446e-06,0.3,False,1.2632572738481085,0.19678609936670483,0.12455548996856013,0
13153,27,qaoa_transfer,149,170,retain_previous,trace_replayed_qpu,78.43212000000001,0.3,True,1.2632572738481085,0.19678609936670483,0.12455548996856013,0
13153,28,milp,149,149,none,measured_local,0.03870841604657471,0.3,False,1.1390838084788983,0.265904771922661,0.1213859098432397,8
13153,28,task_specific,77,77,none,measured_local,8.108397014439106e-05,0.3,False,1.8949867972467684,0.22543168676221875,0.14095665988583003,4
13153,28,rolling,170,170,none,measured_local,2.5419285520911217e-06,0.3,False,1.2808835273513952,0.2324784803745038,0.1256064318462027,0
13153,28,qaoa_transfer,149,170,retain_previous,trace_replayed_qpu,84.46360000000003,0.3,True,1.2808835273513952,0.2324784803745038,0.1256064318462027,0
13153,29,milp,149,149,none,measured_local,0.030649708001874387,0.3,False,1.186842102814972,0.28876900781001247,0.12615209521197246,0
13153,29,task_specific,45,45,none,measured_local,7.212499622255564e-05,0.3,False,1.9468995543964451,0.22681945023163233,0.14541641497269303,2
13153,29,rolling,170,170,none,measured_local,1.6669509932398796e-06,0.3,False,1.2990780038808618,0.2538616659271434,0.1296970881837849,0
13153,29,qaoa_transfer,149,170,retain_previous,trace_replayed_qpu,96.76627999999998,0.3,True,1.2990780038808618,0.2538616659271434,0.1296970881837849,0
13153,30,milp,106,106,none,measured_local,0.032013374962843955,0.3,False,1.2137037160785635,0.3008273430615993,0.12709605257037432,8
13153,30,task_specific,77,77,none,measured_local,7.312500383704901e-05,0.3,False,1.8799875820942422,0.2526850145529508,0.1442263521493542,2
13153,30,rolling,170,170,none,measured_local,1.625041477382183e-06,0.3,False,1.3176783178560554,0.26397471674262496,0.12990195009702155,0
13153,30,qaoa_transfer,106,170,retain_previous,trace_replayed_qpu,111.99626,0.3,True,1.3176783178560554,0.26397471674262496,0.12990195009702155,0
13153,31,milp,149,149,none,measured_local,0.032390792039223015,0.3,False,1.1656406726093513,0.27305938237788563,0.12484259290196409,8
13153,31,task_specific,77,77,none,measured_local,7.637497037649155e-05,0.3,False,1.870948986458483,0.22477981065226074,0.14149968955235603,0
13153,31,rolling,170,170,none,measured_local,1.9170111045241356e-06,0.3,False,1.2871484633725419,0.23520032887415468,0.1274419579464014,0
13153,31,qaoa_transfer,149,170,retain_previous,trace_replayed_qpu,131.08151999999998,0.3,True,1.2871484633725419,0.23520032887415468,0.1274419579464014,0
13153,32,milp,106,106,none,measured_local,0.029744707979261875,0.3,False,1.1919878445428198,0.2837767568597507,0.12904101681523378,8
13153,32,task_specific,45,45,none,measured_local,6.991706322878599e-05,0.3,False,1.9671377239458947,0.22023642581123912,0.1474921600709025,2
13153,32,rolling,170,170,none,measured_local,1.7080456018447876e-06,0.3,False,1.311586957833498,0.2474978871611695,0.13207871158431356,0
13153,32,qaoa_transfer,149,170,retain_previous,trace_replayed_qpu,150.73899999999998,0.3,True,1.311586957833498,0.2474978871611695,0.13207871158431356,0
13153,33,milp,149,149,none,measured_local,0.029405375011265278,0.3,False,1.2225675059982666,0.28326399181981754,0.1364871961135705,8
13153,33,task_specific,77,77,none,measured_local,6.850005593150854e-05,0.3,False,1.9531952264142254,0.23578333026587722,0.15362737321034098,2
13153,33,rolling,170,170,none,measured_local,1.5830155462026596e-06,0.3,False,1.3697923389332605,0.24582120530037238,0.13947717394583745,0
13153,33,qaoa_transfer,106,170,retain_previous,trace_replayed_qpu,171.1178000000002,0.3,True,1.3697923389332605,0.24582120530037238,0.13947717394583745,0
13153,34,milp,106,106,none,measured_local,0.02970425004605204,0.3,False,1.2424716774339342,0.2790356450362429,0.14648918764995666,8
13153,34,task_specific,45,45,none,measured_local,7.354107219725847e-05,0.3,False,2.1195799467754206,0.21263431610685185,0.16601724164271559,2
13153,34,rolling,170,170,none,measured_local,1.6670674085617065e-06,0.3,False,1.4185545574503202,0.2405455187507053,0.1501698084733315,0
13153,34,qaoa_transfer,106,170,retain_previous,trace_replayed_qpu,187.011,0.3,True,1.4185545574503202,0.2405455187507053,0.1501698084733315,0
13153,35,milp,106,106,none,measured_local,0.030803084024228156,0.3,False,1.3524324865734334,0.32285280273555683,0.16186179193584835,0
13153,35,task_specific,77,77,none,measured_local,8.308305405080318e-05,0.3,False,2.1049198093049917,0.27519694188041477,0.18043099909934518,2
13153,35,rolling,170,170,none,measured_local,1.7499551177024841e-06,0.3,False,1.5093179764108455,0.28451851155520486,0.16626386393625803,0
13153,35,qaoa_transfer,149,170,retain_previous,trace_replayed_qpu,208.24779999999996,0.3,True,1.5093179764108455,0.28451851155520486,0.16626386393625803,0
13153,36,milp,106,106,none,measured_local,0.03055874991696328,0.3,False,1.29850804013654,0.2861512206152177,0.15563581216433583,0
13153,36,task_specific,77,77,none,measured_local,6.916699931025505e-05,0.3,False,2.068776197882226,0.235153329828358,0.1744479952326248,0
13153,36,rolling,170,170,none,measured_local,2.166023477911949e-06,0.3,False,1.4720468017484876,0.24372715617153518,0.15955794941027113,0
13153,36,qaoa_transfer,149,170,retain_previous,trace_replayed_qpu,246.85518000000008,0.3,True,1.4720468017484876,0.24372715617153518,0.15955794941027113,0
13153,37,milp,106,106,none,measured_local,0.031041292008012533,0.3,False,1.2845274951578083,0.2997122588200899,0.1554752010034135,0
13153,37,task_specific,77,77,none,measured_local,6.583298090845346e-05,0.3,False,2.13112727263496,0.25075595961503844,0.17473190494705565,0
13153,37,rolling,170,170,none,measured_local,1.5420373529195786e-06,0.3,False,1.4447151258178175,0.25951832089157667,0.1598136700437122,0
13153,37,qaoa_transfer,149,170,retain_previous,trace_replayed_qpu,292.81968,0.3,True,1.4447151258178175,0.25951832089157667,0.1598136700437122,0
13153,38,milp,149,149,none,measured_local,0.030923750018700957,0.3,False,1.3466902240479746,0.33984389389453046,0.1628256873789452,8
13153,38,task_specific,45,45,none,measured_local,7.912504952400923e-05,0.3,False,2.270304595942699,0.27112208199617416,0.18512055442816888,2
13153,38,rolling,170,170,none,measured_local,2.040993422269821e-06,0.3,False,1.4965436044836595,0.3004791291435337,0.16683037814544543,0
13153,38,qaoa_transfer,149,170,retain_previous,trace_replayed_qpu,344.2418000000001,0.3,True,1.4965436044836595,0.3004791291435337,0.16683037814544543,0
13153,39,milp,149,149,none,measured_local,0.0306296250782907,0.3,False,1.2842951306249821,0.2971790922705795,0.15937975560119938,0
13153,39,task_specific,77,77,none,measured_local,7.441698107868433e-05,0.3,False,2.1654928806498948,0.24571449964959574,0.1796285560899542,2
13153,39,rolling,170,170,none,measured_local,1.6660196706652641e-06,0.3,False,1.4749547512401324,0.256335116271747,0.1631260901120915,0
13153,39,qaoa_transfer,106,170,retain_previous,trace_replayed_qpu,414.7057599999997,0.3,True,1.4749547512401324,0.256335116271747,0.1631260901120915,0
13153,40,milp,106,106,none,measured_local,0.030021624988876283,0.3,False,1.256578397139621,0.2627108132116698,0.15673237826562456,8
13153,40,task_specific,45,45,none,measured_local,7.158401422202587e-05,0.3,False,2.2670552395996166,0.22515614021089694,0.18037574698109013,2
13153,40,rolling,170,170,none,measured_local,1.7080456018447876e-06,0.3,False,1.464354570702424,0.22373785917601,0.16149886878100334,0
13153,40,qaoa_transfer,106,170,retain_previous,trace_replayed_qpu,490.81076,0.3,True,1.464354570702424,0.22373785917601,0.16149886878100334,0
13153,41,milp,149,149,none,measured_local,0.030137583962641656,0.3,False,1.2552863731770336,0.2697199128221395,0.16277695992849056,8
13153,41,task_specific,77,77,none,measured_local,6.995897274464369e-05,0.3,False,2.185352649266899,0.253765634627493,0.18421345421920937,2
13153,41,rolling,170,170,none,measured_local,1.6669509932398796e-06,0.3,False,1.4671036439826644,0.23095246182347798,0.1679713642675606,0
13153,41,qaoa_transfer,149,170,retain_previous,trace_replayed_qpu,562.5450000000001,0.3,True,1.4671036439826644,0.23095246182347798,0.1679713642675606,0
13153,42,milp,149,149,none,measured_local,0.030837250058539212,0.3,False,1.26360985621144,0.26489852912474765,0.14591965932942583,0
13153,42,task_specific,39,39,none,measured_local,7.67499441280961e-05,0.3,False,2.5695632491890588,0.23064772846735326,0.17905921426789717,4
13153,42,rolling,170,170,none,measured_local,1.750071533024311e-06,0.3,False,1.428608893753256,0.2271161736916148,0.1512150910995666,0
13153,42,qaoa_transfer,106,170,retain_previous,trace_replayed_qpu,619.6498599999986,0.3,True,1.428608893753256,0.2271161736916148,0.1512150910995666,0
13153,43,milp,106,106,none,measured_local,0.03163520805537701,0.3,False,1.1404863592662005,0.2512781729144178,0.13621524640528598,8
13153,43,task_specific,106,106,none,measured_local,8.220796007663012e-05,0.3,False,1.1291188859422712,0.24623974594474915,0.13560315455026895,4
13153,43,rolling,170,170,none,measured_local,2.250075340270996e-06,0.3,False,1.322230902868738,0.20817251014340896,0.1403402223438314,0
13153,43,qaoa_transfer,149,170,retain_previous,trace_replayed_qpu,690.6360000000001,0.3,True,1.322230902868738,0.20817251014340896,0.1403402223438314,0
13153,44,milp,149,149,none,measured_local,0.029293208965100348,0.3,False,1.0765443313720633,0.2300269232685581,0.12271215898165502,8
13153,44,task_specific,149,149,none,measured_local,7.379089947789907e-05,0.3,False,1.0734686180290287,0.22887565555948958,0.12242797214855677,8
13153,44,rolling,170,170,none,measured_local,1.7499551177024841e-06,0.3,False,1.2492362071871561,0.19354209786224452,0.12725577257171844,0
13153,44,qaoa_transfer,106,170,retain_previous,trace_replayed_qpu,773.8281000000001,0.3,True,1.2492362071871561,0.19354209786224452,0.12725577257171844,0
13153,45,milp,149,149,none,measured_local,0.02920658397488296,0.3,False,1.0147851659234277,0.2030506908615235,0.11006360828430156,0
13153,45,task_specific,212,212,none,measured_local,7.479195483028889e-05,0.3,False,1.2204108938640403,0.19291601698695063,0.1148409450715146,2
13153,45,rolling,170,170,none,measured_local,3.084074705839157e-06,0.3,False,1.1721447486276637,0.16986203176970505,0.1143809051796789,0
13153,45,qaoa_transfer,149,170,retain_previous,trace_replayed_qpu,869.6112000000002,0.3,True,1.1721447486276637,0.16986203176970505,0.1143809051796789,0
13153,46,milp,149,149,none,measured_local,0.029497917043045163,0.3,False,0.9777516183194924,0.17893621834360313,0.10949462914808569,0
13153,46,task_specific,178,178,none,measured_local,7.083395030349493e-05,0.3,False,1.7448738657567002,0.1714517095501446,0.12474954578745767,4
13153,46,rolling,170,170,none,measured_local,1.750071533024311e-06,0.3,False,1.1617147415947693,0.15190850029980962,0.1134286187156916,0
13153,46,qaoa_transfer,106,170,retain_previous,trace_replayed_qpu,987.5664600000002,0.3,True,1.1617147415947693,0.15190850029980962,0.1134286187156916,0
13256,0,milp,90,90,none,measured_local,0.023730291984975338,0.3,False,1.0508584768289573,0.12931394766884485,0.10557308464853578,4
13256,0,task_specific,90,90,none,measured_local,7.091695442795753e-05,0.3,False,1.0508584768289573,0.12931394766884485,0.10557308464853578,4
13256,0,rolling,170,170,none,measured_local,1.7080456018447876e-06,0.3,False,2.087043584118628,0.17816412613263855,0.12585834092274065,0
13256,0,qaoa_transfer,90,170,retain_previous,trace_replayed_qpu,414.7057599999997,0.3,True,2.087043584118628,0.17816412613263855,0.12585834092274065,0
13256,1,milp,165,165,none,measured_local,0.027870792080648243,0.3,False,1.0514833652665405,0.1250794407242167,0.10170896192072393,8
13256,1,task_specific,165,165,none,measured_local,7.512490265071392e-05,0.3,False,1.0514833652665405,0.1250794407242167,0.10170896192072393,8
13256,1,rolling,170,170,none,measured_local,3.374996595084667e-06,0.3,False,2.111773176894644,0.17624907475497148,0.1276135896029657,0
13256,1,qaoa_transfer,90,170,retain_previous,trace_replayed_qpu,490.81076,0.3,True,2.111773176894644,0.17624907475497148,0.1276135896029657,0
13256,2,milp,165,165,none,measured_local,0.032439750037156045,0.3,False,1.0216491346161987,0.12229237741174095,0.09271208413166351,0
13256,2,task_specific,165,165,none,measured_local,8.000002708286047e-05,0.3,False,1.0216491346161987,0.12229237741174095,0.09271208413166351,0
13256,2,rolling,170,170,none,measured_local,2.250075340270996e-06,0.3,False,2.0468080981560015,0.17287639742054514,0.11921932942236611,0
13256,2,qaoa_transfer,90,170,retain_previous,trace_replayed_qpu,562.5450000000001,0.3,True,2.0468080981560015,0.17287639742054514,0.11921932942236611,0
13256,3,milp,165,165,none,measured_local,0.03897145891096443,0.3,False,0.9900531915451413,0.11123200277245873,0.08679122836540497,0
13256,3,task_specific,165,165,none,measured_local,0.00019487494137138128,0.3,False,0.9900531915451413,0.11123200277245873,0.08679122836540497,0
13256,3,rolling,170,170,none,measured_local,3.5420525819063187e-06,0.3,False,1.982362950336366,0.15536575612663261,0.11242020245390005,0
13256,3,qaoa_transfer,165,170,retain_previous,trace_replayed_qpu,619.6498599999986,0.3,True,1.982362950336366,0.15536575612663261,0.11242020245390005,0
13256,4,milp,165,165,none,measured_local,0.03076770796906203,0.3,False,1.0253266552648197,0.13749668406978366,0.08985132978862853,0
13256,4,task_specific,165,165,none,measured_local,7.333303801715374e-05,0.3,False,1.0253266552648197,0.13749668406978366,0.08985132978862853,0
13256,4,rolling,170,170,none,measured_local,1.708976924419403e-06,0.3,False,1.958420657233594,0.14995531012185742,0.11465907375840914,0
13256,4,qaoa_transfer,165,170,retain_previous,trace_replayed_qpu,690.6360000000001,0.3,True,1.958420657233594,0.14995531012185742,0.11465907375840914,0
13256,5,milp,90,90,none,measured_local,0.03128987492527813,0.3,False,0.8318511174577453,0.07631771106663918,0.0533581663816205,8
13256,5,task_specific,165,165,none,measured_local,7.445795927196741e-05,0.3,False,0.8318511174577453,0.07631771106663918,0.0533581663816205,0
13256,5,rolling,170,170,none,measured_local,1.8329592421650887e-06,0.3,False,1.651287821884351,0.11253679008195389,0.07668551643083985,0
13256,5,qaoa_transfer,90,170,retain_previous,trace_replayed_qpu,773.8281000000001,0.3,True,1.651287821884351,0.11253679008195389,0.07668551643083985,0
13256,6,milp,165,165,none,measured_local,0.030283457948826253,0.3,False,0.6642307292999083,0.03833356724053039,0.020796277936443633,8
13256,6,task_specific,172,172,none,measured_local,7.558392826467752e-05,0.3,False,0.9752334659574573,0.0582781060886903,0.0279625664033982,2
13256,6,rolling,170,170,none,measured_local,1.625041477382183e-06,0.3,False,1.3104553705814888,0.06425719400591862,0.04128219554710877,0
13256,6,qaoa_transfer,90,170,retain_previous,trace_replayed_qpu,869.6112000000002,0.3,True,1.3104553705814888,0.06425719400591862,0.04128219554710877,0
13256,7,milp,90,90,none,measured_local,0.03236320801079273,0.3,False,0.6328683558493589,0.030965991203346685,0.01660576823249771,8
13256,7,task_specific,45,45,none,measured_local,7.487495895475149e-05,0.3,False,0.9348153646281163,0.04583238085028674,0.022413809412617336,2
13256,7,rolling,170,170,none,measured_local,1.959037035703659e-06,0.3,False,1.22286658211137,0.049767927727118653,0.032761384264537216,0
13256,7,qaoa_transfer,90,170,retain_previous,trace_replayed_qpu,987.5664600000002,0.3,True,1.22286658211137,0.049767927727118653,0.032761384264537216,0
13256,8,milp,90,90,none,measured_local,0.03216945903841406,0.3,False,0.6268344345707936,0.029590513221421387,0.015821708896233973,0
13256,8,task_specific,165,165,none,measured_local,7.754203397780657e-05,0.3,False,0.6280766678598589,0.030242977717071916,0.016058343579265794,2
13256,8,rolling,170,170,none,measured_local,1.7499551177024841e-06,0.3,False,1.1999245668780838,0.04564495307845524,0.030571664552784254,0
13256,8,qaoa_transfer,165,170,retain_previous,trace_replayed_qpu,1087.05568,0.3,True,1.1999245668780838,0.04564495307845524,0.030571664552784254,0
13256,9,milp,90,90,none,measured_local,0.0316709999460727,0.3,False,0.8837693375350758,0.09203337396541438,0.06840836086426984,0
13256,9,task_specific,172,172,none,measured_local,7.420801557600498e-05,0.3,False,1.295574767378111,0.10018586044593986,0.07393220919786134,2
13256,9,rolling,170,170,none,measured_local,1.6249250620603561e-06,0.3,False,1.695767519574483,0.11238384770786469,0.08273561417195209,0
13256,9,qaoa_transfer,165,170,retain_previous,trace_replayed_qpu,1229.3304000000003,0.3,True,1.695767519574483,0.11238384770786469,0.08273561417195209,0
13256,10,milp,90,90,none,measured_local,0.02935945801436901,0.3,False,0.9474482643207301,0.10794573802044172,0.0783692334383769,0
13256,10,task_specific,53,53,none,measured_local,8.358305785804987e-05,0.3,False,1.5583919516536446,0.11621309081645709,0.09033939110720815,4
13256,10,rolling,170,170,none,measured_local,1.9168946892023087e-06,0.3,False,1.8513775796897487,0.1376031544307386,0.09866918798936207,0
13256,10,qaoa_transfer,90,170,retain_previous,trace_replayed_qpu,1385.5546000000004,0.3,True,1.8513775796897487,0.1376031544307386,0.09866918798936207,0
13256,11,milp,165,165,none,measured_local,0.02963812497910112,0.3,False,0.967639753258435,0.1142187661375312,0.08281120660801825,8
13256,11,task_specific,165,165,none,measured_local,7.837498560547829e-05,0.3,False,0.9690806116811275,0.11288163526003916,0.08312826735677062,2
13256,11,rolling,170,170,none,measured_local,1.7499551177024841e-06,0.3,False,1.915212352516587,0.14536007477585433,0.10540943949224371,0
13256,11,qaoa_transfer,165,170,retain_previous,trace_replayed_qpu,1574.0720000000001,0.3,True,1.915212352516587,0.14536007477585433,0.10540943949224371,0
13256,12,milp,90,90,none,measured_local,0.028732625069096684,0.3,False,1.0339875420361708,0.13427461821045905,0.09162849383146086,8
13256,12,task_specific,165,165,none,measured_local,7.258402183651924e-05,0.3,False,1.0342728748995944,0.13402091020452783,0.09166451529202818,0
13256,12,rolling,170,170,none,measured_local,1.7499551177024841e-06,0.3,False,1.9897649306788316,0.15929661179831275,0.11531780881291467,0
13256,12,qaoa_transfer,165,170,retain_previous,trace_replayed_qpu,1659.5689999999997,0.3,True,1.9897649306788316,0.15929661179831275,0.11531780881291467,0
13256,13,milp,165,165,none,measured_local,0.029908749973401427,0.3,False,1.0400639378190808,0.12892055002700767,0.09282468855090426,8
13256,13,task_specific,165,165,none,measured_local,7.120904047042131e-05,0.3,False,1.0401248957825677,0.12887291012456634,0.09283182187248987,0
13256,13,rolling,170,170,none,measured_local,1.6670674085617065e-06,0.3,False,2.0164297175514863,0.15069460336502516,0.1167191232669708,0
13256,13,qaoa_transfer,165,170,retain_previous,trace_replayed_qpu,1845.6639200000009,0.3,True,2.0164297175514863,0.15069460336502516,0.1167191232669708,0
13256,14,milp,165,165,none,measured_local,0.028445790987461805,0.3,False,1.0748723093073071,0.13952137773171064,0.09742659844547702,0
13256,14,task_specific,165,165,none,measured_local,6.904196925461292e-05,0.3,False,1.0748853163707184,0.1395344198128176,0.09742812239456419,0
13256,14,rolling,170,170,none,measured_local,1.750071533024311e-06,0.3,False,2.05496006706354,0.15856920932168317,0.12183574293878716,0
13256,14,qaoa_transfer,165,170,retain_previous,trace_replayed_qpu,1984.5545999999997,0.3,True,2.05496006706354,0.15856920932168317,0.12183574293878716,0
13256,15,milp,165,165,none,measured_local,0.037927249912172556,0.3,False,1.1280028682406091,0.15789695082706626,0.10682180773268268,0
13256,15,task_specific,165,165,none,measured_local,7.60830007493496e-05,0.3,False,1.128005621378943,0.15789953180295727,0.10682213290926795,0
13256,15,rolling,170,170,none,measured_local,1.8749851733446121e-06,0.3,False,2.158421967171341,0.17630105543000624,0.13132400167658848,0
13256,15,qaoa_transfer,165,170,retain_previous,trace_replayed_qpu,2142.670420000001,0.3,True,2.158421967171341,0.17630105543000624,0.13132400167658848,0
13256,16,milp,165,165,none,measured_local,0.033096541999839246,0.3,False,1.1150491481150402,0.14632241320439454,0.10383757170601522,0
13256,16,task_specific,165,165,none,measured_local,7.17920484021306e-05,0.3,False,1.1150497265102415,0.14632210101705495,0.10383764053447357,0
13256,16,rolling,170,170,none,measured_local,1.7910497263073921e-06,0.3,False,2.1370597607521162,0.167390496044578,0.12959804917928353,0
13256,16,qaoa_transfer,165,170,retain_previous,trace_replayed_qpu,2355.1834799999992,0.3,True,2.1370597607521162,0.167390496044578,0.12959804917928353,0
13256,17,milp,165,165,none,measured_local,0.02959050005301833,0.3,False,1.1502883035090057,0.15773742802914287,0.11077622870287601,0
13256,17,task_specific,165,165,none,measured_local,7.833295967429876e-05,0.3,False,1.1502884242477533,0.1577373696358592,0.11077624316275604,0
13256,17,rolling,170,170,none,measured_local,2.416083589196205e-06,0.3,False,2.2018552537288465,0.17372561438476108,0.13632649401880292,0
13256,17,qaoa_transfer,90,170,retain_previous,trace_replayed_qpu,2641.1710800000037,0.3,True,2.2018552537288465,0.17372561438476108,0.13632649401880292,0
13256,18,milp,90,90,none,measured_local,0.027625625021755695,0.3,False,1.1496551587932686,0.16499896670752803,0.10988220758772514,8
13256,18,task_specific,165,165,none,measured_local,7.433292921632528e-05,0.3,False,1.1496551838604394,0.16499895578549612,0.10988221060619383,0
13256,18,rolling,170,170,none,measured_local,1.6249250620603561e-06,0.3,False,2.208569045996787,0.17710523475095002,0.13617138134322115,0
13256,18,qaoa_transfer,90,170,retain_previous,trace_replayed_qpu,3063.925839999996,0.3,True,2.208569045996787,0.17710523475095002,0.13617138134322115,0
13256,19,milp,165,165,none,measured_local,0.03186041698791087,0.3,False,1.1379504314290716,0.16186372347141176,0.10940387896983172,8
13256,19,task_specific,165,165,none,measured_local,0.00013170798774808645,0.3,False,1.1379504366091246,0.16186372742603183,0.10940387959651099,0
13256,19,rolling,170,170,none,measured_local,1.8749851733446121e-06,0.3,False,2.2056046888783505,0.18406082106608324,0.1358767261499197,0
13256,19,qaoa_transfer,90,170,retain_previous,trace_replayed_qpu,3439.5412000000006,0.3,True,2.2056046888783505,0.18406082106608324,0.1358767261499197,0
13256,20,milp,90,90,none,measured_local,0.04572704201564193,0.3,False,1.0890431086229482,0.14896079696693412,0.10209876078572679,8
13256,20,task_specific,165,165,none,measured_local,8.054205682128668e-05,0.3,False,1.089043109689064,0.14896079774933066,0.10209876091522813,0
13256,20,rolling,170,170,none,measured_local,1.7499551177024841e-06,0.3,False,2.148782768084815,0.17241208437265218,0.12879011722195877,0
13256,20,qaoa_transfer,165,170,retain_previous,trace_replayed_qpu,3801.491,0.3,True,2.148782768084815,0.17241208437265218,0.12879011722195877,0
13256,21,milp,165,165,none,measured_local,0.03166633297223598,0.3,False,1.11353686972785,0.14271851671205582,0.1120885777155737,8
13256,21,task_specific,165,165,none,measured_local,7.758301217108965e-05,0.3,False,1.1135368699464945,0.142718516866848,0.11208857774222661,0
13256,21,rolling,170,170,none,measured_local,1.750071533024311e-06,0.3,False,2.239139161498894,0.18691992090933413,0.13858206920212035,0
13256,21,qaoa_transfer,90,170,retain_previous,trace_replayed_qpu,4050.243,0.3,True,2.239139161498894,0.18691992090933413,0.13858206920212035,0
13256,22,milp,90,90,none,measured_local,0.029360917047597468,0.3,False,1.0845291119784464,0.1375312736337715,0.10375092174319625,8
13256,22,task_specific,165,165,none,measured_local,7.575005292892456e-05,0.3,False,1.0845291120231477,0.13753127362040382,0.10375092174866236,0
13256,22,rolling,170,170,none,measured_local,1.7079291865229607e-06,0.3,False,2.171825857683795,0.16927404185223274,0.13189097903747235,0
13256,22,qaoa_transfer,165,170,retain_previous,trace_replayed_qpu,4558.6302,0.3,True,2.171825857683795,0.16927404185223274,0.13189097903747235,0
13256,23,milp,165,165,none,measured_local,0.03378316690213978,0.3,False,1.0795124606282094,0.1384202622501214,0.10533822779946116,8
13256,23,task_specific,165,165,none,measured_local,7.78749817982316e-05,0.3,False,1.0795124606373232,0.13842026225618032,0.1053382278005787,0
13256,23,rolling,170,170,none,measured_local,1.915963366627693e-06,0.3,False,2.185428757485867,0.17628445725005532,0.13252064644209488,0
13256,23,qaoa_transfer,165,170,retain_previous,trace_replayed_qpu,5322.757020000019,0.3,True,2.185428757485867,0.17628445725005532,0.13252064644209488,0
13256,24,milp,90,90,none,measured_local,0.029985792003571987,0.3,False,1.0918332249818616,0.13409227084188452,0.10683781151570523,8
13256,24,task_specific,165,165,none,measured_local,7.333303801715374e-05,0.3,False,1.0918332249837153,0.13409227084308323,0.10683781151593308,0
13256,24,rolling,170,170,none,measured_local,1.6670674085617065e-06,0.3,False,2.1982875838396208,0.1796083318891744,0.13448571893714667,0
13256,24,qaoa_transfer,90,170,retain_previous,trace_replayed_qpu,6057.925400000011,0.3,True,2.1982875838396208,0.1796083318891744,0.13448571893714667,0
13256,25,milp,90,90,none,measured_local,0.028763666981831193,0.3,False,1.112444535722854,0.17162346192355182,0.11317083062454654,0
13256,25,task_specific,165,165,none,measured_local,7.333303801715374e-05,0.3,False,1.1124445357232304,0.17162346192358552,0.11317083062459289,0
13256,25,rolling,170,170,none,measured_local,1.7499551177024841e-06,0.3,False,2.2493593978422024,0.2118740086975844,0.14083218959599053,0
13256,25,qaoa_transfer,165,170,retain_previous,trace_replayed_qpu,6972.2684,0.3,True,2.2493593978422024,0.2118740086975844,0.14083218959599053,0
13256,26,milp,90,90,none,measured_local,0.03167379193473607,0.3,False,1.0816728461230836,0.14191904487014756,0.10292361339307135,0
13256,26,task_specific,165,165,none,measured_local,6.724998820573092e-05,0.3,False,1.0816728461231597,0.14191904487019447,0.10292361339308076,0
13256,26,rolling,170,170,none,measured_local,1.9168946892023087e-06,0.3,False,2.1702458090427883,0.17018177354602815,0.13134648494605505,0
13256,26,qaoa_transfer,90,170,retain_previous,trace_replayed_qpu,8713.00816,0.3,True,2.1702458090427883,0.17018177354602815,0.13134648494605505,0
13256,27,milp,165,165,none,measured_local,0.027175042079761624,0.3,False,1.0567931888797535,0.13116805956254224,0.10110432115307708,8
13256,27,task_specific,165,165,none,measured_local,7.91249331086874e-05,0.3,False,1.056793188879769,0.13116805956253919,0.10110432115307899,0
13256,27,rolling,170,170,none,measured_local,1.5830155462026596e-06,0.3,False,2.144473289645792,0.16795176671445144,0.12831864522606973,0
13256,27,qaoa_transfer,165,170,retain_previous,trace_replayed_qpu,10522.01418,0.3,True,2.144473289645792,0.16795176671445144,0.12831864522606973,0
13256,28,milp,165,165,none,measured_local,0.03330670902505517,0.3,False,1.0563755696040864,0.135441564808477,0.09889482972199384,0
13256,28,task_specific,165,165,none,measured_local,7.850001566112041e-05,0.3,False,1.0563755696040895,0.13544156480847644,0.09889482972199423,0
13256,28,rolling,170,170,none,measured_local,1.8749851733446121e-06,0.3,False,2.114310439335547,0.1706618977778965,0.12608683224114478,0
13256,28,qaoa_transfer,90,170,retain_previous,trace_replayed_qpu,12618.543799999981,0.3,True,2.114310439335547,0.1706618977778965,0.12608683224114478,0
13256,29,milp,165,165,none,measured_local,0.02823870803695172,0.3,False,1.0597963723138568,0.13634933952524672,0.10054688924010216,0
13256,29,task_specific,165,165,none,measured_local,7.90000194683671e-05,0.3,False,1.0597963723138575,0.1363493395252466,0.10054688924010224,0
13256,29,rolling,170,170,none,measured_local,1.8329592421650887e-06,0.3,False,2.1340567857239856,0.17389779720423623,0.12699526098338867,0
13256,29,qaoa_transfer,90,170,retain_previous,trace_replayed_qpu,15199.442000000001,0.3,True,2.1340567857239856,0.17389779720423623,0.12699526098338867,0
13256,30,milp,90,90,none,measured_local,0.02991550008300692,0.3,False,1.100814465949221,0.13976102877190036,0.10841990930784642,8
13256,30,task_specific,165,165,none,measured_local,7.283396553248167e-05,0.3,False,1.100814465949221,0.13976102877190033,0.10841990930784644,0
13256,30,rolling,170,170,none,measured_local,1.625041477382183e-06,0.3,False,2.2075277066195724,0.1829194185638744,0.13527641964309964,0
13256,30,qaoa_transfer,165,170,retain_previous,trace_replayed_qpu,16883.729360000023,0.3,True,2.2075277066195724,0.1829194185638744,0.13527641964309964,0
13256,31,milp,165,165,none,measured_local,0.027372666052542627,0.3,False,1.1146687493973522,0.15056017572220984,0.11004536164873052,8
13256,31,task_specific,165,165,none,measured_local,7.49579630792141e-05,0.3,False,1.1146687493973522,0.15056017572220984,0.11004536164873052,0
13256,31,rolling,170,170,none,measured_local,1.625041477382183e-06,0.3,False,2.231996002881656,0.18736675485856336,0.13771319266548931,0
13256,31,qaoa_transfer,90,170,retain_previous,trace_replayed_qpu,19501.39002,0.3,True,2.231996002881656,0.18736675485856336,0.13771319266548931,0
13256,32,milp,90,90,none,measured_local,0.037658833898603916,0.3,False,1.125199612725419,0.16058899689789874,0.1090917187349338,8
13256,32,task_specific,165,165,none,measured_local,7.183302659541368e-05,0.3,False,1.125199612725419,0.16058899689789874,0.1090917187349338,0
13256,32,rolling,170,170,none,measured_local,1.7080456018447876e-06,0.3,False,2.2331238287583384,0.18495521417185304,0.13702490007204138,0
13256,32,qaoa_transfer,90,170,retain_previous,trace_replayed_qpu,21076.41,0.3,True,2.2331238287583384,0.18495521417185304,0.13702490007204138,0
13256,33,milp,90,90,none,measured_local,0.0319882920011878,0.3,False,1.1657342530874923,0.1734460672292819,0.11612999031813548,0
13256,33,task_specific,165,165,none,measured_local,7.641699630767107e-05,0.3,False,1.1657342530874923,0.1734460672292819,0.11612999031813548,0
13256,33,rolling,170,170,none,measured_local,1.7499551177024841e-06,0.3,False,2.289971032745849,0.1976965634150483,0.14382809571895847,0
13256,33,qaoa_transfer,90,170,retain_previous,trace_replayed_qpu,22301.84380000001,0.3,True,2.289971032745849,0.1976965634150483,0.14382809571895847,0
13256,34,milp,165,165,none,measured_local,0.02395883307326585,0.3,False,1.1866253231652357,0.17473001725368004,0.1202058563271873,8
13256,34,task_specific,165,165,none,measured_local,7.379194721579552e-05,0.3,False,1.1866253231652357,0.17473001725368004,0.1202058563271873,0
13256,34,rolling,170,170,none,measured_local,1.6670674085617065e-06,0.3,False,2.333134076839808,0.20094604875664307,0.14831177581864624,0
13256,34,qaoa_transfer,165,170,retain_previous,trace_replayed_qpu,26988.115000000023,0.3,True,2.333134076839808,0.20094604875664307,0.14831177581864624,0
13256,35,milp,165,165,none,measured_local,0.031083749956451356,0.3,False,1.2113156305191513,0.1707785637306296,0.1257906330791309,0
13256,35,task_specific,165,165,none,measured_local,7.204199209809303e-05,0.3,False,1.2113156305191513,0.1707785637306296,0.1257906330791309,0
13256,35,rolling,170,170,none,measured_local,2.9159709811210632e-06,0.3,False,2.377303208651875,0.1982736558458082,0.15445335192099519,0
13256,35,qaoa_transfer,90,170,retain_previous,trace_replayed_qpu,30066.683,0.3,True,2.377303208651875,0.1982736558458082,0.15445335192099519,0
13256,36,milp,165,165,none,measured_local,0.028515125042758882,0.3,False,1.2358280407792792,0.1962052642688415,0.1298203907629788,0
13256,36,task_specific,165,165,none,measured_local,7.433397695422173e-05,0.3,False,1.2358280407792792,0.1962052642688415,0.1298203907629788,0
13256,36,rolling,170,170,none,measured_local,1.7079291865229607e-06,0.3,False,2.442913420140511,0.21930551416384209,0.15897008021629688,0
13256,36,qaoa_transfer,165,170,retain_previous,trace_replayed_qpu,33372.02029999999,0.3,True,2.442913420140511,0.21930551416384209,0.15897008021629688,0
13256,37,milp,90,90,none,measured_local,0.030636875075288117,0.3,False,1.2588030080048658,0.19340391883490476,0.13719570101948197,8
13256,37,task_specific,165,165,none,measured_local,7.233396172523499e-05,0.3,False,1.2588030080048658,0.19340391883490476,0.13719570101948197,0
13256,37,rolling,170,170,none,measured_local,1.583946868777275e-06,0.3,False,2.530277653321919,0.24974660287090517,0.16737283550351276,0
13256,37,qaoa_transfer,165,170,retain_previous,trace_replayed_qpu,38236.33444,0.3,True,2.530277653321919,0.24974660287090517,0.16737283550351276,0
13256,38,milp,165,165,none,measured_local,0.030868208967149258,0.3,False,1.2912090195531558,0.19360941687833227,0.14028257520012163,8
13256,38,task_specific,165,165,none,measured_local,7.049995474517345e-05,0.3,False,1.2912090195531558,0.19360941687833227,0.14028257520012163,0
13256,38,rolling,170,170,none,measured_local,1.6660196706652641e-06,0.3,False,2.572208380034716,0.2372362165497256,0.17206944133304797,0
13256,38,qaoa_transfer,90,170,retain_previous,trace_replayed_qpu,40437.89090000001,0.3,True,2.572208380034716,0.2372362165497256,0.17206944133304797,0
13256,39,milp,165,165,none,measured_local,0.02722299995366484,0.3,False,1.31722435772034,0.19448247845427216,0.1451427254888289,0
13256,39,task_specific,165,165,none,measured_local,7.008295506238937e-05,0.3,False,1.31722435772034,0.19448247845427216,0.1451427254888289,0
13256,39,rolling,170,170,none,measured_local,1.8329592421650887e-06,0.3,False,2.6049191447549775,0.23694263609976984,0.1771677095008679,0
13256,39,qaoa_transfer,165,170,retain_previous,trace_replayed_qpu,43481.44719999998,0.3,True,2.6049191447549775,0.23694263609976984,0.1771677095008679,0
13256,40,milp,165,165,none,measured_local,0.028562916908413172,0.3,False,1.4094185953934533,0.20557359310210302,0.1654681089430085,0
13256,40,task_specific,165,165,none,measured_local,7.308297790586948e-05,0.3,False,1.4094185953934533,0.20557359310210302,0.1654681089430085,0
13256,40,rolling,170,170,none,measured_local,1.7080456018447876e-06,0.3,False,2.7446928137233932,0.27591426831131693,0.19766047861887445,0
13256,40,qaoa_transfer,165,170,retain_previous,trace_replayed_qpu,48527.47675999998,0.3,True,2.7446928137233932,0.27591426831131693,0.19766047861887445,0
13256,41,milp,90,90,none,measured_local,0.027855832944624126,0.3,False,1.4641948628372927,0.24181329799782839,0.17528546488483635,8
13256,41,task_specific,165,165,none,measured_local,6.983405910432339e-05,0.3,False,1.4641948628372927,0.24181329799782839,0.17528546488483635,0
13256,41,rolling,170,170,none,measured_local,1.750071533024311e-06,0.3,False,2.8313570438835813,0.3079108309157979,0.20866732034308483,0
13256,41,qaoa_transfer,165,170,retain_previous,trace_replayed_qpu,53384.057600000044,0.3,True,2.8313570438835813,0.3079108309157979,0.20866732034308483,0
13256,42,milp,90,90,none,measured_local,0.030756458058021963,0.3,False,1.3250368705461995,0.21068994253397355,0.1508173715709323,0
13256,42,task_specific,165,165,none,measured_local,6.941601168364286e-05,0.3,False,1.3250368705461995,0.21068994253397355,0.1508173715709323,0
13256,42,rolling,170,170,none,measured_local,1.6669509932398796e-06,0.3,False,2.6821681318789494,0.2506842922207902,0.18499642609708955,0
13256,42,qaoa_transfer,165,170,retain_previous,trace_replayed_qpu,57209.42362000002,0.3,True,2.6821681318789494,0.2506842922207902,0.18499642609708955,0
13256,43,milp,165,165,none,measured_local,0.0238540000282228,0.3,False,1.2422210632034532,0.17641037889295944,0.14060092176365496,8
13256,43,task_specific,165,165,none,measured_local,7.087504491209984e-05,0.3,False,1.2422210632034532,0.17641037889295944,0.14060092176365496,0
13256,43,rolling,170,170,none,measured_local,1.9170111045241356e-06,0.3,False,2.578238037705555,0.23966262352721202,0.17452920329697375,0
13256,43,qaoa_transfer,90,170,retain_previous,trace_replayed_qpu,61686.31511999999,0.3,True,2.578238037705555,0.23966262352721202,0.17452920329697375,0
13256,44,milp,90,90,none,measured_local,0.026527083944529295,0.3,False,1.1863127701036882,0.1658369848959553,0.13106802658008632,8
13256,44,task_specific,165,165,none,measured_local,7.166597060859203e-05,0.3,False,1.1863127701036882,0.1658369848959553,0.13106802658008632,0
13256,44,rolling,170,170,none,measured_local,1.8749851733446121e-06,0.3,False,2.4823251759584686,0.2390278285466067,0.16446845094263887,0
13256,44,qaoa_transfer,165,170,retain_previous,trace_replayed_qpu,66510.1831,0.3,True,2.4823251759584686,0.2390278285466067,0.16446845094263887,0
13256,45,milp,90,90,none,measured_local,0.02837624994572252,0.3,False,1.16830559387839,0.1427423160985666,0.12657031925259218,0
13256,45,task_specific,165,165,none,measured_local,7.449998520314693e-05,0.3,False,1.16830559387839,0.1427423160985666,0.12657031925259218,0
13256,45,rolling,170,170,none,measured_local,1.7080456018447876e-06,0.3,False,2.4164175422121676,0.23041396485347612,0.15897062939896173,0
13256,45,qaoa_transfer,90,170,retain_previous,trace_replayed_qpu,71306.33684000002,0.3,True,2.4164175422121676,0.23041396485347612,0.15897062939896173,0
13256,46,milp,165,165,none,measured_local,0.030154458014294505,0.3,False,1.139087100752164,0.14614768075954543,0.11767013984695976,8
13256,46,task_specific,165,165,none,measured_local,7.291696965694427e-05,0.3,False,1.139087100752164,0.14614768075954543,0.11767013984695976,0
13256,46,rolling,170,170,none,measured_local,1.834006980061531e-06,0.3,False,2.308505388456411,0.2237356206625828,0.1488729385553042,0
13256,46,qaoa_transfer,90,170,retain_previous,trace_replayed_qpu,74863.04220000001,0.3,True,2.308505388456411,0.2237356206625828,0.1488729385553042,0
13258,0,milp,149,149,none,measured_local,0.031629125005565584,0.3,False,0.9879592472837884,0.10073450228518052,0.07614455185105772,6
13258,0,task_specific,106,106,none,measured_local,7.341604214161634e-05,0.3,False,0.9879592472837884,0.10073450228518052,0.07614455185105772,2
13258,0,rolling,170,170,none,measured_local,1.584063284099102e-06,0.3,False,1.0685554641922086,0.09925208947691967,0.0779843133050615,0
13258,0,qaoa_transfer,149,170,retain_previous,trace_replayed_qpu,208.24779999999996,0.3,True,1.0685554641922086,0.09925208947691967,0.0779843133050615,0
13258,1,milp,106,106,none,measured_local,0.0316757500404492,0.3,False,1.0201724046752865,0.11134239395301392,0.07996148118209472,8
13258,1,task_specific,106,106,none,measured_local,6.991694681346416e-05,0.3,False,1.0201724046752865,0.11134239395301392,0.07996148118209472,0
13258,1,rolling,170,170,none,measured_local,1.6669509932398796e-06,0.3,False,1.1029005438037016,0.10999080497364468,0.08197638660480522,0
13258,1,qaoa_transfer,106,170,retain_previous,trace_replayed_qpu,246.85518000000008,0.3,True,1.1029005438037016,0.10999080497364468,0.08197638660480522,0
13258,2,milp,106,106,none,measured_local,0.030831375042907894,0.3,False,1.0213132666627796,0.11363400538184415,0.07925431011688217,0
13258,2,task_specific,149,149,none,measured_local,8.01250571385026e-05,0.3,False,1.0213132666627796,0.11363400538184415,0.07925431011688217,8
13258,2,rolling,170,170,none,measured_local,1.9579892978072166e-06,0.3,False,1.102225201016641,0.11312637928010161,0.08132251359509253,0
13258,2,qaoa_transfer,106,170,retain_previous,trace_replayed_qpu,292.81968,0.3,True,1.102225201016641,0.11312637928010161,0.08132251359509253,0
13258,3,milp,149,149,none,measured_local,0.03173916693776846,0.3,False,1.0341128982947572,0.11424085798115281,0.08164533166656948,8
13258,3,task_specific,78,78,none,measured_local,6.962497718632221e-05,0.3,False,1.4031186834380316,0.1328284859896337,0.08780828010872588,6
13258,3,rolling,170,170,none,measured_local,1.8338905647397041e-06,0.3,False,1.1198131194174379,0.11615137409862117,0.08366813002541601,0
13258,3,qaoa_transfer,106,170,retain_previous,trace_replayed_qpu,344.2418000000001,0.3,True,1.1198131194174379,0.11615137409862117,0.08366813002541601,0
13258,4,milp,149,149,none,measured_local,0.03148095798678696,0.3,False,1.0291241770261852,0.11467946698892398,0.08061532245736892,0
13258,4,task_specific,106,106,none,measured_local,7.062498480081558e-05,0.3,False,1.0199288179091834,0.11009645458930696,0.07977111838431042,2
13258,4,rolling,170,170,none,measured_local,1.500011421740055e-06,0.3,False,1.1140260573356495,0.11690075149248634,0.08275782798543595,0
13258,4,qaoa_transfer,106,170,retain_previous,trace_replayed_qpu,414.7057599999997,0.3,True,1.1140260573356495,0.11690075149248634,0.08275782798543595,0
13258,5,milp,149,149,none,measured_local,0.031236249953508377,0.3,False,0.8875957048043426,0.08879909487190665,0.05419060442565463,0
13258,5,task_specific,78,78,none,measured_local,6.512494292110205e-05,0.3,False,1.2036743469346796,0.10052790046867463,0.060395088527507794,2
13258,5,rolling,170,170,none,measured_local,1.583946868777275e-06,0.3,False,0.9608757736730793,0.09037644648681464,0.05631315143339123,0
13258,5,qaoa_transfer,149,170,retain_previous,trace_replayed_qpu,490.81076,0.3,True,0.9608757736730793,0.09037644648681464,0.05631315143339123,0
13258,6,milp,149,149,none,measured_local,0.03779695800039917,0.3,False,0.7139525278974861,0.05501184977411381,0.02218989262010856,0
13258,6,task_specific,106,106,none,measured_local,6.866594776511192e-05,0.3,False,0.704612631437411,0.050351583468516016,0.021332094377766626,2
13258,6,rolling,170,170,none,measured_local,1.7499551177024841e-06,0.3,False,0.7684530419302706,0.054289840123039675,0.024021894341826985,0
13258,6,qaoa_transfer,106,170,retain_previous,trace_replayed_qpu,562.5450000000001,0.3,True,0.7684530419302706,0.054289840123039675,0.024021894341826985,0
13258,7,milp,149,149,none,measured_local,0.03288691688794643,0.3,False,0.6773059975844385,0.04458257895013548,0.017848813197437155,0
13258,7,task_specific,78,78,none,measured_local,7.483398076146841e-05,0.3,False,0.9060959716616377,0.04999280013284468,0.021549699593468936,2
13258,7,rolling,170,170,none,measured_local,1.5830155462026596e-06,0.3,False,0.7296468417186026,0.043495652970960995,0.019211326048256764,0
13258,7,qaoa_transfer,106,170,retain_previous,trace_replayed_qpu,619.6498599999986,0.3,True,0.7296468417186026,0.043495652970960995,0.019211326048256764,0
13258,8,milp,106,106,none,measured_local,0.041434000013396144,0.3,False,0.6692958692477355,0.042082452395310055,0.016932649939610966,8
13258,8,task_specific,106,106,none,measured_local,7.349997758865356e-05,0.3,False,0.6619134421385584,0.03850761236424358,0.016240446330653448,2
13258,8,rolling,170,170,none,measured_local,1.625041477382183e-06,0.3,False,0.721282793174787,0.04096846782681539,0.018241171042965063,0
13258,8,qaoa_transfer,106,170,retain_previous,trace_replayed_qpu,690.6360000000001,0.3,True,0.721282793174787,0.04096846782681539,0.018241171042965063,0
13258,9,milp,106,106,none,measured_local,0.03722424991428852,0.3,False,0.9519518731878716,0.0933808072171903,0.07099489673119339,0
13258,9,task_specific,78,78,none,measured_local,6.779097020626068e-05,0.3,False,1.2741580118515508,0.10073123949408978,0.07483860191822793,2
13258,9,rolling,170,170,none,measured_local,1.7079291865229607e-06,0.3,False,1.0304617591257046,0.09177191327657244,0.07229456982936967,0
13258,9,qaoa_transfer,149,170,retain_previous,trace_replayed_qpu,773.8281000000001,0.3,True,1.0304617591257046,0.09177191327657244,0.07229456982936967,0
13258,10,milp,149,149,none,measured_local,0.03638541593682021,0.3,False,1.0211433029103725,0.1103529145269803,0.0804737968296968,8
13258,10,task_specific,106,106,none,measured_local,7.808301597833633e-05,0.3,False,1.01470917433628,0.10716474725693828,0.07987890200351327,2
13258,10,rolling,170,170,none,measured_local,1.7919810488820076e-06,0.3,False,1.1027136155520991,0.1080913863231325,0.08243654397814261,0
13258,10,qaoa_transfer,106,170,retain_previous,trace_replayed_qpu,869.6112000000002,0.3,True,1.1027136155520991,0.1080913863231325,0.08243654397814261,0
13258,11,milp,149,149,none,measured_local,0.03344116697553545,0.3,False,1.0268634824652543,0.11444582776066135,0.08060358257275932,0
13258,11,task_specific,78,78,none,measured_local,7.14160269126296e-05,0.3,False,1.388443788127753,0.1293046484328576,0.08688662537252528,2
13258,11,rolling,170,170,none,measured_local,1.6669509932398796e-06,0.3,False,1.1072597623402722,0.11378034007135204,0.08264284038880249,0
13258,11,qaoa_transfer,106,170,retain_previous,trace_replayed_qpu,987.5664600000002,0.3,True,1.1072597623402722,0.11378034007135204,0.08264284038880249,0
13258,12,milp,106,106,none,measured_local,0.0336861670948565,0.3,False,1.0463990159420962,0.11525006139232455,0.08360908706163137,8
13258,12,task_specific,106,106,none,measured_local,7.091602310538292e-05,0.3,False,1.0373655234582912,0.11071016149816143,0.08278454953468345,2
13258,12,rolling,170,170,none,measured_local,1.625041477382183e-06,0.3,False,1.1240812520239167,0.1158262691049489,0.08561899405850681,0
13258,12,qaoa_transfer,149,170,retain_previous,trace_replayed_qpu,1087.05568,0.3,True,1.1240812520239167,0.1158262691049489,0.08561899405850681,0
13258,13,milp,106,106,none,measured_local,0.031794916023500264,0.3,False,1.090798555206481,0.1224265035704584,0.0908224753985524,0
13258,13,task_specific,177,177,none,measured_local,9.40829049795866e-05,0.3,False,1.4524153596555918,0.14261348585761502,0.09698440082107879,6
13258,13,rolling,170,170,none,measured_local,1.708976924419403e-06,0.3,False,1.1658377653435594,0.12403807973857353,0.09276453130059792,0
13258,13,qaoa_transfer,149,170,retain_previous,trace_replayed_qpu,1229.3304000000003,0.3,True,1.1658377653435594,0.12403807973857353,0.09276453130059792,0
13258,14,milp,106,106,none,measured_local,0.039689249941147864,0.3,False,1.1633844401247186,0.1545209985417855,0.10331996388016201,0
13258,14,task_specific,106,106,none,measured_local,7.087504491209984e-05,0.3,False,1.153813919292149,0.15563927424112747,0.1024303606243723,6
13258,14,rolling,170,170,none,measured_local,1.6669509932398796e-06,0.3,False,1.2257095281872608,0.12830631677213084,0.10519594413358899,0
13258,14,qaoa_transfer,106,170,retain_previous,trace_replayed_qpu,1385.5546000000004,0.3,True,1.2257095281872608,0.12830631677213084,0.10519594413358899,0
13258,15,milp,106,106,none,measured_local,0.034753500018268824,0.3,False,1.2232296667470606,0.1650469970237629,0.11268461100311797,0
13258,15,task_specific,177,177,none,measured_local,7.762503810226917e-05,0.3,False,1.584688164361057,0.16138416755784435,0.11857000539389859,6
13258,15,rolling,170,170,none,measured_local,1.625041477382183e-06,0.3,False,1.3018111149995821,0.16214430547704292,0.11424273820468152,0
13258,15,qaoa_transfer,149,170,retain_previous,trace_replayed_qpu,1574.0720000000001,0.3,True,1.3018111149995821,0.16214430547704292,0.11424273820468152,0
13258,16,milp,149,149,none,measured_local,0.0350578329525888,0.3,False,1.2565632620526768,0.18712980182004205,0.12030574166867651,8
13258,16,task_specific,170,170,none,measured_local,7.129192817956209e-05,0.3,False,1.3574450311736128,0.18258907431207738,0.12203320977269891,4
13258,16,rolling,170,170,none,measured_local,1.5830155462026596e-06,0.3,False,1.359143896931708,0.18416526434955433,0.12227027787498954,0
13258,16,qaoa_transfer,149,170,retain_previous,trace_replayed_qpu,1659.5689999999997,0.3,True,1.359143896931708,0.18416526434955433,0.12227027787498954,0
13258,17,milp,149,149,none,measured_local,0.030678250011987984,0.3,False,1.250970338357426,0.16672771609329948,0.11632658155131692,0
13258,17,task_specific,169,169,none,measured_local,6.604206282645464e-05,0.3,False,2.1487797361253245,0.18015603334380753,0.13500125998533474,2
13258,17,rolling,170,170,none,measured_local,1.5828991308808327e-06,0.3,False,1.3374214007658964,0.1636129426199469,0.11889109742329271,0
13258,17,qaoa_transfer,106,170,retain_previous,trace_replayed_qpu,1845.6639200000009,0.3,True,1.3374214007658964,0.1636129426199469,0.11889109742329271,0
13258,18,milp,106,106,none,measured_local,0.03273529198486358,0.3,False,1.3043233587399632,0.1955155517843837,0.12256175845893566,8
13258,18,task_specific,106,106,none,measured_local,7.166597060859203e-05,0.3,False,1.2961133432615322,0.19778630728513066,0.12190795480540101,4
13258,18,rolling,170,170,none,measured_local,1.6670674085617065e-06,0.3,False,1.3548004581109026,0.1660838426804448,0.12472303501914742,0
13258,18,qaoa_transfer,149,170,retain_previous,trace_replayed_qpu,1984.5545999999997,0.3,True,1.3548004581109026,0.1660838426804448,0.12472303501914742,0
13258,19,milp,106,106,none,measured_local,0.03198858292307705,0.3,False,1.3212040780458127,0.19328477115760187,0.12814558396849907,0
13258,19,task_specific,177,177,none,measured_local,6.808305624872446e-05,0.3,False,1.6999370369596543,0.19618331444256598,0.1340443450261901,6
13258,19,rolling,170,170,none,measured_local,1.7499551177024841e-06,0.3,False,1.386908674104957,0.18247826230921405,0.12940751145277254,0
13258,19,qaoa_transfer,149,170,retain_previous,trace_replayed_qpu,2142.670420000001,0.3,True,1.386908674104957,0.18247826230921405,0.12940751145277254,0
13258,20,milp,106,106,none,measured_local,0.028798541985452175,0.3,False,1.2936885701810028,0.18294674569779634,0.12368010195114532,0
13258,20,task_specific,106,106,none,measured_local,7.30000901967287e-05,0.3,False,1.279983357004657,0.1835149892625322,0.12232388444732953,6
13258,20,rolling,170,170,none,measured_local,1.583946868777275e-06,0.3,False,1.3678551934742291,0.16692502346986254,0.12532271685262392,0
13258,20,qaoa_transfer,106,170,retain_previous,trace_replayed_qpu,2355.1834799999992,0.3,True,1.3678551934742291,0.16692502346986254,0.12532271685262392,0
13258,21,milp,149,149,none,measured_local,0.030272083007730544,0.3,False,1.3221103515458068,0.19023100486284694,0.12811721425452507,8
13258,21,task_specific,177,177,none,measured_local,6.65419502183795e-05,0.3,False,1.7052199180994423,0.19509275228681255,0.13444613441975445,6
13258,21,rolling,170,170,none,measured_local,1.625041477382183e-06,0.3,False,1.3977710988747618,0.1870149242334444,0.12997137983685572,0
13258,21,qaoa_transfer,106,170,retain_previous,trace_replayed_qpu,2641.1710800000037,0.3,True,1.3977710988747618,0.1870149242334444,0.12997137983685572,0
13258,22,milp,106,106,none,measured_local,0.027934208046644926,0.3,False,1.3904453029750954,0.20929573605889212,0.1386777587886452,8
13258,22,task_specific,106,106,none,measured_local,6.583298090845346e-05,0.3,False,1.3770179857626264,0.21018195667020653,0.13737215918295403,6
13258,22,rolling,170,170,none,measured_local,1.5420373529195786e-06,0.3,False,1.4515637639573231,0.198540233163256,0.14056927747186904,0
13258,22,qaoa_transfer,106,170,retain_previous,trace_replayed_qpu,3063.925839999996,0.3,True,1.4515637639573231,0.198540233163256,0.14056927747186904,0
13258,23,milp,106,106,none,measured_local,0.02880274993367493,0.3,False,1.503587921147851,0.2730259370181121,0.1595986325743774,0
13258,23,task_specific,177,177,none,measured_local,7.370789535343647e-05,0.3,False,1.943573854643122,0.2713351336390367,0.1662522895834522,6
13258,23,rolling,170,170,none,measured_local,1.6670674085617065e-06,0.3,False,1.546954384318854,0.2321888053771598,0.1611265940989331,0
13258,23,qaoa_transfer,149,170,retain_previous,trace_replayed_qpu,3439.5412000000006,0.3,True,1.546954384318854,0.2321888053771598,0.1611265940989331,0
13258,24,milp,170,170,none,measured_local,0.030793917016126215,0.3,False,1.5955077680791723,0.2529621885718039,0.16550961935719896,2
13258,24,task_specific,106,106,none,measured_local,6.941694300621748e-05,0.3,False,1.5534688099800222,0.285846739367377,0.16423367359259916,6
13258,24,rolling,106,106,none,measured_local,3.0830269679427147e-06,0.3,False,1.556401035071437,0.28169531995816094,0.16427912649390233,2
13258,24,qaoa_transfer,149,170,retain_previous,trace_replayed_qpu,3801.491,0.3,True,1.6098627706896251,0.2584115012335517,0.16674885960797134,0
13258,25,milp,106,106,none,measured_local,0.029213916044682264,0.3,False,1.358044015500628,0.200109166446915,0.12976193387132168,2
13258,25,task_specific,202,202,none,measured_local,9.824999142438173e-05,0.3,False,1.4467576913434728,0.18163066233768133,0.13129445523260205,2
13258,25,rolling,106,106,none,measured_local,1.7079291865229607e-06,0.3,False,1.3684193232003996,0.20441040372073233,0.13109752587678591,0
13258,25,qaoa_transfer,106,170,retain_previous,trace_replayed_qpu,4050.243,0.3,True,1.4306904124091835,0.18482097657918992,0.1324340692672406,0
13258,26,milp,149,149,none,measured_local,0.030548707931302488,0.3,False,1.2962033715273504,0.18694538550953343,0.1219886003875157,8
13258,26,task_specific,177,177,none,measured_local,7.183302659541368e-05,0.3,False,1.6881975094296005,0.199056372381349,0.12959493150289866,6
13258,26,rolling,106,106,none,measured_local,1.7080456018447876e-06,0.3,False,1.2982355288596346,0.1876785301233227,0.12224798308000999,0
13258,26,qaoa_transfer,106,170,retain_previous,trace_replayed_qpu,4558.6302,0.3,True,1.3543950654055457,0.17191121984177984,0.12380476031022959,0
13258,27,milp,149,149,none,measured_local,0.030830416013486683,0.3,False,1.2726140061870308,0.1782563882667799,0.11875508428818377,0
13258,27,task_specific,106,106,none,measured_local,7.220904808491468e-05,0.3,False,1.2600907197126903,0.17313470007437481,0.1175422839296485,6
13258,27,rolling,106,106,none,measured_local,1.625041477382183e-06,0.3,False,1.2730198547576463,0.178315585268173,0.11880588822149085,0
13258,27,qaoa_transfer,149,170,retain_previous,trace_replayed_qpu,5322.757020000019,0.3,True,1.3475806132845303,0.17503004464985722,0.12020987663513864,0
13258,28,milp,106,106,none,measured_local,0.0317086250288412,0.3,False,1.3426900193094322,0.20623645645590272,0.12896535015467575,8
13258,28,task_specific,177,177,none,measured_local,6.999995093792677e-05,0.3,False,1.6941953190353358,0.1918009289699797,0.13525148420728267,6
13258,28,rolling,106,106,none,measured_local,1.9170111045241356e-06,0.3,False,1.342773125618891,0.2062581322089706,0.12897549636894115,0
13258,28,qaoa_transfer,149,170,retain_previous,trace_replayed_qpu,6057.925400000011,0.3,True,1.3966478199350623,0.1946678906161223,0.13083951533211324,0
13258,29,milp,106,106,none,measured_local,0.028938333969563246,0.3,False,1.3726054797262048,0.21622630925560216,0.1356422504827358,0
13258,29,task_specific,177,177,none,measured_local,6.666604895144701e-05,0.3,False,1.7820145309052644,0.21188045574807213,0.14442988297588338,0
13258,29,rolling,106,106,none,measured_local,1.500011421740055e-06,0.3,False,1.3726229576033029,0.21623004115301434,0.13564432814047228,0
13258,29,qaoa_transfer,149,170,retain_previous,trace_replayed_qpu,6972.2684,0.3,True,1.4370749809653325,0.17810357113721098,0.13699119549837654,0
13258,30,milp,149,149,none,measured_local,0.03184220800176263,0.3,False,1.3357537108683448,0.18863119620080987,0.13096513699315512,8
13258,30,task_specific,202,202,none,measured_local,7.041695062071085e-05,0.3,False,1.4387112716029553,0.1746270489028052,0.1320907447461087,6
13258,30,rolling,106,106,none,measured_local,1.5828991308808327e-06,0.3,False,1.3357574825188199,0.18863183877730222,0.13096557394008257,0
13258,30,qaoa_transfer,149,170,retain_previous,trace_replayed_qpu,8713.00816,0.3,True,1.4135609702754055,0.1709339278139777,0.1325768745241333,0
13258,31,milp,149,149,none,measured_local,0.030157874920405447,0.3,False,1.3360918776198072,0.18684238731851313,0.1330063427717086,0
13258,31,task_specific,170,170,none,measured_local,5.991593934595585e-05,0.3,False,1.4307383747576137,0.18375181366659893,0.13329844758661458,2
13258,31,rolling,106,106,none,measured_local,1.459033228456974e-06,0.3,False,1.336092710664932,0.18684256358648232,0.1330064370629705,0
13258,31,qaoa_transfer,106,170,retain_previous,trace_replayed_qpu,10522.01418,0.3,True,1.4479748092132407,0.18608574725328947,0.1349515242568851,0
13258,32,milp,106,106,none,measured_local,0.030026915948837996,0.3,False,1.2937528534803315,0.1859693057905069,0.12471479694049517,8
13258,32,task_specific,202,202,none,measured_local,6.974989082664251e-05,0.3,False,1.36376752432969,0.15213579831213636,0.12400253632672263,2
13258,32,rolling,106,106,none,measured_local,1.7499551177024841e-06,0.3,False,1.2937530411723235,0.18596934824636138,0.1247148177666233,0
13258,32,qaoa_transfer,149,170,retain_previous,trace_replayed_qpu,12618.543799999981,0.3,True,1.3958022878882013,0.18259133418345164,0.127511870230331,0
13258,33,milp,106,106,none,measured_local,0.029162959079258144,0.3,False,1.3308946500176386,0.22350503252509085,0.1281938213370083,0
13258,33,task_specific,106,106,none,measured_local,6.733404006808996e-05,0.3,False,1.3204741567328286,0.21954632987897735,0.12714398386795625,2
13258,33,rolling,106,106,none,measured_local,1.4579854905605316e-06,0.3,False,1.3308946930021848,0.22350504275661826,0.12819382602930807,0
13258,33,qaoa_transfer,149,170,retain_previous,trace_replayed_qpu,15199.442000000001,0.3,True,1.4222963122322052,0.2200590031068008,0.13074505719720503,0
13258,34,milp,53,53,none,measured_local,0.02952529094181955,0.3,False,1.3361769027507429,0.15290794757773507,0.11366609941705912,6
13258,34,task_specific,177,177,none,measured_local,6.741692777723074e-05,0.3,False,1.617338984758849,0.17348804356850334,0.11975941400552714,6
13258,34,rolling,106,106,none,measured_local,1.6669509932398796e-06,0.3,False,1.2504456569451394,0.1622785495289073,0.11390986732505462,0
13258,34,qaoa_transfer,202,170,retain_previous,trace_replayed_qpu,16883.729360000023,0.3,True,1.3294185893049755,0.15894570256969096,0.11619490780580513,0
13258,35,milp,106,106,none,measured_local,0.035598999937064946,0.3,False,1.1580127779839837,0.13474589600345788,0.10125127585224425,6
13258,35,task_specific,106,106,none,measured_local,6.920902524143457e-05,0.3,False,1.1527808313929924,0.13629316283151666,0.10077413265559192,6
13258,35,rolling,106,106,none,measured_local,1.500011421740055e-06,0.3,False,1.1678692136919533,0.13503883425913488,0.10222364142362848,0
13258,35,qaoa_transfer,149,170,retain_previous,trace_replayed_qpu,19501.39002,0.3,True,1.2489777529644508,0.14307056098310716,0.10419796473262438,0
13258,36,milp,149,149,none,measured_local,0.03243945899885148,0.3,False,1.140014444599338,0.1298736931748176,0.0987128194495996,8
13258,36,task_specific,177,177,none,measured_local,7.241591811180115e-05,0.3,False,1.5102935729917988,0.148977653586721,0.10496091447193555,6
13258,36,rolling,106,106,none,measured_local,1.6670674085617065e-06,0.3,False,1.1423935602905675,0.12993561062901904,0.09895923034229884,0
13258,36,qaoa_transfer,149,170,retain_previous,trace_replayed_qpu,21076.41,0.3,True,1.2225862516470705,0.1350749155030628,0.10098694382411126,0
13258,37,milp,149,149,none,measured_local,0.030996291898190975,0.3,False,1.1593797225705673,0.1413390243271259,0.10306286111498345,0
13258,37,task_specific,106,106,none,measured_local,7.154198829084635e-05,0.3,False,1.1482789600812466,0.14244602871256293,0.10201629144914123,6
13258,37,rolling,106,106,none,measured_local,1.4159595593810081e-06,0.3,False,1.1599487504283506,0.14135013212123054,0.1031223390072642,0
13258,37,qaoa_transfer,106,170,retain_previous,trace_replayed_qpu,22301.84380000001,0.3,True,1.2368709299652385,0.13113771044160902,0.10512715629117676,0
13258,38,milp,106,106,none,measured_local,0.031703374930657446,0.3,False,1.1418273221036388,0.1460063080249921,0.09808449306426417,8
13258,38,task_specific,202,202,none,measured_local,7.508299313485622e-05,0.3,False,1.2765514240197118,0.14351452597723918,0.09991188658353736,2
13258,38,rolling,106,106,none,measured_local,1.7499551177024841e-06,0.3,False,1.1419633838480916,0.14600823802307122,0.09809871876070878,0
13258,38,qaoa_transfer,106,170,retain_previous,trace_replayed_qpu,26988.115000000023,0.3,True,1.2084077658987908,0.13093254255433134,0.10002177324913097,0
13258,39,milp,106,106,none,measured_local,0.03472291596699506,0.3,False,1.127552809564742,0.13225838986535998,0.09753318305259097,0
13258,39,task_specific,170,170,none,measured_local,7.14160269126296e-05,0.3,False,1.1875533087019852,0.12527496272683689,0.09773920519688262,2
13258,39,rolling,106,106,none,measured_local,1.625041477382183e-06,0.3,False,1.127585394197643,0.1322587228655267,0.09753658459620229,0
13258,39,qaoa_transfer,106,170,retain_previous,trace_replayed_qpu,30066.683,0.3,True,1.202987397072941,0.13272642255843498,0.09919769414746978,0
13258,40,milp,106,106,none,measured_local,0.034104416030459106,0.3,False,1.1546417912146123,0.15802265004740268,0.10011382023911855,0
13258,40,task_specific,202,202,none,measured_local,6.999995093792677e-05,0.3,False,1.2690342436665134,0.14611353479024553,0.10079490683732424,2
13258,40,rolling,106,106,none,measured_local,1.5420373529195786e-06,0.3,False,1.1546496074060648,0.15802270741277605,0.10011463485494107,0
13258,40,qaoa_transfer,149,170,retain_previous,trace_replayed_qpu,33372.02029999999,0.3,True,1.2156533971727435,0.13129897868422927,0.10199968492682351,0
13258,41,milp,106,106,none,measured_local,0.030890417052432895,0.3,False,1.1303478762654027,0.14527329731468616,0.0974285447803653,0
13258,41,task_specific,170,170,none,measured_local,6.687501445412636e-05,0.3,False,1.1715485230922564,0.11635531154890214,0.0973650179386377,2
13258,41,rolling,106,106,none,measured_local,1.5419209375977516e-06,0.3,False,1.1303497536385771,0.1452733071934221,0.09742874018515162,0
13258,41,qaoa_transfer,106,170,retain_previous,trace_replayed_qpu,38236.33444,0.3,True,1.1879337007601136,0.12334597345056411,0.09895383492931858,0
13258,42,milp,149,149,none,measured_local,0.03451787505764514,0.3,False,1.1372960993183643,0.1483415378986766,0.09759619690663507,8
13258,42,task_specific,170,170,none,measured_local,7.9666031524539e-05,0.3,False,1.1915115573549429,0.12384106622961169,0.09862621307730642,0
13258,42,rolling,106,106,none,measured_local,1.6669509932398796e-06,0.3,False,1.137296550693348,0.148341539599731,0.09759624384096444,0
13258,42,qaoa_transfer,149,170,retain_previous,trace_replayed_qpu,40437.89090000001,0.3,True,1.195511679887028,0.12560699310045248,0.09903584251900284,0
13258,43,milp,106,106,none,measured_local,0.031001541996374726,0.3,False,1.1276946671757664,0.14973941100587923,0.0952824024829591,8
13258,43,task_specific,202,202,none,measured_local,7.183302659541368e-05,0.3,False,1.2473342924108652,0.13749778568039067,0.09594071325544407,2
13258,43,rolling,106,106,none,measured_local,1.5419209375977516e-06,0.3,False,1.1276947757782958,0.1497394112987845,0.0952824137673337,0
13258,43,qaoa_transfer,106,170,retain_previous,trace_replayed_qpu,43481.44719999998,0.3,True,1.1796142063940311,0.12257740418570154,0.0967377919971757,0
13258,44,milp,106,106,none,measured_local,0.03137012501247227,0.3,False,1.1186253077906394,0.13694182166642696,0.09485486667939416,0
13258,44,task_specific,170,170,none,measured_local,7.483293302357197e-05,0.3,False,1.1697316057034288,0.11963280934994017,0.09466850771148355,2
13258,44,rolling,106,106,none,measured_local,1.583946868777275e-06,0.3,False,1.1186253339345416,0.13694182171686226,0.09485486939445739,0
13258,44,qaoa_transfer,106,170,retain_previous,trace_replayed_qpu,48527.47675999998,0.3,True,1.185165301933992,0.12670926675419347,0.09615285515985078,0
13258,45,milp,149,149,none,measured_local,0.03196166700217873,0.3,False,1.117489692204782,0.1306921877750514,0.09371563269476597,8
13258,45,task_specific,202,202,none,measured_local,6.975000724196434e-05,0.3,False,1.2400811484029126,0.13667937639439615,0.09458849214088415,2
13258,45,rolling,106,106,none,measured_local,1.4579854905605316e-06,0.3,False,1.117489698500782,0.1306921877837358,0.09371563334836353,0
13258,45,qaoa_transfer,106,170,retain_previous,trace_replayed_qpu,53384.057600000044,0.3,True,1.1881476635816683,0.12643964966959131,0.09537913254834982,0
13258,46,milp,106,106,none,measured_local,0.041517750010825694,0.3,False,1.0790594009120702,0.12779728089049552,0.08677474230511956,8
13258,46,task_specific,170,170,none,measured_local,7.345899939537048e-05,0.3,False,1.125048292036548,0.11213793905680014,0.08705046424442489,2
13258,46,rolling,106,106,none,measured_local,1.625041477382183e-06,0.3,False,1.0790594024286893,0.12779728089199088,0.08677474246251954,0
13258,46,qaoa_transfer,149,170,retain_previous,trace_replayed_qpu,57209.42362000002,0.3,True,1.140601705242538,0.11943062072668995,0.08854119158954171,0
13263,0,milp,172,172,none,measured_local,0.02555670903529972,0.3,False,1.306832653682353,0.43815597456603506,0.14128189419479684,2
13263,0,task_specific,23,23,none,measured_local,7.895904127508402e-05,0.3,False,1.7647327991104027,0.4488400960675649,0.1515960917873577,6
13263,0,rolling,170,170,none,measured_local,2.0830193534493446e-06,0.3,False,2.4113794749361244,0.46412947288022927,0.16290012580608135,0
13263,0,qaoa_transfer,172,170,retain_previous,trace_replayed_qpu,30066.683,0.3,True,2.4113794749361244,0.46412947288022927,0.16290012580608135,0
13263,1,milp,83,83,none,measured_local,0.027316750027239323,0.3,False,1.2630520854998817,0.3702415268398049,0.13447081634205882,8
13263,1,task_specific,23,23,none,measured_local,7.90830235928297e-05,0.3,False,1.7281911617750898,0.38539736618446496,0.14591831997776006,0
13263,1,rolling,142,142,none,measured_local,2.9170187190175056e-06,0.3,False,2.2864242843999767,0.4302043513074717,0.15963397914626004,2
13263,1,qaoa_transfer,83,170,retain_previous,trace_replayed_qpu,33372.02029999999,0.3,True,2.4171070955174843,0.4057879521001876,0.1620844868734031,0
13263,2,milp,172,172,none,measured_local,0.03202670894097537,0.3,False,1.251567044308213,0.35895109112506784,0.12966380213749706,8
13263,2,task_specific,23,23,none,measured_local,7.750000804662704e-05,0.3,False,1.708835006400675,0.3733010051017705,0.14129227904437724,0
13263,2,rolling,142,142,none,measured_local,1.7079291865229607e-06,0.3,False,2.2446909000235835,0.4188167982928206,0.15524810710999942,0
13263,2,qaoa_transfer,83,170,retain_previous,trace_replayed_qpu,38236.33444,0.3,True,2.3921179692409904,0.3935361230130379,0.15851517738793708,0
13263,3,milp,172,172,none,measured_local,0.03048991598188877,0.3,False,1.1581007576811393,0.25246015796937915,0.10928917610770532,0
13263,3,task_specific,23,23,none,measured_local,7.52920750528574e-05,0.3,False,1.5706845679449981,0.26612447864557986,0.12072087516001688,0
13263,3,rolling,142,142,none,measured_local,1.5828991308808327e-06,0.3,False,2.0461099701160625,0.3111793748198135,0.1341172725005896,0
13263,3,qaoa_transfer,172,170,retain_previous,trace_replayed_qpu,40437.89090000001,0.3,True,2.2222790633400136,0.2861169377860633,0.13780294923102476,0
13263,4,milp,172,172,none,measured_local,0.029422416002489626,0.3,False,1.127304100009761,0.21114843858181415,0.10390251894202848,0
13263,4,task_specific,23,23,none,measured_local,7.199996616691351e-05,0.3,False,1.5231018143274415,0.22297851546264477,0.11421711419862496,0
13263,4,rolling,142,142,none,measured_local,2.666027285158634e-06,0.3,False,1.9593261527001693,0.2619711912678674,0.12610274925290157,0
13263,4,qaoa_transfer,172,170,retain_previous,trace_replayed_qpu,43481.44719999998,0.3,True,2.1530489713767524,0.24043192943902197,0.13050697658350036,0
13263,5,milp,83,83,none,measured_local,0.03331279195845127,0.3,False,0.909033665840131,0.08875994581002195,0.06010760250024403,8
13263,5,task_specific,23,23,none,measured_local,7.25829740986228e-05,0.3,False,1.2162245492463204,0.09766787691970408,0.07000254535818604,0
13263,5,rolling,142,142,none,measured_local,1.625041477382183e-06,0.3,False,1.55575161547797,0.13208861225013563,0.08090815381750423,0
13263,5,qaoa_transfer,83,170,retain_previous,trace_replayed_qpu,48527.47675999998,0.3,True,1.7540593932275674,0.11256330582497832,0.08575122428441881,0
13263,6,milp,172,172,none,measured_local,0.029186500003561378,0.3,False,0.7099661426024126,0.05281386996563392,0.022725841646003275,8
13263,6,task_specific,120,120,none,measured_local,6.891705561429262e-05,0.3,False,1.1982141466898018,0.05474291056886595,0.036601147142824246,6
13263,6,rolling,142,142,none,measured_local,1.625041477382183e-06,0.3,False,1.1949349441292236,0.05758569378411202,0.03889379038694925,0
13263,6,qaoa_transfer,83,170,retain_previous,trace_replayed_qpu,53384.057600000044,0.3,True,1.3721538828430404,0.06770852143088461,0.04385148483068919,0
13263,7,milp,172,172,none,measured_local,0.03303179203066975,0.3,False,0.6693799879087913,0.04266007577964109,0.017749153565060315,0
13263,7,task_specific,120,120,none,measured_local,7.225002627819777e-05,0.3,False,1.1388173920096387,0.047859314199960576,0.029955353667245048,0
13263,7,rolling,142,142,none,measured_local,1.625041477382183e-06,0.3,False,1.1106906539139567,0.04147861632953381,0.029873373603230596,0
13263,7,qaoa_transfer,83,170,retain_previous,trace_replayed_qpu,57209.42362000002,0.3,True,1.2735959086705297,0.05436087414084501,0.034303847071076005,0
13263,8,milp,172,172,none,measured_local,0.03211062494665384,0.3,False,0.6600351850499111,0.039997897806204476,0.01673449969771978,0
13263,8,task_specific,120,120,none,measured_local,7.429101970046759e-05,0.3,False,1.1250857791399014,0.045831466977092054,0.028470434800240967,0
13263,8,rolling,142,142,none,measured_local,1.625041477382183e-06,0.3,False,1.0906912041728543,0.03786666445762051,0.027767266347848915,0
13263,8,qaoa_transfer,83,170,retain_previous,trace_replayed_qpu,61686.31511999999,0.3,True,1.2472930299568288,0.05051158462894099,0.031839897716763245,0
13263,9,milp,172,172,none,measured_local,0.03221245890017599,0.3,False,0.9598837975097755,0.10034565402257872,0.07815087962624778,0
13263,9,task_specific,120,120,none,measured_local,7.112498860806227e-05,0.3,False,1.6602636893601477,0.11678516885443939,0.08977714447849754,0
13263,9,rolling,142,142,none,measured_local,1.5830155462026596e-06,0.3,False,1.5992663615724803,0.12182642531133521,0.08891728010432134,0
13263,9,qaoa_transfer,172,170,retain_previous,trace_replayed_qpu,66510.1831,0.3,True,1.793464499495749,0.11310741977688898,0.09283232574892072,0
13263,10,milp,83,83,none,measured_local,0.03398045792710036,0.3,False,1.0323529190733394,0.12564089601905984,0.08649709493774438,8
13263,10,task_specific,120,120,none,measured_local,7.050007116049528e-05,0.3,False,1.791405776681016,0.1505250128380744,0.10400659223400369,0
13263,10,rolling,142,142,none,measured_local,1.6660196706652641e-06,0.3,False,1.7352935622753405,0.1567220527530161,0.102481659039312,0
13263,10,qaoa_transfer,172,170,retain_previous,trace_replayed_qpu,71306.33684000002,0.3,True,1.9480473077817155,0.14362207963506135,0.10733661248739373,0
13263,11,milp,83,83,none,measured_local,0.030476749991066754,0.3,False,1.0497479587645642,0.1268268183158497,0.08829632297683349,0
13263,11,task_specific,172,172,none,measured_local,7.241696584969759e-05,0.3,False,1.0478945340188368,0.13010749068103805,0.08862420146130942,4
13263,11,rolling,142,142,none,measured_local,1.625041477382183e-06,0.3,False,1.7683997008608319,0.16253664334416712,0.10586983905688352,0
13263,11,qaoa_transfer,83,170,retain_previous,trace_replayed_qpu,74863.04220000001,0.3,True,1.9905539858554198,0.14763958933835175,0.11118868269454288,0
13263,12,milp,83,83,none,measured_local,0.030645749997347593,0.3,False,1.0874671817370345,0.16281160129448474,0.09645619896911412,0
13263,12,task_specific,232,232,none,measured_local,7.05840066075325e-05,0.3,False,1.4357239624217082,0.17157473596318226,0.10308985713471437,2
13263,12,rolling,142,142,none,measured_local,1.500011421740055e-06,0.3,False,1.8516711736515852,0.19967794205059158,0.11442249252152081,0
13263,12,qaoa_transfer,83,170,retain_previous,trace_replayed_qpu,78499.34332,0.3,True,2.0658007011447737,0.1842618899441016,0.1199763496463855,0
13263,13,milp,83,83,none,measured_local,0.031183083076030016,0.3,False,1.1400827238999436,0.17828424666673182,0.10614917954342586,0
13263,13,task_specific,135,135,none,measured_local,7.229205220937729e-05,0.3,False,1.9553052712880463,0.20476650927045795,0.12283893926958586,6
13263,13,rolling,142,142,none,measured_local,1.7499551177024841e-06,0.3,False,1.9423778879965288,0.21814240423640036,0.12525427934128963,0
13263,13,qaoa_transfer,172,170,retain_previous,trace_replayed_qpu,84164.25534000002,0.3,True,2.164140008228098,0.20143825764835005,0.13060751752861932,0
13263,14,milp,172,172,none,measured_local,0.03070883301552385,0.3,False,1.184002597163532,0.22364739447769025,0.1166145680974986,8
13263,14,task_specific,83,83,none,measured_local,6.975000724196434e-05,0.3,False,1.1794163903864878,0.22694950508701556,0.11668489787259431,4
13263,14,rolling,142,142,none,measured_local,1.583946868777275e-06,0.3,False,2.0420023297346654,0.2659052773926802,0.13667194719991324,0
13263,14,qaoa_transfer,83,170,retain_previous,trace_replayed_qpu,92768.27739999996,0.3,True,2.2535712613042818,0.24824775157359866,0.14221600020570244,0
13263,15,milp,83,83,none,measured_local,0.029738083016127348,0.3,False,1.1976831282686544,0.21786036885361906,0.1199250649290883,8
13263,15,task_specific,23,23,none,measured_local,6.879097782075405e-05,0.3,False,1.5937482195829933,0.22870397370276563,0.1277652720841853,2
13263,15,rolling,142,142,none,measured_local,1.5830155462026596e-06,0.3,False,2.0707045213751547,0.26371268615573823,0.14137505824336663,0
13263,15,qaoa_transfer,172,170,retain_previous,trace_replayed_qpu,114401.84185999991,0.3,True,2.283926999306799,0.24448186358594173,0.14666428153260705,0
13263,16,milp,172,172,none,measured_local,0.029427082976326346,0.3,False,1.2104602242303568,0.22578587070557699,0.12296707820671636,8
13263,16,task_specific,23,23,none,measured_local,6.912508979439735e-05,0.3,False,1.6300703718248006,0.23744244939046855,0.13286870548957486,0
13263,16,rolling,142,142,none,measured_local,1.5409896150231361e-06,0.3,False,2.1058111803059663,0.2719588998303707,0.14479261303437885,0
13263,16,qaoa_transfer,172,170,retain_previous,trace_replayed_qpu,207486.516,0.3,True,2.3142645411424123,0.2527290770167739,0.15012317498266997,0
13263,17,milp,172,172,none,measured_local,0.02973162499256432,0.3,False,1.2414522023097718,0.26697073041782354,0.12714900560575892,0
13263,17,task_specific,23,23,none,measured_local,6.94170594215393e-05,0.3,False,1.6730671577060938,0.2787956606477944,0.13763925929562001,0
13263,17,rolling,142,142,none,measured_local,1.5420373529195786e-06,0.3,False,2.1577224406764124,0.3138712816771705,0.14953277950764915,0
13263,17,qaoa_transfer,172,170,retain_previous,trace_replayed_qpu,0.335999999999996,0.3,True,2.3592545800844187,0.2943852086578347,0.15474411352856032,0
13263,18,milp,172,172,none,measured_local,0.03236308298073709,0.3,False,1.2088532185249823,0.23454672991265949,0.1233613050577443,0
13263,18,task_specific,23,23,none,measured_local,6.741704419255257e-05,0.3,False,1.659280419195095,0.2470859267075031,0.13415167894265234,0
13263,18,rolling,142,142,none,measured_local,1.5409896150231361e-06,0.3,False,2.1128947952306913,0.2848338964348175,0.1462680610169103,0
13263,18,qaoa_transfer,83,170,retain_previous,trace_replayed_qpu,0.40899999999999803,0.3,True,2.3317162727858007,0.26407417567437097,0.15130636450211046,0
13263,19,milp,172,172,none,measured_local,0.027556792018003762,0.3,False,1.2284508013426927,0.2578974528967081,0.12822133046312456,0
13263,19,task_specific,83,83,none,measured_local,7.124990224838257e-05,0.3,False,1.2158501605236713,0.26109028557537717,0.12751084677843222,2
13263,19,rolling,142,142,none,measured_local,1.625041477382183e-06,0.3,False,2.157046976374769,0.30666717104750413,0.1508223698807673,0
13263,19,qaoa_transfer,83,170,retain_previous,trace_replayed_qpu,0.443999999999996,0.3,True,2.365466917009259,0.28632082897889605,0.15629290681964503,0
13263,20,milp,172,172,none,measured_local,0.04097491595894098,0.3,False,1.2303294943563232,0.2608634268339461,0.12622377003356733,0
13263,20,task_specific,23,23,none,measured_local,7.383304182440042e-05,0.3,False,1.6444562901705053,0.2722647479952264,0.13467857329914412,2
13263,20,rolling,142,142,none,measured_local,1.5420373529195786e-06,0.3,False,2.1509162684090817,0.3109306498563808,0.14943867440936925,0
13263,20,qaoa_transfer,172,170,retain_previous,trace_replayed_qpu,0.4766599999999973,0.3,True,2.3534290175730415,0.2899905977442504,0.15464917292523145,0
13263,21,milp,172,172,none,measured_local,0.02930804097559303,0.3,False,1.249134503853329,0.278801460458847,0.13173323735890807,0
13263,21,task_specific,23,23,none,measured_local,6.900005973875523e-05,0.3,False,1.7114844189534095,0.2910534943201005,0.14208640725426264,0
13263,21,rolling,142,142,none,measured_local,1.7910497263073921e-06,0.3,False,2.1915585710697765,0.3291217425276033,0.15474790671022703,0
13263,21,qaoa_transfer,83,170,retain_previous,trace_replayed_qpu,0.504999999999998,0.3,True,2.399723998785983,0.3081928839018097,0.15981072543932603,0
13263,22,milp,83,83,none,measured_local,0.030905416002497077,0.3,False,1.2576518011169342,0.2904754306832883,0.13201586259633324,8
13263,22,task_specific,83,83,none,measured_local,6.820796988904476e-05,0.3,False,1.2447682636898243,0.2935942778430175,0.13126557966355587,2
13263,22,rolling,142,142,none,measured_local,1.583946868777275e-06,0.3,False,2.2135012345192786,0.3422896979273429,0.15557646427674443,0
13263,22,qaoa_transfer,83,170,retain_previous,trace_replayed_qpu,0.539999999999996,0.3,True,2.4104035687926584,0.32036716552288946,0.16078059996964955,0
13263,23,milp,172,172,none,measured_local,0.03249987494200468,0.3,False,1.2752044487538357,0.29330260732106744,0.13636629502792336,8
13263,23,task_specific,23,23,none,measured_local,6.750004831701517e-05,0.3,False,1.7211532015481283,0.3052586896987302,0.14482081524902832,2
13263,23,rolling,142,142,none,measured_local,1.7079291865229607e-06,0.3,False,2.2484110796974814,0.3470788731993172,0.16026253086298198,0
13263,23,qaoa_transfer,172,170,retain_previous,trace_replayed_qpu,0.575,0.3,True,2.44839809673935,0.32496310708680415,0.16518508921981645,0
13263,24,milp,83,83,none,measured_local,0.03427166608162224,0.3,False,1.3360449046993474,0.39212443874850755,0.1474051112188459,8
13263,24,task_specific,83,83,none,measured_local,7.633399218320847e-05,0.3,False,1.322984865542895,0.39491922183297407,0.14658376322949063,2
13263,24,rolling,142,142,none,measured_local,1.500011421740055e-06,0.3,False,2.3868516235438397,0.4465516135613392,0.17173527699243704,0
13263,24,qaoa_transfer,83,170,retain_previous,trace_replayed_qpu,0.6095399999999971,0.3,True,2.559064371130556,0.4239620225841839,0.17673495241848375,0
13263,25,milp,83,83,none,measured_local,0.029233250068500638,0.3,False,1.2838828127010276,0.3264979399318593,0.13548862261748368,0
13263,25,task_specific,23,23,none,measured_local,6.624998059123755e-05,0.3,False,1.7269248692744485,0.339748159728339,0.14480126621646364,2
13263,25,rolling,142,142,none,measured_local,1.6660196706652641e-06,0.3,False,2.28787564543047,0.3876522772662473,0.161758790588596,0
13263,25,qaoa_transfer,83,170,retain_previous,trace_replayed_qpu,0.630999999999998,0.3,True,2.4711735303209674,0.3617937316532286,0.1660641092782639,0
13263,26,milp,83,83,none,measured_local,0.03281412506476045,0.3,False,1.2624230367500182,0.2919752148038268,0.13088457031752568,0
13263,26,task_specific,23,23,none,measured_local,6.937503349035978e-05,0.3,False,1.7061820915478885,0.3053235865690282,0.14196062173186122,0
13263,26,rolling,142,142,none,measured_local,1.584063284099102e-06,0.3,False,2.2256480475037574,0.34951400509233743,0.15598439113576176,0
13263,26,qaoa_transfer,83,170,retain_previous,trace_replayed_qpu,0.639999999999998,0.3,True,2.415024143323995,0.3251970924434889,0.1605668382580242,0
13263,27,milp,83,83,none,measured_local,0.028242041007615626,0.3,False,1.2319468880708855,0.2620572737566989,0.12742307591875046,0
13263,27,task_specific,23,23,none,measured_local,7.208297029137611e-05,0.3,False,1.6768792512051514,0.27501969077356164,0.1385170522886972,0
13263,27,rolling,142,142,none,measured_local,1.708976924419403e-06,0.3,False,2.1745409785194516,0.3162427689576149,0.15150370118759393,0
13263,27,qaoa_transfer,172,170,retain_previous,trace_replayed_qpu,0.6909999999999981,0.3,True,2.3699739480982256,0.2933936643056815,0.15623810358309986,0
13263,28,milp,83,83,none,measured_local,0.0296151660149917,0.3,False,1.229564486985634,0.2739064060951423,0.12658617220177215,0
13263,28,task_specific,83,83,none,measured_local,6.954197306185961e-05,0.3,False,1.217574426208039,0.27712694230429585,0.12593893724193292,2
13263,28,rolling,142,142,none,measured_local,1.5419209375977516e-06,0.3,False,2.1658306920858506,0.32518683469387716,0.15015102446298628,0
13263,28,qaoa_transfer,172,170,retain_previous,trace_replayed_qpu,0.8784199999999982,0.3,True,2.3551866906530075,0.3036653600709,0.15503684870245563,0
13263,29,milp,172,172,none,measured_local,0.030625374987721443,0.3,False,1.2210140895420012,0.2645144369115391,0.12910161217464083,8
13263,29,task_specific,23,23,none,measured_local,6.949994713068008e-05,0.3,False,1.6516514650635634,0.27653299322970587,0.13715998995633102,2
13263,29,rolling,142,142,none,measured_local,1.583946868777275e-06,0.3,False,2.1649495370960894,0.31612191719457106,0.15250826730214626,0
13263,29,qaoa_transfer,83,170,retain_previous,trace_replayed_qpu,2.1629999999999963,0.3,True,2.361803672834796,0.29485150445352504,0.1572421672663252,0
13263,30,milp,83,83,none,measured_local,0.02457487501669675,0.3,False,1.2587916508557404,0.3010052192157585,0.13343785223855004,8
13263,30,task_specific,83,83,none,measured_local,7.62079143896699e-05,0.3,False,1.245556371529306,0.3037493888410715,0.13259048537951598,2
13263,30,rolling,142,142,none,measured_local,1.500011421740055e-06,0.3,False,2.222060057528016,0.3518279283408431,0.15703623842740222,0
13263,30,qaoa_transfer,83,170,retain_previous,trace_replayed_qpu,4.0434,0.3,True,2.411663858187521,0.3309259821968453,0.16195759182086988,0
13263,31,milp,83,83,none,measured_local,0.033783875056542456,0.3,False,1.2162802894753741,0.24255338642984292,0.1267697912713935,0
13263,31,task_specific,23,23,none,measured_local,7.270800415426493e-05,0.3,False,1.6485358434274722,0.2550939741911925,0.13525488881064798,2
13263,31,rolling,142,142,none,measured_local,1.584063284099102e-06,0.3,False,2.1507183381782804,0.29564960461543,0.1508515014382004,0
13263,31,qaoa_transfer,172,170,retain_previous,trace_replayed_qpu,5.547399999999997,0.3,True,2.3616006040235313,0.27348512569332994,0.155591596454688,0
13263,32,milp,83,83,none,measured_local,0.030278375023044646,0.3,False,1.2492336728446696,0.28420874655185147,0.13104450723688435,0
13263,32,task_specific,83,83,none,measured_local,6.616697646677494e-05,0.3,False,1.2365020767783217,0.28701037585191286,0.1302533883791277,2
13263,32,rolling,142,142,none,measured_local,1.4579854905605316e-06,0.3,False,2.200727356320752,0.3336858921466803,0.15440545845445702,0
13263,32,qaoa_transfer,172,170,retain_previous,trace_replayed_qpu,6.055999999999994,0.3,True,2.4019289625187,0.31291374653564064,0.15967751510058828,0
13263,33,milp,172,172,none,measured_local,0.03310679201968014,0.3,False,1.2780013293823613,0.2924798429498066,0.13671834182111675,8
13263,33,task_specific,23,23,none,measured_local,7.01249809935689e-05,0.3,False,1.7113898982415212,0.30434216446121126,0.14519966414250457,2
13263,33,rolling,142,142,none,measured_local,1.5409896150231361e-06,0.3,False,2.246846395090192,0.3444313106011941,0.16050568390801884,0
13263,33,qaoa_transfer,172,170,retain_previous,trace_replayed_qpu,6.330999999999999,0.3,True,2.4415366423607576,0.32255926804896495,0.1655357240629675,0
13263,34,milp,83,83,none,measured_local,0.03257737506646663,0.3,False,1.3358640820154082,0.3284308517661431,0.14965003323455905,8
13263,34,task_specific,23,23,none,measured_local,6.633298471570015e-05,0.3,False,1.8210814722056847,0.3412770278695683,0.16048474745603802,0
13263,34,rolling,142,142,none,measured_local,1.5409896150231361e-06,0.3,False,2.359187028747318,0.38153078909955657,0.1738711598772548,0
13263,34,qaoa_transfer,172,170,retain_previous,trace_replayed_qpu,7.187819999999996,0.3,True,2.5534735898440544,0.3592232460033079,0.1787384160590189,0
13263,35,milp,172,172,none,measured_local,0.031974875018931925,0.3,False,1.3581660784784553,0.34954144894526823,0.1492216020503852,8
13263,35,task_specific,83,83,none,measured_local,6.683310493826866e-05,0.3,False,1.3457884764977317,0.3527382470014378,0.14853142219508852,2
13263,35,rolling,142,142,none,measured_local,1.5830155462026596e-06,0.3,False,2.3935699406690243,0.4058366183470488,0.1748046757186829,0
13263,35,qaoa_transfer,83,170,retain_previous,trace_replayed_qpu,8.200759999999997,0.3,True,2.5804110488892684,0.38219447112772587,0.17966183974610134,0
13263,36,milp,172,172,none,measured_local,0.027837916975840926,0.3,False,1.3784985399575018,0.33420898454035786,0.1495791519619614,0
13263,36,task_specific,23,23,none,measured_local,6.708409637212753e-05,0.3,False,1.807731650394778,0.3476449288057897,0.15843280956154188,2
13263,36,rolling,142,142,none,measured_local,1.7919810488820076e-06,0.3,False,2.4175365273629037,0.39261285033549415,0.1754642485167256,0
13263,36,qaoa_transfer,172,170,retain_previous,trace_replayed_qpu,12.541100000000005,0.3,True,2.6106308301922874,0.36801020344077534,0.18013527622223172,0
13263,37,milp,172,172,none,measured_local,0.02926616696640849,0.3,False,1.3705858723450524,0.36803040512676416,0.15002496349893757,0
13263,37,task_specific,23,23,none,measured_local,6.841693539172411e-05,0.3,False,1.8383785201761498,0.3830056389199183,0.16075579125986944,0
13263,37,rolling,142,142,none,measured_local,1.625041477382183e-06,0.3,False,2.4221527069599893,0.4260080391686511,0.1760009131840726,0
13263,37,qaoa_transfer,83,170,retain_previous,trace_replayed_qpu,13.504399999999997,0.3,True,2.607002764957144,0.40157319878763453,0.18082827075480717,0
13263,38,milp,83,83,none,measured_local,0.029235500027425587,0.3,False,1.4020146554783346,0.3745384462571525,0.1537771468086263,8
13263,38,task_specific,23,23,none,measured_local,6.874999962747097e-05,0.3,False,1.8749441598214993,0.38902118094357574,0.16547196300440375,0
13263,38,rolling,142,142,none,measured_local,1.5419209375977516e-06,0.3,False,2.4736572758868256,0.4345073996356936,0.18006631767399972,0
13263,38,qaoa_transfer,83,170,retain_previous,trace_replayed_qpu,14.101619999999999,0.3,True,2.652185189694448,0.40906238256119115,0.1846875691239286,0
13263,39,milp,172,172,none,measured_local,0.03165287501178682,0.3,False,1.4114145012548613,0.40674264814077155,0.15875036638695836,8
13263,39,task_specific,23,23,none,measured_local,7.075001485645771e-05,0.3,False,1.9029438521934627,0.4210923318070822,0.17057360399553748,0
13263,39,rolling,142,142,none,measured_local,1.8749851733446121e-06,0.3,False,2.5197219152680272,0.46913288203059267,0.18554143189717065,0
13263,39,qaoa_transfer,172,170,retain_previous,trace_replayed_qpu,15.422199999999988,0.3,True,2.683654246940326,0.4431222060832457,0.1900046297423612,0
13263,40,milp,83,83,none,measured_local,0.02242787496652454,0.3,False,1.3886780975734125,0.4128101042167004,0.15899786253137155,8
13263,40,task_specific,23,23,none,measured_local,6.512505933642387e-05,0.3,False,1.9202904701893617,0.42774309153636825,0.1712860963048366,0
13263,40,rolling,142,142,none,measured_local,1.5409896150231361e-06,0.3,False,2.5204425359188622,0.4772347650096329,0.18670554788170068,0
13263,40,qaoa_transfer,83,170,retain_previous,trace_replayed_qpu,18.579039999999992,0.3,True,2.6919389645116487,0.4501306097187103,0.19080385617350815,0
13263,41,milp,83,83,none,measured_local,0.028047041036188602,0.3,False,1.3866079337543336,0.4432767894830235,0.1564919524393353,0
13263,41,task_specific,23,23,none,measured_local,6.754195783287287e-05,0.3,False,1.9093382362388196,0.45774814876778513,0.16978226175473404,0
13263,41,rolling,142,142,none,measured_local,1.6660196706652641e-06,0.3,False,2.5240588950345457,0.508583448873542,0.18478606339797155,0
13263,41,qaoa_transfer,83,170,retain_previous,trace_replayed_qpu,23.035399999999996,0.3,True,2.6793285529521906,0.4806985544968174,0.18907347411279124,0
13263,42,milp,172,172,none,measured_local,0.027574458043091,0.3,False,1.3786201803208193,0.40667468045744903,0.16056519834385835,8
13263,42,task_specific,23,23,none,measured_local,6.975000724196434e-05,0.3,False,1.9230386735532123,0.42195078031484307,0.17363345590597049,0
13263,42,rolling,142,142,none,measured_local,1.500011421740055e-06,0.3,False,2.522022864370853,0.47407865806665594,0.18900147237586365,0
13263,42,qaoa_transfer,172,170,retain_previous,trace_replayed_qpu,27.161999999999995,0.3,True,2.689580521381449,0.44537553128540885,0.19288321382380474,0
13263,43,milp,83,83,none,measured_local,0.027408250025473535,0.3,False,1.372303670874107,0.4056926455141263,0.15555300450802048,8
13263,43,task_specific,83,83,none,measured_local,7.120799273252487e-05,0.3,False,1.3638148443634932,0.40909963494097623,0.15527094828064317,2
13263,43,rolling,142,142,none,measured_local,1.7499551177024841e-06,0.3,False,2.491490923099284,0.4708937650834041,0.18413807160927131,0
13263,43,qaoa_transfer,83,170,retain_previous,trace_replayed_qpu,32.99244000000001,0.3,True,2.6608027306193405,0.443153250057767,0.18832701303453622,0
13263,44,milp,83,83,none,measured_local,0.027785625075921416,0.3,False,1.359885470829005,0.4221967780257581,0.1552825917718527,0
13263,44,task_specific,23,23,none,measured_local,6.654206663370132e-05,0.3,False,1.866779701771616,0.4360019651170438,0.16513356935388804,2
13263,44,rolling,142,142,none,measured_local,1.5830155462026596e-06,0.3,False,2.489257641247835,0.4870735707231637,0.1832622730774821,0
13263,44,qaoa_transfer,83,170,retain_previous,trace_replayed_qpu,36.903020000000005,0.3,True,2.6556136957925167,0.4596907126009618,0.1874950682654835,0
13263,45,milp,172,172,none,measured_local,0.024432540987618268,0.3,False,1.2896740653739172,0.3662632044713358,0.1439096367707251,8
13263,45,task_specific,23,23,none,measured_local,6.683391984552145e-05,0.3,False,1.8002284824306651,0.38098457810261904,0.1565819925442904,0
13263,45,rolling,142,142,none,measured_local,1.583946868777275e-06,0.3,False,2.3715568059255663,0.43218701036430185,0.17214394103119587,0
13263,45,qaoa_transfer,83,170,retain_previous,trace_replayed_qpu,39.999480000000005,0.3,True,2.5355811583692,0.4042746357748167,0.17630284239481292,0
13263,46,milp,172,172,none,measured_local,0.033920417074114084,0.3,False,1.2609418023706858,0.3466045858966748,0.13767935163434794,0
13263,46,task_specific,23,23,none,measured_local,6.824999582022429e-05,0.3,False,1.7590357533513432,0.36055058269141993,0.15044321206076663,0
13263,46,rolling,142,142,none,measured_local,1.4579854905605316e-06,0.3,False,2.3040889445009385,0.40796074372828794,0.16472642014813915,0
13263,46,qaoa_transfer,83,170,retain_previous,trace_replayed_qpu,44.07458,0.3,True,2.468924184695294,0.38203556756566903,0.16882702895923,0
13295,0,milp,101,101,none,measured_local,0.03215033304877579,0.3,False,0.8776035126061379,0.13996551040670127,0.07225446916741723,6
13295,0,task_specific,210,210,none,measured_local,6.916699931025505e-05,0.3,False,1.2000484549279578,0.11592060699184228,0.0790250014942446,4
13295,0,rolling,170,170,none,measured_local,1.7499551177024841e-06,0.3,False,1.0893535788086504,0.13176359126506285,0.07732385098447597,0
13295,0,qaoa_transfer,154,170,retain_previous,trace_replayed_qpu,7.187819999999996,0.3,True,1.0893535788086504,0.13176359126506285,0.07732385098447597,0
13295,1,milp,101,101,none,measured_local,0.02764016599394381,0.3,False,0.8775188602209456,0.13678197579888737,0.07097758781515345,0
13295,1,task_specific,210,210,none,measured_local,6.983301136642694e-05,0.3,False,1.2150132164909442,0.11961829310184466,0.07903871137319894,0
13295,1,rolling,170,170,none,measured_local,1.625041477382183e-06,0.3,False,1.0805155028245261,0.12838272744467702,0.07627133947021625,0
13295,1,qaoa_transfer,154,170,retain_previous,trace_replayed_qpu,8.200759999999997,0.3,True,1.0805155028245261,0.12838272744467702,0.07627133947021625,0
13295,2,milp,101,101,none,measured_local,0.029801458003930748,0.3,False,0.8604558511527691,0.12701184336620086,0.06855047150552362,0
13295,2,task_specific,210,210,none,measured_local,6.945803761482239e-05,0.3,False,1.2071080148646915,0.11858022306368032,0.0769878304122736,0
13295,2,rolling,170,170,none,measured_local,1.7499551177024841e-06,0.3,False,1.0583433590230893,0.1216025781884631,0.07362538757061315,0
13295,2,qaoa_transfer,101,170,retain_previous,trace_replayed_qpu,12.541100000000005,0.3,True,1.0583433590230893,0.1216025781884631,0.07362538757061315,0
13295,3,milp,154,154,none,measured_local,0.028581041959114373,0.3,False,0.8561423437193184,0.12078828896803726,0.06694889627881923,8
13295,3,task_specific,210,210,none,measured_local,6.779108662158251e-05,0.3,False,1.2068945051637117,0.12396376887523403,0.07561520037161729,0
13295,3,rolling,170,170,none,measured_local,1.5830155462026596e-06,0.3,False,1.0495804957114099,0.1185308645869929,0.07189608397557723,0
13295,3,qaoa_transfer,154,170,retain_previous,trace_replayed_qpu,13.504399999999997,0.3,True,1.0495804957114099,0.1185308645869929,0.07189608397557723,0
13295,4,milp,101,101,none,measured_local,0.029086999944411218,0.3,False,0.8478340964444521,0.11881480052546488,0.06572855859298296,8
13295,4,task_specific,210,210,none,measured_local,6.708293221890926e-05,0.3,False,1.200131997422571,0.12129239912452947,0.07449736262909279,0
13295,4,rolling,170,170,none,measured_local,1.7080456018447876e-06,0.3,False,1.0405462357624213,0.11600350945462785,0.07056451239278524,0
13295,4,qaoa_transfer,154,170,retain_previous,trace_replayed_qpu,14.101619999999999,0.3,True,1.0405462357624213,0.11600350945462785,0.07056451239278524,0
13295,5,milp,101,101,none,measured_local,0.028590875095687807,0.3,False,0.7318106872127431,0.08624516422155025,0.0425958524111113,0
13295,5,task_specific,210,210,none,measured_local,6.562506314367056e-05,0.3,False,1.0646395910132005,0.0893448678892744,0.05140329993556428,0
13295,5,rolling,170,170,none,measured_local,1.6660196706652641e-06,0.3,False,0.8929247533685537,0.08542898204551619,0.04741365589406053,0
13295,5,qaoa_transfer,101,170,retain_previous,trace_replayed_qpu,15.422199999999988,0.3,True,0.8929247533685537,0.08542898204551619,0.04741365589406053,0
13295,6,milp,101,101,none,measured_local,0.029752708040177822,0.3,False,0.5997929671980406,0.04978827239954469,0.018295267180318577,0
13295,6,task_specific,54,54,none,measured_local,6.883405148983002e-05,0.3,False,1.2657532075604132,0.05175768975430392,0.03497190139132646,4
13295,6,rolling,170,170,none,measured_local,1.750071533024311e-06,0.3,False,0.728701929523434,0.04926493365899702,0.02232311883421384,0
13295,6,qaoa_transfer,101,170,retain_previous,trace_replayed_qpu,18.579039999999992,0.3,True,0.728701929523434,0.04926493365899702,0.02232311883421384,0
13295,7,milp,154,154,none,measured_local,0.030362541903741658,0.3,False,0.5709813722084888,0.04055970988835008,0.014994824179951016,8
13295,7,task_specific,209,209,none,measured_local,6.391701754182577e-05,0.3,False,1.059012016603137,0.03986156971408307,0.02764411883771822,6
13295,7,rolling,170,170,none,measured_local,1.6660196706652641e-06,0.3,False,0.6975042776075354,0.04129929757084037,0.01821754823808585,0
13295,7,qaoa_transfer,154,170,retain_previous,trace_replayed_qpu,23.035399999999996,0.3,True,0.6975042776075354,0.04129929757084037,0.01821754823808585,0
13295,8,milp,154,154,none,measured_local,0.030745374970138073,0.3,False,0.5643589597124197,0.03830150339508457,0.014274534305212219,0
13295,8,task_specific,54,54,none,measured_local,6.829097401350737e-05,0.3,False,1.210427396198527,0.04379917249605863,0.029447346836604122,6
13295,8,rolling,170,170,none,measured_local,1.5830155462026596e-06,0.3,False,0.69117967104711,0.03937666920748264,0.017437606940188387,0
13295,8,qaoa_transfer,101,170,retain_previous,trace_replayed_qpu,27.161999999999995,0.3,True,0.69117967104711,0.03937666920748264,0.017437606940188387,0
13295,9,milp,101,101,none,measured_local,0.030796832987107337,0.3,False,0.7689819661945136,0.09516175053648399,0.055833973992810496,8
13295,9,task_specific,209,209,none,measured_local,6.387499161064625e-05,0.3,False,1.3793594062339078,0.08805421433304156,0.06825309798545884,6
13295,9,rolling,170,170,none,measured_local,1.500011421740055e-06,0.3,False,0.9569238019506799,0.09932573930087318,0.059004491776177746,0
13295,9,qaoa_transfer,154,170,retain_previous,trace_replayed_qpu,32.99244000000001,0.3,True,0.9569238019506799,0.09932573930087318,0.059004491776177746,0
13295,10,milp,101,101,none,measured_local,0.029567584046162665,0.3,False,0.8144068340422862,0.10971968406008512,0.06244954915486284,0
13295,10,task_specific,210,210,none,measured_local,6.720889359712601e-05,0.3,False,1.1682718006218717,0.10726738823433049,0.07129178235363184,2
13295,10,rolling,170,170,none,measured_local,1.7079291865229607e-06,0.3,False,1.013349966170558,0.11285219499607443,0.067148095048767,0
13295,10,qaoa_transfer,101,170,retain_previous,trace_replayed_qpu,36.903020000000005,0.3,True,1.013349966170558,0.11285219499607443,0.067148095048767,0
13295,11,milp,101,101,none,measured_local,0.02929924998898059,0.3,False,0.8320583263148551,0.11803728360034137,0.06367267085105716,0
13295,11,task_specific,210,210,none,measured_local,7.137504871934652e-05,0.3,False,1.1802711262324859,0.11027940863400593,0.0725192950155468,0
13295,11,rolling,170,170,none,measured_local,1.750071533024311e-06,0.3,False,1.02564384894044,0.11465025811668382,0.06864624915426396,0
13295,11,qaoa_transfer,101,170,retain_previous,trace_replayed_qpu,39.999480000000005,0.3,True,1.02564384894044,0.11465025811668382,0.06864624915426396,0
13295,12,milp,101,101,none,measured_local,0.02933616703376174,0.3,False,0.8475781555292534,0.12269889672543918,0.06636395815787138,0
13295,12,task_specific,210,210,none,measured_local,7.504189852625132e-05,0.3,False,1.1954770904037844,0.11315252256621894,0.07506927815581214,0
13295,12,rolling,170,170,none,measured_local,1.7909333109855652e-06,0.3,False,1.0418913683247029,0.11869056376189534,0.07120359622351101,0
13295,12,qaoa_transfer,154,170,retain_previous,trace_replayed_qpu,44.07458,0.3,True,1.0418913683247029,0.11869056376189534,0.07120359622351101,0
13295,13,milp,101,101,none,measured_local,0.029243625001981854,0.3,False,0.8754723365382425,0.13389748629224107,0.06987695388823134,0
13295,13,task_specific,210,210,none,measured_local,6.725010462105274e-05,0.3,False,1.2187763147736868,0.11989108898975062,0.07857442726009461,0
13295,13,rolling,170,170,none,measured_local,1.5419209375977516e-06,0.3,False,1.0672736298258159,0.12210569160503774,0.07473478420811756,0
13295,13,qaoa_transfer,101,170,retain_previous,trace_replayed_qpu,48.63859999999999,0.3,True,1.0672736298258159,0.12210569160503774,0.07473478420811756,0
13295,14,milp,101,101,none,measured_local,0.035642583039589226,0.3,False,0.8789521666342772,0.13648155636558434,0.07051180841345606,0
13295,14,task_specific,210,210,none,measured_local,6.974989082664251e-05,0.3,False,1.220372018434195,0.1195005810817854,0.07909440786934217,0
13295,14,rolling,170,170,none,measured_local,1.4579854905605316e-06,0.3,False,1.0779224019719424,0.12928007851911644,0.07530684074564539,0
13295,14,qaoa_transfer,154,170,retain_previous,trace_replayed_qpu,56.77331999999998,0.3,True,1.0779224019719424,0.12928007851911644,0.07530684074564539,0
13295,15,milp,154,154,none,measured_local,0.03450824995525181,0.3,False,0.8831579077340712,0.13046722440670122,0.07278630416585694,8
13295,15,task_specific,210,210,none,measured_local,6.879097782075405e-05,0.3,False,1.2358960853404977,0.1236241909287423,0.08132180046085488,0
13295,15,rolling,170,170,none,measured_local,1.5830155462026596e-06,0.3,False,1.095533070738088,0.13911420329847168,0.07776056004929856,0
13295,15,qaoa_transfer,101,170,retain_previous,trace_replayed_qpu,61.09708,0.3,True,1.095533070738088,0.13911420329847168,0.07776056004929856,0
13295,16,milp,101,101,none,measured_local,0.030667333980090916,0.3,False,0.9146534587324604,0.14308047066309232,0.07877894769335178,8
13295,16,task_specific,210,210,none,measured_local,7.329194340854883e-05,0.3,False,1.2678531199687781,0.14238765757116906,0.08759740213351244,0
13295,16,rolling,170,170,none,measured_local,1.5419209375977516e-06,0.3,False,1.1613985345555098,0.17316789945351624,0.0840883267684522,0
13295,16,qaoa_transfer,101,170,retain_previous,trace_replayed_qpu,68.18,0.3,True,1.1613985345555098,0.17316789945351624,0.0840883267684522,0
13295,17,milp,154,154,none,measured_local,0.025502667063847184,0.3,False,0.9410642989486591,0.1577758151549793,0.08140383646831151,8
13295,17,task_specific,210,210,none,measured_local,7.049995474517345e-05,0.3,False,1.2850741853035625,0.13643919435590246,0.09023382799921945,0
13295,17,rolling,170,170,none,measured_local,1.7079291865229607e-06,0.3,False,1.1705178724463798,0.1582976807014856,0.08757246336388774,0
13295,17,qaoa_transfer,101,170,retain_previous,trace_replayed_qpu,78.43212000000001,0.3,True,1.1705178724463798,0.1582976807014856,0.08757246336388774,0
13295,18,milp,154,154,none,measured_local,0.02599404100328684,0.3,False,0.9563122244635899,0.15336606864215313,0.08521410747371648,0
13295,18,task_specific,210,210,none,measured_local,7.191603071987629e-05,0.3,False,1.310573208544136,0.14863272370385877,0.09381435463258905,0
13295,18,rolling,170,170,none,measured_local,1.625041477382183e-06,0.3,False,1.1966521444391691,0.16862433351811726,0.09095044681115949,0
13295,18,qaoa_transfer,101,170,retain_previous,trace_replayed_qpu,84.46360000000003,0.3,True,1.1966521444391691,0.16862433351811726,0.09095044681115949,0
13295,19,milp,154,154,none,measured_local,0.02940250001847744,0.3,False,0.9459881739968938,0.15646236976752576,0.08053280561158974,0
13295,19,task_specific,101,101,none,measured_local,7.483398076146841e-05,0.3,False,0.9363389928165843,0.1514710509715051,0.07988997466729494,6
13295,19,rolling,170,170,none,measured_local,1.7499551177024841e-06,0.3,False,1.1638403060199487,0.1512504098526231,0.08654130361097923,0
13295,19,qaoa_transfer,154,170,retain_previous,trace_replayed_qpu,96.76627999999998,0.3,True,1.1638403060199487,0.1512504098526231,0.08654130361097923,0
13295,20,milp,101,101,none,measured_local,0.03206633299123496,0.3,False,0.93102979168248,0.14921179882156654,0.07903720434992235,8
13295,20,task_specific,210,210,none,measured_local,6.479199510067701e-05,0.3,False,1.2587511016905468,0.13685277454095932,0.0855171611075226,6
13295,20,rolling,170,170,none,measured_local,1.625041477382183e-06,0.3,False,1.146442136014267,0.14650326267850006,0.08448350765049871,0
13295,20,qaoa_transfer,101,170,retain_previous,trace_replayed_qpu,111.99626,0.3,True,1.146442136014267,0.14650326267850006,0.08448350765049871,0
13295,21,milp,101,101,none,measured_local,0.0302024579141289,0.3,False,0.9415167537698823,0.14678513594369938,0.079513244792062,0
13295,21,task_specific,210,210,none,measured_local,6.804196164011955e-05,0.3,False,1.2879125969247633,0.1504807737355223,0.08770627754226366,0
13295,21,rolling,170,170,none,measured_local,1.4159595593810081e-06,0.3,False,1.1508981625157653,0.1445868388520115,0.08489855340035667,0
13295,21,qaoa_transfer,154,170,retain_previous,trace_replayed_qpu,131.08151999999998,0.3,True,1.1508981625157653,0.1445868388520115,0.08489855340035667,0
13295,22,milp,101,101,none,measured_local,0.03394491598010063,0.3,False,0.9560883766863131,0.15667144764998853,0.08062541884424705,0
13295,22,task_specific,210,210,none,measured_local,7.570802699774504e-05,0.3,False,1.29624714022485,0.14974829306139492,0.08928531492311909,0
13295,22,rolling,170,170,none,measured_local,1.8329592421650887e-06,0.3,False,1.1607906435707993,0.14854187628098436,0.08585995406289412,0
13295,22,qaoa_transfer,154,170,retain_previous,trace_replayed_qpu,150.73899999999998,0.3,True,1.1607906435707993,0.14854187628098436,0.08585995406289412,0
13295,23,milp,101,101,none,measured_local,0.03205295803491026,0.3,False,0.9767902340850342,0.15684559438599416,0.08610220941715782,0
13295,23,task_specific,101,101,none,measured_local,7.479195483028889e-05,0.3,False,0.9668606150661208,0.15391382982052565,0.08543401067271429,6
13295,23,rolling,170,170,none,measured_local,1.625041477382183e-06,0.3,False,1.2250507693123307,0.1892090745380495,0.09121976608926997,0
13295,23,qaoa_transfer,154,170,retain_previous,trace_replayed_qpu,171.1178000000002,0.3,True,1.2250507693123307,0.1892090745380495,0.09121976608926997,0
13295,24,milp,101,101,none,measured_local,0.025764166028238833,0.3,False,1.0287701988321976,0.19429172954281312,0.08998225585212585,0
13295,24,task_specific,210,210,none,measured_local,6.82090176269412e-05,0.3,False,1.3296223529386588,0.1565732855227071,0.09690217156772989,6
13295,24,rolling,170,170,none,measured_local,1.5830155462026596e-06,0.3,False,1.2513617475323948,0.17769866344784843,0.09618876923280827,0
13295,24,qaoa_transfer,101,170,retain_previous,trace_replayed_qpu,187.011,0.3,True,1.2513617475323948,0.17769866344784843,0.09618876923280827,0
13295,25,milp,154,154,none,measured_local,0.041579167009331286,0.3,False,1.0028089112124199,0.17771039966259505,0.08765675497080494,8
13295,25,task_specific,210,210,none,measured_local,6.212503649294376e-05,0.3,False,1.3246619643050233,0.1563969187999918,0.09517805882346647,0
13295,25,rolling,170,170,none,measured_local,1.5828991308808327e-06,0.3,False,1.2403930286815794,0.1913035545913659,0.09322154368830987,0
13295,25,qaoa_transfer,101,170,retain_previous,trace_replayed_qpu,208.24779999999996,0.3,True,1.2403930286815794,0.1913035545913659,0.09322154368830987,0
13295,26,milp,154,154,none,measured_local,0.029934750054962933,0.3,False,0.9704179652825062,0.16051702454710143,0.08459522278031051,0
13295,26,task_specific,210,210,none,measured_local,7.262500002980232e-05,0.3,False,1.3126643808092604,0.14870831288147673,0.09264154910762559,0
13295,26,rolling,170,170,none,measured_local,1.7499551177024841e-06,0.3,False,1.2139979073014842,0.1811482859950903,0.0905348257170395,0
13295,26,qaoa_transfer,154,170,retain_previous,trace_replayed_qpu,246.85518000000008,0.3,True,1.2139979073014842,0.1811482859950903,0.0905348257170395,0
13295,27,milp,101,101,none,measured_local,0.02933225000742823,0.3,False,1.0026147304238258,0.18521854360935924,0.08842294913206265,8
13295,27,task_specific,210,210,none,measured_local,7.108296267688274e-05,0.3,False,1.3305984638066117,0.14985312172693122,0.0969791095202315,0
13295,27,rolling,170,170,none,measured_local,1.6660196706652641e-06,0.3,False,1.2361639627806627,0.17631388679752852,0.0945124476825371,0
13295,27,qaoa_transfer,154,170,retain_previous,trace_replayed_qpu,292.81968,0.3,True,1.2361639627806627,0.17631388679752852,0.0945124476825371,0
13295,28,milp,101,101,none,measured_local,0.031783665996044874,0.3,False,0.9812022481922639,0.16438416731693217,0.08641536826059562,0
13295,28,task_specific,210,210,none,measured_local,6.94170594215393e-05,0.3,False,1.325764860881369,0.1589289396252329,0.09461496159516529,0
13295,28,rolling,170,170,none,measured_local,1.5830155462026596e-06,0.3,False,1.2055157211610612,0.1598973102891037,0.09225409906951657,0
13295,28,qaoa_transfer,101,170,retain_previous,trace_replayed_qpu,344.2418000000001,0.3,True,1.2055157211610612,0.1598973102891037,0.09225409906951657,0
13295,29,milp,101,101,none,measured_local,0.03737487504258752,0.3,False,0.9729807938239904,0.163208384942377,0.0872550562048066,0
13295,29,task_specific,101,101,none,measured_local,6.795802619308233e-05,0.3,False,0.9617778797097556,0.15759834094116124,0.08644999942800878,6
13295,29,rolling,170,170,none,measured_local,1.6249250620603561e-06,0.3,False,1.1948378128774213,0.15198823180361873,0.09286289302902653,0
13295,29,qaoa_transfer,154,170,retain_previous,trace_replayed_qpu,414.7057599999997,0.3,True,1.1948378128774213,0.15198823180361873,0.09286289302902653,0
13295,30,milp,101,101,none,measured_local,0.03642083297017962,0.3,False,0.9829167355020384,0.169892960208026,0.08729951984559975,0
13295,30,task_specific,210,210,none,measured_local,7.066596299409866e-05,0.3,False,1.3061409870506318,0.15629388849781245,0.09394185091227725,6
13295,30,rolling,170,170,none,measured_local,1.7080456018447876e-06,0.3,False,1.1942547797933387,0.14635840917402387,0.09284594532193555,0
13295,30,qaoa_transfer,101,170,retain_previous,trace_replayed_qpu,490.81076,0.3,True,1.1942547797933387,0.14635840917402387,0.09284594532193555,0
13295,31,milp,101,101,none,measured_local,0.038186041987501085,0.3,False,0.954031283683116,0.15835604322949334,0.08158541838755096,0
13295,31,task_specific,210,210,none,measured_local,6.920797750353813e-05,0.3,False,1.29222503021454,0.15117362258300215,0.08966602467626579,0
13295,31,rolling,170,170,none,measured_local,1.6670674085617065e-06,0.3,False,1.1502775853228948,0.1339341084806206,0.08686886949483347,0
13295,31,qaoa_transfer,154,170,retain_previous,trace_replayed_qpu,562.5450000000001,0.3,True,1.1502775853228948,0.1339341084806206,0.08686886949483347,0
13295,32,milp,154,154,none,measured_local,0.0305857079802081,0.3,False,0.978619453392241,0.17471444365120478,0.08526328209207791,8
13295,32,task_specific,210,210,none,measured_local,6.624998059123755e-05,0.3,False,1.309466376395792,0.14794816969409452,0.09371812575536351,0
13295,32,rolling,170,170,none,measured_local,1.583946868777275e-06,0.3,False,1.175475115604387,0.1469630061820113,0.09016943963307236,0
13295,32,qaoa_transfer,154,170,retain_previous,trace_replayed_qpu,619.6498599999986,0.3,True,1.175475115604387,0.1469630061820113,0.09016943963307236,0
13295,33,milp,154,154,none,measured_local,0.03875866695307195,0.3,False,0.9425514009836973,0.14971824572568504,0.08412798633480603,0
13295,33,task_specific,210,210,none,measured_local,6.712507456541061e-05,0.3,False,1.3003971900842703,0.1402306713295619,0.0923991594098948,0
13295,33,rolling,170,170,none,measured_local,1.4170072972774506e-06,0.3,False,1.1780216374435604,0.1626657415485928,0.08904937789010967,0
13295,33,qaoa_transfer,101,170,retain_previous,trace_replayed_qpu,690.6360000000001,0.3,True,1.1780216374435604,0.1626657415485928,0.08904937789010967,0
13295,34,milp,154,154,none,measured_local,0.02454612497240305,0.3,False,0.938142242572858,0.1486423654793603,0.08292628502459243,0
13295,34,task_specific,101,101,none,measured_local,6.925000343471766e-05,0.3,False,0.9268716037724954,0.14304463333078682,0.08212090200247424,6
13295,34,rolling,170,170,none,measured_local,1.8330756574869156e-06,0.3,False,1.1839796114869872,0.1671731147568578,0.088813040936089,0
13295,34,qaoa_transfer,154,170,retain_previous,trace_replayed_qpu,773.8281000000001,0.3,True,1.1839796114869872,0.1671731147568578,0.088813040936089,0
13295,35,milp,101,101,none,measured_local,0.024382791947573423,0.3,False,0.9540389055308923,0.15820022742781992,0.08555355606432144,8
13295,35,task_specific,210,210,none,measured_local,6.77499920129776e-05,0.3,False,1.2879689621226706,0.1478132618297549,0.09242225798305936,6
13295,35,rolling,170,170,none,measured_local,1.6659032553434372e-06,0.3,False,1.2119211722941226,0.1829428905825727,0.09169949028717468,0
13295,35,qaoa_transfer,101,170,retain_previous,trace_replayed_qpu,869.6112000000002,0.3,True,1.2119211722941226,0.1829428905825727,0.09169949028717468,0
13295,36,milp,101,101,none,measured_local,0.023886625072918832,0.3,False,0.9411873899611845,0.15034424554900705,0.08245097263827231,0
13295,36,task_specific,210,210,none,measured_local,6.700004450976849e-05,0.3,False,1.293063723508288,0.14614694822434213,0.09079922405306676,0
13295,36,rolling,170,170,none,measured_local,1.5830155462026596e-06,0.3,False,1.1786596902478768,0.15884638501372117,0.08889802930735306,0
13295,36,qaoa_transfer,101,170,retain_previous,trace_replayed_qpu,987.5664600000002,0.3,True,1.1786596902478768,0.15884638501372117,0.08889802930735306,0
13295,37,milp,154,154,none,measured_local,0.03143175004515797,0.3,False,0.9590757209346192,0.16154985783389575,0.08274218474902961,8
13295,37,task_specific,101,101,none,measured_local,6.454100366681814e-05,0.3,False,0.9495123490808479,0.1565747098909141,0.08209180814418937,6
13295,37,rolling,170,170,none,measured_local,1.625041477382183e-06,0.3,False,1.1833826981300533,0.16020106234838133,0.08867899225619691,0
13295,37,qaoa_transfer,154,170,retain_previous,trace_replayed_qpu,1087.05568,0.3,True,1.1833826981300533,0.16020106234838133,0.08867899225619691,0
13295,38,milp,154,154,none,measured_local,0.02436204208061099,0.3,False,0.958660314343871,0.15682518689364122,0.08573939302336547,0
13295,38,task_specific,210,210,none,measured_local,6.541609764099121e-05,0.3,False,1.2892032471368569,0.151476738052392,0.09213970303949068,6
13295,38,rolling,170,170,none,measured_local,1.5830155462026596e-06,0.3,False,1.2121704019563004,0.1860483007890383,0.09134706745325133,0
13295,38,qaoa_transfer,154,170,retain_previous,trace_replayed_qpu,1229.3304000000003,0.3,True,1.2121704019563004,0.1860483007890383,0.09134706745325133,0
13295,39,milp,154,154,none,measured_local,0.024574375012889504,0.3,False,1.0220943028630296,0.2073604960986023,0.09327900785859677,0
13295,39,task_specific,210,210,none,measured_local,6.354204379022121e-05,0.3,False,1.3308226022725913,0.16248399187587745,0.10154258117842141,0
13295,39,rolling,170,170,none,measured_local,1.5420373529195786e-06,0.3,False,1.249747748262659,0.18023024798874138,0.0996167600489075,0
13295,39,qaoa_transfer,154,170,retain_previous,trace_replayed_qpu,1385.5546000000004,0.3,True,1.249747748262659,0.18023024798874138,0.0996167600489075,0
13295,40,milp,154,154,none,measured_local,0.03205733292270452,0.3,False,0.9793508642645032,0.17599835796336932,0.08642735757157574,0
13295,40,task_specific,210,210,none,measured_local,6.754195783287287e-05,0.3,False,1.3047650909550705,0.13814586151275288,0.09414556505681478,0
13295,40,rolling,170,170,none,measured_local,1.6660196706652641e-06,0.3,False,1.20234240151347,0.16665190947299013,0.09211869370656647,0
13295,40,qaoa_transfer,154,170,retain_previous,trace_replayed_qpu,1574.0720000000001,0.3,True,1.20234240151347,0.16665190947299013,0.09211869370656647,0
13295,41,milp,154,154,none,measured_local,0.02843483304604888,0.3,False,0.9683182018004235,0.17351831746635535,0.08680877160661257,0
13295,41,task_specific,210,210,none,measured_local,6.674998439848423e-05,0.3,False,1.302910374742399,0.133306513285219,0.09494412727387676,0
13295,41,rolling,170,170,none,measured_local,1.5409896150231361e-06,0.3,False,1.1999691776247527,0.16647704134438102,0.09238356003783676,0
13295,41,qaoa_transfer,101,170,retain_previous,trace_replayed_qpu,1659.5689999999997,0.3,True,1.1999691776247527,0.16647704134438102,0.09238356003783676,0
13295,42,milp,101,101,none,measured_local,0.027909666998311877,0.3,False,1.0110071748368417,0.19540965568640492,0.09253295504501059,8
13295,42,task_specific,210,210,none,measured_local,6.829202175140381e-05,0.3,False,1.337503862426213,0.14954679408670757,0.10089775936855996,0
13295,42,rolling,170,170,none,measured_local,1.625041477382183e-06,0.3,False,1.2443525592599716,0.17533617188063727,0.09832422944061882,0
13295,42,qaoa_transfer,154,170,retain_previous,trace_replayed_qpu,1845.6639200000009,0.3,True,1.2443525592599716,0.17533617188063727,0.09832422944061882,0
13295,43,milp,101,101,none,measured_local,0.030100333970040083,0.3,False,0.983111925750457,0.17861354624706421,0.08947517937092105,0
13295,43,task_specific,210,210,none,measured_local,6.912497337907553e-05,0.3,False,1.3185973721694586,0.1534201789363858,0.09763759656065532,0
13295,43,rolling,170,170,none,measured_local,1.6669509932398796e-06,0.3,False,1.2343741136828088,0.1875392435446565,0.09530881398149929,0
13295,43,qaoa_transfer,154,170,retain_previous,trace_replayed_qpu,1984.5545999999997,0.3,True,1.2343741136828088,0.1875392435446565,0.09530881398149929,0
13295,44,milp,154,154,none,measured_local,0.030950500047765672,0.3,False,0.95523325448134,0.1687502784685343,0.08351529814376144,8
13295,44,task_specific,210,210,none,measured_local,6.937503349035978e-05,0.3,False,1.289736501439828,0.1334528100335851,0.09190243430423646,0
13295,44,rolling,170,170,none,measured_local,1.583946868777275e-06,0.3,False,1.1914782914953774,0.16864806952977113,0.08979685284207022,0
13295,44,qaoa_transfer,154,170,retain_previous,trace_replayed_qpu,2142.670420000001,0.3,True,1.1914782914953774,0.16864806952977113,0.08979685284207022,0
13295,45,milp,101,101,none,measured_local,0.025785624980926514,0.3,False,0.9387362062748708,0.16674882636815708,0.07999333136203352,8
13295,45,task_specific,210,210,none,measured_local,7.420801557600498e-05,0.3,False,1.264769560647955,0.12492777758847731,0.0883559125359957,0
13295,45,rolling,170,170,none,measured_local,1.7919810488820076e-06,0.3,False,1.1605506538756811,0.15877393084996494,0.08589945728738443,0
13295,45,qaoa_transfer,154,170,retain_previous,trace_replayed_qpu,2355.1834799999992,0.3,True,1.1605506538756811,0.15877393084996494,0.08589945728738443,0
13295,46,milp,154,154,none,measured_local,0.02437262504827231,0.3,False,0.9136951664989919,0.15180837368182107,0.07525590515687176,8
13295,46,task_specific,210,210,none,measured_local,7.01249809935689e-05,0.3,False,1.2441466382946633,0.12346534531283336,0.08340673901619887,0
13295,46,rolling,170,170,none,measured_local,1.6669509932398796e-06,0.3,False,1.1261122087862137,0.14893754519832994,0.08080126634689203,0
13295,46,qaoa_transfer,101,170,retain_previous,trace_replayed_qpu,2641.1710800000037,0.3,True,1.1261122087862137,0.14893754519832994,0.08080126634689203,0
13325,0,milp,169,169,none,measured_local,0.03145524999126792,0.3,False,0.9200921065303014,0.10174292622219189,0.06291206506248088,2
13325,0,task_specific,114,114,none,measured_local,7.02498946338892e-05,0.3,False,0.972844686812432,0.10233741864812244,0.06469801025208619,4
13325,0,rolling,170,170,none,measured_local,1.708976924419403e-06,0.3,False,0.9038274166236643,0.09835002033702873,0.06312670502897111,0
13325,0,qaoa_transfer,86,170,retain_previous,trace_replayed_qpu,1229.3304000000003,0.3,True,0.9038274166236643,0.09835002033702873,0.06312670502897111,0
13325,1,milp,170,170,none,measured_local,0.03325075004249811,0.3,False,0.8989415629038838,0.100261769291944,0.06032779608047692,2
13325,1,task_specific,114,114,none,measured_local,7.362500764429569e-05,0.3,False,0.957192288138239,0.10254846174326188,0.061996117170310804,0
13325,1,rolling,170,170,none,measured_local,1.6249250620603561e-06,0.3,False,0.8985442431671518,0.10018531505169731,0.06027068541559161,0
13325,1,qaoa_transfer,169,170,retain_previous,trace_replayed_qpu,1385.5546000000004,0.3,True,0.8985442431671518,0.10018531505169731,0.06027068541559161,0
13325,2,milp,169,169,none,measured_local,0.030776833067648113,0.3,False,0.8879722064804902,0.09824101111851796,0.05611667728810998,2
13325,2,task_specific,43,43,none,measured_local,6.670900620520115e-05,0.3,False,1.2066517314457579,0.1130852637688926,0.06376700731539671,4
13325,2,rolling,170,170,none,measured_local,1.500011421740055e-06,0.3,False,0.8785488054954628,0.09454421097430638,0.0564886060791788,0
13325,2,qaoa_transfer,86,170,retain_previous,trace_replayed_qpu,1574.0720000000001,0.3,True,0.8785488054954628,0.09454421097430638,0.0564886060791788,0
13325,3,milp,85,85,none,measured_local,0.030862290994264185,0.3,False,0.881997225032108,0.09176556407634788,0.058419082156837235,6
13325,3,task_specific,102,102,none,measured_local,6.545800715684891e-05,0.3,False,1.226627328051173,0.09556961261146452,0.0663511235570414,4
13325,3,rolling,170,170,none,measured_local,1.6660196706652641e-06,0.3,False,0.881827070814523,0.0918524600101043,0.05837622013738657,0
13325,3,qaoa_transfer,86,170,retain_previous,trace_replayed_qpu,1659.5689999999997,0.3,True,0.881827070814523,0.0918524600101043,0.05837622013738657,0
13325,4,milp,86,86,none,measured_local,0.03201829199679196,0.3,False,0.8767678752068291,0.09393526934632768,0.053852513560779094,2
13325,4,task_specific,198,198,none,measured_local,6.795802619308233e-05,0.3,False,1.3082202395279778,0.11544454593095596,0.06450738210133111,2
13325,4,rolling,170,170,none,measured_local,1.708976924419403e-06,0.3,False,0.8643666504957537,0.09095960459378893,0.05399567677036307,0
13325,4,qaoa_transfer,86,170,retain_previous,trace_replayed_qpu,1845.6639200000009,0.3,True,0.8643666504957537,0.09095960459378893,0.05399567677036307,0
13325,5,milp,85,85,none,measured_local,0.030699333059601486,0.3,False,0.7714800590609441,0.06215856491979485,0.03661384739039416,2
13325,5,task_specific,102,102,none,measured_local,6.754102651029825e-05,0.3,False,1.0766390220544335,0.06141103322956918,0.04487200355541815,2
13325,5,rolling,170,170,none,measured_local,1.7080456018447876e-06,0.3,False,0.7712889822627788,0.06227991577232935,0.03655916626239384,0
13325,5,qaoa_transfer,86,170,retain_previous,trace_replayed_qpu,1984.5545999999997,0.3,True,0.7712889822627788,0.06227991577232935,0.03655916626239384,0
13325,6,milp,169,169,none,measured_local,0.03392050007823855,0.3,False,0.6902055343764082,0.03911313185463111,0.018868918462195718,6
13325,6,task_specific,198,198,none,measured_local,6.749993190169334e-05,0.3,False,1.0172305024612591,0.04959800356251813,0.028503597444261695,2
13325,6,rolling,170,170,none,measured_local,2.040993422269821e-06,0.3,False,0.6747086053284554,0.03260791792993693,0.019282224556569468,0
13325,6,qaoa_transfer,169,170,retain_previous,trace_replayed_qpu,2142.670420000001,0.3,True,0.6747086053284554,0.03260791792993693,0.019282224556569468,0
13325,7,milp,85,85,none,measured_local,0.03723745804745704,0.3,False,0.6587902947428752,0.02926116428220352,0.016866315674179146,6
13325,7,task_specific,198,198,none,measured_local,6.750004831701517e-05,0.3,False,0.9912620911616787,0.044379460336547154,0.025430762561531477,0
13325,7,rolling,170,170,none,measured_local,1.5830155462026596e-06,0.3,False,0.6590022609075488,0.02893581830068712,0.016867715133211385,0
13325,7,qaoa_transfer,86,170,retain_previous,trace_replayed_qpu,2355.1834799999992,0.3,True,0.6590022609075488,0.02893581830068712,0.016867715133211385,0
13325,8,milp,86,86,none,measured_local,0.03847520798444748,0.3,False,0.6685519546369266,0.03390659937126077,0.01622522182066738,2
13325,8,task_specific,198,198,none,measured_local,6.716698408126831e-05,0.3,False,0.9856881503190309,0.04313686809377111,0.02478155227904197,0
13325,8,rolling,170,170,none,measured_local,1.7080456018447876e-06,0.3,False,0.656298866771424,0.02817561000437286,0.01647505652268872,0
13325,8,qaoa_transfer,169,170,retain_previous,trace_replayed_qpu,2641.1710800000037,0.3,True,0.656298866771424,0.02817561000437286,0.01647505652268872,0
13325,9,milp,85,85,none,measured_local,0.033469666028395295,0.3,False,0.8176213523569623,0.07786184778125949,0.046056472336857314,2
13325,9,task_specific,198,198,none,measured_local,6.874999962747097e-05,0.3,False,1.2228747063010563,0.09545098480564355,0.05427970375797577,0
13325,9,rolling,170,170,none,measured_local,1.7079291865229607e-06,0.3,False,0.8177271013779996,0.07806712399466705,0.046044971669285596,0
13325,9,qaoa_transfer,86,170,retain_previous,trace_replayed_qpu,3063.925839999996,0.3,True,0.8177271013779996,0.07806712399466705,0.046044971669285596,0
13325,10,milp,86,86,none,measured_local,0.03103658405598253,0.3,False,0.8509936985107543,0.08905380388150193,0.05011879866152119,2
13325,10,task_specific,114,114,none,measured_local,7.324991747736931e-05,0.3,False,0.9010382829512683,0.08799537142226266,0.052412123335141794,4
13325,10,rolling,170,170,none,measured_local,1.6249250620603561e-06,0.3,False,0.8470788142857294,0.08663284403174604,0.05069317753444999,0
13325,10,qaoa_transfer,86,170,retain_previous,trace_replayed_qpu,3439.5412000000006,0.3,True,0.8470788142857294,0.08663284403174604,0.05069317753444999,0
13325,11,milp,170,170,none,measured_local,0.03249008290003985,0.3,False,0.8562021177067531,0.0895099941583945,0.052551774632150716,6
13325,11,task_specific,43,43,none,measured_local,8.20419518277049e-05,0.3,False,1.1716056485707802,0.10660687905558247,0.059285423675968354,4
13325,11,rolling,170,170,none,measured_local,2.584070898592472e-06,0.3,False,0.8564431009731022,0.08973170721800197,0.052564470357143234,0
13325,11,qaoa_transfer,169,170,retain_previous,trace_replayed_qpu,3801.491,0.3,True,0.8564431009731022,0.08973170721800197,0.052564470357143234,0
13325,12,milp,169,169,none,measured_local,0.030254459008574486,0.3,False,0.8727620025405255,0.09858923591417285,0.054586979345271694,2
13325,12,task_specific,114,114,none,measured_local,6.791704799979925e-05,0.3,False,0.9312196429817435,0.09769995554714608,0.05713102855833349,4
13325,12,rolling,170,170,none,measured_local,1.4998950064182281e-06,0.3,False,0.8726315976042304,0.09617371890399673,0.055298577524327555,0
13325,12,qaoa_transfer,86,170,retain_previous,trace_replayed_qpu,4050.243,0.3,True,0.8726315976042304,0.09617371890399673,0.055298577524327555,0
13325,13,milp,170,170,none,measured_local,0.030424917000345886,0.3,False,0.8931067497038028,0.0982261969715307,0.05908568930067547,2
13325,13,task_specific,43,43,none,measured_local,6.741599645465612e-05,0.3,False,1.222333598294668,0.11653504342617624,0.0661079262721517,4
13325,13,rolling,170,170,none,measured_local,1.625041477382183e-06,0.3,False,0.8934727833316326,0.09848884755103536,0.05911578994010576,0
13325,13,qaoa_transfer,86,170,retain_previous,trace_replayed_qpu,4558.6302,0.3,True,0.8934727833316326,0.09848884755103536,0.05911578994010576,0
13325,14,milp,169,169,none,measured_local,0.03407679102383554,0.3,False,0.9167165737421807,0.09677500550602083,0.0611514533517856,2
13325,14,task_specific,102,102,none,measured_local,6.874999962747097e-05,0.3,False,1.2509305407818945,0.09612903007306353,0.06986725452331005,4
13325,14,rolling,170,170,none,measured_local,1.6660196706652641e-06,0.3,False,0.9072067318879533,0.09449118084376083,0.061949319583290814,0
13325,14,qaoa_transfer,86,170,retain_previous,trace_replayed_qpu,5322.757020000019,0.3,True,0.9072067318879533,0.09449118084376083,0.061949319583290814,0
13325,15,milp,170,170,none,measured_local,0.03414529201108962,0.3,False,0.9223456915916524,0.1006760064031626,0.06583346833816814,2
13325,15,task_specific,198,198,none,measured_local,7.095898035913706e-05,0.3,False,1.3949634082653244,0.1252327010218262,0.07645275599950756,2
13325,15,rolling,170,170,none,measured_local,1.7499551177024841e-06,0.3,False,0.9228465046270329,0.10099042192120546,0.06588016829719882,0
13325,15,qaoa_transfer,86,170,retain_previous,trace_replayed_qpu,6057.925400000011,0.3,True,0.9228465046270329,0.10099042192120546,0.06588016829719882,0
13325,16,milp,169,169,none,measured_local,0.04319212504196912,0.3,False,0.9656330733805538,0.10042554153033162,0.06894110895147684,2
13325,16,task_specific,102,102,none,measured_local,8.075009100139141e-05,0.3,False,1.3190100929981745,0.10626465947488752,0.07843830048182608,2
13325,16,rolling,170,170,none,measured_local,1.834006980061531e-06,0.3,False,0.9439668564376781,0.09734636974270042,0.06947116261567582,0
13325,16,qaoa_transfer,86,170,retain_previous,trace_replayed_qpu,6972.2684,0.3,True,0.9439668564376781,0.09734636974270042,0.06947116261567582,0
13325,17,milp,170,170,none,measured_local,0.03852425003424287,0.3,False,0.9441275439514369,0.09649566771103688,0.06897046362476686,2
13325,17,task_specific,198,198,none,measured_local,7.087504491209984e-05,0.3,False,1.4260365071023229,0.12242125537227061,0.08020518060247966,2
13325,17,rolling,170,170,none,measured_local,1.70909333974123e-06,0.3,False,0.9441905888555939,0.09664999096910122,0.06896167141094195,0
13325,17,qaoa_transfer,86,170,retain_previous,trace_replayed_qpu,8713.00816,0.3,True,0.9441905888555939,0.09664999096910122,0.06896167141094195,0
13325,18,milp,169,169,none,measured_local,0.03565237496513873,0.3,False,1.0048757235678076,0.1128938032738385,0.07460805745170787,2
13325,18,task_specific,114,114,none,measured_local,7.204199209809303e-05,0.3,False,1.0312316918668778,0.1043887980502127,0.07714561424787415,4
13325,18,rolling,170,170,none,measured_local,1.5409896150231361e-06,0.3,False,0.9802604625981419,0.09779695849067782,0.07497976472138985,0
13325,18,qaoa_transfer,169,170,retain_previous,trace_replayed_qpu,10522.01418,0.3,True,0.9802604625981419,0.09779695849067782,0.07497976472138985,0
13325,19,milp,85,85,none,measured_local,0.031411082949489355,0.3,False,0.9556389395867517,0.10427172515730995,0.07165493438530103,6
13325,19,task_specific,198,198,none,measured_local,7.37080117687583e-05,0.3,False,1.4381433546710158,0.12952625231809523,0.08186507876891612,4
13325,19,rolling,170,170,none,measured_local,1.7919810488820076e-06,0.3,False,0.955257469898381,0.10424986762304986,0.07159401156495354,0
13325,19,qaoa_transfer,86,170,retain_previous,trace_replayed_qpu,12618.543799999981,0.3,True,0.955257469898381,0.10424986762304986,0.07159401156495354,0
13325,20,milp,169,169,none,measured_local,0.034679958946071565,0.3,False,0.9878553462218955,0.10998831919295156,0.07302212991768092,6
13325,20,task_specific,102,102,none,measured_local,7.054198067635298e-05,0.3,False,1.3466895793740647,0.11152656871962671,0.08235894118735038,2
13325,20,rolling,170,170,none,measured_local,2.08395067602396e-06,0.3,False,0.9596560152282194,0.10558912425007289,0.07311893674745952,0
13325,20,qaoa_transfer,169,170,retain_previous,trace_replayed_qpu,15199.442000000001,0.3,True,0.9596560152282194,0.10558912425007289,0.07311893674745952,0
13325,21,milp,85,85,none,measured_local,0.033856416936032474,0.3,False,0.9706597230513442,0.10896752176847432,0.07491257148441786,6
13325,21,task_specific,198,198,none,measured_local,7.462501525878906e-05,0.3,False,1.4711091622020525,0.12925774340832089,0.08658020610887451,2
13325,21,rolling,170,170,none,measured_local,1.8749851733446121e-06,0.3,False,0.9700756180943371,0.10897235799169291,0.07481640038070549,0
13325,21,qaoa_transfer,86,170,retain_previous,trace_replayed_qpu,16883.729360000023,0.3,True,0.9700756180943371,0.10897235799169291,0.07481640038070549,0
13325,22,milp,169,169,none,measured_local,0.031470958958379924,0.3,False,0.9584513243350385,0.10346721409259212,0.07138494158968695,6
13325,22,task_specific,102,102,none,measured_local,6.604206282645464e-05,0.3,False,1.3384121427497588,0.13248653335393298,0.0815220850879024,2
13325,22,rolling,170,170,none,measured_local,1.6249250620603561e-06,0.3,False,0.9533482948501966,0.12002107482379076,0.07181439045235843,0
13325,22,qaoa_transfer,169,170,retain_previous,trace_replayed_qpu,19501.39002,0.3,True,0.9533482948501966,0.12002107482379076,0.07181439045235843,0
13325,23,milp,85,85,none,measured_local,0.031688167015090585,0.3,False,0.9449762695500423,0.09604171678632831,0.07077461446444566,6
13325,23,task_specific,198,198,none,measured_local,7.399998139590025e-05,0.3,False,1.4303746908120833,0.12182291811357535,0.08225997276660946,2
13325,23,rolling,170,170,none,measured_local,1.7499551177024841e-06,0.3,False,0.9444964001010803,0.09614721590610621,0.07070870737125493,0
13325,23,qaoa_transfer,169,170,retain_previous,trace_replayed_qpu,21076.41,0.3,True,0.9444964001010803,0.09614721590610621,0.07070870737125493,0
13325,24,milp,169,169,none,measured_local,0.031435249955393374,0.3,False,0.9920792783480124,0.11537901573659937,0.07567070417298913,6
13325,24,task_specific,114,114,none,measured_local,7.308297790586948e-05,0.3,False,1.042728809471691,0.12217807923468522,0.07847678847291094,4
13325,24,rolling,170,170,none,measured_local,1.625041477382183e-06,0.3,False,0.9753240482560617,0.10410216058787389,0.07589991000252701,0
13325,24,qaoa_transfer,169,170,retain_previous,trace_replayed_qpu,22301.84380000001,0.3,True,0.9753240482560617,0.10410216058787389,0.07589991000252701,0
13325,25,milp,170,170,none,measured_local,0.03520583303179592,0.3,False,0.9655674988521241,0.09513363588262341,0.07298927370358196,2
13325,25,task_specific,57,57,none,measured_local,6.40420475974679e-05,0.3,False,1.4373636278257522,0.122506627911065,0.08323591732099272,4
13325,25,rolling,170,170,none,measured_local,1.500011421740055e-06,0.3,False,0.9651714444195165,0.0951939695090199,0.07292060120640154,0
13325,25,qaoa_transfer,169,170,retain_previous,trace_replayed_qpu,26988.115000000023,0.3,True,0.9651714444195165,0.0951939695090199,0.07292060120640154,0
13325,26,milp,86,86,none,measured_local,0.032849624985828996,0.3,False,0.9411735155052703,0.09719130943019608,0.06849355945536034,6
13325,26,task_specific,114,114,none,measured_local,6.64170365780592e-05,0.3,False,1.0084253131773557,0.11900896109782022,0.07110199771554121,4
13325,26,rolling,170,170,none,measured_local,1.5419209375977516e-06,0.3,False,0.9371789008025706,0.10675792836988042,0.06905428611048792,0
13325,26,qaoa_transfer,169,170,retain_previous,trace_replayed_qpu,30066.683,0.3,True,0.9371789008025706,0.10675792836988042,0.06905428611048792,0
13325,27,milp,170,170,none,measured_local,0.030770375044085085,0.3,False,0.9411985670856142,0.10356049511586239,0.07011715362404251,6
13325,27,task_specific,212,212,none,measured_local,7.058295886963606e-05,0.3,False,1.3029021851452125,0.11632464894978793,0.07782772407034055,4
13325,27,rolling,170,170,none,measured_local,1.6660196706652641e-06,0.3,False,0.9413642572729224,0.1036015510315777,0.07011697252006427,0
13325,27,qaoa_transfer,86,170,retain_previous,trace_replayed_qpu,33372.02029999999,0.3,True,0.9413642572729224,0.1036015510315777,0.07011697252006427,0
13325,28,milp,169,169,none,measured_local,0.033163415966555476,0.3,False,0.9425949038272922,0.09926664790941686,0.06761083027415563,2
13325,28,task_specific,114,114,none,measured_local,7.104198448359966e-05,0.3,False,1.0001205699183213,0.11076821099031685,0.07026282345645057,4
13325,28,rolling,170,170,none,measured_local,1.7079291865229607e-06,0.3,False,0.932162847722018,0.09832405108120965,0.06809660643182305,0
13325,28,qaoa_transfer,169,170,retain_previous,trace_replayed_qpu,38236.33444,0.3,True,0.932162847722018,0.09832405108120965,0.06809660643182305,0
13325,29,milp,170,170,none,measured_local,0.030319167068228126,0.3,False,0.9279824831280744,0.09713657732158418,0.06662388034377947,2
13325,29,task_specific,43,43,none,measured_local,7.099995855242014e-05,0.3,False,1.280509457726861,0.11779039757199439,0.07430621756399297,4
13325,29,rolling,170,170,none,measured_local,1.625041477382183e-06,0.3,False,0.9278179957536609,0.09718776614495786,0.06659157119305045,0
13325,29,qaoa_transfer,169,170,retain_previous,trace_replayed_qpu,40437.89090000001,0.3,True,0.9278179957536609,0.09718776614495786,0.06659157119305045,0
13325,30,milp,169,169,none,measured_local,0.031589291989803314,0.3,False,0.9646158361745485,0.12366273961111102,0.06965623814450456,2
13325,30,task_specific,114,114,none,measured_local,6.866699550300837e-05,0.3,False,1.0191284032317407,0.12389911609464146,0.07211407352779761,4
13325,30,rolling,170,170,none,measured_local,1.4998950064182281e-06,0.3,False,0.9525800043999798,0.12002073678239028,0.07009544989384152,0
13325,30,qaoa_transfer,169,170,retain_previous,trace_replayed_qpu,43481.44719999998,0.3,True,0.9525800043999798,0.12002073678239028,0.07009544989384152,0
13325,31,milp,170,170,none,measured_local,0.032301041996106505,0.3,False,0.9831675962939913,0.1259282147558715,0.07381253283931694,2
13325,31,task_specific,114,114,none,measured_local,6.437499541789293e-05,0.3,False,1.0520700436204038,0.1274287138056932,0.07544071008079352,0
13325,31,rolling,170,170,none,measured_local,1.6670674085617065e-06,0.3,False,0.9830131063075878,0.1260020120954054,0.07377700010999949,0
13325,31,qaoa_transfer,86,170,retain_previous,trace_replayed_qpu,48527.47675999998,0.3,True,0.9830131063075878,0.1260020120954054,0.07377700010999949,0
13325,32,milp,169,169,none,measured_local,0.03275758307427168,0.3,False,0.9581080760260232,0.10956166026869796,0.06982774481667436,2
13325,32,task_specific,43,43,none,measured_local,6.441702134907246e-05,0.3,False,1.309834587880074,0.126292985128431,0.07810431980383091,4
13325,32,rolling,170,170,none,measured_local,1.5830155462026596e-06,0.3,False,0.9520543253900589,0.10711037492623748,0.07021282765768969,0
13325,32,qaoa_transfer,86,170,retain_previous,trace_replayed_qpu,53384.057600000044,0.3,True,0.9520543253900589,0.10711037492623748,0.07021282765768969,0
13325,33,milp,170,170,none,measured_local,0.03405354102142155,0.3,False,0.9639959538158054,0.10709179625677237,0.07229598077900354,2
13325,33,task_specific,102,102,none,measured_local,6.554101128131151e-05,0.3,False,1.3391768349891575,0.12056388958210107,0.08097361787756632,4
13325,33,rolling,170,170,none,measured_local,1.6660196706652641e-06,0.3,False,0.9638604681858287,0.1070459112587945,0.07225135813475148,0
13325,33,qaoa_transfer,169,170,retain_previous,trace_replayed_qpu,57209.42362000002,0.3,True,0.9638604681858287,0.1070459112587945,0.07225135813475148,0
13325,34,milp,169,169,none,measured_local,0.03089658298995346,0.3,False,0.9769728377213359,0.10771053827287508,0.07098876702375344,2
13325,34,task_specific,198,198,none,measured_local,6.704207044094801e-05,0.3,False,1.445170303387296,0.1298053658917651,0.08298221716756149,2
13325,34,rolling,170,170,none,measured_local,1.6249250620603561e-06,0.3,False,0.9573022164787051,0.10355046938474866,0.07160901170464572,0
13325,34,qaoa_transfer,169,170,retain_previous,trace_replayed_qpu,61686.31511999999,0.3,True,0.9573022164787051,0.10355046938474866,0.07160901170464572,0
13325,35,milp,170,170,none,measured_local,0.03392341698054224,0.3,False,0.9606725475961472,0.11913517333854515,0.07348455628103308,2
13325,35,task_specific,102,102,none,measured_local,6.929191295057535e-05,0.3,False,1.3434661879433811,0.13160872406922544,0.08280245609256949,2
13325,35,rolling,170,170,none,measured_local,1.7499551177024841e-06,0.3,False,0.9605175920101048,0.11921232601172002,0.07345755541196763,0
13325,35,qaoa_transfer,86,170,retain_previous,trace_replayed_qpu,66510.1831,0.3,True,0.9605175920101048,0.11921232601172002,0.07345755541196763,0
13325,36,milp,169,169,none,measured_local,0.031035958090797067,0.3,False,1.0559613359286852,0.18245402012947698,0.08073587026730761,2
13325,36,task_specific,198,198,none,measured_local,7.729197386652231e-05,0.3,False,1.5017176645326273,0.17012706908301137,0.09295484704704798,2
13325,36,rolling,170,170,none,measured_local,1.625041477382183e-06,0.3,False,1.0020467320135573,0.16715546821660765,0.08132543980025261,0
13325,36,qaoa_transfer,169,170,retain_previous,trace_replayed_qpu,71306.33684000002,0.3,True,1.0020467320135573,0.16715546821660765,0.08132543980025261,0
13325,37,milp,85,85,none,measured_local,0.03655787499155849,0.3,False,1.0446895435668577,0.20432312387484317,0.08920846471547747,6
13325,37,task_specific,45,45,none,measured_local,6.258406210690737e-05,0.3,False,1.320124123559093,0.19705837483728206,0.09623876858247715,6
13325,37,rolling,170,170,none,measured_local,1.6669509932398796e-06,0.3,False,1.0444696733989367,0.20428681313765293,0.08917616830033895,0
13325,37,qaoa_transfer,170,170,retain_previous,trace_replayed_qpu,74863.04220000001,0.3,True,1.0444696733989367,0.20428681313765293,0.08917616830033895,0
13325,38,milp,85,85,none,measured_local,0.03081316698808223,0.3,False,0.9613186287180474,0.127640302835692,0.07470473858917145,0
13325,38,task_specific,51,51,none,measured_local,6.345799192786217e-05,0.3,False,1.5479128835647118,0.1564080544853685,0.08930922795663407,4
13325,38,rolling,170,170,none,measured_local,1.625041477382183e-06,0.3,False,0.9612940690918708,0.12764485418096852,0.07469924183497342,0
13325,38,qaoa_transfer,85,170,retain_previous,trace_replayed_qpu,78499.34332,0.3,True,0.9612940690918708,0.12764485418096852,0.07469924183497342,0
13325,39,milp,86,86,none,measured_local,0.03429516707547009,0.3,False,0.9563389665208489,0.114,0.0728966143174101,2
13325,39,task_specific,114,114,none,measured_local,7.02079851180315e-05,0.3,False,1.0444275292895204,0.14738350350823723,0.07669891281144403,2
13325,39,rolling,170,170,none,measured_local,1.5409896150231361e-06,0.3,False,0.955060494604956,0.13323844614518424,0.07330735172729677,0
13325,39,qaoa_transfer,86,170,retain_previous,trace_replayed_qpu,84164.25534000002,0.3,True,0.955060494604956,0.13323844614518424,0.07330735172729677,0
13325,40,milp,169,169,none,measured_local,0.030287708970718086,0.3,False,0.9611490869386315,0.12222330077508659,0.07109597416302123,8
13325,40,task_specific,43,43,none,measured_local,6.374996155500412e-05,0.3,False,1.3211086144285118,0.13979355171255092,0.07932715414223711,4
13325,40,rolling,170,170,none,measured_local,1.6670674085617065e-06,0.3,False,0.9503974121507537,0.1208302837215427,0.0710640123651239,0
13325,40,qaoa_transfer,169,170,retain_previous,trace_replayed_qpu,92768.27739999996,0.3,True,0.9503974121507537,0.1208302837215427,0.0710640123651239,0
13325,41,milp,170,170,none,measured_local,0.0340408330084756,0.3,False,1.0279309500039797,0.17336077254596918,0.08617618853238732,2
13325,41,task_specific,102,102,none,measured_local,6.745802238583565e-05,0.3,False,1.4170526253475622,0.17975752550984136,0.09473074399169584,4
13325,41,rolling,170,170,none,measured_local,1.708976924419403e-06,0.3,False,1.026852341506433,0.17321239110889727,0.08602243530376885,0
13325,41,qaoa_transfer,86,170,retain_previous,trace_replayed_qpu,114401.84185999991,0.3,True,1.026852341506433,0.17321239110889727,0.08602243530376885,0
13325,42,milp,85,85,none,measured_local,0.033658208907581866,0.3,False,1.0180172218675971,0.15364289783859092,0.0844732737500995,8
13325,42,task_specific,198,198,none,measured_local,6.087496876716614e-05,0.3,False,1.526487871678527,0.1578177898786652,0.09630370722504364,2
13325,42,rolling,170,170,none,measured_local,1.625041477382183e-06,0.3,False,1.0178379813969505,0.15362813152245094,0.08444630853766082,0
13325,42,qaoa_transfer,85,170,retain_previous,trace_replayed_qpu,207486.516,0.3,True,1.0178379813969505,0.15362813152245094,0.08444630853766082,0
13325,43,milp,170,170,none,measured_local,0.035686208051629364,0.3,False,1.034309531842419,0.16362677228146202,0.08746293054668992,8
13325,43,task_specific,114,114,none,measured_local,7.26659782230854e-05,0.3,False,1.1162820459914815,0.16094468079447197,0.0901209731471407,4
13325,43,rolling,170,170,none,measured_local,1.750071533024311e-06,0.3,False,1.034278553087867,0.16362487645220208,0.08745844953492377,0
13325,43,qaoa_transfer,170,170,retain_previous,trace_replayed_qpu,0.335999999999996,0.3,True,1.034278553087867,0.16362487645220208,0.08745844953492377,0
13325,44,milp,170,170,none,measured_local,0.030457583023235202,0.3,False,1.003686403354811,0.1497849894614501,0.08180773829606047,0
13325,44,task_specific,43,43,none,measured_local,6.83339312672615e-05,0.3,False,1.4088448054426501,0.15962244385104388,0.0910726744483444,4
13325,44,rolling,170,170,none,measured_local,1.7919810488820076e-06,0.3,False,1.0036808374396764,0.14978486433311014,0.08180696382719668,0
13325,44,qaoa_transfer,85,170,retain_previous,trace_replayed_qpu,0.40899999999999803,0.3,True,1.0036808374396764,0.14978486433311014,0.08180696382719668,0
13325,45,milp,169,169,none,measured_local,0.029975874931551516,0.3,False,0.9990189393986834,0.11410247664350309,0.07513943571834941,2
13325,45,task_specific,71,71,none,measured_local,7.387495134025812e-05,0.3,False,1.1475923454816812,0.11726770319249101,0.08054917171976961,4
13325,45,rolling,170,170,none,measured_local,1.750071533024311e-06,0.3,False,0.9758535854969784,0.11623029129001805,0.07584202093599192,0
13325,45,qaoa_transfer,169,170,retain_previous,trace_replayed_qpu,0.443999999999996,0.3,True,0.9758535854969784,0.11623029129001805,0.07584202093599192,0
13325,46,milp,170,170,none,measured_local,0.032488832948729396,0.3,False,0.9768283221984669,0.10207373679365357,0.07523013225069192,2
13325,46,task_specific,57,57,none,measured_local,6.916699931025505e-05,0.3,False,1.455528377533928,0.12625639958235235,0.08575901334477751,6
13325,46,rolling,170,170,none,measured_local,1.625041477382183e-06,0.3,False,0.9764243681282346,0.10230640838754479,0.07518383963742446,0
13325,46,qaoa_transfer,86,170,retain_previous,trace_replayed_qpu,0.4766599999999973,0.3,True,0.9764243681282346,0.10230640838754479,0.07518383963742446,0
13418,0,milp,170,170,none,measured_local,0.030846084002405405,0.3,False,0.8753123996095268,0.10431608044359326,0.0825371942523834,0
13418,0,task_specific,85,85,none,measured_local,7.12500186637044e-05,0.3,False,0.8753123996095268,0.10431608044359326,0.0825371942523834,8
13418,0,rolling,170,170,none,measured_local,1.915963366627693e-06,0.3,False,0.8753123996095268,0.10431608044359326,0.0825371942523834,0
13418,0,qaoa_transfer,85,170,retain_previous,trace_replayed_qpu,6.330999999999999,0.3,True,0.8753123996095268,0.10431608044359326,0.0825371942523834,0
13418,1,milp,85,85,none,measured_local,0.03496891702525318,0.3,False,0.8962931882792771,0.11279787717651218,0.08325780999023817,8
13418,1,task_specific,85,85,none,measured_local,7.495901081711054e-05,0.3,False,0.8962931882792771,0.11279787717651218,0.08325780999023817,0
13418,1,rolling,170,170,none,measured_local,1.9170111045241356e-06,0.3,False,0.8962931882792771,0.11279787717651218,0.08325780999023817,0
13418,1,qaoa_transfer,85,170,retain_previous,trace_replayed_qpu,7.187819999999996,0.3,True,0.8962931882792771,0.11279787717651218,0.08325780999023817,0
13418,2,milp,85,85,none,measured_local,0.030407291022129357,0.3,False,0.8871179425538065,0.11185609146920572,0.08116982970698192,0
13418,2,task_specific,85,85,none,measured_local,7.42089468985796e-05,0.3,False,0.8871179425538065,0.11185609146920572,0.08116982970698192,0
13418,2,rolling,170,170,none,measured_local,1.7910497263073921e-06,0.3,False,0.8871179425538065,0.11185609146920572,0.08116982970698192,0
13418,2,qaoa_transfer,170,170,retain_previous,trace_replayed_qpu,8.200759999999997,0.3,True,0.8871179425538065,0.11185609146920572,0.08116982970698192,0
13418,3,milp,170,170,none,measured_local,0.030305749969556928,0.3,False,0.8774159017447967,0.1071805868917525,0.07945294856384516,8
13418,3,task_specific,85,85,none,measured_local,7.295806426554918e-05,0.3,False,0.8774159017447967,0.1071805868917525,0.07945294856384516,0
13418,3,rolling,170,170,none,measured_local,1.7499551177024841e-06,0.3,False,0.8774159017447967,0.1071805868917525,0.07945294856384516,0
13418,3,qaoa_transfer,85,170,retain_previous,trace_replayed_qpu,12.541100000000005,0.3,True,0.8774159017447967,0.1071805868917525,0.07945294856384516,0
13418,4,milp,170,170,none,measured_local,0.03237916703801602,0.3,False,0.865072663714255,0.11079738275252851,0.07742289754361992,0
13418,4,task_specific,85,85,none,measured_local,7.3749921284616e-05,0.3,False,0.865072663714255,0.11079738275252851,0.07742289754361992,0
13418,4,rolling,170,170,none,measured_local,1.9579892978072166e-06,0.3,False,0.865072663714255,0.11079738275252851,0.07742289754361992,0
13418,4,qaoa_transfer,170,170,retain_previous,trace_replayed_qpu,13.504399999999997,0.3,True,0.865072663714255,0.11079738275252851,0.07742289754361992,0
13418,5,milp,170,170,none,measured_local,0.029894707957282662,0.3,False,0.7341941036663451,0.07988613806307265,0.04930181659285637,0
13418,5,task_specific,85,85,none,measured_local,6.799993570894003e-05,0.3,False,0.7341941036663451,0.07988613806307265,0.04930181659285637,0
13418,5,rolling,170,170,none,measured_local,1.5420373529195786e-06,0.3,False,0.7341941036663451,0.07988613806307265,0.04930181659285637,0
13418,5,qaoa_transfer,170,170,retain_previous,trace_replayed_qpu,14.101619999999999,0.3,True,0.7341941036663451,0.07988613806307265,0.04930181659285637,0
13418,6,milp,85,85,none,measured_local,0.03387612500227988,0.3,False,0.5826294577393296,0.04328215609650132,0.018354852591658626,8
13418,6,task_specific,85,85,none,measured_local,6.741599645465612e-05,0.3,False,0.5826294577393296,0.04328215609650132,0.018354852591658626,0
13418,6,rolling,170,170,none,measured_local,1.834006980061531e-06,0.3,False,0.5826294577393296,0.04328215609650132,0.018354852591658626,0
13418,6,qaoa_transfer,170,170,retain_previous,trace_replayed_qpu,15.422199999999988,0.3,True,0.5826294577393296,0.04328215609650132,0.018354852591658626,0
13418,7,milp,85,85,none,measured_local,0.03306895797140896,0.3,False,0.5568185286317456,0.03449906466777473,0.014565736443483239,0
13418,7,task_specific,85,85,none,measured_local,7.395900320261717e-05,0.3,False,0.5568185286317456,0.03449906466777473,0.014565736443483239,0
13418,7,rolling,170,170,none,measured_local,1.8330756574869156e-06,0.3,False,0.5568185286317456,0.03449906466777473,0.014565736443483239,0
13418,7,qaoa_transfer,85,170,retain_previous,trace_replayed_qpu,18.579039999999992,0.3,True,0.5568185286317456,0.03449906466777473,0.014565736443483239,0
13418,8,milp,85,85,none,measured_local,0.03194645803887397,0.3,False,0.552321858174844,0.032859075166356694,0.013920463215793637,0
13418,8,task_specific,85,85,none,measured_local,6.608304101973772e-05,0.3,False,0.552321858174844,0.032859075166356694,0.013920463215793637,0
13418,8,rolling,170,170,none,measured_local,1.70909333974123e-06,0.3,False,0.552321858174844,0.032859075166356694,0.013920463215793637,0
13418,8,qaoa_transfer,85,170,retain_previous,trace_replayed_qpu,23.035399999999996,0.3,True,0.552321858174844,0.032859075166356694,0.013920463215793637,0
13418,9,milp,170,170,none,measured_local,0.031763749895617366,0.3,False,0.8123675651509661,0.09004904508902024,0.07122054645437109,8
13418,9,task_specific,85,85,none,measured_local,6.720796227455139e-05,0.3,False,0.8123675651509661,0.09004904508902024,0.07122054645437109,0
13418,9,rolling,170,170,none,measured_local,1.5419209375977516e-06,0.3,False,0.8123675651509661,0.09004904508902024,0.07122054645437109,0
13418,9,qaoa_transfer,170,170,retain_previous,trace_replayed_qpu,27.161999999999995,0.3,True,0.8123675651509661,0.09004904508902024,0.07122054645437109,0
13418,10,milp,170,170,none,measured_local,0.034344208892434835,0.3,False,0.8520834248995998,0.10395037001221522,0.07655918912877416,0
13418,10,task_specific,85,85,none,measured_local,6.78329961374402e-05,0.3,False,0.8520834248995998,0.10395037001221522,0.07655918912877416,0
13418,10,rolling,170,170,none,measured_local,1.7080456018447876e-06,0.3,False,0.8520834248995998,0.10395037001221522,0.07655918912877416,0
13418,10,qaoa_transfer,170,170,retain_previous,trace_replayed_qpu,32.99244000000001,0.3,True,0.8520834248995998,0.10395037001221522,0.07655918912877416,0
13418,11,milp,170,170,none,measured_local,0.033326499979011714,0.3,False,0.882608045401972,0.10456867531665015,0.08301458562248998,0
13418,11,task_specific,85,85,none,measured_local,6.262492388486862e-05,0.3,False,0.882608045401972,0.10456867531665015,0.08301458562248998,0
13418,11,rolling,170,170,none,measured_local,1.750071533024311e-06,0.3,False,0.882608045401972,0.10456867531665015,0.08301458562248998,0
13418,11,qaoa_transfer,85,170,retain_previous,trace_replayed_qpu,36.903020000000005,0.3,True,0.882608045401972,0.10456867531665015,0.08301458562248998,0
13418,12,milp,85,85,none,measured_local,0.02823204197920859,0.3,False,0.9007286482165273,0.10806006527619127,0.0878777011350493,8
13418,12,task_specific,85,85,none,measured_local,6.799993570894003e-05,0.3,False,0.9007286482165273,0.10806006527619127,0.0878777011350493,0
13418,12,rolling,170,170,none,measured_local,1.7910497263073921e-06,0.3,False,0.9007286482165273,0.10806006527619127,0.0878777011350493,0
13418,12,qaoa_transfer,85,170,retain_previous,trace_replayed_qpu,39.999480000000005,0.3,True,0.9007286482165273,0.10806006527619127,0.0878777011350493,0
13418,13,milp,85,85,none,measured_local,0.0286843340145424,0.3,False,0.9195336383121213,0.11667083198977014,0.09255571620541318,0
13418,13,task_specific,85,85,none,measured_local,7.225002627819777e-05,0.3,False,0.9195336383121213,0.11667083198977014,0.09255571620541318,0
13418,13,rolling,170,170,none,measured_local,1.7919810488820076e-06,0.3,False,0.9195336383121213,0.11667083198977014,0.09255571620541318,0
13418,13,qaoa_transfer,85,170,retain_previous,trace_replayed_qpu,44.07458,0.3,True,0.9195336383121213,0.11667083198977014,0.09255571620541318,0
13418,14,milp,85,85,none,measured_local,0.02866974996868521,0.3,False,0.9719324459767201,0.13153620232803556,0.10687584095780303,0
13418,14,task_specific,85,85,none,measured_local,6.762496195733547e-05,0.3,False,0.9719324459767201,0.13153620232803556,0.10687584095780303,0
13418,14,rolling,170,170,none,measured_local,1.7080456018447876e-06,0.3,False,0.9719324459767201,0.13153620232803556,0.10687584095780303,0
13418,14,qaoa_transfer,170,170,retain_previous,trace_replayed_qpu,48.63859999999999,0.3,True,0.9719324459767201,0.13153620232803556,0.10687584095780303,0
13418,15,milp,85,85,none,measured_local,0.028065792052075267,0.3,False,0.9861098219177846,0.1426026414281005,0.106548311149418,0
13418,15,task_specific,85,85,none,measured_local,7.062498480081558e-05,0.3,False,0.9861098219177846,0.1426026414281005,0.106548311149418,0
13418,15,rolling,170,170,none,measured_local,1.9579892978072166e-06,0.3,False,0.9861098219177846,0.1426026414281005,0.106548311149418,0
13418,15,qaoa_transfer,170,170,retain_previous,trace_replayed_qpu,56.77331999999998,0.3,True,0.9861098219177846,0.1426026414281005,0.106548311149418,0
13418,16,milp,85,85,none,measured_local,0.029995999997481704,0.3,False,0.9953068691927327,0.1478767946794849,0.10889024554794462,0
13418,16,task_specific,85,85,none,measured_local,7.241708226501942e-05,0.3,False,0.9953068691927327,0.1478767946794849,0.10889024554794462,0
13418,16,rolling,170,170,none,measured_local,1.750071533024311e-06,0.3,False,0.9953068691927327,0.1478767946794849,0.10889024554794462,0
13418,16,qaoa_transfer,85,170,retain_previous,trace_replayed_qpu,61.09708,0.3,True,0.9953068691927327,0.1478767946794849,0.10889024554794462,0
13418,17,milp,170,170,none,measured_local,0.03185612498782575,0.3,False,0.9862415067910779,0.17135840323425372,0.10982017172981831,8
13418,17,task_specific,85,85,none,measured_local,6.683298852294683e-05,0.3,False,0.9862415067910779,0.17135840323425372,0.10982017172981831,0
13418,17,rolling,170,170,none,measured_local,1.7499551177024841e-06,0.3,False,0.9862415067910779,0.17135840323425372,0.10982017172981831,0
13418,17,qaoa_transfer,170,170,retain_previous,trace_replayed_qpu,68.18,0.3,True,0.9862415067910779,0.17135840323425372,0.10982017172981831,0
13418,18,milp,170,170,none,measured_local,0.026920166914351285,0.3,False,0.9923853840217596,0.15864898874038288,0.10951853766977696,0
13418,18,task_specific,85,85,none,measured_local,7.995800115168095e-05,0.3,False,0.9923853840217596,0.15864898874038288,0.10951853766977696,0
13418,18,rolling,170,170,none,measured_local,1.7919810488820076e-06,0.3,False,0.9923853840217596,0.15864898874038288,0.10951853766977696,0
13418,18,qaoa_transfer,85,170,retain_previous,trace_replayed_qpu,78.43212000000001,0.3,True,0.9923853840217596,0.15864898874038288,0.10951853766977696,0
13418,19,milp,85,85,none,measured_local,0.02864312508609146,0.3,False,0.9847744732312387,0.1534429333351801,0.10729713460054399,8
13418,19,task_specific,85,85,none,measured_local,6.733299233019352e-05,0.3,False,0.9847744732312387,0.1534429333351801,0.10729713460054399,0
13418,19,rolling,170,170,none,measured_local,1.70909333974123e-06,0.3,False,0.9847744732312387,0.1534429333351801,0.10729713460054399,0
13418,19,qaoa_transfer,170,170,retain_previous,trace_replayed_qpu,84.46360000000003,0.3,True,0.9847744732312387,0.1534429333351801,0.10729713460054399,0
13418,20,milp,170,170,none,measured_local,0.028365416917949915,0.3,False,0.9912368247995432,0.1729204693582737,0.11126936183078097,8
13418,20,task_specific,85,85,none,measured_local,6.625009700655937e-05,0.3,False,0.9912368247995432,0.1729204693582737,0.11126936183078097,0
13418,20,rolling,170,170,none,measured_local,1.7919810488820076e-06,0.3,False,0.9912368247995432,0.1729204693582737,0.11126936183078097,0
13418,20,qaoa_transfer,85,170,retain_previous,trace_replayed_qpu,96.76627999999998,0.3,True,0.9912368247995432,0.1729204693582737,0.11126936183078097,0
13418,21,milp,85,85,none,measured_local,0.027894291910342872,0.3,False,1.0130611774117537,0.16705030383897124,0.1127684206199886,8
13418,21,task_specific,85,85,none,measured_local,6.65000407025218e-05,0.3,False,1.0130611774117537,0.16705030383897124,0.1127684206199886,0
13418,21,rolling,170,170,none,measured_local,1.625041477382183e-06,0.3,False,1.0130611774117537,0.16705030383897124,0.1127684206199886,0
13418,21,qaoa_transfer,85,170,retain_previous,trace_replayed_qpu,111.99626,0.3,True,1.0130611774117537,0.16705030383897124,0.1127684206199886,0
13418,22,milp,170,170,none,measured_local,0.028138917055912316,0.3,False,0.982299556401904,0.15360613068394632,0.10791402943529384,8
13418,22,task_specific,85,85,none,measured_local,6.979203317314386e-05,0.3,False,0.982299556401904,0.15360613068394632,0.10791402943529384,0
13418,22,rolling,170,170,none,measured_local,1.6670674085617065e-06,0.3,False,0.982299556401904,0.15360613068394632,0.10791402943529384,0
13418,22,qaoa_transfer,170,170,retain_previous,trace_replayed_qpu,131.08151999999998,0.3,True,0.982299556401904,0.15360613068394632,0.10791402943529384,0
13418,23,milp,170,170,none,measured_local,0.028752375044859946,0.3,False,0.9632461656467404,0.17183384425901627,0.10449498891004759,0
13418,23,task_specific,85,85,none,measured_local,7.045804522931576e-05,0.3,False,0.9632461656467404,0.17183384425901627,0.10449498891004759,0
13418,23,rolling,170,170,none,measured_local,1.750071533024311e-06,0.3,False,0.9632461656467404,0.17183384425901627,0.10449498891004759,0
13418,23,qaoa_transfer,85,170,retain_previous,trace_replayed_qpu,150.73899999999998,0.3,True,0.9632461656467404,0.17183384425901627,0.10449498891004759,0
13418,24,milp,170,170,none,measured_local,0.03027412504889071,0.3,False,0.9778031487506924,0.19703005906184773,0.1087061541411685,0
13418,24,task_specific,85,85,none,measured_local,6.954104173928499e-05,0.3,False,0.9778031487506924,0.19703005906184773,0.1087061541411685,0
13418,24,rolling,170,170,none,measured_local,1.625041477382183e-06,0.3,False,0.9778031487506924,0.19703005906184773,0.1087061541411685,0
13418,24,qaoa_transfer,170,170,retain_previous,trace_replayed_qpu,171.1178000000002,0.3,True,0.9778031487506924,0.19703005906184773,0.1087061541411685,0
13418,25,milp,85,85,none,measured_local,0.035935791092924774,0.3,False,0.9783670226473585,0.1697082953045712,0.10730757871876731,8
13418,25,task_specific,85,85,none,measured_local,6.770796608179808e-05,0.3,False,0.9783670226473585,0.1697082953045712,0.10730757871876731,0
13418,25,rolling,170,170,none,measured_local,1.7080456018447876e-06,0.3,False,0.9783670226473585,0.1697082953045712,0.10730757871876731,0
13418,25,qaoa_transfer,170,170,retain_previous,trace_replayed_qpu,187.011,0.3,True,0.9783670226473585,0.1697082953045712,0.10730757871876731,0
13418,26,milp,170,170,none,measured_local,0.041120125097222626,0.3,False,0.969174011944579,0.15803985811978713,0.10535917556618396,8
13418,26,task_specific,85,85,none,measured_local,7.499998901039362e-05,0.3,False,0.969174011944579,0.15803985811978713,0.10535917556618396,0
13418,26,rolling,170,170,none,measured_local,1.7919810488820076e-06,0.3,False,0.969174011944579,0.15803985811978713,0.10535917556618396,0
13418,26,qaoa_transfer,170,170,retain_previous,trace_replayed_qpu,208.24779999999996,0.3,True,0.969174011944579,0.15803985811978713,0.10535917556618396,0
13418,27,milp,85,85,none,measured_local,0.030082958983257413,0.3,False,0.9703879464278777,0.14718882856525412,0.10239185029861447,8
13418,27,task_specific,85,85,none,measured_local,7.31669133529067e-05,0.3,False,0.9703879464278777,0.14718882856525412,0.10239185029861447,0
13418,27,rolling,170,170,none,measured_local,1.7080456018447876e-06,0.3,False,0.9703879464278777,0.14718882856525412,0.10239185029861447,0
13418,27,qaoa_transfer,170,170,retain_previous,trace_replayed_qpu,246.85518000000008,0.3,True,0.9703879464278777,0.14718882856525412,0.10239185029861447,0
13418,28,milp,85,85,none,measured_local,0.030707707977853715,0.3,False,0.969118887460868,0.1551643917370251,0.10460969866069694,0
13418,28,task_specific,85,85,none,measured_local,7.725006435066462e-05,0.3,False,0.969118887460868,0.1551643917370251,0.10460969866069694,0
13418,28,rolling,170,170,none,measured_local,1.7909333109855652e-06,0.3,False,0.969118887460868,0.1551643917370251,0.10460969866069694,0
13418,28,qaoa_transfer,85,170,retain_previous,trace_replayed_qpu,292.81968,0.3,True,0.969118887460868,0.1551643917370251,0.10460969866069694,0
13418,29,milp,85,85,none,measured_local,0.02910283289384097,0.3,False,0.9633079660341809,0.15119511950475753,0.1046654721865217,0
13418,29,task_specific,85,85,none,measured_local,8.279201574623585e-05,0.3,False,0.9633079660341809,0.15119511950475753,0.1046654721865217,0
13418,29,rolling,170,170,none,measured_local,2.040993422269821e-06,0.3,False,0.9633079660341809,0.15119511950475753,0.1046654721865217,0
13418,29,qaoa_transfer,85,170,retain_previous,trace_replayed_qpu,344.2418000000001,0.3,True,0.9633079660341809,0.15119511950475753,0.1046654721865217,0
13418,30,milp,85,85,none,measured_local,0.029429125017486513,0.3,False,0.9568911297652578,0.14860790372197474,0.10369519915085451,0
13418,30,task_specific,85,85,none,measured_local,7.795903366059065e-05,0.3,False,0.9568911297652578,0.14860790372197474,0.10369519915085451,0
13418,30,rolling,170,170,none,measured_local,1.9170111045241356e-06,0.3,False,0.9568911297652578,0.14860790372197474,0.10369519915085451,0
13418,30,qaoa_transfer,85,170,retain_previous,trace_replayed_qpu,414.7057599999997,0.3,True,0.9568911297652578,0.14860790372197474,0.10369519915085451,0
13418,31,milp,85,85,none,measured_local,0.030513250036165118,0.3,False,0.9542071856727417,0.1597743371055021,0.10374727824413144,0
13418,31,task_specific,85,85,none,measured_local,6.933300755918026e-05,0.3,False,0.9542071856727417,0.1597743371055021,0.10374727824413144,0
13418,31,rolling,170,170,none,measured_local,2.4170149117708206e-06,0.3,False,0.9542071856727417,0.1597743371055021,0.10374727824413144,0
13418,31,qaoa_transfer,85,170,retain_previous,trace_replayed_qpu,490.81076,0.3,True,0.9542071856727417,0.1597743371055021,0.10374727824413144,0
13418,32,milp,170,170,none,measured_local,0.028980584000237286,0.3,False,1.0192206223792235,0.18408859720443216,0.11414267964181854,8
13418,32,task_specific,85,85,none,measured_local,7.937499321997166e-05,0.3,False,1.0192206223792235,0.18408859720443216,0.11414267964181854,0
13418,32,rolling,170,170,none,measured_local,1.7080456018447876e-06,0.3,False,1.0192206223792235,0.18408859720443216,0.11414267964181854,0
13418,32,qaoa_transfer,85,170,retain_previous,trace_replayed_qpu,562.5450000000001,0.3,True,1.0192206223792235,0.18408859720443216,0.11414267964181854,0
13418,33,milp,170,170,none,measured_local,0.029188625048846006,0.3,False,1.0050074855969864,0.15299570566257983,0.11210551555948059,0
13418,33,task_specific,89,89,none,measured_local,7.195794023573399e-05,0.3,False,1.2303573158255734,0.15052670179345368,0.11625498619557699,2
13418,33,rolling,170,170,none,measured_local,1.7499551177024841e-06,0.3,False,1.0050074855969864,0.15299570566257983,0.11210551555948059,0
13418,33,qaoa_transfer,85,170,retain_previous,trace_replayed_qpu,619.6498599999986,0.3,True,1.0050074855969864,0.15299570566257983,0.11210551555948059,0
13418,34,milp,85,85,none,measured_local,0.027833374915644526,0.3,False,1.016191695616366,0.16361966667420888,0.11461268713992467,8
13418,34,task_specific,85,85,none,measured_local,7.291603833436966e-05,0.3,False,1.013762688025854,0.16281479565803053,0.11441372710592454,2
13418,34,rolling,170,170,none,measured_local,1.7080456018447876e-06,0.3,False,1.016191695616366,0.16361966667420888,0.11461268713992467,0
13418,34,qaoa_transfer,85,170,retain_previous,trace_replayed_qpu,690.6360000000001,0.3,True,1.016191695616366,0.16361966667420888,0.11461268713992467,0
13418,35,milp,170,170,none,measured_local,0.044032500009052455,0.3,False,1.0161710406318807,0.15927024778560467,0.11202979239040914,8
13418,35,task_specific,85,85,none,measured_local,7.004104554653168e-05,0.3,False,1.0155832920460868,0.1589079935499519,0.11196906720064634,0
13418,35,rolling,170,170,none,measured_local,1.8330756574869156e-06,0.3,False,1.0161710406318807,0.15927024778560467,0.11202979239040914,0
13418,35,qaoa_transfer,85,170,retain_previous,trace_replayed_qpu,773.8281000000001,0.3,True,1.0161710406318807,0.15927024778560467,0.11202979239040914,0
13418,36,milp,170,170,none,measured_local,0.04012079106178135,0.3,False,1.0137635627156811,0.14106830966773326,0.10974177601579702,0
13418,36,task_specific,85,85,none,measured_local,7.01249809935689e-05,0.3,False,1.0136335673418349,0.14100166457122834,0.10972708230115216,0
13418,36,rolling,170,170,none,measured_local,2.2080494090914726e-06,0.3,False,1.0137635627156811,0.14106830966773326,0.10974177601579702,0
13418,36,qaoa_transfer,170,170,retain_previous,trace_replayed_qpu,869.6112000000002,0.3,True,1.0137635627156811,0.14106830966773326,0.10974177601579702,0
13418,37,milp,170,170,none,measured_local,0.0301632919581607,0.3,False,0.9794203794424556,0.12494037474726297,0.10329408906789203,0
13418,37,task_specific,85,85,none,measured_local,6.995804142206907e-05,0.3,False,0.9793929817821605,0.12492781945477448,0.10329083918354587,0
13418,37,rolling,170,170,none,measured_local,1.7080456018447876e-06,0.3,False,0.9794203794424556,0.12494037474726297,0.10329408906789203,0
13418,37,qaoa_transfer,85,170,retain_previous,trace_replayed_qpu,987.5664600000002,0.3,True,0.9794203794424556,0.12494037474726297,0.10329408906789203,0
13418,38,milp,170,170,none,measured_local,0.028786333976313472,0.3,False,0.9625230264363851,0.13141993533224752,0.1022605094860614,0
13418,38,task_specific,85,85,none,measured_local,7.170799653977156e-05,0.3,False,0.9625174220828829,0.1314192351307951,0.10225982454455401,0
13418,38,rolling,170,170,none,measured_local,1.7920974642038345e-06,0.3,False,0.9625230264363851,0.13141993533224752,0.1022605094860614,0
13418,38,qaoa_transfer,85,170,retain_previous,trace_replayed_qpu,1087.05568,0.3,True,0.9625230264363851,0.13141993533224752,0.1022605094860614,0
13418,39,milp,170,170,none,measured_local,0.028512208024039865,0.3,False,0.9599032111391766,0.1235119325207265,0.10097557566090962,0
13418,39,task_specific,85,85,none,measured_local,6.508396472781897e-05,0.3,False,0.9599020873714748,0.12351179954550466,0.10097543555207208,0
13418,39,rolling,170,170,none,measured_local,1.6669509932398796e-06,0.3,False,0.9599032111391766,0.1235119325207265,0.10097557566090962,0
13418,39,qaoa_transfer,170,170,retain_previous,trace_replayed_qpu,1229.3304000000003,0.3,True,0.9599032111391766,0.1235119325207265,0.10097557566090962,0
13418,40,milp,170,170,none,measured_local,0.03219641698524356,0.3,False,0.9523196347996581,0.12096417149426188,0.09831008027847941,0
13418,40,task_specific,85,85,none,measured_local,7.220800034701824e-05,0.3,False,0.9523194125827634,0.12096418604378867,0.09831005218428687,0
13418,40,rolling,170,170,none,measured_local,1.7499551177024841e-06,0.3,False,0.9523196347996581,0.12096417149426188,0.09831008027847941,0
13418,40,qaoa_transfer,85,170,retain_previous,trace_replayed_qpu,1385.5546000000004,0.3,True,0.9523196347996581,0.12096417149426188,0.09831008027847941,0
13418,41,milp,85,85,none,measured_local,0.032453375053592026,0.3,False,0.9616433643343604,0.13033708672054603,0.10315799086999144,8
13418,41,task_specific,85,85,none,measured_local,7.025001104921103e-05,0.3,False,0.9616433208310884,0.1303370819296016,0.10315798531456909,0
13418,41,rolling,170,170,none,measured_local,1.7919810488820076e-06,0.3,False,0.9616433643343604,0.13033708672054603,0.10315799086999144,0
13418,41,qaoa_transfer,170,170,retain_previous,trace_replayed_qpu,1574.0720000000001,0.3,True,0.9616433643343604,0.13033708672054603,0.10315799086999144,0
13418,42,milp,170,170,none,measured_local,0.028608124935999513,0.3,False,0.9539241790580089,0.12073700004717064,0.100728584108359,8
13418,42,task_specific,85,85,none,measured_local,6.862508598715067e-05,0.3,False,0.9539241706039646,0.12073699913788481,0.10072858302077722,0
13418,42,rolling,170,170,none,measured_local,1.708976924419403e-06,0.3,False,0.9539241790580089,0.12073700004717064,0.100728584108359,0
13418,42,qaoa_transfer,170,170,retain_previous,trace_replayed_qpu,1659.5689999999997,0.3,True,0.9539241790580089,0.12073700004717064,0.100728584108359,0
13418,43,milp,170,170,none,measured_local,0.030256791971623898,0.3,False,0.9539119791048515,0.11791701309370717,0.09946060447645022,0
13418,43,task_specific,85,85,none,measured_local,6.837490946054459e-05,0.3,False,0.9539119774709846,0.11791701316516076,0.09946060426509912,0
13418,43,rolling,170,170,none,measured_local,1.7079291865229607e-06,0.3,False,0.9539119791048515,0.11791701309370717,0.09946060447645022,0
13418,43,qaoa_transfer,85,170,retain_previous,trace_replayed_qpu,1845.6639200000009,0.3,True,0.9539119791048515,0.11791701309370717,0.09946060447645022,0
13418,44,milp,170,170,none,measured_local,0.030687666963785887,0.3,False,0.9296442288744201,0.11481826868723233,0.09461029947762128,0
13418,44,task_specific,85,85,none,measured_local,6.687501445412636e-05,0.3,False,0.9296442285599611,0.1148182686978563,0.09461029943677461,0
13418,44,rolling,170,170,none,measured_local,1.750071533024311e-06,0.3,False,0.9296442288744201,0.11481826868723233,0.09461029947762128,0
13418,44,qaoa_transfer,85,170,retain_previous,trace_replayed_qpu,1984.5545999999997,0.3,True,0.9296442288744201,0.11481826868723233,0.09461029947762128,0
13418,45,milp,170,170,none,measured_local,0.03210650000255555,0.3,False,0.9296531771317396,0.12413079285438988,0.0943161057218605,0
13418,45,task_specific,85,85,none,measured_local,6.679096259176731e-05,0.3,False,0.9296531770714088,0.12413079285596948,0.09431610571399902,0
13418,45,rolling,170,170,none,measured_local,1.625041477382183e-06,0.3,False,0.9296531771317396,0.12413079285438988,0.0943161057218605,0
13418,45,qaoa_transfer,85,170,retain_previous,trace_replayed_qpu,2142.670420000001,0.3,True,0.9296531771317396,0.12413079285438988,0.0943161057218605,0
13418,46,milp,85,85,none,measured_local,0.028694874956272542,0.3,False,0.9348472563153629,0.12321444050796723,0.09847882942829349,8
13418,46,task_specific,85,85,none,measured_local,6.329198367893696e-05,0.3,False,0.9348472563038162,0.12321444050678747,0.09847882942678521,0
13418,46,rolling,170,170,none,measured_local,1.6669509932398796e-06,0.3,False,0.9348472563153629,0.12321444050796723,0.09847882942829349,0
13418,46,qaoa_transfer,170,170,retain_previous,trace_replayed_qpu,2355.1834799999992,0.3,True,0.9348472563153629,0.12321444050796723,0.09847882942829349,0
13432,0,milp,172,172,none,measured_local,0.026368374936282635,0.3,False,0.6350406287825694,0.12349204331789157,0.08564352542124906,2
13432,0,task_specific,105,105,none,measured_local,6.308394949883223e-05,0.3,False,1.2253181012824403,0.157456865801734,0.09675824504720976,4
13432,0,rolling,172,172,none,measured_local,2.750079147517681e-06,0.3,False,0.6350406287825694,0.12349204331789157,0.08564352542124906,2
13432,0,qaoa_transfer,172,170,retain_previous,trace_replayed_qpu,48527.47675999998,0.3,True,2.4691312664800904,0.20569178016509523,0.11872350345951804,0
13432,1,milp,172,172,none,measured_local,0.03459129203110933,0.3,False,0.6209149569620569,0.11481462680469562,0.08042601571956423,0
13432,1,task_specific,105,105,none,measured_local,7.033406291157007e-05,0.3,False,1.243355148857762,0.1545366687341469,0.09518295253206102,0
13432,1,rolling,172,172,none,measured_local,1.7079291865229607e-06,0.3,False,0.6209149569620569,0.11481462680469562,0.08042601571956423,0
13432,1,qaoa_transfer,172,170,retain_previous,trace_replayed_qpu,53384.057600000044,0.3,True,2.6003405599294864,0.22952262291994732,0.12627828166200228,0
13432,2,milp,172,172,none,measured_local,0.026457791100256145,0.3,False,0.6071114733722762,0.09949817456599719,0.07669787392405142,0
13432,2,task_specific,105,105,none,measured_local,7.095804903656244e-05,0.3,False,1.2150435599050904,0.13615501879314607,0.09225887872144406,0
13432,2,rolling,172,172,none,measured_local,1.625041477382183e-06,0.3,False,0.6071114733722762,0.09949817456599719,0.07669787392405142,0
13432,2,qaoa_transfer,172,170,retain_previous,trace_replayed_qpu,57209.42362000002,0.3,True,2.580457868812072,0.219362328484227,0.12618351399823716,0
13432,3,milp,83,83,none,measured_local,0.04168395802844316,0.3,False,0.594207022865771,0.09878110385873447,0.0723777868343069,8
13432,3,task_specific,57,57,none,measured_local,6.850005593150854e-05,0.3,False,1.7051107894080588,0.14388266397221852,0.09772142270817955,2
13432,3,rolling,172,172,none,measured_local,1.750071533024311e-06,0.3,False,0.594207022865771,0.09878110385873447,0.0723777868343069,0
13432,3,qaoa_transfer,83,170,retain_previous,trace_replayed_qpu,61686.31511999999,0.3,True,2.5392209049396888,0.22034419059592397,0.1217114467203018,0
13432,4,milp,83,83,none,measured_local,0.03737449995242059,0.3,False,0.586862796379417,0.09320309076913369,0.07050517557164428,0
13432,4,task_specific,83,83,none,measured_local,6.858399137854576e-05,0.3,False,0.5991269920956431,0.0960089072111359,0.07311340777125669,4
13432,4,rolling,172,172,none,measured_local,1.6249250620603561e-06,0.3,False,0.586862796379417,0.09320309076913369,0.07050517557164428,0
13432,4,qaoa_transfer,172,170,retain_previous,trace_replayed_qpu,66510.1831,0.3,True,2.4986056272093635,0.2136672610072774,0.11913052262349222,0
13432,5,milp,172,172,none,measured_local,0.025913082994520664,0.3,False,0.4911544241123302,0.0552723061199757,0.040909069909485424,8
13432,5,task_specific,83,83,none,measured_local,7.499998901039362e-05,0.3,False,0.49274147827195147,0.05615121451064843,0.04121567480239108,0
13432,5,rolling,172,172,none,measured_local,1.7919810488820076e-06,0.3,False,0.4911544241123302,0.0552723061199757,0.040909069909485424,0
13432,5,qaoa_transfer,83,170,retain_previous,trace_replayed_qpu,71306.33684000002,0.3,True,2.15378534830755,0.16804213750884373,0.08870264068023409,0
13432,6,milp,172,172,none,measured_local,0.03204862505663186,0.3,False,0.3977900018343573,0.021336013035948894,0.012278860602808254,0
13432,6,task_specific,83,83,none,measured_local,8.050003089010715e-05,0.3,False,0.3980082692837281,0.021467265910561636,0.012318536956798787,0
13432,6,rolling,172,172,none,measured_local,1.708976924419403e-06,0.3,False,0.3977900018343573,0.021336013035948894,0.012278860602808254,0
13432,6,qaoa_transfer,172,170,retain_previous,trace_replayed_qpu,74863.04220000001,0.3,True,1.7560624713999924,0.1174277254085651,0.05384463370768876,0
13432,7,milp,83,83,none,measured_local,0.031054749968461692,0.3,False,0.3886860802324631,0.018119863997233497,0.009944750045858932,8
13432,7,task_specific,150,150,none,measured_local,7.24999699741602e-05,0.3,False,0.7337466441833184,0.03447819654898486,0.016859841799860834,4
13432,7,rolling,172,172,none,measured_local,2.791057340800762e-06,0.3,False,0.3886860802324631,0.018119863997233497,0.009944750045858932,0
13432,7,qaoa_transfer,83,170,retain_previous,trace_replayed_qpu,78499.34332,0.3,True,1.6256942577944185,0.09689716435031633,0.043901561784999814,0
13432,8,milp,172,172,none,measured_local,0.031365916947834194,0.3,False,0.38764862500678743,0.017639576391614793,0.009717152005811578,8
13432,8,task_specific,172,172,none,measured_local,7.462501525878906e-05,0.3,False,0.3903981899730302,0.018741983798732695,0.01035850014301954,4
13432,8,rolling,172,172,none,measured_local,1.5409896150231361e-06,0.3,False,0.38764862500678743,0.017639576391614793,0.009717152005811578,0
13432,8,qaoa_transfer,83,170,retain_previous,trace_replayed_qpu,84164.25534000002,0.3,True,1.5808647232968898,0.08916267424511379,0.04064235644486046,0
13432,9,milp,83,83,none,measured_local,0.031853958033025265,0.3,False,0.5382578802754046,0.07196785204633908,0.05615371562516968,8
13432,9,task_specific,172,172,none,measured_local,6.949994713068008e-05,0.3,False,0.5385900400079797,0.0721324814237738,0.056222454749325745,0
13432,9,rolling,172,172,none,measured_local,1.5830155462026596e-06,0.3,False,0.5382578802754046,0.07196785204633908,0.05615371562516968,0
13432,9,qaoa_transfer,83,170,retain_previous,trace_replayed_qpu,92768.27739999996,0.3,True,2.067778126970787,0.14683763854467216,0.08598411808242223,0
13432,10,milp,83,83,none,measured_local,0.02349170797970146,0.3,False,0.5587270480264146,0.0810823054876678,0.061806447006885104,0
13432,10,task_specific,83,83,none,measured_local,6.808305624872446e-05,0.3,False,0.5587707122576342,0.08110689061993338,0.061814751000199494,8
13432,10,rolling,172,172,none,measured_local,1.7499551177024841e-06,0.3,False,0.5587270480264146,0.0810823054876678,0.061806447006885104,0
13432,10,qaoa_transfer,172,170,retain_previous,trace_replayed_qpu,114401.84185999991,0.3,True,2.2536481949739904,0.17464058478408812,0.10004445317426969,0
13432,11,milp,172,172,none,measured_local,0.027652124990709126,0.3,False,0.5718549603622011,0.08832235078019404,0.06538067620066036,8
13432,11,task_specific,83,83,none,measured_local,7.850001566112041e-05,0.3,False,0.5718610151626051,0.08832602223141334,0.06538176780644085,0
13432,11,rolling,172,172,none,measured_local,9.916955605149269e-06,0.3,False,0.5718549603622011,0.08832235078019404,0.06538067620066036,0
13432,11,qaoa_transfer,172,170,retain_previous,trace_replayed_qpu,207486.516,0.3,True,2.3362328088930013,0.18358475412728797,0.10775370487434976,0
13432,12,milp,83,83,none,measured_local,0.026727667078375816,0.3,False,0.5878583871511216,0.09342567595473683,0.07049637400905502,8
13432,12,task_specific,105,105,none,measured_local,7.058295886963606e-05,0.3,False,1.1109648531185266,0.1127892767179356,0.08073163880460067,4
13432,12,rolling,172,172,none,measured_local,1.5830155462026596e-06,0.3,False,0.5878583871511216,0.09342567595473683,0.07049637400905502,0
13432,12,qaoa_transfer,83,170,retain_previous,trace_replayed_qpu,0.335999999999996,0.3,True,2.409222166716103,0.19518438448266645,0.11460582022232504,0
13432,13,milp,172,172,none,measured_local,0.026823375024832785,0.3,False,0.6066755330592684,0.10068426423149618,0.07598395967877804,8
13432,13,task_specific,83,83,none,measured_local,6.995897274464369e-05,0.3,False,0.6108869265946923,0.10192585381410771,0.076948605982343,4
13432,13,rolling,172,172,none,measured_local,1.999898813664913e-06,0.3,False,0.6066755330592684,0.10068426423149618,0.07598395967877804,0
13432,13,qaoa_transfer,172,170,retain_previous,trace_replayed_qpu,0.40899999999999803,0.3,True,2.497467575513868,0.215942068247092,0.12151805416790257,0
13432,14,milp,83,83,none,measured_local,0.04778108396567404,0.3,False,0.6528531096818788,0.11748761522278303,0.0905418883264817,8
13432,14,task_specific,83,83,none,measured_local,7.066596299409866e-05,0.3,False,0.6533698147007914,0.1177509608547854,0.09064717316486731,0
13432,14,rolling,172,172,none,measured_local,1.7499551177024841e-06,0.3,False,0.6528531096818788,0.11748761522278303,0.0905418883264817,0
13432,14,qaoa_transfer,172,170,retain_previous,trace_replayed_qpu,0.443999999999996,0.3,True,2.6289479606938686,0.2272723294216828,0.13781168938784671,0
13432,15,milp,172,172,none,measured_local,0.026640249998308718,0.3,False,0.6827684224257176,0.13056353609727073,0.10064632774204696,8
13432,15,task_specific,83,83,none,measured_local,7.291696965694427e-05,0.3,False,0.682837097434105,0.13056591094011388,0.10065924536751979,0
13432,15,rolling,172,172,none,measured_local,1.915963366627693e-06,0.3,False,0.6827684224257176,0.13056353609727073,0.10064632774204696,0
13432,15,qaoa_transfer,172,170,retain_previous,trace_replayed_qpu,0.4766599999999973,0.3,True,2.7423851839935907,0.23933553548028996,0.15004869901734672,0
13432,16,milp,172,172,none,measured_local,0.026680834009312093,0.3,False,0.6903237934142297,0.1345258336892626,0.10244421056064293,0
13432,16,task_specific,105,105,none,measured_local,6.904196925461292e-05,0.3,False,1.2602231041393317,0.15027900014747061,0.11374434142918849,4
13432,16,rolling,172,172,none,measured_local,1.6670674085617065e-06,0.3,False,0.6903237934142297,0.1345258336892626,0.10244421056064293,0
13432,16,qaoa_transfer,172,170,retain_previous,trace_replayed_qpu,0.504999999999998,0.3,True,2.785932414800593,0.2453128984420842,0.15393462959983975,0
13432,17,milp,172,172,none,measured_local,0.02368887502234429,0.3,False,0.6819858545364248,0.12995095772107346,0.09883309483535575,0
13432,17,task_specific,105,105,none,measured_local,7.058295886963606e-05,0.3,False,1.2921700236557763,0.1487975601144441,0.11308057760348329,0
13432,17,rolling,172,172,none,measured_local,1.8749851733446121e-06,0.3,False,0.6819858545364248,0.12995095772107346,0.09883309483535575,0
13432,17,qaoa_transfer,172,170,retain_previous,trace_replayed_qpu,0.539999999999996,0.3,True,2.7871008947142077,0.23987637084781416,0.15122331037001482,0
13432,18,milp,172,172,none,measured_local,0.027070584008470178,0.3,False,0.6752202318876954,0.12281108633061122,0.09717464636341061,0
13432,18,task_specific,105,105,none,measured_local,6.645906250923872e-05,0.3,False,1.2971333855561338,0.1540055382458579,0.11242925059139441,0
13432,18,rolling,172,172,none,measured_local,1.500011421740055e-06,0.3,False,0.6752202318876954,0.12281108633061122,0.09717464636341061,0
13432,18,qaoa_transfer,172,170,retain_previous,trace_replayed_qpu,0.575,0.3,True,2.7881582358428334,0.24479951469735023,0.1498025223678552,0
13432,19,milp,172,172,none,measured_local,0.02711050002835691,0.3,False,0.6673342455231386,0.11960032031393492,0.09456800579719238,0
13432,19,task_specific,105,105,none,measured_local,6.958306767046452e-05,0.3,False,1.2852023282576033,0.15385268233003369,0.11011583463890334,0
13432,19,rolling,172,172,none,measured_local,1.583946868777275e-06,0.3,False,0.6673342455231386,0.11960032031393492,0.09456800579719238,0
13432,19,qaoa_transfer,83,170,retain_previous,trace_replayed_qpu,0.6095399999999971,0.3,True,2.7686815241524774,0.24573482834900945,0.14739145589607083,0
13432,20,milp,172,172,none,measured_local,0.027410707902163267,0.3,False,0.6906396930081353,0.12894484094900738,0.10150835613807846,0
13432,20,task_specific,105,105,none,measured_local,6.645894609391689e-05,0.3,False,1.3359912164293557,0.16597057472095117,0.11695505820644009,0
13432,20,rolling,172,172,none,measured_local,1.500011421740055e-06,0.3,False,0.6906396930081353,0.12894484094900738,0.10150835613807846,0
13432,20,qaoa_transfer,83,170,retain_previous,trace_replayed_qpu,0.630999999999998,0.3,True,2.8491935192049027,0.257696827702333,0.1540420381038119,0
13432,21,milp,172,172,none,measured_local,0.02660475007724017,0.3,False,0.6932056893842223,0.14948323707063108,0.10015349232520337,0
13432,21,task_specific,105,105,none,measured_local,7.083395030349493e-05,0.3,False,1.327275903876794,0.15709111776317025,0.11628728041073388,0
13432,21,rolling,172,172,none,measured_local,1.6249250620603561e-06,0.3,False,0.6932056893842223,0.14948323707063108,0.10015349232520337,0
13432,21,qaoa_transfer,172,170,retain_previous,trace_replayed_qpu,0.639999999999998,0.3,True,2.8528290547224513,0.24935167499498131,0.15411733798012256,0
13432,22,milp,83,83,none,measured_local,0.024904874968342483,0.3,False,0.7063620706914016,0.15154499934579602,0.10383014223460556,8
13432,22,task_specific,83,83,none,measured_local,7.195794023573399e-05,0.3,False,0.7133792422385998,0.15469564647214668,0.10539123523818048,4
13432,22,rolling,172,172,none,measured_local,1.708976924419403e-06,0.3,False,0.7063620706914016,0.15154499934579602,0.10383014223460556,0
13432,22,qaoa_transfer,83,170,retain_previous,trace_replayed_qpu,0.6909999999999981,0.3,True,2.9171715378979926,0.26713509961318926,0.1578207263680613,0
13432,23,milp,83,83,none,measured_local,0.027586250100284815,0.3,False,0.6974209191705598,0.1436752956083601,0.10195905176728504,0
13432,23,task_specific,83,83,none,measured_local,6.741599645465612e-05,0.3,False,0.6983033810390837,0.14414580140465516,0.10213448105596501,0
13432,23,rolling,172,172,none,measured_local,1.8749851733446121e-06,0.3,False,0.6974209191705598,0.1436752956083601,0.10195905176728504,0
13432,23,qaoa_transfer,83,170,retain_previous,trace_replayed_qpu,0.8784199999999982,0.3,True,2.9339030119970118,0.2746395333092825,0.1572292884474498,0
13432,24,milp,83,83,none,measured_local,0.026644792058505118,0.3,False,0.6774902655876078,0.1460920968426527,0.09932302297926399,0
13432,24,task_specific,83,83,none,measured_local,6.587500683963299e-05,0.3,False,0.6776096240897513,0.14610564725571523,0.0993450845259771,0
13432,24,rolling,172,172,none,measured_local,1.583946868777275e-06,0.3,False,0.6774902655876078,0.1460920968426527,0.09932302297926399,0
13432,24,qaoa_transfer,83,170,retain_previous,trace_replayed_qpu,2.1629999999999963,0.3,True,2.927438850878287,0.28744587459961674,0.1552350752999253,0
13432,25,milp,172,172,none,measured_local,0.027183500002138317,0.3,False,0.6705882977088147,0.12908408725286216,0.09514975663969019,8
13432,25,task_specific,83,83,none,measured_local,6.829202175140381e-05,0.3,False,0.670605152709405,0.129085267754333,0.09515274060224377,0
13432,25,rolling,172,172,none,measured_local,1.7080456018447876e-06,0.3,False,0.6705882977088147,0.12908408725286216,0.09514975663969019,0
13432,25,qaoa_transfer,172,170,retain_previous,trace_replayed_qpu,4.0434,0.3,True,2.8549496009424873,0.2714083731217011,0.15139847127195716,0
13432,26,milp,172,172,none,measured_local,0.027431874885223806,0.3,False,0.6698962214234581,0.1282346204973309,0.09440220744272038,0
13432,26,task_specific,83,83,none,measured_local,6.970902904868126e-05,0.3,False,0.6698986605221682,0.12823618746709936,0.09440262881773513,0
13432,26,rolling,172,172,none,measured_local,1.7909333109855652e-06,0.3,False,0.6698962214234581,0.1282346204973309,0.09440220744272038,0
13432,26,qaoa_transfer,83,170,retain_previous,trace_replayed_qpu,5.547399999999997,0.3,True,2.8163104180411045,0.2588057862607777,0.1490112400235622,0
13432,27,milp,83,83,none,measured_local,0.02704637497663498,0.3,False,0.6661573316317817,0.12318991720891603,0.09359740553558644,8
13432,27,task_specific,83,83,none,measured_local,6.754195783287287e-05,0.3,False,0.666157689464916,0.12318992616863793,0.0935974665130542,0
13432,27,rolling,172,172,none,measured_local,1.6670674085617065e-06,0.3,False,0.6661573316317817,0.12318991720891603,0.09359740553558644,0
13432,27,qaoa_transfer,172,170,retain_previous,trace_replayed_qpu,6.055999999999994,0.3,True,2.7830079686449145,0.25124285369835664,0.14725776045102762,0
13432,28,milp,172,172,none,measured_local,0.026812209049239755,0.3,False,0.6538722172777595,0.11696099491328138,0.08960393329079454,8
13432,28,task_specific,83,83,none,measured_local,6.545800715684891e-05,0.3,False,0.6538722701789412,0.11696099569384541,0.08960394223662291,0
13432,28,rolling,172,172,none,measured_local,1.7499551177024841e-06,0.3,False,0.6538722172777595,0.11696099491328138,0.08960393329079454,0
13432,28,qaoa_transfer,83,170,retain_previous,trace_replayed_qpu,6.330999999999999,0.3,True,2.7260722122211014,0.24596005293541479,0.14252519921612286,0
13432,29,milp,172,172,none,measured_local,0.027277791989035904,0.3,False,0.6545918455343387,0.11558821852334075,0.09042180543194399,0
13432,29,task_specific,83,83,none,measured_local,6.883300375193357e-05,0.3,False,0.6545918533890175,0.11558821859134288,0.09042180675447353,0
13432,29,rolling,172,172,none,measured_local,1.6669509932398796e-06,0.3,False,0.6545918455343387,0.11558821852334075,0.09042180543194399,0
13432,29,qaoa_transfer,83,170,retain_previous,trace_replayed_qpu,7.187819999999996,0.3,True,2.7247682336465475,0.2457420389818357,0.14222680530552753,0
13432,30,milp,172,172,none,measured_local,0.027277749963104725,0.3,False,0.6543924760148946,0.11944703061112485,0.09131479613835847,0
13432,30,task_specific,83,83,none,measured_local,6.562494672834873e-05,0.3,False,0.6543924771840092,0.11944703061704914,0.09131479633472543,0
13432,30,rolling,172,172,none,measured_local,1.7079291865229607e-06,0.3,False,0.6543924760148946,0.11944703061112485,0.09131479613835847,0
13432,30,qaoa_transfer,83,170,retain_previous,trace_replayed_qpu,8.200759999999997,0.3,True,2.7333845172132327,0.24977990762422453,0.14306920584116367,0
13432,31,milp,83,83,none,measured_local,0.025406167027540505,0.3,False,0.6808951695986702,0.12965234138217122,0.09984731190037235,8
13432,31,task_specific,83,83,none,measured_local,6.499991286545992e-05,0.3,False,0.6808951697729289,0.12965234138268733,0.09984731192960022,0
13432,31,rolling,172,172,none,measured_local,1.5830155462026596e-06,0.3,False,0.6808951695986702,0.12965234138217122,0.09984731190037235,0
13432,31,qaoa_transfer,172,170,retain_previous,trace_replayed_qpu,12.541100000000005,0.3,True,2.8271730267122996,0.26001278665166044,0.15182211293033082,0
13432,32,milp,172,172,none,measured_local,0.02660266705788672,0.3,False,0.6775120357147205,0.12981111551639443,0.09773487923996677,8
13432,32,task_specific,83,83,none,measured_local,6.295903585851192e-05,0.3,False,0.677512035740715,0.12981111551643937,0.09773487924432323,0
13432,32,rolling,172,172,none,measured_local,1.584063284099102e-06,0.3,False,0.6775120357147205,0.12981111551639443,0.09773487923996677,0
13432,32,qaoa_transfer,172,170,retain_previous,trace_replayed_qpu,13.504399999999997,0.3,True,2.833612842626411,0.262261404069065,0.15139182566780748,0
13432,33,milp,83,83,none,measured_local,0.02689837501384318,0.3,False,0.7456926232078445,0.18282782583590426,0.11493780089286801,8
13432,33,task_specific,83,83,none,measured_local,6.958295125514269e-05,0.3,False,0.745692623211724,0.18282782583849974,0.11493780089351788,0
13432,33,rolling,172,172,none,measured_local,1.708976924419403e-06,0.3,False,0.7456926232078445,0.18282782583590426,0.11493780089286801,0
13432,33,qaoa_transfer,172,170,retain_previous,trace_replayed_qpu,14.101619999999999,0.3,True,3.0308893424366015,0.2722054076669276,0.16884032106566027,0
13432,34,milp,83,83,none,measured_local,0.02555720799136907,0.3,False,0.7852757859187081,0.22515872337385914,0.1365173155801961,0
13432,34,task_specific,172,172,none,measured_local,6.66249543428421e-05,0.3,False,0.7852757859192872,0.2251587233738595,0.1365173155802931,8
13432,34,rolling,172,172,none,measured_local,1.4998950064182281e-06,0.3,False,0.7852757859187081,0.22515872337385914,0.1365173155801961,0
13432,34,qaoa_transfer,83,170,retain_previous,trace_replayed_qpu,15.422199999999988,0.3,True,3.3773181044831,0.3674831125780825,0.193647233560915,0
13432,35,milp,83,83,none,measured_local,0.023492708918638527,0.3,False,0.7881485018509164,0.2308514832975158,0.13994439464796768,0
13432,35,task_specific,105,105,none,measured_local,6.508303340524435e-05,0.3,False,1.469580356220881,0.25045304790229966,0.15454924811187631,4
13432,35,rolling,172,172,none,measured_local,1.625041477382183e-06,0.3,False,0.7881485018509164,0.2308514832975158,0.13994439464796768,0
13432,35,qaoa_transfer,83,170,retain_previous,trace_replayed_qpu,18.579039999999992,0.3,True,3.4020288894656217,0.3388264346097227,0.2047454526120775,0
13432,36,milp,172,172,none,measured_local,0.02888624998740852,0.3,False,0.7712722348738779,0.193402479368437,0.1294912125462729,8
13432,36,task_specific,105,105,none,measured_local,6.429199129343033e-05,0.3,False,1.4697746005648407,0.2459160719529681,0.14652700890552203,0
13432,36,rolling,172,172,none,measured_local,1.5409896150231361e-06,0.3,False,0.7712722348738779,0.193402479368437,0.1294912125462729,0
13432,36,qaoa_transfer,172,170,retain_previous,trace_replayed_qpu,23.035399999999996,0.3,True,3.318662007552944,0.3500435860285782,0.19483822223664055,0
13432,37,milp,172,172,none,measured_local,0.03352400008589029,0.3,False,0.8230430470730289,0.28698979988629025,0.14746930587184692,0
13432,37,task_specific,105,105,none,measured_local,6.679201032966375e-05,0.3,False,1.5037306947035303,0.2717,0.164931865014121,0
13432,37,rolling,172,172,none,measured_local,1.625041477382183e-06,0.3,False,0.8230430470730289,0.28698979988629025,0.14746930587184692,0
13432,37,qaoa_transfer,172,170,retain_previous,trace_replayed_qpu,27.161999999999995,0.3,True,3.3993338425593542,0.36798484885012317,0.2111540501888236,0
13432,38,milp,172,172,none,measured_local,0.06187162490095943,0.3,False,0.7815725603784269,0.19418924197160434,0.12973857617682572,0
13432,38,task_specific,105,105,none,measured_local,6.65000407025218e-05,0.3,False,1.5096787149059938,0.2476145711184632,0.14675576736758825,0
13432,38,rolling,172,172,none,measured_local,1.6660196706652641e-06,0.3,False,0.7815725603784269,0.19418924197160434,0.12973857617682572,0
13432,38,qaoa_transfer,83,170,retain_previous,trace_replayed_qpu,32.99244000000001,0.3,True,3.3603571306943154,0.35940077204425025,0.19414584606398386,0
13432,39,milp,172,172,none,measured_local,0.027192957932129502,0.3,False,0.8058186727887926,0.27267413859185724,0.13822681400946066,0
13432,39,task_specific,105,105,none,measured_local,6.908399518579245e-05,0.3,False,1.5945974616239014,0.3261014728127045,0.15642946787264983,0
13432,39,rolling,172,172,none,measured_local,1.6249250620603561e-06,0.3,False,0.8058186727887926,0.27267413859185724,0.13822681400946066,0
13432,39,qaoa_transfer,172,170,retain_previous,trace_replayed_qpu,36.903020000000005,0.3,True,3.5431650984814382,0.43763364895432405,0.20269642826735787,0
13432,40,milp,172,172,none,measured_local,0.02800570905674249,0.3,False,0.7741993409372612,0.19564433676583126,0.13155796681971982,0
13432,40,task_specific,105,105,none,measured_local,6.470794323831797e-05,0.3,False,1.5179855424012405,0.25407948510700656,0.15127743654059753,0
13432,40,rolling,172,172,none,measured_local,1.91607978194952e-06,0.3,False,0.7741993409372612,0.19564433676583126,0.13155796681971982,0
13432,40,qaoa_transfer,172,170,retain_previous,trace_replayed_qpu,39.999480000000005,0.3,True,3.421143738461937,0.3768541208011787,0.19999162746203597,0
13432,41,milp,172,172,none,measured_local,0.02375241694971919,0.3,False,0.7998899524092571,0.21760034399838207,0.13804248352343151,0
13432,41,task_specific,105,105,none,measured_local,6.78329961374402e-05,0.3,False,1.567135471122909,0.27095979500256623,0.156637138560031,0
13432,41,rolling,172,172,none,measured_local,1.7080456018447876e-06,0.3,False,0.7998899524092571,0.21760034399838207,0.13804248352343151,0
13432,41,qaoa_transfer,172,170,retain_previous,trace_replayed_qpu,44.07458,0.3,True,3.5034555988681277,0.38875005626675696,0.2042160934615484,0
13432,42,milp,83,83,none,measured_local,0.026417709072120488,0.3,False,0.7613086022672472,0.1847771639753814,0.12475974881023143,8
13432,42,task_specific,105,105,none,measured_local,7.241696584969759e-05,0.3,False,1.4959918226343722,0.24107545644180078,0.1439408867780727,0
13432,42,rolling,172,172,none,measured_local,1.5419209375977516e-06,0.3,False,0.7613086022672472,0.1847771639753814,0.12475974881023143,0
13432,42,qaoa_transfer,83,170,retain_previous,trace_replayed_qpu,48.63859999999999,0.3,True,3.346886157287365,0.35817851762492314,0.19234888997170319,0
13432,43,milp,172,172,none,measured_local,0.026030041044577956,0.3,False,0.7110057584533315,0.14968161118100168,0.10794521505668117,8
13432,43,task_specific,105,105,none,measured_local,7.612491026520729e-05,0.3,False,1.3875999919690394,0.20102303633340673,0.12631229556585932,0
13432,43,rolling,172,172,none,measured_local,1.7920974642038345e-06,0.3,False,0.7110057584533315,0.14968161118100168,0.10794521505668117,0
13432,43,qaoa_transfer,83,170,retain_previous,trace_replayed_qpu,56.77331999999998,0.3,True,3.1233133546549388,0.3155662324768014,0.17258465393218414,0
13432,44,milp,172,172,none,measured_local,0.02788112498819828,0.3,False,0.694803598298398,0.15061235572537646,0.10326264396133329,0
13432,44,task_specific,105,105,none,measured_local,7.129192817956209e-05,0.3,False,1.349561757444126,0.19812038136481416,0.12017749979922598,0
13432,44,rolling,172,172,none,measured_local,1.5828991308808327e-06,0.3,False,0.694803598298398,0.15061235572537646,0.10326264396133329,0
13432,44,qaoa_transfer,172,170,retain_previous,trace_replayed_qpu,61.09708,0.3,True,3.0130871264946113,0.30613613676115237,0.16357033386637349,0
13432,45,milp,172,172,none,measured_local,0.03311324992682785,0.3,False,0.6954746674195418,0.13549711058365757,0.10387008995745994,0
13432,45,task_specific,105,105,none,measured_local,7.441604975610971e-05,0.3,False,1.318632176836875,0.17789709858195907,0.12023904393610314,0
13432,45,rolling,172,172,none,measured_local,1.5830155462026596e-06,0.3,False,0.6954746674195418,0.13549711058365757,0.10387008995745994,0
13432,45,qaoa_transfer,83,170,retain_previous,trace_replayed_qpu,68.18,0.3,True,2.945228169796246,0.28331966958886196,0.16182717816236528,0
13432,46,milp,172,172,none,measured_local,0.026291875052265823,0.3,False,0.6595390527588465,0.12520332140649443,0.09173686668548854,0
13432,46,task_specific,105,105,none,measured_local,6.674998439848423e-05,0.3,False,1.2728217029563968,0.16154103289378194,0.10731580442092188,0
13432,46,rolling,172,172,none,measured_local,1.5409896150231361e-06,0.3,False,0.6595390527588465,0.12520332140649443,0.09173686668548854,0
13432,46,qaoa_transfer,83,170,retain_previous,trace_replayed_qpu,78.43212000000001,0.3,True,2.8231343849702837,0.26219308068140845,0.14798070424490617,0
13500,0,milp,75,75,none,measured_local,0.030375749920494854,0.3,False,0.8092077524064171,0.1377181941720741,0.09309932143331402,4
13500,0,task_specific,226,226,none,measured_local,7.354200351983309e-05,0.3,False,1.5266338545678584,0.14594815518252924,0.10758928873001786,2
13500,0,rolling,170,170,none,measured_local,1.7910497263073921e-06,0.3,False,1.4871200536642675,0.16404672514926188,0.10579530572397117,0
13500,0,qaoa_transfer,75,170,retain_previous,trace_replayed_qpu,562.5450000000001,0.3,True,1.4871200536642675,0.16404672514926188,0.10579530572397117,0
13500,1,milp,75,75,none,measured_local,0.028370250016450882,0.3,False,0.7929647233881496,0.12048031858094094,0.08884269381016043,0
13500,1,task_specific,226,226,none,measured_local,7.02079851180315e-05,0.3,False,1.5257518579187515,0.13532690015406282,0.10677834636419646,0
13500,1,rolling,170,170,none,measured_local,1.5828991308808327e-06,0.3,False,1.4967866781591679,0.15492356988960312,0.10579050134160668,0
13500,1,qaoa_transfer,75,170,retain_previous,trace_replayed_qpu,619.6498599999986,0.3,True,1.4967866781591679,0.15492356988960312,0.10579050134160668,0
13500,2,milp,180,180,none,measured_local,0.029424458974972367,0.3,False,0.7722073296946517,0.11410675545738905,0.08444911808470373,8
13500,2,task_specific,226,226,none,measured_local,7.166701834648848e-05,0.3,False,1.4912745085370414,0.1252331262791146,0.1027687964479688,0
13500,2,rolling,170,170,none,measured_local,1.625041477382183e-06,0.3,False,1.4653961318677213,0.14932229767354832,0.1020446669539792,0
13500,2,qaoa_transfer,180,170,retain_previous,trace_replayed_qpu,690.6360000000001,0.3,True,1.4653961318677213,0.14932229767354832,0.1020446669539792,0
13500,3,milp,180,180,none,measured_local,0.028142625000327826,0.3,False,0.7401349856904642,0.10282371840444493,0.07983018324236629,0
13500,3,task_specific,226,226,none,measured_local,6.954197306185961e-05,0.3,False,1.4549531463398535,0.11326456061889592,0.09780686271342603,0
13500,3,rolling,170,170,none,measured_local,1.7499551177024841e-06,0.3,False,1.415314797920975,0.13793408618255792,0.09715990329669305,0
13500,3,qaoa_transfer,180,170,retain_previous,trace_replayed_qpu,773.8281000000001,0.3,True,1.415314797920975,0.13793408618255792,0.09715990329669305,0
13500,4,milp,180,180,none,measured_local,0.02831704099662602,0.3,False,0.7260963085581709,0.1042,0.0804158746422616,0
13500,4,task_specific,226,226,none,measured_local,7.224990986287594e-05,0.3,False,1.454563002508553,0.1360216852502498,0.09828632865849635,0
13500,4,rolling,170,170,none,measured_local,2.1670712158083916e-06,0.3,False,1.3913090458578405,0.13389014174928424,0.09729536994802437,0
13500,4,qaoa_transfer,75,170,retain_previous,trace_replayed_qpu,869.6112000000002,0.3,True,1.3913090458578405,0.13389014174928424,0.09729536994802437,0
13500,5,milp,75,75,none,measured_local,0.025812000036239624,0.3,False,0.6066790791162792,0.1616,0.06171490771395427,8
13500,5,task_specific,226,226,none,measured_local,6.716698408126831e-05,0.3,False,1.3104677919437788,0.195384918215708,0.07992657506271382,0
13500,5,rolling,170,170,none,measured_local,1.500011421740055e-06,0.3,False,1.184023776119215,0.1616,0.07834522614644601,0
13500,5,qaoa_transfer,75,170,retain_previous,trace_replayed_qpu,987.5664600000002,0.3,True,1.184023776119215,0.1616,0.07834522614644601,0
13500,6,milp,75,75,none,measured_local,0.03037254197988659,0.3,False,0.48086751789711163,0.0294923518437818,0.01516697697790698,0
13500,6,task_specific,43,43,none,measured_local,7.67499441280961e-05,0.3,False,0.9813659535112206,0.04980166473242306,0.02926516871081343,4
13500,6,rolling,170,170,none,measured_local,2.00001522898674e-06,0.3,False,0.9530823309303066,0.0587058237605519,0.029600594402980372,0
13500,6,qaoa_transfer,75,170,retain_previous,trace_replayed_qpu,1087.05568,0.3,True,0.9530823309303066,0.0587058237605519,0.029600594402980372,0
13500,7,milp,75,75,none,measured_local,0.029165792046114802,0.3,False,0.4624801691437165,0.02330459865140682,0.01202168794742779,0
13500,7,task_specific,226,226,none,measured_local,7.487495895475149e-05,0.3,False,0.9152377305439235,0.038255915168681716,0.023783973277524937,4
13500,7,rolling,170,170,none,measured_local,1.750071533024311e-06,0.3,False,0.9008804610911454,0.04722138365251503,0.023827058273257665,0
13500,7,qaoa_transfer,75,170,retain_previous,trace_replayed_qpu,1229.3304000000003,0.3,True,0.9008804610911454,0.04722138365251503,0.023827058273257665,0
13500,8,milp,75,75,none,measured_local,0.033529542037285864,0.3,False,0.45964325956908847,0.02219099539492859,0.011562004228592913,0
13500,8,task_specific,226,226,none,measured_local,7.291592191904783e-05,0.3,False,0.9078199785348012,0.035059626411473824,0.02288094326359809,0
13500,8,rolling,170,170,none,measured_local,1.7919810488820076e-06,0.3,False,0.8888442614698936,0.04436841307910409,0.022522011527278635,0
13500,8,qaoa_transfer,180,170,retain_previous,trace_replayed_qpu,1385.5546000000004,0.3,True,0.8888442614698936,0.04436841307910409,0.022522011527278635,0
13500,9,milp,75,75,none,measured_local,0.03370187501423061,0.3,False,0.6835556126676643,0.08859058142005205,0.06724108148922722,0
13500,9,task_specific,226,226,none,measured_local,6.720901001244783e-05,0.3,False,1.3057586252782942,0.09465313115068096,0.07844549946337004,0
13500,9,rolling,170,170,none,measured_local,1.4170072972774506e-06,0.3,False,1.2697755417318581,0.11025539533533717,0.07797110653674734,0
13500,9,qaoa_transfer,180,170,retain_previous,trace_replayed_qpu,1574.0720000000001,0.3,True,1.2697755417318581,0.11025539533533717,0.07797110653674734,0
13500,10,milp,75,75,none,measured_local,0.037635750020854175,0.3,False,0.7147068420474632,0.09205040883315371,0.07323889031669162,0
13500,10,task_specific,226,226,none,measured_local,8.095789235085249e-05,0.3,False,1.3922333275105212,0.11497862895013083,0.08879396563195735,0
13500,10,rolling,170,170,none,measured_local,1.6660196706652641e-06,0.3,False,1.3570355700449805,0.12106827076280499,0.08789438854329645,0
13500,10,qaoa_transfer,75,170,retain_previous,trace_replayed_qpu,1659.5689999999997,0.3,True,1.3570355700449805,0.12106827076280499,0.08789438854329645,0
13500,11,milp,75,75,none,measured_local,0.028775750077329576,0.3,False,0.7321624282538486,0.09684381497973793,0.07623017105118657,0
13500,11,task_specific,226,226,none,measured_local,7.195898797363043e-05,0.3,False,1.4212993757078305,0.11238731302594956,0.09316833318776302,0
13500,11,rolling,170,170,none,measured_local,1.6660196706652641e-06,0.3,False,1.3878616301978242,0.12810285530875332,0.09228838925112452,0
13500,11,qaoa_transfer,180,170,retain_previous,trace_replayed_qpu,1845.6639200000009,0.3,True,1.3878616301978242,0.12810285530875332,0.09228838925112452,0
13500,12,milp,180,180,none,measured_local,0.029774416936561465,0.3,False,0.7270252310952765,0.0940357842423695,0.07601656070634621,8
13500,12,task_specific,226,226,none,measured_local,7.337506394833326e-05,0.3,False,1.4225445132997023,0.11578264414894296,0.09324498439269575,0
13500,12,rolling,170,170,none,measured_local,1.7079291865229607e-06,0.3,False,1.3880013560750233,0.12681323525961255,0.09240904075494559,0
13500,12,qaoa_transfer,75,170,retain_previous,trace_replayed_qpu,1984.5545999999997,0.3,True,1.3880013560750233,0.12681323525961255,0.09240904075494559,0
13500,13,milp,180,180,none,measured_local,0.028524041059426963,0.3,False,0.7431542492513091,0.10653246017299431,0.07970063077738192,0
13500,13,task_specific,226,226,none,measured_local,7.170799653977156e-05,0.3,False,1.4525416120198837,0.11908681340621166,0.09708861283249257,0
13500,13,rolling,170,170,none,measured_local,1.7919810488820076e-06,0.3,False,1.4228641508069848,0.1396915870016565,0.09622503390187558,0
13500,13,qaoa_transfer,75,170,retain_previous,trace_replayed_qpu,2142.670420000001,0.3,True,1.4228641508069848,0.1396915870016565,0.09622503390187558,0
13500,14,milp,75,75,none,measured_local,0.027400041930377483,0.3,False,0.7559037095547473,0.10197830641970348,0.08319135623128272,8
13500,14,task_specific,226,226,none,measured_local,7.308309432119131e-05,0.3,False,1.4800552777074134,0.129329472295758,0.1009260403004971,0
13500,14,rolling,170,170,none,measured_local,1.5830155462026596e-06,0.3,False,1.4470466501805435,0.13383271906415625,0.10018410377017462,0
13500,14,qaoa_transfer,180,170,retain_previous,trace_replayed_qpu,2355.1834799999992,0.3,True,1.4470466501805435,0.13383271906415625,0.10018410377017462,0
13500,15,milp,180,180,none,measured_local,0.027280124952085316,0.3,False,0.8165409742743787,0.1320959977244472,0.09479759273886867,8
13500,15,task_specific,226,226,none,measured_local,8.304091170430183e-05,0.3,False,1.5727548512098828,0.15955463576957327,0.11290138194268534,0
13500,15,rolling,170,170,none,measured_local,1.7909333109855652e-06,0.3,False,1.5498802471336222,0.16415661732563475,0.1120761662545136,0
13500,15,qaoa_transfer,180,170,retain_previous,trace_replayed_qpu,2641.1710800000037,0.3,True,1.5498802471336222,0.16415661732563475,0.1120761662545136,0
13500,16,milp,180,180,none,measured_local,0.032079000025987625,0.3,False,0.8388240706709762,0.1360689873161905,0.10108852435685947,0
13500,16,task_specific,43,43,none,measured_local,7.545808330178261e-05,0.3,False,1.6084602695806975,0.14340816550767188,0.11842862834815128,4
13500,16,rolling,170,170,none,measured_local,1.6669509932398796e-06,0.3,False,1.5925535819998817,0.17068570366719799,0.11942200617834056,0
13500,16,qaoa_transfer,180,170,retain_previous,trace_replayed_qpu,3063.925839999996,0.3,True,1.5925535819998817,0.17068570366719799,0.11942200617834056,0
13500,17,milp,75,75,none,measured_local,0.02673762501217425,0.3,False,0.8698225422521003,0.14705798526732627,0.10579560176677441,8
13500,17,task_specific,226,226,none,measured_local,6.949994713068008e-05,0.3,False,1.6699775024310637,0.17161660976496013,0.12497731612409385,4
13500,17,rolling,170,170,none,measured_local,1.7499551177024841e-06,0.3,False,1.6529123275020323,0.1831007336388338,0.12463883954999705,0
13500,17,qaoa_transfer,180,170,retain_previous,trace_replayed_qpu,3439.5412000000006,0.3,True,1.6529123275020323,0.1831007336388338,0.12463883954999705,0
13500,18,milp,75,75,none,measured_local,0.03172995802015066,0.3,False,0.9117141329183224,0.16911416427480103,0.1129205635563025,0
13500,18,task_specific,43,43,none,measured_local,7.295806426554918e-05,0.3,False,1.716010295777728,0.1750054479068356,0.13120240521351795,4
13500,18,rolling,170,170,none,measured_local,1.9579892978072166e-06,0.3,False,1.7258215825824117,0.20668382774771005,0.1324978081875508,0
13500,18,qaoa_transfer,180,170,retain_previous,trace_replayed_qpu,3801.491,0.3,True,1.7258215825824117,0.20668382774771005,0.1324978081875508,0
13500,19,milp,180,180,none,measured_local,0.025333584053441882,0.3,False,0.9666121932027648,0.18295573395026016,0.12653035332295806,8
13500,19,task_specific,226,226,none,measured_local,7.02909892424941e-05,0.3,False,1.8320771188258393,0.19541954808292478,0.14637778040955568,4
13500,19,rolling,170,170,none,measured_local,1.5420373529195786e-06,0.3,False,1.82043721640891,0.22170044817398266,0.14688303956456028,0
13500,19,qaoa_transfer,75,170,retain_previous,trace_replayed_qpu,4050.243,0.3,True,1.82043721640891,0.22170044817398266,0.14688303956456028,0
13500,20,milp,180,180,none,measured_local,0.02735599991865456,0.3,False,1.0315455626816386,0.22551744595871887,0.13535280483006912,0
13500,20,task_specific,226,226,none,measured_local,6.904092151671648e-05,0.3,False,1.916640933274029,0.23495934597397605,0.15698942797064597,0
13500,20,rolling,170,170,none,measured_local,1.583946868777275e-06,0.3,False,1.9228349321033398,0.26484990463602165,0.15669843041022274,0
13500,20,qaoa_transfer,180,170,retain_previous,trace_replayed_qpu,4558.6302,0.3,True,1.9228349321033398,0.26484990463602165,0.15669843041022274,0
13500,21,milp,180,180,none,measured_local,0.03070708306040615,0.3,False,1.0850664235852725,0.2409384970209514,0.14522613906704096,0
13500,21,task_specific,226,226,none,measured_local,7.287506014108658e-05,0.3,False,2.0118908612771413,0.2500461451262222,0.16735352333185072,0
13500,21,rolling,170,170,none,measured_local,1.6669509932398796e-06,0.3,False,2.0057423269424053,0.2813056052907847,0.1675083733025835,0
13500,21,qaoa_transfer,180,170,retain_previous,trace_replayed_qpu,5322.757020000019,0.3,True,2.0057423269424053,0.2813056052907847,0.1675083733025835,0
13500,22,milp,180,180,none,measured_local,0.027430084068328142,0.3,False,1.1136266227933813,0.256023667056936,0.1499641605896318,0
13500,22,task_specific,226,226,none,measured_local,7.041695062071085e-05,0.3,False,2.0701232452303233,0.26443770471605593,0.17313477153192852,0
13500,22,rolling,170,170,none,measured_local,1.7079291865229607e-06,0.3,False,2.051637792485759,0.2970704434312045,0.17298105817356013,0
13500,22,qaoa_transfer,180,170,retain_previous,trace_replayed_qpu,6057.925400000011,0.3,True,2.051637792485759,0.2970704434312045,0.17298105817356013,0
13500,23,milp,75,75,none,measured_local,0.03049000003375113,0.3,False,1.162450894834895,0.2595814868509445,0.15996566556983455,8
13500,23,task_specific,226,226,none,measured_local,6.720796227455139e-05,0.3,False,2.161007871178864,0.2645470689124444,0.1838780811307581,0
13500,23,rolling,170,170,none,measured_local,1.5830155462026596e-06,0.3,False,2.1314650543078395,0.2991582502193428,0.18341594481214396,0
13500,23,qaoa_transfer,75,170,retain_previous,trace_replayed_qpu,6972.2684,0.3,True,2.1314650543078395,0.2991582502193428,0.18341594481214396,0
13500,24,milp,180,180,none,measured_local,0.02821300004143268,0.3,False,1.1820852494379768,0.2604885305295668,0.1683987723708724,8
13500,24,task_specific,166,166,none,measured_local,6.808305624872446e-05,0.3,False,2.281529131391762,0.33216027786834007,0.19003628448718982,2
13500,24,rolling,170,170,none,measured_local,1.70909333974123e-06,0.3,False,2.202743883390113,0.30201087332576093,0.192624126357696,0
13500,24,qaoa_transfer,180,170,retain_previous,trace_replayed_qpu,8713.00816,0.3,True,2.202743883390113,0.30201087332576093,0.192624126357696,0
13500,25,milp,75,75,none,measured_local,0.026243540924042463,0.3,False,1.1243891688284895,0.25294104837041476,0.1543021312359494,8
13500,25,task_specific,226,226,none,measured_local,6.991601549088955e-05,0.3,False,2.120582414248033,0.2675713598381913,0.18048933781312243,2
13500,25,rolling,170,170,none,measured_local,1.584063284099102e-06,0.3,False,2.091566704046749,0.30348829657958754,0.17981859708475284,0
13500,25,qaoa_transfer,75,170,retain_previous,trace_replayed_qpu,10522.01418,0.3,True,2.091566704046749,0.30348829657958754,0.17981859708475284,0
13500,26,milp,75,75,none,measured_local,0.02560383395757526,0.3,False,1.0970637944490065,0.2539195916368147,0.14633472922071225,0
13500,26,task_specific,226,226,none,measured_local,6.666604895144701e-05,0.3,False,2.0363603404532884,0.24914320122080685,0.17123956035620083,0
13500,26,rolling,170,170,none,measured_local,1.6249250620603561e-06,0.3,False,2.0153320726836506,0.288888959936184,0.17051416760116872,0
13500,26,qaoa_transfer,75,170,retain_previous,trace_replayed_qpu,12618.543799999981,0.3,True,2.0153320726836506,0.288888959936184,0.17051416760116872,0
13500,27,milp,180,180,none,measured_local,0.029495625058189034,0.3,False,1.1357042008196003,0.27710571455142696,0.15236409486122515,8
13500,27,task_specific,226,226,none,measured_local,7.208297029137611e-05,0.3,False,2.0782888556568304,0.27951600915417685,0.1758465085113322,0
13500,27,rolling,170,170,none,measured_local,1.7080456018447876e-06,0.3,False,2.0847076300756444,0.31873481112426183,0.17532080181709125,0
13500,27,qaoa_transfer,180,170,retain_previous,trace_replayed_qpu,15199.442000000001,0.3,True,2.0847076300756444,0.31873481112426183,0.17532080181709125,0
13500,28,milp,75,75,none,measured_local,0.0271820001071319,0.3,False,1.2114452292341045,0.3099837369144218,0.17316760502049,8
13500,28,task_specific,226,226,none,measured_local,6.883300375193357e-05,0.3,False,2.218763411889329,0.29962510918261104,0.19673222139142077,0
13500,28,rolling,170,170,none,measured_local,1.625041477382183e-06,0.3,False,2.2018246558271675,0.3105328636831578,0.19689269075189111,0
13500,28,qaoa_transfer,75,170,retain_previous,trace_replayed_qpu,16883.729360000023,0.3,True,2.2018246558271675,0.3105328636831578,0.19689269075189111,0
13500,29,milp,180,180,none,measured_local,0.04705991700757295,0.3,False,1.4249533913409587,0.4574229797472443,0.1947986307308526,8
13500,29,task_specific,226,226,none,measured_local,7.266690954566002e-05,0.3,False,2.427310716100507,0.4587737469943197,0.2199815852972332,0
13500,29,rolling,170,170,none,measured_local,1.7919810488820076e-06,0.3,False,2.480014315992162,0.4982175525565526,0.21955811639567918,0
13500,29,qaoa_transfer,180,170,retain_previous,trace_replayed_qpu,19501.39002,0.3,True,2.480014315992162,0.4982175525565526,0.21955811639567918,0
13500,30,milp,180,180,none,measured_local,0.029949208023026586,0.3,False,1.3040442880800076,0.345573183599689,0.18041133478352395,0
13500,30,task_specific,226,226,none,measured_local,7.270800415426493e-05,0.3,False,2.3051304063711635,0.3442823118280559,0.2054702679025127,0
13500,30,rolling,170,170,none,measured_local,1.6660196706652641e-06,0.3,False,2.333373514413017,0.39074257276735086,0.20678785789980406,0
13500,30,qaoa_transfer,75,170,retain_previous,trace_replayed_qpu,21076.41,0.3,True,2.333373514413017,0.39074257276735086,0.20678785789980406,0
13500,31,milp,75,75,none,measured_local,0.0316015420248732,0.3,False,1.2083563910184343,0.28957656841473656,0.1648761072020002,8
13500,31,task_specific,226,226,none,measured_local,7.029203698039055e-05,0.3,False,2.1883227833898187,0.29023010194488635,0.18990326015927908,0
13500,31,rolling,170,170,none,measured_local,1.7919810488820076e-06,0.3,False,2.2009441559911838,0.3349218067371132,0.1906093378603254,0
13500,31,qaoa_transfer,180,170,retain_previous,trace_replayed_qpu,22301.84380000001,0.3,True,2.2009441559911838,0.3349218067371132,0.1906093378603254,0
13500,32,milp,75,75,none,measured_local,0.02687083405908197,0.3,False,1.1987869636402324,0.30145768342401125,0.16587140977546086,0
13500,32,task_specific,226,226,none,measured_local,7.312500383704901e-05,0.3,False,2.167589257766881,0.2911825045582762,0.19037056958474546,0
13500,32,rolling,170,170,none,measured_local,1.7909333109855652e-06,0.3,False,2.1473317518618917,0.3051808862072083,0.19068610389977958,0
13500,32,qaoa_transfer,75,170,retain_previous,trace_replayed_qpu,26988.115000000023,0.3,True,2.1473317518618917,0.3051808862072083,0.19068610389977958,0
13500,33,milp,75,75,none,measured_local,0.02980804198887199,0.3,False,1.2596508140287686,0.3252965364642739,0.18569467409100582,0
13500,33,task_specific,226,226,none,measured_local,7.19169620424509e-05,0.3,False,2.32900479483306,0.31744106059088106,0.20991473144417205,0
13500,33,rolling,170,170,none,measured_local,1.625041477382183e-06,0.3,False,2.2562106749340622,0.34012464293698647,0.2094082937965473,0
13500,33,qaoa_transfer,180,170,retain_previous,trace_replayed_qpu,30066.683,0.3,True,2.2562106749340622,0.34012464293698647,0.2094082937965473,0
13500,34,milp,180,180,none,measured_local,0.0271957500372082,0.3,False,1.289471962947851,0.34224453733761906,0.1866412703507192,8
13500,34,task_specific,226,226,none,measured_local,7.704203017055988e-05,0.3,False,2.3761959595361066,0.33254632100181236,0.2133751198708265,0
13500,34,rolling,170,170,none,measured_local,1.6670674085617065e-06,0.3,False,2.3338892276198435,0.35467810671657274,0.21155526687335158,0
13500,34,qaoa_transfer,180,170,retain_previous,trace_replayed_qpu,33372.02029999999,0.3,True,2.3338892276198435,0.35467810671657274,0.21155526687335158,0
13500,35,milp,75,75,none,measured_local,0.02889058308210224,0.3,False,1.3116489680467396,0.3540797051341259,0.19196179907369626,8
13500,35,task_specific,226,226,none,measured_local,8.37499974295497e-05,0.3,False,2.408619100817567,0.3468080849332018,0.21912989898840263,0
13500,35,rolling,170,170,none,measured_local,1.625041477382183e-06,0.3,False,2.3643583206076286,0.34557570543210897,0.21807223069049608,0
13500,35,qaoa_transfer,180,170,retain_previous,trace_replayed_qpu,38236.33444,0.3,True,2.3643583206076286,0.34557570543210897,0.21807223069049608,0
13500,36,milp,75,75,none,measured_local,0.029114042059518397,0.3,False,1.3286047453281373,0.35995105755480317,0.1945037242011685,0
13500,36,task_specific,226,226,none,measured_local,7.712491787970066e-05,0.3,False,2.4466497776842706,0.3555693600625057,0.2219279775204392,0
13500,36,rolling,170,170,none,measured_local,1.5830155462026596e-06,0.3,False,2.4165735719561745,0.3689415376925391,0.2208214580151907,0
13500,36,qaoa_transfer,180,170,retain_previous,trace_replayed_qpu,40437.89090000001,0.3,True,2.4165735719561745,0.3689415376925391,0.2208214580151907,0
13500,37,milp,75,75,none,measured_local,0.029275999986566603,0.3,False,1.3961589536835357,0.39042047452472706,0.2130276186332034,0
13500,37,task_specific,226,226,none,measured_local,7.075001485645771e-05,0.3,False,2.61747357294176,0.38573850253340763,0.24097874444210676,0
13500,37,rolling,170,170,none,measured_local,1.6670674085617065e-06,0.3,False,2.5433143741930992,0.36394604571797684,0.24022683929890437,0
13500,37,qaoa_transfer,75,170,retain_previous,trace_replayed_qpu,43481.44719999998,0.3,True,2.5433143741930992,0.36394604571797684,0.24022683929890437,0
13500,38,milp,180,180,none,measured_local,0.02770916698500514,0.3,False,1.4488095058166781,0.4139566006725013,0.2163289738420884,8
13500,38,task_specific,102,102,none,measured_local,7.816602010279894e-05,0.3,False,2.4272167962277704,0.4178352613262527,0.24150930434247336,2
13500,38,rolling,170,170,none,measured_local,1.959037035703659e-06,0.3,False,2.6097720448488824,0.42288505051676323,0.2450078593548275,0
13500,38,qaoa_transfer,180,170,retain_previous,trace_replayed_qpu,48527.47675999998,0.3,True,2.6097720448488824,0.42288505051676323,0.2450078593548275,0
13500,39,milp,75,75,none,measured_local,0.02686604205518961,0.3,False,1.4921267027344407,0.45286592741530085,0.22974523764541693,8
13500,39,task_specific,226,226,none,measured_local,7.53339845687151e-05,0.3,False,2.735851110356406,0.4467939649094578,0.25841331467189566,2
13500,39,rolling,170,170,none,measured_local,1.8329592421650887e-06,0.3,False,2.6664585938797356,0.43738718542080635,0.25876930112122204,0
13500,39,qaoa_transfer,180,170,retain_previous,trace_replayed_qpu,53384.057600000044,0.3,True,2.6664585938797356,0.43738718542080635,0.25876930112122204,0
13500,40,milp,75,75,none,measured_local,0.027638208004646003,0.3,False,1.4391346181861226,0.45428075744286,0.218278167568361,0
13500,40,task_specific,102,102,none,measured_local,7.204106077551842e-05,0.3,False,2.430985077096476,0.4495134412915417,0.24386888912790267,2
13500,40,rolling,170,170,none,measured_local,1.583946868777275e-06,0.3,False,2.579705389974631,0.4048006455865874,0.2476364648469934,0
13500,40,qaoa_transfer,75,170,retain_previous,trace_replayed_qpu,57209.42362000002,0.3,True,2.579705389974631,0.4048006455865874,0.2476364648469934,0
13500,41,milp,75,75,none,measured_local,0.026408417033962905,0.3,False,1.3406428945358844,0.36235298428096135,0.20030336545465308,0
13500,41,task_specific,106,106,none,measured_local,8.112506475299597e-05,0.3,False,2.3356664758740973,0.4021405241007595,0.22422194825763764,2
13500,41,rolling,170,170,none,measured_local,1.6669509932398796e-06,0.3,False,2.4616365124421002,0.35917979299054326,0.22881763474936576,0
13500,41,qaoa_transfer,75,170,retain_previous,trace_replayed_qpu,61686.31511999999,0.3,True,2.4616365124421002,0.35917979299054326,0.22881763474936576,0
13500,42,milp,75,75,none,measured_local,0.02869225002359599,0.3,False,1.235684457158088,0.3466569704617086,0.17877857236339711,0
13500,42,task_specific,106,106,none,measured_local,7.041601929813623e-05,0.3,False,2.1995295267266535,0.39461947144414833,0.20365416189685243,0
13500,42,rolling,170,170,none,measured_local,1.915963366627693e-06,0.3,False,2.2633203408719704,0.31253301155520685,0.20680341281105252,0
13500,42,qaoa_transfer,180,170,retain_previous,trace_replayed_qpu,66510.1831,0.3,True,2.2633203408719704,0.31253301155520685,0.20680341281105252,0
13500,43,milp,180,180,none,measured_local,0.03075262496713549,0.3,False,1.0596306698416342,0.23000071661322208,0.1480546114289522,8
13500,43,task_specific,149,149,none,measured_local,6.987503729760647e-05,0.3,False,1.9019541012542014,0.2781265691742674,0.17215073816816634,8
13500,43,rolling,170,170,none,measured_local,1.8329592421650887e-06,0.3,False,2.003409181349653,0.2567433722044896,0.17374550852179926,0
13500,43,qaoa_transfer,180,170,retain_previous,trace_replayed_qpu,71306.33684000002,0.3,True,2.003409181349653,0.2567433722044896,0.17374550852179926,0
13500,44,milp,180,180,none,measured_local,0.02823045803233981,0.3,False,0.9732060427709759,0.18109816457606748,0.12965326674604086,0
13500,44,task_specific,43,43,none,measured_local,7.404200732707977e-05,0.3,False,1.941462268229037,0.21861653273851017,0.15556102660027737,6
13500,44,rolling,170,170,none,measured_local,1.9579892978072166e-06,0.3,False,1.8364775752075302,0.2207387520426482,0.15324772953374133,0
13500,44,qaoa_transfer,75,170,retain_previous,trace_replayed_qpu,74863.04220000001,0.3,True,1.8364775752075302,0.2207387520426482,0.15324772953374133,0
13500,45,milp,180,180,none,measured_local,0.025005499948747456,0.3,False,0.9165840061884486,0.17009401843768027,0.1168926510692744,0
13500,45,task_specific,226,226,none,measured_local,7.800001185387373e-05,0.3,False,1.7729014403990295,0.172157288350491,0.13945120615171533,4
13500,45,rolling,170,170,none,measured_local,2.00001522898674e-06,0.3,False,1.7192759187627187,0.19742195059307815,0.13847443938018825,0
13500,45,qaoa_transfer,75,170,retain_previous,trace_replayed_qpu,78499.34332,0.3,True,1.7192759187627187,0.19742195059307815,0.13847443938018825,0
13500,46,milp,180,180,none,measured_local,0.04204320895951241,0.3,False,0.870359837428739,0.145331766440778,0.10878960015471122,0
13500,46,task_specific,226,226,none,measured_local,7.316702976822853e-05,0.3,False,1.691330913202069,0.15021429499622496,0.13019753600997575,0
13500,46,rolling,170,170,none,measured_local,1.6660196706652641e-06,0.3,False,1.6381471717285083,0.17961264924121445,0.12885689796906796,0
13500,46,qaoa_transfer,180,170,retain_previous,trace_replayed_qpu,84164.25534000002,0.3,True,1.6381471717285083,0.17961264924121445,0.12885689796906796,0
13522,0,milp,57,57,none,measured_local,0.03230529103893787,0.3,False,0.9537717234131051,0.10100925971482838,0.07789644119808839,4
13522,0,task_specific,116,116,none,measured_local,7.48330494388938e-05,0.3,False,1.567421294789116,0.10714573537216693,0.08968417620853933,6
13522,0,rolling,170,170,none,measured_local,1.7499551177024841e-06,0.3,False,1.3705731211463212,0.11290749425842608,0.08519318450966304,0
13522,0,qaoa_transfer,57,170,retain_previous,trace_replayed_qpu,0.504999999999998,0.3,True,1.3705731211463212,0.11290749425842608,0.08519318450966304,0
13522,1,milp,57,57,none,measured_local,0.03062129206955433,0.3,False,0.9709059020081905,0.10439311719167031,0.08001929308532763,0
13522,1,task_specific,212,212,none,measured_local,7.220904808491468e-05,0.3,False,1.1542851911927305,0.12551352054913045,0.08450236438850903,2
13522,1,rolling,170,170,none,measured_local,1.6249250620603561e-06,0.3,False,1.4218139345704166,0.12489482351405967,0.09043932802865803,0
13522,1,qaoa_transfer,198,170,retain_previous,trace_replayed_qpu,0.539999999999996,0.3,True,1.4218139345704166,0.12489482351405967,0.09043932802865803,0
13522,2,milp,198,198,none,measured_local,0.03325145901180804,0.3,False,0.9592543414097736,0.10208489616442103,0.07647264755020475,8
13522,2,task_specific,116,116,none,measured_local,7.02909892424941e-05,0.3,False,1.5790330060997975,0.10741305660843473,0.09034735824167417,2
13522,2,rolling,170,170,none,measured_local,1.834006980061531e-06,0.3,False,1.4080378016979935,0.12154564513092864,0.0877453483642604,0
13522,2,qaoa_transfer,57,170,retain_previous,trace_replayed_qpu,0.575,0.3,True,1.4080378016979935,0.12154564513092864,0.0877453483642604,0
13522,3,milp,57,57,none,measured_local,0.02958829200360924,0.3,False,0.9492373682837758,0.09897459173670031,0.07476885853524434,8
13522,3,task_specific,212,212,none,measured_local,6.949994713068008e-05,0.3,False,1.1385181741230506,0.1280377612520997,0.07967914176432872,2
13522,3,rolling,170,170,none,measured_local,1.6669509932398796e-06,0.3,False,1.3976676092596063,0.11698551788751933,0.08598844504244985,0
13522,3,qaoa_transfer,198,170,retain_previous,trace_replayed_qpu,0.6095399999999971,0.3,True,1.3976676092596063,0.11698551788751933,0.08598844504244985,0
13522,4,milp,57,57,none,measured_local,0.03087504196446389,0.3,False,0.9417351541377653,0.09534947442843941,0.07388093420709439,0
13522,4,task_specific,116,116,none,measured_local,6.750004831701517e-05,0.3,False,1.5531691549545759,0.10526675077030032,0.08736583933704517,2
13522,4,rolling,170,170,none,measured_local,2.2919848561286926e-06,0.3,False,1.3896758899868533,0.1150288345710423,0.08509169023149016,0
13522,4,qaoa_transfer,198,170,retain_previous,trace_replayed_qpu,0.630999999999998,0.3,True,1.3896758899868533,0.1150288345710423,0.08509169023149016,0
13522,5,milp,57,57,none,measured_local,0.034303124994039536,0.3,False,0.8057450326991963,0.06863218417887586,0.04850587885344414,0
13522,5,task_specific,212,212,none,measured_local,7.195794023573399e-05,0.3,False,0.9778151350030757,0.09851261314237791,0.05344903716317688,2
13522,5,rolling,170,170,none,measured_local,1.7499551177024841e-06,0.3,False,1.2066836143872868,0.08766835031407631,0.05970439724967133,0
13522,5,qaoa_transfer,57,170,retain_previous,trace_replayed_qpu,0.639999999999998,0.3,True,1.2066836143872868,0.08766835031407631,0.05970439724967133,0
13522,6,milp,198,198,none,measured_local,0.03514016594272107,0.3,False,0.649659725402257,0.03632529697607248,0.02014362581747991,8
13522,6,task_specific,116,116,none,measured_local,6.820796988904476e-05,0.3,False,1.1034511871399169,0.045220237618667974,0.03191752780405917,2
13522,6,rolling,170,170,none,measured_local,1.7919810488820076e-06,0.3,False,0.9835149346491192,0.05211357905819037,0.030167090359682167,0
13522,6,qaoa_transfer,57,170,retain_previous,trace_replayed_qpu,0.6909999999999981,0.3,True,0.9835149346491192,0.05211357905819037,0.030167090359682167,0
13522,7,milp,57,57,none,measured_local,0.03129458299372345,0.3,False,0.62240292791925,0.02955606767455527,0.016241493135056427,8
13522,7,task_specific,116,116,none,measured_local,6.829097401350737e-05,0.3,False,1.0649811725136318,0.03593868077395011,0.027586279678497916,0
13522,7,rolling,170,170,none,measured_local,1.9170111045241356e-06,0.3,False,0.9314768596085788,0.04219649255691365,0.02458787336622798,0
13522,7,qaoa_transfer,198,170,retain_previous,trace_replayed_qpu,0.8784199999999982,0.3,True,0.9314768596085788,0.04219649255691365,0.02458787336622798,0
13522,8,milp,57,57,none,measured_local,0.03141008398961276,0.3,False,0.6174763183085997,0.028254053931223252,0.01556007319798125,0
13522,8,task_specific,116,116,none,measured_local,6.933300755918026e-05,0.3,False,1.056351310439584,0.03497493992268749,0.02662452931284079,0
13522,8,rolling,170,170,none,measured_local,1.8329592421650887e-06,0.3,False,0.9191786335837704,0.0397275491311818,0.023286921490214472,0
13522,8,qaoa_transfer,198,170,retain_previous,trace_replayed_qpu,2.1629999999999963,0.3,True,0.9191786335837704,0.0397275491311818,0.023286921490214472,0
13522,9,milp,57,57,none,measured_local,0.03169012500438839,0.3,False,0.8833481119773778,0.08500202836555583,0.065386907957715,0
13522,9,task_specific,116,116,none,measured_local,7.270800415426493e-05,0.3,False,1.454127906601084,0.08705635227937883,0.0763587827609896,0
13522,9,rolling,170,170,none,measured_local,1.750071533024311e-06,0.3,False,1.2742754813051254,0.09142506879094649,0.07292946583959427,0
13522,9,qaoa_transfer,198,170,retain_previous,trace_replayed_qpu,4.0434,0.3,True,1.2742754813051254,0.09142506879094649,0.07292946583959427,0
13522,10,milp,198,198,none,measured_local,0.03038004192057997,0.3,False,0.9399961792451096,0.09973941838441208,0.07393370279943445,8
13522,10,task_specific,212,212,none,measured_local,6.920902524143457e-05,0.3,False,1.117739547171558,0.12030978349469708,0.07828693592659866,2
13522,10,rolling,170,170,none,measured_local,1.6249250620603561e-06,0.3,False,1.3663988495439692,0.10778517526497478,0.08370688703262814,0
13522,10,qaoa_transfer,198,170,retain_previous,trace_replayed_qpu,5.547399999999997,0.3,True,1.3663988495439692,0.10778517526497478,0.08370688703262814,0
13522,11,milp,57,57,none,measured_local,0.031890999991446733,0.3,False,0.9574475079611678,0.10398443123051115,0.07629990448112774,8
13522,11,task_specific,116,116,none,measured_local,6.945803761482239e-05,0.3,False,1.569377206607487,0.10641657949231662,0.08955895826577295,2
13522,11,rolling,170,170,none,measured_local,1.7079291865229607e-06,0.3,False,1.3980926328154104,0.11461942018250981,0.08695997123859923,0
13522,11,qaoa_transfer,57,170,retain_previous,trace_replayed_qpu,6.055999999999994,0.3,True,1.3980926328154104,0.11461942018250981,0.08695997123859923,0
13522,12,milp,57,57,none,measured_local,0.03211091703269631,0.3,False,0.9725149740256681,0.10437521064765687,0.07913618769902919,0
13522,12,task_specific,212,212,none,measured_local,6.779201794415712e-05,0.3,False,1.1604425129131033,0.1303904515497442,0.08397381617699161,2
13522,12,rolling,170,170,none,measured_local,1.625041477382183e-06,0.3,False,1.4204141897733735,0.12005328403488347,0.09015231582038526,0
13522,12,qaoa_transfer,57,170,retain_previous,trace_replayed_qpu,6.330999999999999,0.3,True,1.4204141897733735,0.12005328403488347,0.09015231582038526,0
13522,13,milp,57,57,none,measured_local,0.032029125024564564,0.3,False,1.0070590392492644,0.11282189128037898,0.08415037435064171,0
13522,13,task_specific,116,116,none,measured_local,6.629200652241707e-05,0.3,False,1.6405431683112215,0.12849509208557158,0.09782940344826467,2
13522,13,rolling,170,170,none,measured_local,1.4159595593810081e-06,0.3,False,1.4724901324607542,0.1336223711145536,0.09534785474433433,0
13522,13,qaoa_transfer,198,170,retain_previous,trace_replayed_qpu,7.187819999999996,0.3,True,1.4724901324607542,0.1336223711145536,0.09534785474433433,0
13522,14,milp,57,57,none,measured_local,0.03080620802938938,0.3,False,1.0302822646023042,0.11088560357761745,0.08971397598123161,0
13522,14,task_specific,212,212,none,measured_local,6.916699931025505e-05,0.3,False,1.2306256436246108,0.14780159020884553,0.09499411063044923,2
13522,14,rolling,170,170,none,measured_local,1.5830155462026596e-06,0.3,False,1.5050264524108112,0.1320847665118865,0.10134975331151885,0
13522,14,qaoa_transfer,57,170,retain_previous,trace_replayed_qpu,8.200759999999997,0.3,True,1.5050264524108112,0.1320847665118865,0.10134975331151885,0
13522,15,milp,57,57,none,measured_local,0.03604683396406472,0.3,False,1.0397357573973514,0.11441781360581911,0.09060705661505761,0
13522,15,task_specific,116,116,none,measured_local,6.84160040691495e-05,0.3,False,1.691989650632952,0.13005335664511353,0.10492272444376083,2
13522,15,rolling,170,170,none,measured_local,1.7080456018447876e-06,0.3,False,1.5136262297846224,0.13574404085123729,0.10247566131027028,0
13522,15,qaoa_transfer,198,170,retain_previous,trace_replayed_qpu,12.541100000000005,0.3,True,1.5136262297846224,0.13574404085123729,0.10247566131027028,0
13522,16,milp,57,57,none,measured_local,0.03212366602383554,0.3,False,1.0468348156483704,0.12231615586249758,0.09216839393493378,0
13522,16,task_specific,212,212,none,measured_local,7.279100827872753e-05,0.3,False,1.2494080692166685,0.14956586409212452,0.09752082965666564,2
13522,16,rolling,170,170,none,measured_local,1.8330756574869156e-06,0.3,False,1.5205192550609827,0.13364903794469607,0.10401565574461556,0
13522,16,qaoa_transfer,57,170,retain_previous,trace_replayed_qpu,13.504399999999997,0.3,True,1.5205192550609827,0.13364903794469607,0.10401565574461556,0
13522,17,milp,57,57,none,measured_local,0.0332545000128448,0.3,False,1.0565222700070738,0.1332080693128091,0.09289587039120925,0
13522,17,task_specific,116,116,none,measured_local,6.820796988904476e-05,0.3,False,1.7063643758109521,0.13767427385138187,0.10728134096725572,2
13522,17,rolling,170,170,none,measured_local,1.625041477382183e-06,0.3,False,1.5317432462474958,0.13682443096255137,0.10473798137652457,0
13522,17,qaoa_transfer,198,170,retain_previous,trace_replayed_qpu,14.101619999999999,0.3,True,1.5317432462474958,0.13682443096255137,0.10473798137652457,0
13522,18,milp,57,57,none,measured_local,0.031355999992229044,0.3,False,1.0573350321147768,0.12902258702223685,0.09407555675017684,0
13522,18,task_specific,212,212,none,measured_local,6.724998820573092e-05,0.3,False,1.2574935707339605,0.14972742272496442,0.09942562593081583,2
13522,18,rolling,170,170,none,measured_local,1.750071533024311e-06,0.3,False,1.5320538484376818,0.13373072365246175,0.1059560811561874,0
13522,18,qaoa_transfer,198,170,retain_previous,trace_replayed_qpu,15.422199999999988,0.3,True,1.5320538484376818,0.13373072365246175,0.1059560811561874,0
13522,19,milp,198,198,none,measured_local,0.03354233305435628,0.3,False,1.0695210116055724,0.13218206120513448,0.09618337580286943,8
13522,19,task_specific,116,116,none,measured_local,8.245802018791437e-05,0.3,False,1.7248470818447637,0.13640279069597294,0.1105496146164258,2
13522,19,rolling,170,170,none,measured_local,1.708976924419403e-06,0.3,False,1.5496306522470906,0.13557869670495776,0.10805134621094203,0
13522,19,qaoa_transfer,198,170,retain_previous,trace_replayed_qpu,18.579039999999992,0.3,True,1.5496306522470906,0.13557869670495776,0.10805134621094203,0
13522,20,milp,198,198,none,measured_local,0.03139470797032118,0.3,False,1.0515235869796107,0.11848843766031009,0.0940755252901393,0
13522,20,task_specific,212,212,none,measured_local,8.070806507021189e-05,0.3,False,1.2545993826404376,0.1502457269785722,0.09931161291450932,2
13522,20,rolling,170,170,none,measured_local,1.8749851733446121e-06,0.3,False,1.5338503588654269,0.13434400852876316,0.10607826630617725,0
13522,20,qaoa_transfer,57,170,retain_previous,trace_replayed_qpu,23.035399999999996,0.3,True,1.5338503588654269,0.13434400852876316,0.10607826630617725,0
13522,21,milp,198,198,none,measured_local,0.029780874960124493,0.3,False,1.064664091444849,0.12739212283453172,0.09532558967449027,0
13522,21,task_specific,212,212,none,measured_local,7.316702976822853e-05,0.3,False,1.2670442770515913,0.15555091981500765,0.10040248456601095,0
13522,21,rolling,170,170,none,measured_local,1.8329592421650887e-06,0.3,False,1.5435458073974295,0.1381932451034455,0.10738375897163566,0
13522,21,qaoa_transfer,57,170,retain_previous,trace_replayed_qpu,27.161999999999995,0.3,True,1.5435458073974295,0.1381932451034455,0.10738375897163566,0
13522,22,milp,57,57,none,measured_local,0.0328078749589622,0.3,False,1.0894939339481762,0.1288263472939924,0.09862910228612122,8
13522,22,task_specific,116,116,none,measured_local,7.241603452712297e-05,0.3,False,1.7370587135454973,0.13225416006667717,0.1129346504444873,2
13522,22,rolling,170,170,none,measured_local,1.834006980061531e-06,0.3,False,1.563642015476776,0.136964850793301,0.11060114518493575,0
13522,22,qaoa_transfer,57,170,retain_previous,trace_replayed_qpu,32.99244000000001,0.3,True,1.563642015476776,0.136964850793301,0.11060114518493575,0
13522,23,milp,198,198,none,measured_local,0.031193167087621987,0.3,False,1.0885973847319343,0.14214538070896843,0.09739984834870441,8
13522,23,task_specific,212,212,none,measured_local,7.429101970046759e-05,0.3,False,1.279831668495497,0.15537299067833413,0.10239554671766603,2
13522,23,rolling,170,170,none,measured_local,1.9170111045241356e-06,0.3,False,1.5589598586065876,0.13937898369244628,0.10925355038691939,0
13522,23,qaoa_transfer,57,170,retain_previous,trace_replayed_qpu,36.903020000000005,0.3,True,1.5589598586065876,0.13937898369244628,0.10925355038691939,0
13522,24,milp,198,198,none,measured_local,0.031129000009968877,0.3,False,1.1044544262137226,0.1503746197348246,0.10077743461829836,0
13522,24,task_specific,116,116,none,measured_local,7.262500002980232e-05,0.3,False,1.7642549904095157,0.15278895121133107,0.11501311699387448,2
13522,24,rolling,170,170,none,measured_local,2.0830193534493446e-06,0.3,False,1.5807157106701148,0.1513500291590679,0.1125364964651647,0
13522,24,qaoa_transfer,57,170,retain_previous,trace_replayed_qpu,39.999480000000005,0.3,True,1.5807157106701148,0.1513500291590679,0.1125364964651647,0
13522,25,milp,57,57,none,measured_local,0.0417782919248566,0.3,False,1.085597089754891,0.13333788808160119,0.09979886065534306,8
13522,25,task_specific,212,212,none,measured_local,7.049995474517345e-05,0.3,False,1.2866301180921937,0.1549144706352627,0.1050156306769966,2
13522,25,rolling,170,170,none,measured_local,1.625041477382183e-06,0.3,False,1.5751811694563225,0.13876045536145265,0.11170539276675286,0
13522,25,qaoa_transfer,57,170,retain_previous,trace_replayed_qpu,44.07458,0.3,True,1.5751811694563225,0.13876045536145265,0.11170539276675286,0
13522,26,milp,198,198,none,measured_local,0.03430095792282373,0.3,False,1.0735296248412574,0.1401322526838099,0.09503992724387228,8
13522,26,task_specific,212,212,none,measured_local,7.104198448359966e-05,0.3,False,1.2651604416785278,0.1520432496320532,0.10006575295230484,0
13522,26,rolling,170,170,none,measured_local,1.7499551177024841e-06,0.3,False,1.5474950096263065,0.13418762834831038,0.10727952923640807,0
13522,26,qaoa_transfer,198,170,retain_previous,trace_replayed_qpu,48.63859999999999,0.3,True,1.5474950096263065,0.13418762834831038,0.10727952923640807,0
13522,27,milp,57,57,none,measured_local,0.032527416944503784,0.3,False,1.0817202293804047,0.13916694163308602,0.09591324062103143,8
13522,27,task_specific,116,116,none,measured_local,7.879198528826237e-05,0.3,False,1.725618033488304,0.1302062886949022,0.11011249125241784,2
13522,27,rolling,170,170,none,measured_local,1.7499551177024841e-06,0.3,False,1.5343467309151275,0.13248380297044562,0.10776237524065765,0
13522,27,qaoa_transfer,198,170,retain_previous,trace_replayed_qpu,56.77331999999998,0.3,True,1.5343467309151275,0.13248380297044562,0.10776237524065765,0
13522,28,milp,198,198,none,measured_local,0.03191291692201048,0.3,False,1.0669672131660102,0.1332142435073714,0.0944055057345101,8
13522,28,task_specific,212,212,none,measured_local,7.312500383704901e-05,0.3,False,1.2654704556664709,0.15088018372172912,0.09935855100299032,2
13522,28,rolling,170,170,none,measured_local,2.249958924949169e-06,0.3,False,1.5280092228009003,0.1348609956601694,0.1057211682728782,0
13522,28,qaoa_transfer,198,170,retain_previous,trace_replayed_qpu,61.09708,0.3,True,1.5280092228009003,0.1348609956601694,0.1057211682728782,0
13522,29,milp,57,57,none,measured_local,0.03554404200986028,0.3,False,1.0629521571012244,0.12201921828712795,0.09463668032915026,8
13522,29,task_specific,116,116,none,measured_local,6.858399137854576e-05,0.3,False,1.7082556023718378,0.13644372821947537,0.10893597787768385,2
13522,29,rolling,170,170,none,measured_local,1.625041477382183e-06,0.3,False,1.5293597437426474,0.1419275686888808,0.1061627305700225,0
13522,29,qaoa_transfer,198,170,retain_previous,trace_replayed_qpu,68.18,0.3,True,1.5293597437426474,0.1419275686888808,0.1061627305700225,0
13522,30,milp,198,198,none,measured_local,0.03233454201836139,0.3,False,1.052094207057692,0.12178322748695658,0.09264880392753061,8
13522,30,task_specific,212,212,none,measured_local,7.508299313485622e-05,0.3,False,1.247224576378596,0.149054226692663,0.09785885534419499,2
13522,30,rolling,170,170,none,measured_local,1.8330756574869156e-06,0.3,False,1.5191957706734982,0.13293186933558782,0.10430899359356618,0
13522,30,qaoa_transfer,198,170,retain_previous,trace_replayed_qpu,78.43212000000001,0.3,True,1.5191957706734982,0.13293186933558782,0.10430899359356618,0
13522,31,milp,198,198,none,measured_local,0.03163333295378834,0.3,False,1.0472547961490906,0.11596051581627242,0.09305235517644231,0
13522,31,task_specific,116,116,none,measured_local,7.308297790586948e-05,0.3,False,1.7065032309421984,0.13403959534330137,0.10723715964104846,2
13522,31,rolling,170,170,none,measured_local,1.6669509932398796e-06,0.3,False,1.5264693198198636,0.13925782878306903,0.10472989426683746,0
13522,31,qaoa_transfer,57,170,retain_previous,trace_replayed_qpu,84.46360000000003,0.3,True,1.5264693198198636,0.13925782878306903,0.10472989426683746,0
13522,32,milp,57,57,none,measured_local,0.030899583944119513,0.3,False,1.0584396185643499,0.12077603025982123,0.09445636990372727,8
13522,32,task_specific,212,212,none,measured_local,7.620907854288816e-05,0.3,False,1.251403547870495,0.14853169909319747,0.09989662828300486,2
13522,32,rolling,170,170,none,measured_local,1.6670674085617065e-06,0.3,False,1.5315759045397208,0.13549056820770872,0.10643673299549658,0
13522,32,qaoa_transfer,198,170,retain_previous,trace_replayed_qpu,96.76627999999998,0.3,True,1.5315759045397208,0.13549056820770872,0.10643673299549658,0
13522,33,milp,57,57,none,measured_local,0.03200716699939221,0.3,False,1.0654069239185304,0.12203387792561532,0.09542349046410875,0
13522,33,task_specific,212,212,none,measured_local,6.874999962747097e-05,0.3,False,1.2629831646736194,0.15511860728122434,0.10024758869676238,0
13522,33,rolling,170,170,none,measured_local,2.208980731666088e-06,0.3,False,1.5429370942582696,0.1378541297817432,0.107251897613493,0
13522,33,qaoa_transfer,57,170,retain_previous,trace_replayed_qpu,111.99626,0.3,True,1.5429370942582696,0.1378541297817432,0.107251897613493,0
13522,34,milp,57,57,none,measured_local,0.029907999909482896,0.3,False,1.102210881369214,0.1350260729243476,0.10158517309796326,0
13522,34,task_specific,116,116,none,measured_local,7.358402945101261e-05,0.3,False,1.76255261433811,0.1457329989571064,0.11581478717839438,2
13522,34,rolling,170,170,none,measured_local,1.9168946892023087e-06,0.3,False,1.5852662671086024,0.15115213331856736,0.11352342735645675,0
13522,34,qaoa_transfer,198,170,retain_previous,trace_replayed_qpu,131.08151999999998,0.3,True,1.5852662671086024,0.15115213331856736,0.11352342735645675,0
13522,35,milp,57,57,none,measured_local,0.04015750007238239,0.3,False,1.080308372454579,0.13167615626645424,0.09655527203423034,0
13522,35,task_specific,212,212,none,measured_local,7.575005292892456e-05,0.3,False,1.2820227619762943,0.1581852603677823,0.10181489931177194,2
13522,35,rolling,170,170,none,measured_local,1.6669509932398796e-06,0.3,False,1.5572759519417059,0.14162106221130527,0.10863165667771504,0
13522,35,qaoa_transfer,57,170,retain_previous,trace_replayed_qpu,150.73899999999998,0.3,True,1.5572759519417059,0.14162106221130527,0.10863165667771504,0
13522,36,milp,198,198,none,measured_local,0.029541249969042838,0.3,False,1.078527269293825,0.1331336036082761,0.09673270931136448,8
13522,36,task_specific,212,212,none,measured_local,8.108303882181644e-05,0.3,False,1.2824163647248028,0.16022405346719376,0.10177556904940735,0
13522,36,rolling,170,170,none,measured_local,1.7499551177024841e-06,0.3,False,1.5470094552625036,0.14257372813170371,0.10865689879854265,0
13522,36,qaoa_transfer,198,170,retain_previous,trace_replayed_qpu,171.1178000000002,0.3,True,1.5470094552625036,0.14257372813170371,0.10865689879854265,0
13522,37,milp,57,57,none,measured_local,0.03291770804207772,0.3,False,1.0800182114744359,0.12337613794694276,0.09915068173234562,8
13522,37,task_specific,116,116,none,measured_local,7.05420970916748e-05,0.3,False,1.768958513996678,0.13621551368222942,0.11371708846897471,2
13522,37,rolling,170,170,none,measured_local,1.6660196706652641e-06,0.3,False,1.5595073386177605,0.14190838212259865,0.11086273638156259,0
13522,37,qaoa_transfer,198,170,retain_previous,trace_replayed_qpu,187.011,0.3,True,1.5595073386177605,0.14190838212259865,0.11086273638156259,0
13522,38,milp,198,198,none,measured_local,0.0357345420634374,0.3,False,1.1064932420640072,0.1334335222450436,0.1031754552868609,8
13522,38,task_specific,212,212,none,measured_local,7.487507537007332e-05,0.3,False,1.323327257307925,0.16264559421945757,0.1087177265298761,2
13522,38,rolling,170,170,none,measured_local,1.6670674085617065e-06,0.3,False,1.6011689815590042,0.14611297322211164,0.115162683465444,0
13522,38,qaoa_transfer,57,170,retain_previous,trace_replayed_qpu,208.24779999999996,0.3,True,1.6011689815590042,0.14611297322211164,0.115162683465444,0
13522,39,milp,57,57,none,measured_local,0.0324396250071004,0.3,False,1.0882076775333007,0.1384731996606462,0.10002483105160018,8
13522,39,task_specific,212,212,none,measured_local,7.145898416638374e-05,0.3,False,1.295660521804801,0.15734472947293698,0.10544568143269813,0
13522,39,rolling,170,170,none,measured_local,1.750071533024311e-06,0.3,False,1.5841541773880246,0.14458681436618198,0.11239172453897511,0
13522,39,qaoa_transfer,57,170,retain_previous,trace_replayed_qpu,246.85518000000008,0.3,True,1.5841541773880246,0.14458681436618198,0.11239172453897511,0
13522,40,milp,57,57,none,measured_local,0.03040083299856633,0.3,False,1.1080824680282118,0.14971230522879503,0.10294269193833253,0
13522,40,task_specific,212,212,none,measured_local,7.358298171311617e-05,0.3,False,1.3162033833466866,0.16084115182397316,0.10812901304512003,0
13522,40,rolling,170,170,none,measured_local,1.8749851733446121e-06,0.3,False,1.6103796749435682,0.144964194672983,0.11534135443470062,0
13522,40,qaoa_transfer,198,170,retain_previous,trace_replayed_qpu,292.81968,0.3,True,1.6103796749435682,0.144964194672983,0.11534135443470062,0
13522,41,milp,198,198,none,measured_local,0.03362108301371336,0.3,False,1.0902890993481833,0.13369944276025972,0.09891456170070528,8
13522,41,task_specific,212,212,none,measured_local,6.666709668934345e-05,0.3,False,1.3167264827678247,0.17656771349148298,0.10411758458366716,0
13522,41,rolling,170,170,none,measured_local,1.625041477382183e-06,0.3,False,1.5956339125297232,0.15763336607647174,0.11147199187358921,0
13522,41,qaoa_transfer,57,170,retain_previous,trace_replayed_qpu,344.2418000000001,0.3,True,1.5956339125297232,0.15763336607647174,0.11147199187358921,0
13522,42,milp,57,57,none,measured_local,0.031560834031552076,0.3,False,1.06551909237534,0.12405948606836548,0.09586972748370456,8
13522,42,task_specific,116,116,none,measured_local,6.574997678399086e-05,0.3,False,1.7417771286569885,0.13230284585707142,0.11095383704085338,2
13522,42,rolling,170,170,none,measured_local,1.7919810488820076e-06,0.3,False,1.549352055381668,0.1376566662456197,0.10850334781324308,0
13522,42,qaoa_transfer,198,170,retain_previous,trace_replayed_qpu,414.7057599999997,0.3,True,1.549352055381668,0.1376566662456197,0.10850334781324308,0
13522,43,milp,198,198,none,measured_local,0.03239812492392957,0.3,False,1.0485730228742611,0.12159658309797453,0.0934129773093835,8
13522,43,task_specific,212,212,none,measured_local,7.020891644060612e-05,0.3,False,1.2497995922047815,0.1448277226443753,0.0988934948540543,2
13522,43,rolling,170,170,none,measured_local,1.6669509932398796e-06,0.3,False,1.5210558222431394,0.128554848077907,0.1055088013845417,0
13522,43,qaoa_transfer,57,170,retain_previous,trace_replayed_qpu,490.81076,0.3,True,1.5210558222431394,0.128554848077907,0.1055088013845417,0
13522,44,milp,198,198,none,measured_local,0.03106199996545911,0.3,False,1.0489156020830301,0.1307263932169523,0.09196432557185652,0
13522,44,task_specific,212,212,none,measured_local,7.170799653977156e-05,0.3,False,1.2394405136012647,0.1420648565974245,0.09699498980511954,0
13522,44,rolling,170,170,none,measured_local,1.7079291865229607e-06,0.3,False,1.5059440844989398,0.12657420522652346,0.10377639555607848,0
13522,44,qaoa_transfer,198,170,retain_previous,trace_replayed_qpu,562.5450000000001,0.3,True,1.5059440844989398,0.12657420522652346,0.10377639555607848,0
13522,45,milp,198,198,none,measured_local,0.03266337490640581,0.3,False,1.0399766795904082,0.1271521530110009,0.09022289005207576,0
13522,45,task_specific,116,116,none,measured_local,7.070903666317463e-05,0.3,False,1.6846312484086006,0.12677712990395915,0.10447022494442917,2
13522,45,rolling,170,170,none,measured_local,1.70909333974123e-06,0.3,False,1.4930965700395822,0.12506001997413635,0.1016486021124735,0
13522,45,qaoa_transfer,57,170,retain_previous,trace_replayed_qpu,619.6498599999986,0.3,True,1.4930965700395822,0.12506001997413635,0.1016486021124735,0
13522,46,milp,198,198,none,measured_local,0.03294083406217396,0.3,False,1.003462730653017,0.1095332516367149,0.08627441698976021,0
13522,46,task_specific,212,212,none,measured_local,7.287494372576475e-05,0.3,False,1.196999347018418,0.1359294336063228,0.09120751700553194,2
13522,46,rolling,170,170,none,measured_local,1.8749851733446121e-06,0.3,False,1.464973483530683,0.12048715044620562,0.09760241425098956,0
13522,46,qaoa_transfer,198,170,retain_previous,trace_replayed_qpu,690.6360000000001,0.3,True,1.464973483530683,0.12048715044620562,0.09760241425098956,0
13565,0,milp,149,149,none,measured_local,0.02901729103177786,0.3,False,1.6968703054621608,0.551273208524083,0.1571509195912551,6
13565,0,task_specific,75,75,none,measured_local,7.279205601662397e-05,0.3,False,2.251069134589227,0.5842704963846603,0.16765067443056397,4
13565,0,rolling,43,43,none,measured_local,2.8330832719802856e-06,0.3,False,2.127500539569714,0.6139226214050414,0.16559681426524386,2
13565,0,qaoa_transfer,149,170,retain_previous,trace_replayed_qpu,3439.5412000000006,0.3,True,2.8956437566836657,0.6657434521070268,0.17777222142811677,0
13565,1,milp,149,149,none,measured_local,0.03368599992245436,0.3,False,1.7036177609891296,0.3904436276424417,0.13779675763655402,0
13565,1,task_specific,75,75,none,measured_local,7.529195863753557e-05,0.3,False,2.201089926841891,0.4335310976300204,0.15165172836473068,0
13565,1,rolling,43,43,none,measured_local,1.8330756574869156e-06,0.3,False,2.017757640936776,0.47114164056633634,0.14856251348924285,0
13565,1,qaoa_transfer,149,170,retain_previous,trace_replayed_qpu,3801.491,0.3,True,2.7749000915622775,0.550760727012163,0.16776609391709163,0
13565,2,milp,106,106,none,measured_local,0.03071175003424287,0.3,False,1.6726612887539725,0.30342711088516167,0.12537794402472824,8
13565,2,task_specific,178,178,none,measured_local,7.554201874881983e-05,0.3,False,1.9696085815408242,0.35864622889252046,0.134225103165657,6
13565,2,rolling,43,43,none,measured_local,1.6249250620603561e-06,0.3,False,1.8921180405980973,0.37344199319794996,0.13323144102341938,0
13565,2,qaoa_transfer,149,170,retain_previous,trace_replayed_qpu,4050.243,0.3,True,2.5711773401720768,0.4520318868643406,0.15216000228905693,0
13565,3,milp,149,149,none,measured_local,0.033541249926202,0.3,False,1.6501771445898836,0.23706600991685442,0.11650403221884931,8
13565,3,task_specific,180,180,none,measured_local,6.779097020626068e-05,0.3,False,2.015433002124987,0.2698682915012868,0.12473908630124908,2
13565,3,rolling,43,43,none,measured_local,1.4579854905605316e-06,0.3,False,1.7970826094743029,0.29718482860426065,0.12199045101495243,0
13565,3,qaoa_transfer,149,170,retain_previous,trace_replayed_qpu,4558.6302,0.3,True,2.389681359054548,0.36952758098708294,0.13896693350430192,0
13565,4,milp,106,106,none,measured_local,0.029801499913446605,0.3,False,1.623921134890882,0.16648187671038686,0.10707942861474709,8
13565,4,task_specific,141,141,none,measured_local,6.791704799979925e-05,0.3,False,1.8789005049462173,0.2186140530540386,0.11421430309136926,4
13565,4,rolling,43,43,none,measured_local,1.5830155462026596e-06,0.3,False,1.7013169179546872,0.2188615911344713,0.11075206523685757,0
13565,4,qaoa_transfer,149,170,retain_previous,trace_replayed_qpu,5322.757020000019,0.3,True,2.2047971315478967,0.28438221398154306,0.1255670339763637,0
13565,5,milp,106,106,none,measured_local,0.031119041028432548,0.3,False,1.4110465056944486,0.12154091048131807,0.07029802837227205,0
13565,5,task_specific,102,102,none,measured_local,7.620803080499172e-05,0.3,False,1.6582413083110177,0.11115652719044242,0.07871815649295978,6
13565,5,rolling,43,43,none,measured_local,1.7499551177024841e-06,0.3,False,1.3998619145738243,0.10551549821929976,0.07223292294886718,0
13565,5,qaoa_transfer,106,170,retain_previous,trace_replayed_qpu,6057.925400000011,0.3,True,1.7761785164011832,0.16313162943460127,0.08481992828869742,0
13565,6,milp,43,43,none,measured_local,0.03160816594026983,0.3,False,1.0949744949895424,0.05642246377471656,0.03467686760423877,2
13565,6,task_specific,212,212,none,measured_local,6.420793943107128e-05,0.3,False,1.092218477469659,0.058177242905723445,0.03444646275694765,4
13565,6,rolling,43,43,none,measured_local,1.6660196706652641e-06,0.3,False,1.1004357731923378,0.05819671019234398,0.0349965478643456,0
13565,6,qaoa_transfer,149,170,retain_previous,trace_replayed_qpu,6972.2684,0.3,True,1.373730290066227,0.08449760699466075,0.04440446291002958,0
13565,7,milp,106,106,none,measured_local,0.0340072080725804,0.3,False,1.0416484620017818,0.061142642878763184,0.0263277386435485,2
13565,7,task_specific,57,57,none,measured_local,6.408290937542915e-05,0.3,False,1.4002900463407375,0.05166935255703779,0.034889668403557325,6
13565,7,rolling,43,43,none,measured_local,1.541106030344963e-06,0.3,False,1.0298602754690398,0.04352863387824278,0.027510894329808445,0
13565,7,qaoa_transfer,149,170,retain_previous,trace_replayed_qpu,8713.00816,0.3,True,1.2590995066849668,0.06418845331810949,0.03434325725165567,0
13565,8,milp,212,212,none,measured_local,0.03321470902301371,0.3,False,1.0096284517282907,0.04038648636512129,0.02555051948319363,6
13565,8,task_specific,57,57,none,measured_local,6.912497337907553e-05,0.3,False,1.4010512589821973,0.050593208432324774,0.03500725115851844,0
13565,8,rolling,43,43,none,measured_local,1.5830155462026596e-06,0.3,False,1.0131177638610653,0.040143458447527446,0.025746506886725994,0
13565,8,qaoa_transfer,106,170,retain_previous,trace_replayed_qpu,10522.01418,0.3,True,1.2250309764160225,0.057722504438194336,0.031477487667124174,0
13565,9,milp,149,149,none,measured_local,0.03221137495711446,0.3,False,1.407796624876673,0.10764166977588305,0.08003046665007804,2
13565,9,task_specific,57,57,none,measured_local,6.883393507450819e-05,0.3,False,1.9687598585343438,0.10966667948411205,0.09082628147455493,0
13565,9,rolling,43,43,none,measured_local,1.5419209375977516e-06,0.3,False,1.437035840371938,0.10151594238266275,0.08112794409652664,0
13565,9,qaoa_transfer,106,170,retain_previous,trace_replayed_qpu,12618.543799999981,0.3,True,1.7183668651192612,0.1293512855800988,0.08642577441040056,0
13565,10,milp,106,106,none,measured_local,0.029947000090032816,0.3,False,1.544298512418286,0.13436037576383422,0.09125741562191683,8
13565,10,task_specific,43,43,none,measured_local,7.29170860722661e-05,0.3,False,1.5488913415108188,0.11342117574002894,0.0932631578100516,2
13565,10,rolling,43,43,none,measured_local,1.625041477382183e-06,0.3,False,1.5382293108873584,0.11087471234088268,0.09198839600929845,0
13565,10,qaoa_transfer,106,170,retain_previous,trace_replayed_qpu,15199.442000000001,0.3,True,1.8528646125890313,0.14876373750057686,0.09902167162798152,0
13565,11,milp,43,43,none,measured_local,0.03558604198042303,0.3,False,1.5623205555441422,0.11623227141595069,0.09457457399358724,2
13565,11,task_specific,43,43,none,measured_local,8.062494453042746e-05,0.3,False,1.5674481224170564,0.11654209087598728,0.09489728353777047,0
13565,11,rolling,43,43,none,measured_local,1.708976924419403e-06,0.3,False,1.5650546813539619,0.1157709123373591,0.09463073277218395,0
13565,11,qaoa_transfer,149,170,retain_previous,trace_replayed_qpu,16883.729360000023,0.3,True,1.8891770529813492,0.14834109917521954,0.10249661531472579,0
13565,12,milp,106,106,none,measured_local,0.030623167054727674,0.3,False,1.5829437528520898,0.14371105185915428,0.09449878678221896,2
13565,12,task_specific,43,43,none,measured_local,7.016700692474842e-05,0.3,False,1.5787020470544224,0.11962818301659811,0.0963112030604264,0
13565,12,rolling,43,43,none,measured_local,1.625041477382183e-06,0.3,False,1.5781505501605615,0.11945236015184563,0.09625136703384904,0
13565,12,qaoa_transfer,106,170,retain_previous,trace_replayed_qpu,19501.39002,0.3,True,1.904850730053282,0.15071097834967107,0.10435442632453373,0
13565,13,milp,43,43,none,measured_local,0.033071916084736586,0.3,False,1.6196301920066216,0.13433639100222092,0.10271665033603883,2
13565,13,task_specific,43,43,none,measured_local,6.887491326779127e-05,0.3,False,1.6248708035228785,0.13518777240087326,0.10303005117636056,0
13565,13,rolling,43,43,none,measured_local,1.6659032553434372e-06,0.3,False,1.6247423677138162,0.13515791105800967,0.10301626375401404,0
13565,13,qaoa_transfer,106,170,retain_previous,trace_replayed_qpu,21076.41,0.3,True,1.9801577003946929,0.17819149209439522,0.11118376825133205,0
13565,14,milp,149,149,none,measured_local,0.030446375021710992,0.3,False,1.6926981373764165,0.17741244300507256,0.1111003109562524,6
13565,14,task_specific,43,43,none,measured_local,6.583298090845346e-05,0.3,False,1.7113446247868056,0.15997499089322142,0.11333427008807195,0
13565,14,rolling,43,43,none,measured_local,1.625041477382183e-06,0.3,False,1.711314567829445,0.15996807780839317,0.1133310591928454,0
13565,14,qaoa_transfer,149,170,retain_previous,trace_replayed_qpu,22301.84380000001,0.3,True,2.0882197530036817,0.20550149355055725,0.12221644250986732,0
13565,15,milp,149,149,none,measured_local,0.030379915959201753,0.3,False,1.8075510118623872,0.22282218432225154,0.11659245343441041,0
13565,15,task_specific,43,43,none,measured_local,6.7666987888515e-05,0.3,False,1.7667239972908615,0.19476685005032746,0.11705861561967014,0
13565,15,rolling,43,43,none,measured_local,1.6660196706652641e-06,0.3,False,1.7667169455007128,0.19476468578388356,0.11705786419573613,0
13565,15,qaoa_transfer,106,170,retain_previous,trace_replayed_qpu,26988.115000000023,0.3,True,2.1291892572964204,0.19886047313194624,0.12648049382509205,0
13565,16,milp,212,212,none,measured_local,0.03211983304936439,0.3,False,1.7451972758405792,0.17243178894663158,0.11676040552167277,2
13565,16,task_specific,43,43,none,measured_local,7.499998901039362e-05,0.3,False,1.7469195383608067,0.1725901259098836,0.11666809993227154,0
13565,16,rolling,43,43,none,measured_local,1.5830155462026596e-06,0.3,False,1.7469178814015025,0.17258962562161334,0.1166679236375178,0
13565,16,qaoa_transfer,106,170,retain_previous,trace_replayed_qpu,30066.683,0.3,True,2.10992484115805,0.19582903005551255,0.1257297314324105,0
13565,17,milp,106,106,none,measured_local,0.03001012501772493,0.3,False,1.7865971952986648,0.20998172686492245,0.11943632784190172,6
13565,17,task_specific,43,43,none,measured_local,6.929109804332256e-05,0.3,False,1.784045370353041,0.1868321357639527,0.12152298845902018,0
13565,17,rolling,43,43,none,measured_local,1.625041477382183e-06,0.3,False,1.784044980598301,0.18683202011597957,0.12152294703503755,0
13565,17,qaoa_transfer,106,170,retain_previous,trace_replayed_qpu,33372.02029999999,0.3,True,2.1429075521211773,0.20164846436468425,0.13059812102895124,0
13565,18,milp,212,212,none,measured_local,0.030969000072218478,0.3,False,1.7506187357209417,0.17334157478340434,0.1178460917286603,6
13565,18,task_specific,43,43,none,measured_local,6.720901001244783e-05,0.3,False,1.7557735078419952,0.17424514700954444,0.11813863425882604,0
13565,18,rolling,43,43,none,measured_local,2.250075340270996e-06,0.3,False,1.7557734160815586,0.17424512027594907,0.11813862451495752,0
13565,18,qaoa_transfer,106,170,retain_previous,trace_replayed_qpu,38236.33444,0.3,True,2.1175549537353087,0.19461812414593296,0.12711018880302943,0
13565,19,milp,106,106,none,measured_local,0.03060845797881484,0.3,False,1.8861608233613905,0.2588445769693539,0.12603814619472697,6
13565,19,task_specific,43,43,none,measured_local,6.854196544736624e-05,0.3,False,1.8657265857902805,0.2353097388828692,0.12813183769604988,0
13565,19,rolling,43,43,none,measured_local,1.7079291865229607e-06,0.3,False,1.8657265641695704,0.23530973270303185,0.12813183540203898,0
13565,19,qaoa_transfer,106,170,retain_previous,trace_replayed_qpu,40437.89090000001,0.3,True,2.2332712158239345,0.22089875880399293,0.13717637384338272,0
13565,20,milp,212,212,none,measured_local,0.03380641702096909,0.3,False,1.8331512096611737,0.21560163333521754,0.12650458017545196,6
13565,20,task_specific,43,43,none,measured_local,6.854196544736624e-05,0.3,False,1.8382814807326215,0.21645308157121523,0.126793164644757,0
13565,20,rolling,43,43,none,measured_local,1.5830155462026596e-06,0.3,False,1.8382814756343544,0.2164530801426608,0.12679316410423924,0
13565,20,qaoa_transfer,106,170,retain_previous,trace_replayed_qpu,43481.44719999998,0.3,True,2.2102935215098443,0.217395918300641,0.13598178039559836,0
13565,21,milp,149,149,none,measured_local,0.029245416983030736,0.3,False,1.8237688203315399,0.21179538358918887,0.1253059959034744,2
13565,21,task_specific,43,43,none,measured_local,7.129204459488392e-05,0.3,False,1.838136307748841,0.21165691829706862,0.12739453701831555,0
13565,21,rolling,43,43,none,measured_local,1.750071533024311e-06,0.3,False,1.8381363065457164,0.21165691805313422,0.12739453689085886,0
13565,21,qaoa_transfer,149,170,retain_previous,trace_replayed_qpu,48527.47675999998,0.3,True,2.25655257056689,0.2525854410764412,0.1366948380377461,0
13565,22,milp,149,149,none,measured_local,0.03273237496614456,0.3,False,1.9089614524742915,0.2296203840133461,0.1380692205082885,0
13565,22,task_specific,141,141,none,measured_local,6.624998059123755e-05,0.3,False,2.1408589853656164,0.24518203482146433,0.14188619050784035,4
13565,22,rolling,43,43,none,measured_local,1.8749851733446121e-06,0.3,False,1.917951145423853,0.24653353135903494,0.1384284076636429,0
13565,22,qaoa_transfer,149,170,retain_previous,trace_replayed_qpu,53384.057600000044,0.3,True,2.3846513432527305,0.29423767578826393,0.14888881426417222,0
13565,23,milp,106,106,none,measured_local,0.03461045795120299,0.3,False,1.9053751111329138,0.2907707281931585,0.1520240363118573,8
13565,23,task_specific,153,153,none,measured_local,6.954197306185961e-05,0.3,False,2.405124635407102,0.34488774542436235,0.16017377741431466,2
13565,23,rolling,43,43,none,measured_local,1.708976924419403e-06,0.3,False,1.9962509858740698,0.34412986692497405,0.1522487786355963,0
13565,23,qaoa_transfer,149,170,retain_previous,trace_replayed_qpu,57209.42362000002,0.3,True,2.5566054968625584,0.39615493058063134,0.16391628358131827,0
13565,24,milp,106,106,none,measured_local,0.032238957937806845,0.3,False,1.922085191976488,0.41165564356249335,0.16277187777832283,0
13565,24,task_specific,153,153,none,measured_local,6.816699169576168e-05,0.3,False,2.545773802518583,0.4748797205006906,0.17526561588517753,0
13565,24,rolling,43,43,none,measured_local,1.6249250620603561e-06,0.3,False,2.1265957377829228,0.47251388084659046,0.16504377464685174,0
13565,24,qaoa_transfer,106,170,retain_previous,trace_replayed_qpu,61686.31511999999,0.3,True,2.814817276613976,0.5325025963991221,0.17905263742156396,0
13565,25,milp,106,106,none,measured_local,0.03074524994008243,0.3,False,1.8630858504665107,0.2284410113094554,0.13666462979941219,0
13565,25,task_specific,153,153,none,measured_local,7.345795165747404e-05,0.3,False,2.350947843503807,0.3045634175993982,0.15225684506296458,0
13565,25,rolling,43,43,none,measured_local,2.00001522898674e-06,0.3,False,1.9589189532804385,0.3001304342209789,0.14177739344457307,0
13565,25,qaoa_transfer,106,170,retain_previous,trace_replayed_qpu,66510.1831,0.3,True,2.5467184431540835,0.3719964462248254,0.1589829319153494,0
13565,26,milp,106,106,none,measured_local,0.03230487497057766,0.3,False,1.795138769656773,0.19340121092053672,0.12387714626166277,0
13565,26,task_specific,102,102,none,measured_local,7.104210089892149e-05,0.3,False,2.195761345165262,0.227093407478166,0.13607369608759518,8
13565,26,rolling,43,43,none,measured_local,1.625041477382183e-06,0.3,False,1.820143031738974,0.22405597694876422,0.12627297383201097,0
13565,26,qaoa_transfer,106,170,retain_previous,trace_replayed_qpu,71306.33684000002,0.3,True,2.327429325782987,0.28570839232871836,0.14096796107885207,0
13565,27,milp,106,106,none,measured_local,0.03439787495881319,0.3,False,1.841259024591357,0.21900429810565497,0.12690346924141932,0
13565,27,task_specific,102,102,none,measured_local,6.983301136642694e-05,0.3,False,2.203756358134967,0.2209158224010791,0.13691903362913155,0
13565,27,rolling,43,43,none,measured_local,1.6669509932398796e-06,0.3,False,1.8450882419816288,0.21617833674802864,0.12752857579347437,0
13565,27,qaoa_transfer,106,170,retain_previous,trace_replayed_qpu,74863.04220000001,0.3,True,2.3031211145822694,0.27219783496989347,0.14021073314457466,0
13565,28,milp,106,106,none,measured_local,0.030360540957190096,0.3,False,1.8147600421930663,0.2016953805257954,0.12224397561478391,0
13565,28,task_specific,141,141,none,measured_local,7.945892866700888e-05,0.3,False,2.0179150650830735,0.18875562254009068,0.1284276094322718,6
13565,28,rolling,43,43,none,measured_local,1.5830155462026596e-06,0.3,False,1.7957140496543371,0.18707973633277786,0.12233970604954073,0
13565,28,qaoa_transfer,106,170,retain_previous,trace_replayed_qpu,78499.34332,0.3,True,2.2209959413813403,0.23814880977676034,0.13379052786455675,0
13565,29,milp,212,212,none,measured_local,0.02991504198871553,0.3,False,1.8477878732174489,0.20418689935329365,0.12669503044338545,6
13565,29,task_specific,43,43,none,measured_local,6.716698408126831e-05,0.3,False,1.8424545653760567,0.2059868295892082,0.1261049396363475,4
13565,29,rolling,43,43,none,measured_local,1.6659032553434372e-06,0.3,False,1.848263301160362,0.2063959844003593,0.12645535124135843,0
13565,29,qaoa_transfer,106,170,retain_previous,trace_replayed_qpu,84164.25534000002,0.3,True,2.268464262147945,0.2562899251024352,0.1370873985345335,0
13565,30,milp,149,149,none,measured_local,0.03188458306249231,0.3,False,1.823496474881886,0.21432519788415272,0.12470373054731704,2
13565,30,task_specific,43,43,none,measured_local,6.891600787639618e-05,0.3,False,1.851154045642966,0.20812252268908898,0.12728636413440142,0
13565,30,rolling,43,43,none,measured_local,1.70909333974123e-06,0.3,False,1.8527887588859797,0.20809599804978304,0.12743158252900905,0
13565,30,qaoa_transfer,106,170,retain_previous,trace_replayed_qpu,92768.27739999996,0.3,True,2.274702258823419,0.25669570233300554,0.13793660655369863,0
13565,31,milp,149,149,none,measured_local,0.031539499992504716,0.3,False,1.9748991158049116,0.273067783116954,0.13919991187204714,0
13565,31,task_specific,141,141,none,measured_local,6.700004450976849e-05,0.3,False,2.169914328161564,0.2422148335286305,0.14296385974261266,4
13565,31,rolling,43,43,none,measured_local,1.6669509932398796e-06,0.3,False,1.9711029235857904,0.24573913199623165,0.1399322189721495,0
13565,31,qaoa_transfer,106,170,retain_previous,trace_replayed_qpu,114401.84185999991,0.3,True,2.405622809644027,0.292106864578457,0.15048005647058546,0
13565,32,milp,212,212,none,measured_local,0.028315583942458034,0.3,False,1.9065137204054259,0.24501451965737825,0.13426118684837166,2
13565,32,task_specific,139,139,none,measured_local,6.88750296831131e-05,0.3,False,2.1487982530969147,0.2542121057961881,0.13920271799142647,2
13565,32,rolling,43,43,none,measured_local,1.7079291865229607e-06,0.3,False,1.9085814248286195,0.24718358874164287,0.13419007308964476,0
13565,32,qaoa_transfer,106,170,retain_previous,trace_replayed_qpu,207486.516,0.3,True,2.3621419627475237,0.2939933484631424,0.14505307024110067,0
13565,33,milp,149,149,none,measured_local,0.031027124961838126,0.3,False,1.9777943725603506,0.27157898675784575,0.14251501637321148,2
13565,33,task_specific,141,141,none,measured_local,6.929191295057535e-05,0.3,False,2.2390954743518874,0.2576770969006077,0.150363243794853,2
13565,33,rolling,43,43,none,measured_local,1.625041477382183e-06,0.3,False,2.0193209615568826,0.25865193336810105,0.14588953562071547,0
13565,33,qaoa_transfer,149,170,retain_previous,trace_replayed_qpu,0.335999999999996,0.3,True,2.4767584920618226,0.3091500984964224,0.15722854906868808,0
13565,34,milp,149,149,none,measured_local,0.03072491695638746,0.3,False,2.0126475593152304,0.31471244218949956,0.15746985931400875,0
13565,34,task_specific,139,139,none,measured_local,7.350009400397539e-05,0.3,False,2.3971459342314727,0.38212238218052447,0.16400905398717358,2
13565,34,rolling,43,43,none,measured_local,1.708976924419403e-06,0.3,False,2.1046786733710956,0.37408419360147716,0.15850802403892206,0
13565,34,qaoa_transfer,106,170,retain_previous,trace_replayed_qpu,0.40899999999999803,0.3,True,2.66276335397981,0.42290689312423146,0.16994396230154557,0
13565,35,milp,149,149,none,measured_local,0.03160445799585432,0.3,False,2.000485707840708,0.3309529432327362,0.15680368898288077,0
13565,35,task_specific,141,141,none,measured_local,6.849993951618671e-05,0.3,False,2.362158839340339,0.39608380955228395,0.16429004153476842,2
13565,35,rolling,43,43,none,measured_local,1.7499551177024841e-06,0.3,False,2.105554052717587,0.39764423945684546,0.1591044668342774,0
13565,35,qaoa_transfer,149,170,retain_previous,trace_replayed_qpu,0.443999999999996,0.3,True,2.746142163516024,0.457560229849971,0.17305658384949524,0
13565,36,milp,149,149,none,measured_local,0.03262870805338025,0.3,False,1.9942726098124224,0.27577966789830244,0.1441496426960177,0
13565,36,task_specific,153,153,none,measured_local,7.23750563338399e-05,0.3,False,2.398516006872556,0.31049268409974984,0.15559750956839002,2
13565,36,rolling,43,43,none,measured_local,1.6249250620603561e-06,0.3,False,2.0327859169698734,0.3069279523471421,0.14677635131793967,0
13565,36,qaoa_transfer,106,170,retain_previous,trace_replayed_qpu,0.4766599999999973,0.3,True,2.596224048017029,0.37484529073877443,0.1627910540879006,0
13565,37,milp,106,106,none,measured_local,0.032434541964903474,0.3,False,1.9928816594079786,0.28483110563536596,0.13315681524531056,8
13565,37,task_specific,153,153,none,measured_local,7.350009400397539e-05,0.3,False,2.289781757663244,0.24095650700973753,0.1432629001718139,0
13565,37,rolling,43,43,none,measured_local,1.708976924419403e-06,0.3,False,1.9220558200202553,0.26357206960468416,0.13411964792424683,0
13565,37,qaoa_transfer,106,170,retain_previous,trace_replayed_qpu,0.504999999999998,0.3,True,2.367770993076781,0.2497200947970623,0.14820560120042572,0
13565,38,milp,212,212,none,measured_local,0.03213387494906783,0.3,False,1.861757112280701,0.2252805591431177,0.1287201602738477,6
13565,38,task_specific,139,139,none,measured_local,6.800005212426186e-05,0.3,False,2.0892833144809027,0.20486861859026667,0.13455443207900175,2
13565,38,rolling,43,43,none,measured_local,1.5420373529195786e-06,0.3,False,1.8635104535212594,0.2288205588359955,0.1286138955005064,0
13565,38,qaoa_transfer,106,170,retain_previous,trace_replayed_qpu,0.539999999999996,0.3,True,2.2692266124226266,0.23214502397724804,0.13975677482691953,0
13565,39,milp,106,106,none,measured_local,0.03169041592627764,0.3,False,1.850949990427861,0.23507497795943058,0.12579785241370298,6
13565,39,task_specific,43,43,none,measured_local,7.616693619638681e-05,0.3,False,1.8407563692700974,0.21091321021766116,0.12781410180226502,2
13565,39,rolling,43,43,none,measured_local,1.625041477382183e-06,0.3,False,1.840528444261159,0.21304777200777303,0.12767526133803148,0
13565,39,qaoa_transfer,106,170,retain_previous,trace_replayed_qpu,0.575,0.3,True,2.2282407798608617,0.22452247453012059,0.13781816531056568,0
13565,40,milp,43,43,none,measured_local,0.03498562495224178,0.3,False,1.861193539131313,0.21322605141770595,0.12841383218933172,2
13565,40,task_specific,43,43,none,measured_local,7.520802319049835e-05,0.3,False,1.8652567382512868,0.21466079142392586,0.12859390923175246,0
13565,40,rolling,43,43,none,measured_local,1.6669509932398796e-06,0.3,False,1.8652778314486356,0.21516434527356268,0.12858821110652896,0
13565,40,qaoa_transfer,106,170,retain_previous,trace_replayed_qpu,0.6095399999999971,0.3,True,2.2633693964442516,0.24764491024027618,0.13828101949652155,0
13565,41,milp,106,106,none,measured_local,0.030894167022779584,0.3,False,1.7888354860438862,0.2389348643607084,0.1323036833006168,2
13565,41,task_specific,141,141,none,measured_local,7.804203778505325e-05,0.3,False,2.0895755777773823,0.2837510261479351,0.1381160576849681,4
13565,41,rolling,43,43,none,measured_local,1.8329592421650887e-06,0.3,False,1.8913697323033196,0.28864309544276895,0.13495694578621587,0
13565,41,qaoa_transfer,106,170,retain_previous,trace_replayed_qpu,0.630999999999998,0.3,True,2.3729777637928153,0.3325171438657653,0.1449092349111063,0
13565,42,milp,149,149,none,measured_local,0.031238125055097044,0.3,False,1.8014539390175914,0.26439253597997,0.13709588715109716,8
13565,42,task_specific,153,153,none,measured_local,7.158296648412943e-05,0.3,False,2.279977586507035,0.3199912752928841,0.1468233943001353,2
13565,42,rolling,43,43,none,measured_local,1.6249250620603561e-06,0.3,False,1.9170211324682782,0.3184508221694431,0.13965924330758298,0
13565,42,qaoa_transfer,149,170,retain_previous,trace_replayed_qpu,0.639999999999998,0.3,True,2.4607773453203565,0.3733365655723018,0.1516994440948204,0
13565,43,milp,149,149,none,measured_local,0.031017750035971403,0.3,False,1.7957393694213604,0.3201019740147096,0.14072384847543978,0
13565,43,task_specific,102,102,none,measured_local,7.283303420990705e-05,0.3,False,2.3336689933233314,0.3807394256187129,0.15268693966267588,8
13565,43,rolling,43,43,none,measured_local,1.7919810488820076e-06,0.3,False,1.9605098366490443,0.3763779599458277,0.14361302831170694,0
13565,43,qaoa_transfer,149,170,retain_previous,trace_replayed_qpu,0.6909999999999981,0.3,True,2.5669263750358358,0.4374538272937536,0.15720693363300892,0
13565,44,milp,106,106,none,measured_local,0.030412832973524928,0.3,False,1.7962710369420591,0.3184122184651024,0.141005984235534,8
13565,44,task_specific,102,102,none,measured_local,7.800001185387373e-05,0.3,False,2.351013813475204,0.38486934975282694,0.1544542248330833,0
13565,44,rolling,43,43,none,measured_local,1.6669509932398796e-06,0.3,False,1.9726559062087723,0.37911111973080613,0.1451252459162261,0
13565,44,qaoa_transfer,106,170,retain_previous,trace_replayed_qpu,0.8784199999999982,0.3,True,2.6006461784801185,0.4464460458994749,0.1602856593758959,0
13565,45,milp,149,149,none,measured_local,0.027152084046974778,0.3,False,1.8402528142084813,0.40492450489894216,0.15221927592355144,8
13565,45,task_specific,102,102,none,measured_local,0.0001081250375136733,0.3,False,2.4641678678240857,0.47235220772771463,0.1660878453368801,0
13565,45,rolling,43,43,none,measured_local,2.499902620911598e-06,0.3,False,2.073475084305358,0.4672241941147855,0.1566288976552193,0
13565,45,qaoa_transfer,106,170,retain_previous,trace_replayed_qpu,2.1629999999999963,0.3,True,2.7795137981011937,0.5348620357814227,0.17232865446200296,0
13565,46,milp,149,149,none,measured_local,0.032568917027674615,0.3,False,1.90293406659266,0.3631680695374619,0.15175632035521203,0
13565,46,task_specific,77,77,none,measured_local,7.145898416638374e-05,0.3,False,2.2159097352276005,0.41915228282181194,0.16062887333381753,4
13565,46,rolling,43,43,none,measured_local,1.625041477382183e-06,0.3,False,2.1049222586198435,0.4333638639424935,0.15758687710763397,0
13565,46,qaoa_transfer,149,170,retain_previous,trace_replayed_qpu,4.0434,0.3,True,2.794317296011684,0.5077376075792366,0.17523784495252984,0
13572,0,milp,170,170,none,measured_local,0.029208541032858193,0.3,False,0.7385258106453385,0.10003961944164654,0.06197498124290705,0
13572,0,task_specific,43,43,none,measured_local,7.158296648412943e-05,0.3,False,1.256669707508902,0.11037180561964754,0.0721829292141824,2
13572,0,rolling,170,170,none,measured_local,1.959037035703659e-06,0.3,False,0.7385258106453385,0.10003961944164654,0.06197498124290705,0
13572,0,qaoa_transfer,170,170,retain_previous,trace_replayed_qpu,0.443999999999996,0.3,True,0.7385258106453385,0.10003961944164654,0.06197498124290705,0
13572,1,milp,170,170,none,measured_local,0.03134529199451208,0.3,False,0.7388128627720234,0.09807233102948609,0.06192564526613347,0
13572,1,task_specific,43,43,none,measured_local,7.037492468953133e-05,0.3,False,1.2837304721410587,0.11979731380431757,0.07487924268772256,0
13572,1,rolling,170,170,none,measured_local,1.91607978194952e-06,0.3,False,0.7388128627720234,0.09807233102948609,0.06192564526613347,0
13572,1,qaoa_transfer,170,170,retain_previous,trace_replayed_qpu,0.4766599999999973,0.3,True,0.7388128627720234,0.09807233102948609,0.06192564526613347,0
13572,2,milp,170,170,none,measured_local,0.030228290939703584,0.3,False,0.7399932367573356,0.10380130817770483,0.061495321569300584,0
13572,2,task_specific,43,43,none,measured_local,6.924988701939583e-05,0.3,False,1.2874058146385112,0.11925340366599493,0.07511826180352646,0
13572,2,rolling,170,170,none,measured_local,1.834006980061531e-06,0.3,False,0.7399932367573356,0.10380130817770483,0.061495321569300584,0
13572,2,qaoa_transfer,170,170,retain_previous,trace_replayed_qpu,0.504999999999998,0.3,True,0.7399932367573356,0.10380130817770483,0.061495321569300584,0
13572,3,milp,85,85,none,measured_local,0.030867040972225368,0.3,False,0.7341847683097185,0.10092080575553936,0.060262330918933384,8
13572,3,task_specific,43,43,none,measured_local,6.845907773822546e-05,0.3,False,1.2793405967082312,0.11720985050577626,0.07394764536596277,0
13572,3,rolling,170,170,none,measured_local,1.7079291865229607e-06,0.3,False,0.7341847683097185,0.10092080575553936,0.060262330918933384,0
13572,3,qaoa_transfer,85,170,retain_previous,trace_replayed_qpu,0.539999999999996,0.3,True,0.7341847683097185,0.10092080575553936,0.060262330918933384,0
13572,4,milp,85,85,none,measured_local,0.03109454200603068,0.3,False,0.7321972670326413,0.10326597983387045,0.059929619207742965,0
13572,4,task_specific,43,43,none,measured_local,7.112498860806227e-05,0.3,False,1.2765241226000297,0.11582331670154522,0.07355851491770578,0
13572,4,rolling,170,170,none,measured_local,1.7080456018447876e-06,0.3,False,0.7321972670326413,0.10326597983387045,0.059929619207742965,0
13572,4,qaoa_transfer,85,170,retain_previous,trace_replayed_qpu,0.575,0.3,True,0.7321972670326413,0.10326597983387045,0.059929619207742965,0
13572,5,milp,85,85,none,measured_local,0.031102458015084267,0.3,False,0.6384004819720632,0.07657839208728932,0.03982993167581603,0
13572,5,task_specific,43,43,none,measured_local,6.78749056532979e-05,0.3,False,1.1355127784876928,0.08896141486555306,0.05343810306500074,0
13572,5,rolling,170,170,none,measured_local,1.6670674085617065e-06,0.3,False,0.6384004819720632,0.07657839208728932,0.03982993167581603,0
13572,5,qaoa_transfer,170,170,retain_previous,trace_replayed_qpu,0.6095399999999971,0.3,True,0.6384004819720632,0.07657839208728932,0.03982993167581603,0
13572,6,milp,85,85,none,measured_local,0.03143516601994634,0.3,False,0.5189177212625959,0.03350924509037959,0.01596001204930158,0
13572,6,task_specific,43,43,none,measured_local,7.041706703603268e-05,0.3,False,0.9538851060571272,0.05335015595558487,0.028387819462192317,0
13572,6,rolling,170,170,none,measured_local,1.9579892978072166e-06,0.3,False,0.5189177212625959,0.03350924509037959,0.01596001204930158,0
13572,6,qaoa_transfer,85,170,retain_previous,trace_replayed_qpu,0.630999999999998,0.3,True,0.5189177212625959,0.03350924509037959,0.01596001204930158,0
13572,7,milp,85,85,none,measured_local,0.031050040968693793,0.3,False,0.4991252597407003,0.02607410436679311,0.0129729430315649,0
13572,7,task_specific,75,75,none,measured_local,7.158296648412943e-05,0.3,False,0.8646664889082118,0.03838541920598406,0.022257241953124278,2
13572,7,rolling,170,170,none,measured_local,1.7910497263073921e-06,0.3,False,0.4991252597407003,0.02607410436679311,0.0129729430315649,0
13572,7,qaoa_transfer,85,170,retain_previous,trace_replayed_qpu,0.639999999999998,0.3,True,0.4991252597407003,0.02607410436679311,0.0129729430315649,0
13572,8,milp,85,85,none,measured_local,0.03374358301516622,0.3,False,0.4957797923926055,0.02477185036347723,0.01247813149351751,0
13572,8,task_specific,43,43,none,measured_local,6.633298471570015e-05,0.3,False,0.9009706336839657,0.040616741925378785,0.022086723127099597,2
13572,8,rolling,170,170,none,measured_local,1.8749851733446121e-06,0.3,False,0.4957797923926055,0.02477185036347723,0.01247813149351751,0
13572,8,qaoa_transfer,85,170,retain_previous,trace_replayed_qpu,0.6909999999999981,0.3,True,0.4957797923926055,0.02477185036347723,0.01247813149351751,0
13572,9,milp,85,85,none,measured_local,0.03408545802813023,0.3,False,0.6856164430586524,0.08164306432229675,0.05258199480981514,0
13572,9,task_specific,75,75,none,measured_local,7.545901462435722e-05,0.3,False,1.162752537835559,0.09372220555272245,0.0613000178609345,2
13572,9,rolling,170,170,none,measured_local,1.7080456018447876e-06,0.3,False,0.6856164430586524,0.08164306432229675,0.05258199480981514,0
13572,9,qaoa_transfer,170,170,retain_previous,trace_replayed_qpu,0.8784199999999982,0.3,True,0.6856164430586524,0.08164306432229675,0.05258199480981514,0
13572,10,milp,170,170,none,measured_local,0.03027645801194012,0.3,False,0.7208034878152629,0.09509900237162283,0.05801541107646631,8
13572,10,task_specific,43,43,none,measured_local,7.291592191904783e-05,0.3,False,1.2462607544022153,0.10942531572245659,0.06983808271874273,2
13572,10,rolling,170,170,none,measured_local,1.9170111045241356e-06,0.3,False,0.7208034878152629,0.09509900237162283,0.05801541107646631,0
13572,10,qaoa_transfer,170,170,retain_previous,trace_replayed_qpu,2.1629999999999963,0.3,True,0.7208034878152629,0.09509900237162283,0.05801541107646631,0
13572,11,milp,85,85,none,measured_local,0.03377724997699261,0.3,False,0.7402548038990716,0.10585758805762868,0.06102008719538157,8
13572,11,task_specific,43,43,none,measured_local,6.779201794415712e-05,0.3,False,1.2853845396849741,0.11908117106171215,0.07415651886005538,0
13572,11,rolling,170,170,none,measured_local,1.6249250620603561e-06,0.3,False,0.7402548038990716,0.10585758805762868,0.06102008719538157,0
13572,11,qaoa_transfer,85,170,retain_previous,trace_replayed_qpu,4.0434,0.3,True,0.7402548038990716,0.10585758805762868,0.06102008719538157,0
13572,12,milp,85,85,none,measured_local,0.03111337497830391,0.3,False,0.7692314400328834,0.12050347981018254,0.0658563700974768,0
13572,12,task_specific,43,43,none,measured_local,6.912497337907553e-05,0.3,False,1.3313301709543766,0.12937201779711538,0.07948461349212435,0
13572,12,rolling,170,170,none,measured_local,1.8749851733446121e-06,0.3,False,0.7692314400328834,0.12050347981018254,0.0658563700974768,0
13572,12,qaoa_transfer,170,170,retain_previous,trace_replayed_qpu,5.547399999999997,0.3,True,0.7692314400328834,0.12050347981018254,0.0658563700974768,0
13572,13,milp,85,85,none,measured_local,0.032984958961606026,0.3,False,0.8138096595482666,0.14416028461465782,0.0721432860008221,0
13572,13,task_specific,43,43,none,measured_local,7.333396933972836e-05,0.3,False,1.388904698743929,0.14333996583232894,0.08619575427385942,0
13572,13,rolling,170,170,none,measured_local,2.00001522898674e-06,0.3,False,0.8138096595482666,0.14416028461465782,0.0721432860008221,0
13572,13,qaoa_transfer,170,170,retain_previous,trace_replayed_qpu,6.055999999999994,0.3,True,0.8138096595482666,0.14416028461465782,0.0721432860008221,0
13572,14,milp,85,85,none,measured_local,0.03344454104080796,0.3,False,0.8747456898461872,0.18744878856927083,0.08142024148870666,0
13572,14,task_specific,43,43,none,measured_local,6.654206663370132e-05,0.3,False,1.459697314648523,0.18295515579444432,0.09579761746859822,0
13572,14,rolling,170,170,none,measured_local,1.70909333974123e-06,0.3,False,0.8747456898461872,0.18744878856927083,0.08142024148870666,0
13572,14,qaoa_transfer,85,170,retain_previous,trace_replayed_qpu,6.330999999999999,0.3,True,0.8747456898461872,0.18744878856927083,0.08142024148870666,0
13572,15,milp,85,85,none,measured_local,0.03371124994009733,0.3,False,0.9203901206581,0.20771566612317574,0.08913114224615468,0
13572,15,task_specific,105,105,none,measured_local,7.195805665105581e-05,0.3,False,1.8465598124401854,0.24342872972047813,0.10921104274378139,2
13572,15,rolling,170,170,none,measured_local,1.7079291865229607e-06,0.3,False,0.9203901206581,0.20771566612317574,0.08913114224615468,0
13572,15,qaoa_transfer,85,170,retain_previous,trace_replayed_qpu,7.187819999999996,0.3,True,0.9203901206581,0.20771566612317574,0.08913114224615468,0
13572,16,milp,85,85,none,measured_local,0.029139416990801692,0.3,False,0.8993767688549337,0.18649816707980255,0.0855597530164525,0
13572,16,task_specific,43,43,none,measured_local,7.175002247095108e-05,0.3,False,1.4979272725621526,0.18380644803428342,0.10082532974351106,2
13572,16,rolling,170,170,none,measured_local,2.040993422269821e-06,0.3,False,0.8993767688549337,0.18649816707980255,0.0855597530164525,0
13572,16,qaoa_transfer,85,170,retain_previous,trace_replayed_qpu,8.200759999999997,0.3,True,0.8993767688549337,0.18649816707980255,0.0855597530164525,0
13572,17,milp,85,85,none,measured_local,0.03346454200800508,0.3,False,0.8861340652349172,0.1732211994614853,0.08383441922137334,0
13572,17,task_specific,105,105,none,measured_local,6.987503729760647e-05,0.3,False,1.77241393437459,0.20918673820264114,0.10403717321585365,2
13572,17,rolling,170,170,none,measured_local,1.9170111045241356e-06,0.3,False,0.8861340652349172,0.1732211994614853,0.08383441922137334,0
13572,17,qaoa_transfer,170,170,retain_previous,trace_replayed_qpu,12.541100000000005,0.3,True,0.8861340652349172,0.1732211994614853,0.08383441922137334,0
13572,18,milp,85,85,none,measured_local,0.03428941604215652,0.3,False,0.8788978819011207,0.16541592164474214,0.08241585163087294,0
13572,18,task_specific,43,43,none,measured_local,6.87920255586505e-05,0.3,False,1.4702651876133612,0.1626628736247919,0.09735157634330446,2
13572,18,rolling,170,170,none,measured_local,1.8749851733446121e-06,0.3,False,0.8788978819011207,0.16541592164474214,0.08241585163087294,0
13572,18,qaoa_transfer,170,170,retain_previous,trace_replayed_qpu,13.504399999999997,0.3,True,0.8788978819011207,0.16541592164474214,0.08241585163087294,0
13572,19,milp,170,170,none,measured_local,0.027532582986168563,0.3,False,0.8838271035107309,0.1610569260378533,0.08353494704752801,8
13572,19,task_specific,105,105,none,measured_local,7.141695823520422e-05,0.3,False,1.7486617885054696,0.1948988905877253,0.10312068391813208,2
13572,19,rolling,170,170,none,measured_local,1.6669509932398796e-06,0.3,False,0.8838271035107309,0.1610569260378533,0.08353494704752801,0
13572,19,qaoa_transfer,170,170,retain_previous,trace_replayed_qpu,14.101619999999999,0.3,True,0.8838271035107309,0.1610569260378533,0.08353494704752801,0
13572,20,milp,170,170,none,measured_local,0.03104762500151992,0.3,False,0.8792973045486183,0.1601585001880885,0.08280817758776826,0
13572,20,task_specific,43,43,none,measured_local,7.862492930144072e-05,0.3,False,1.4690039726089916,0.15707528844617832,0.09759157251030923,2
13572,20,rolling,170,170,none,measured_local,1.9579892978072166e-06,0.3,False,0.8792973045486183,0.1601585001880885,0.08280817758776826,0
13572,20,qaoa_transfer,170,170,retain_previous,trace_replayed_qpu,15.422199999999988,0.3,True,0.8792973045486183,0.1601585001880885,0.08280817758776826,0
13572,21,milp,170,170,none,measured_local,0.03543562500271946,0.3,False,0.8608468053004742,0.15237495343340818,0.07981993261371545,0
13572,21,task_specific,105,105,none,measured_local,6.77499920129776e-05,0.3,False,1.7110110771588611,0.18560098675904066,0.09927613699561627,2
13572,21,rolling,170,170,none,measured_local,1.6660196706652641e-06,0.3,False,0.8608468053004742,0.15237495343340818,0.07981993261371545,0
13572,21,qaoa_transfer,85,170,retain_previous,trace_replayed_qpu,18.579039999999992,0.3,True,0.8608468053004742,0.15237495343340818,0.07981993261371545,0
13572,22,milp,85,85,none,measured_local,0.03540041600354016,0.3,False,0.859802679748678,0.1504152148854164,0.07993367013251186,8
13572,22,task_specific,43,43,none,measured_local,7.079192437231541e-05,0.3,False,1.4388348657549768,0.14782486836354847,0.09444452397729995,2
13572,22,rolling,170,170,none,measured_local,1.9170111045241356e-06,0.3,False,0.859802679748678,0.1504152148854164,0.07993367013251186,0
13572,22,qaoa_transfer,170,170,retain_previous,trace_replayed_qpu,23.035399999999996,0.3,True,0.859802679748678,0.1504152148854164,0.07993367013251186,0
13572,23,milp,85,85,none,measured_local,0.026564041036181152,0.3,False,0.875017592289737,0.1563934390121476,0.08152006699371694,0
13572,23,task_specific,105,105,none,measured_local,7.570895832031965e-05,0.3,False,1.7093039632781477,0.1830380664616025,0.1006405941639987,2
13572,23,rolling,170,170,none,measured_local,1.5409896150231361e-06,0.3,False,0.875017592289737,0.1563934390121476,0.08152006699371694,0
13572,23,qaoa_transfer,170,170,retain_previous,trace_replayed_qpu,27.161999999999995,0.3,True,0.875017592289737,0.1563934390121476,0.08152006699371694,0
13572,24,milp,170,170,none,measured_local,0.027113292017020285,0.3,False,0.8531313808600581,0.1450685520788294,0.07855043980724342,8
13572,24,task_specific,43,43,none,measured_local,7.083301898092031e-05,0.3,False,1.4265427150746661,0.14255941931175892,0.09287435250144935,2
13572,24,rolling,170,170,none,measured_local,1.584063284099102e-06,0.3,False,0.8531313808600581,0.1450685520788294,0.07855043980724342,0
13572,24,qaoa_transfer,85,170,retain_previous,trace_replayed_qpu,32.99244000000001,0.3,True,0.8531313808600581,0.1450685520788294,0.07855043980724342,0
13572,25,milp,85,85,none,measured_local,0.026640249998308718,0.3,False,0.8432399347218991,0.1403817589932154,0.07700328452150146,8
13572,25,task_specific,105,105,none,measured_local,7.483398076146841e-05,0.3,False,1.6734771725903177,0.17224928386385668,0.09569256147720642,2
13572,25,rolling,170,170,none,measured_local,1.5830155462026596e-06,0.3,False,0.8432399347218991,0.1403817589932154,0.07700328452150146,0
13572,25,qaoa_transfer,85,170,retain_previous,trace_replayed_qpu,36.903020000000005,0.3,True,0.8432399347218991,0.1403817589932154,0.07700328452150146,0
13572,26,milp,170,170,none,measured_local,0.030956708011217415,0.3,False,0.8488237048501032,0.14584063719119994,0.07780599836804748,8
13572,26,task_specific,43,43,none,measured_local,7.558299694210291e-05,0.3,False,1.42787734903711,0.1482468617861667,0.09208904689140371,2
13572,26,rolling,170,170,none,measured_local,1.9170111045241356e-06,0.3,False,0.8488237048501032,0.14584063719119994,0.07780599836804748,0
13572,26,qaoa_transfer,170,170,retain_previous,trace_replayed_qpu,39.999480000000005,0.3,True,0.8488237048501032,0.14584063719119994,0.07780599836804748,0
13572,27,milp,170,170,none,measured_local,0.030949082924053073,0.3,False,0.8787471010608559,0.1578840412669733,0.08390809262125257,0
13572,27,task_specific,105,105,none,measured_local,7.079204078763723e-05,0.3,False,1.7412630613421076,0.18992008808956443,0.10285802535323668,2
13572,27,rolling,170,170,none,measured_local,1.625041477382183e-06,0.3,False,0.8787471010608559,0.1578840412669733,0.08390809262125257,0
13572,27,qaoa_transfer,85,170,retain_previous,trace_replayed_qpu,44.07458,0.3,True,0.8787471010608559,0.1578840412669733,0.08390809262125257,0
13572,28,milp,85,85,none,measured_local,0.038088624947704375,0.3,False,0.898543107839691,0.17288888947764774,0.0854061775265214,8
13572,28,task_specific,43,43,none,measured_local,7.512501906603575e-05,0.3,False,1.491061118567715,0.1698484965930029,0.10007591539689001,2
13572,28,rolling,170,170,none,measured_local,1.8749851733446121e-06,0.3,False,0.898543107839691,0.17288888947764774,0.0854061775265214,0
13572,28,qaoa_transfer,85,170,retain_previous,trace_replayed_qpu,48.63859999999999,0.3,True,0.898543107839691,0.17288888947764774,0.0854061775265214,0
13572,29,milp,85,85,none,measured_local,0.03410929208621383,0.3,False,0.8825952409867837,0.15296967646618792,0.08362607769599228,0
13572,29,task_specific,105,105,none,measured_local,6.812508217990398e-05,0.3,False,1.7447582652983684,0.18696745976143025,0.10338393132930297,2
13572,29,rolling,170,170,none,measured_local,1.6660196706652641e-06,0.3,False,0.8825952409867837,0.15296967646618792,0.08362607769599228,0
13572,29,qaoa_transfer,85,170,retain_previous,trace_replayed_qpu,56.77331999999998,0.3,True,0.8825952409867837,0.15296967646618792,0.08362607769599228,0
13572,30,milp,85,85,none,measured_local,0.029085958027280867,0.3,False,0.8889258230509074,0.15351837443354793,0.08453988102466958,0
13572,30,task_specific,43,43,none,measured_local,6.679201032966375e-05,0.3,False,1.482956225883708,0.1606306665991036,0.09946874837544545,2
13572,30,rolling,170,170,none,measured_local,1.7920974642038345e-06,0.3,False,0.8889258230509074,0.15351837443354793,0.08453988102466958,0
13572,30,qaoa_transfer,85,170,retain_previous,trace_replayed_qpu,61.09708,0.3,True,0.8889258230509074,0.15351837443354793,0.08453988102466958,0
13572,31,milp,85,85,none,measured_local,0.03161445795558393,0.3,False,0.8909086967259573,0.15988875855234766,0.08476064557627269,0
13572,31,task_specific,105,105,none,measured_local,7.399998139590025e-05,0.3,False,1.7391160639897645,0.18365345996433913,0.10408985372638255,2
13572,31,rolling,170,170,none,measured_local,1.625041477382183e-06,0.3,False,0.8909086967259573,0.15988875855234766,0.08476064557627269,0
13572,31,qaoa_transfer,85,170,retain_previous,trace_replayed_qpu,68.18,0.3,True,0.8909086967259573,0.15988875855234766,0.08476064557627269,0
13572,32,milp,85,85,none,measured_local,0.03116237500216812,0.3,False,0.9135303628966291,0.1764392407029607,0.08737271741814893,0
13572,32,task_specific,43,43,none,measured_local,7.366691716015339e-05,0.3,False,1.4913888105847917,0.1669610594508842,0.10205678076809116,2
13572,32,rolling,170,170,none,measured_local,1.8329592421650887e-06,0.3,False,0.9135303628966291,0.1764392407029607,0.08737271741814893,0
13572,32,qaoa_transfer,170,170,retain_previous,trace_replayed_qpu,78.43212000000001,0.3,True,0.9135303628966291,0.1764392407029607,0.08737271741814893,0
13572,33,milp,170,170,none,measured_local,0.025743457954376936,0.3,False,0.9085363547456241,0.17262353675037867,0.08695075907241573,8
13572,33,task_specific,105,105,none,measured_local,6.983394268900156e-05,0.3,False,1.7759850631996799,0.20620599850831006,0.1060058546803756,2
13572,33,rolling,170,170,none,measured_local,1.70909333974123e-06,0.3,False,0.9085363547456241,0.17262353675037867,0.08695075907241573,0
13572,33,qaoa_transfer,170,170,retain_previous,trace_replayed_qpu,84.46360000000003,0.3,True,0.9085363547456241,0.17262353675037867,0.08695075907241573,0
13572,34,milp,170,170,none,measured_local,0.026580916019156575,0.3,False,0.91496506929722,0.18633953867666203,0.0892259088686406,0
13572,34,task_specific,43,43,none,measured_local,7.087504491209984e-05,0.3,False,1.5224718120451268,0.18313942488537574,0.10391670709443548,2
13572,34,rolling,170,170,none,measured_local,1.7910497263073921e-06,0.3,False,0.91496506929722,0.18633953867666203,0.0892259088686406,0
13572,34,qaoa_transfer,85,170,retain_previous,trace_replayed_qpu,96.76627999999998,0.3,True,0.91496506929722,0.18633953867666203,0.0892259088686406,0
13572,35,milp,170,170,none,measured_local,0.032192875049076974,0.3,False,0.9576505303284559,0.22080438389525886,0.09454912673243052,0
13572,35,task_specific,105,105,none,measured_local,7.075001485645771e-05,0.3,False,1.8956789275499504,0.2557903794850064,0.11505627505066902,2
13572,35,rolling,170,170,none,measured_local,1.7079291865229607e-06,0.3,False,0.9576505303284559,0.22080438389525886,0.09454912673243052,0
13572,35,qaoa_transfer,170,170,retain_previous,trace_replayed_qpu,111.99626,0.3,True,0.9576505303284559,0.22080438389525886,0.09454912673243052,0
13572,36,milp,85,85,none,measured_local,0.030089500010944903,0.3,False,0.9546616017798528,0.20298211276745246,0.09305376325821141,8
13572,36,task_specific,43,43,none,measured_local,6.954092532396317e-05,0.3,False,1.5615198694837813,0.19956734731217435,0.10839943337194792,2
13572,36,rolling,170,170,none,measured_local,1.7499551177024841e-06,0.3,False,0.9546616017798528,0.20298211276745246,0.09305376325821141,0
13572,36,qaoa_transfer,170,170,retain_previous,trace_replayed_qpu,131.08151999999998,0.3,True,0.9546616017798528,0.20298211276745246,0.09305376325821141,0
13572,37,milp,85,85,none,measured_local,0.028116957983002067,0.3,False,0.895190792422187,0.1823554651985433,0.08420404004449633,0
13572,37,task_specific,105,105,none,measured_local,6.770901381969452e-05,0.3,False,1.7867361016393795,0.21878097007985414,0.10457386200509666,2
13572,37,rolling,170,170,none,measured_local,1.8749851733446121e-06,0.3,False,0.895190792422187,0.1823554651985433,0.08420404004449633,0
13572,37,qaoa_transfer,85,170,retain_previous,trace_replayed_qpu,150.73899999999998,0.3,True,0.895190792422187,0.1823554651985433,0.08420404004449633,0
13572,38,milp,170,170,none,measured_local,0.03348762507084757,0.3,False,0.8595762734101853,0.16034876616924587,0.07985476981055467,8
13572,38,task_specific,43,43,none,measured_local,6.52919989079237e-05,0.3,False,1.4604656505909062,0.16116671978000785,0.09473903482817317,2
13572,38,rolling,170,170,none,measured_local,1.625041477382183e-06,0.3,False,0.8595762734101853,0.16034876616924587,0.07985476981055467,0
13572,38,qaoa_transfer,170,170,retain_previous,trace_replayed_qpu,171.1178000000002,0.3,True,0.8595762734101853,0.16034876616924587,0.07985476981055467,0
13572,39,milp,170,170,none,measured_local,0.03427591605577618,0.3,False,0.8688113379457476,0.16168240056660987,0.08088940683525463,0
13572,39,task_specific,105,105,none,measured_local,6.808305624872446e-05,0.3,False,1.7433222868191143,0.19432233303111837,0.10067588232338137,2
13572,39,rolling,170,170,none,measured_local,1.6670674085617065e-06,0.3,False,0.8688113379457476,0.16168240056660987,0.08088940683525463,0
13572,39,qaoa_transfer,170,170,retain_previous,trace_replayed_qpu,187.011,0.3,True,0.8688113379457476,0.16168240056660987,0.08088940683525463,0
13572,40,milp,170,170,none,measured_local,0.030223125009797513,0.3,False,0.8623147509581603,0.15554013350992035,0.0807827834486437,0
13572,40,task_specific,43,43,none,measured_local,6.891705561429262e-05,0.3,False,1.4656401594212423,0.1569702210074291,0.09586525540928505,2
13572,40,rolling,170,170,none,measured_local,1.8329592421650887e-06,0.3,False,0.8623147509581603,0.15554013350992035,0.0807827834486437,0
13572,40,qaoa_transfer,85,170,retain_previous,trace_replayed_qpu,208.24779999999996,0.3,True,0.8623147509581603,0.15554013350992035,0.0807827834486437,0
13572,41,milp,170,170,none,measured_local,0.034524125047028065,0.3,False,0.8502198741987228,0.15276338304917603,0.07864536877395402,0
13572,41,task_specific,105,105,none,measured_local,6.912497337907553e-05,0.3,False,1.7157674273932004,0.1856629108341987,0.09825118439019795,2
13572,41,rolling,170,170,none,measured_local,1.7079291865229607e-06,0.3,False,0.8502198741987228,0.15276338304917603,0.07864536877395402,0
13572,41,qaoa_transfer,85,170,retain_previous,trace_replayed_qpu,246.85518000000008,0.3,True,0.8502198741987228,0.15276338304917603,0.07864536877395402,0
13572,42,milp,170,170,none,measured_local,0.03456887498032302,0.3,False,0.8541421011248465,0.16040716371201796,0.07840549685496807,0
13572,42,task_specific,43,43,none,measured_local,7.341708987951279e-05,0.3,False,1.4559689425764066,0.16414579335800245,0.09340598551173837,2
13572,42,rolling,170,170,none,measured_local,1.834006980061531e-06,0.3,False,0.8541421011248465,0.16040716371201796,0.07840549685496807,0
13572,42,qaoa_transfer,170,170,retain_previous,trace_replayed_qpu,292.81968,0.3,True,0.8541421011248465,0.16040716371201796,0.07840549685496807,0
13572,43,milp,170,170,none,measured_local,0.032879124977625906,0.3,False,0.8286904960821204,0.1496601358967544,0.07480355252812115,0
13572,43,task_specific,105,105,none,measured_local,6.53750030323863e-05,0.3,False,1.6933201415384889,0.18203761620774098,0.09457652282124136,2
13572,43,rolling,170,170,none,measured_local,1.5830155462026596e-06,0.3,False,0.8286904960821204,0.1496601358967544,0.07480355252812115,0
13572,43,qaoa_transfer,170,170,retain_previous,trace_replayed_qpu,344.2418000000001,0.3,True,0.8286904960821204,0.1496601358967544,0.07480355252812115,0
13572,44,milp,170,170,none,measured_local,0.030866209068335593,0.3,False,0.7982336369232303,0.13569612228632877,0.070017262402053,0
13572,44,task_specific,43,43,none,measured_local,6.854208186268806e-05,0.3,False,1.375184249257944,0.140681735385302,0.08487127362527752,2
13572,44,rolling,170,170,none,measured_local,1.8749851733446121e-06,0.3,False,0.7982336369232303,0.13569612228632877,0.070017262402053,0
13572,44,qaoa_transfer,170,170,retain_previous,trace_replayed_qpu,414.7057599999997,0.3,True,0.7982336369232303,0.13569612228632877,0.070017262402053,0
13572,45,milp,85,85,none,measured_local,0.030873333103954792,0.3,False,0.7846812795321458,0.12344958191238689,0.06839334092308076,8
13572,45,task_specific,43,43,none,measured_local,6.89580338075757e-05,0.3,False,1.36529407282379,0.1470020493997511,0.0828171062314486,0
13572,45,rolling,170,170,none,measured_local,1.7499551177024841e-06,0.3,False,0.7846812795321458,0.12344958191238689,0.06839334092308076,0
13572,45,qaoa_transfer,85,170,retain_previous,trace_replayed_qpu,490.81076,0.3,True,0.7846812795321458,0.12344958191238689,0.06839334092308076,0
13572,46,milp,85,85,none,measured_local,0.0403379580238834,0.3,False,0.7820359631377928,0.12355158884153018,0.06730453198830365,0
13572,46,task_specific,43,43,none,measured_local,6.983301136642694e-05,0.3,False,1.355257330773286,0.14060580379699922,0.08181985182059476,0
13572,46,rolling,170,170,none,measured_local,1.5830155462026596e-06,0.3,False,0.7820359631377928,0.12355158884153018,0.06730453198830365,0
13572,46,qaoa_transfer,170,170,retain_previous,trace_replayed_qpu,562.5450000000001,0.3,True,0.7820359631377928,0.12355158884153018,0.06730453198830365,0
13607,0,milp,85,85,none,measured_local,0.029294874984771013,0.3,False,0.7558104722210843,0.1296022178181115,0.08498493493452329,8
13607,0,task_specific,165,165,none,measured_local,6.958295125514269e-05,0.3,False,1.164379030189664,0.1458836377601807,0.09489039830274847,4
13607,0,rolling,170,170,none,measured_local,1.6249250620603561e-06,0.3,False,0.7558104722210843,0.1296022178181115,0.08498493493452329,0
13607,0,qaoa_transfer,170,170,retain_previous,trace_replayed_qpu,22301.84380000001,0.3,True,0.7558104722210843,0.1296022178181115,0.08498493493452329,0
13607,1,milp,170,170,none,measured_local,0.030248958966694772,0.3,False,0.7703955087105591,0.12302582879055315,0.0833077618055271,8
13607,1,task_specific,165,165,none,measured_local,7.358298171311617e-05,0.3,False,1.1606332375003654,0.14005570877750934,0.0935219757547416,0
13607,1,rolling,170,170,none,measured_local,2.0829029381275177e-06,0.3,False,0.7703955087105591,0.12302582879055315,0.0833077618055271,0
13607,1,qaoa_transfer,85,170,retain_previous,trace_replayed_qpu,26988.115000000023,0.3,True,0.7703955087105591,0.12302582879055315,0.0833077618055271,0
13607,2,milp,170,170,none,measured_local,0.03133670799434185,0.3,False,0.7711099660296816,0.12533521807421033,0.08283488771776398,0
13607,2,task_specific,165,165,none,measured_local,0.00014249992091208696,0.3,False,1.1532032161169208,0.14133432743720148,0.09259083093750914,0
13607,2,rolling,170,170,none,measured_local,2.624932676553726e-06,0.3,False,0.7711099660296816,0.12533521807421033,0.08283488771776398,0
13607,2,qaoa_transfer,85,170,retain_previous,trace_replayed_qpu,30066.683,0.3,True,0.7711099660296816,0.12533521807421033,0.08283488771776398,0
13607,3,milp,170,170,none,measured_local,0.03446491598151624,0.3,False,0.7658629844556382,0.11687153384074139,0.08097774915074205,0
13607,3,task_specific,165,165,none,measured_local,7.604202255606651e-05,0.3,False,1.1349414235331925,0.1331069675232531,0.09053008040292301,0
13607,3,rolling,170,170,none,measured_local,1.8749851733446121e-06,0.3,False,0.7658629844556382,0.11687153384074139,0.08097774915074205,0
13607,3,qaoa_transfer,170,170,retain_previous,trace_replayed_qpu,33372.02029999999,0.3,True,0.7658629844556382,0.11687153384074139,0.08097774915074205,0
13607,4,milp,170,170,none,measured_local,0.032709458959288895,0.3,False,0.7492265249420209,0.1089538878798387,0.07623407461139095,0
13607,4,task_specific,165,165,none,measured_local,6.870797369629145e-05,0.3,False,1.1003364870699441,0.11798512398702468,0.08546103558832982,0
13607,4,rolling,170,170,none,measured_local,1.7919810488820076e-06,0.3,False,0.7492265249420209,0.1089538878798387,0.07623407461139095,0
13607,4,qaoa_transfer,170,170,retain_previous,trace_replayed_qpu,38236.33444,0.3,True,0.7492265249420209,0.1089538878798387,0.07623407461139095,0
13607,5,milp,170,170,none,measured_local,0.03226450004149228,0.3,False,0.6414810016545334,0.08422675061104642,0.04639316312355052,0
13607,5,task_specific,90,90,none,measured_local,7.37080117687583e-05,0.3,False,0.9217119273256701,0.07920589575792293,0.0551709121767486,8
13607,5,rolling,170,170,none,measured_local,1.6660196706652641e-06,0.3,False,0.6414810016545334,0.08422675061104642,0.04639316312355052,0
13607,5,qaoa_transfer,85,170,retain_previous,trace_replayed_qpu,40437.89090000001,0.3,True,0.6414810016545334,0.08422675061104642,0.04639316312355052,0
13607,6,milp,85,85,none,measured_local,0.029785583028569818,0.3,False,0.5144347348046707,0.04927621164923359,0.01603702504136333,8
13607,6,task_specific,90,90,none,measured_local,7.075001485645771e-05,0.3,False,0.7307186048022727,0.040285937112302356,0.02304279818314175,0
13607,6,rolling,170,170,none,measured_local,1.70909333974123e-06,0.3,False,0.5144347348046707,0.04927621164923359,0.01603702504136333,0
13607,6,qaoa_transfer,170,170,retain_previous,trace_replayed_qpu,43481.44719999998,0.3,True,0.5144347348046707,0.04927621164923359,0.01603702504136333,0
13607,7,milp,85,85,none,measured_local,0.03310816700104624,0.3,False,0.48643224496904663,0.039634486008682565,0.012860868370116766,0
13607,7,task_specific,90,90,none,measured_local,7.150007877498865e-05,0.3,False,0.6980125260949315,0.03166356667987627,0.018267965120056816,0
13607,7,rolling,170,170,none,measured_local,1.8329592421650887e-06,0.3,False,0.48643224496904663,0.039634486008682565,0.012860868370116766,0
13607,7,qaoa_transfer,85,170,retain_previous,trace_replayed_qpu,48527.47675999998,0.3,True,0.48643224496904663,0.039634486008682565,0.012860868370116766,0
13607,8,milp,85,85,none,measured_local,0.032281958032399416,0.3,False,0.48016078271224866,0.0374327695670829,0.012160806124226166,0
13607,8,task_specific,90,90,none,measured_local,6.870797369629145e-05,0.3,False,0.6923058381729441,0.03014667887999805,0.01745031315237329,0
13607,8,rolling,170,170,none,measured_local,1.7499551177024841e-06,0.3,False,0.48016078271224866,0.0374327695670829,0.012160806124226166,0
13607,8,qaoa_transfer,85,170,retain_previous,trace_replayed_qpu,53384.057600000044,0.3,True,0.48016078271224866,0.0374327695670829,0.012160806124226166,0
13607,9,milp,85,85,none,measured_local,0.033683624933473766,0.3,False,0.6802168746882676,0.08743726523488288,0.06581651956780621,0
13607,9,task_specific,90,90,none,measured_local,6.937503349035978e-05,0.3,False,1.0059896013638383,0.08948390852281447,0.0711201459543236,0
13607,9,rolling,170,170,none,measured_local,1.9170111045241356e-06,0.3,False,0.6802168746882676,0.08743726523488288,0.06581651956780621,0
13607,9,qaoa_transfer,85,170,retain_previous,trace_replayed_qpu,57209.42362000002,0.3,True,0.6802168746882676,0.08743726523488288,0.06581651956780621,0
13607,10,milp,85,85,none,measured_local,0.029110791976563632,0.3,False,0.730842067029359,0.10281690049701903,0.0726179218672067,0
13607,10,task_specific,90,90,none,measured_local,7.179100066423416e-05,0.3,False,1.0706315760610559,0.10338465495414882,0.08076224003409596,0
13607,10,rolling,170,170,none,measured_local,1.7919810488820076e-06,0.3,False,0.730842067029359,0.10281690049701903,0.0726179218672067,0
13607,10,qaoa_transfer,85,170,retain_previous,trace_replayed_qpu,61686.31511999999,0.3,True,0.730842067029359,0.10281690049701903,0.0726179218672067,0
13607,11,milp,170,170,none,measured_local,0.029561083065345883,0.3,False,0.7491572390221939,0.10758131359316883,0.07589605167573397,8
13607,11,task_specific,90,90,none,measured_local,8.058291859924793e-05,0.3,False,1.0959100527505792,0.11354854454169513,0.08439078940152639,0
13607,11,rolling,170,170,none,measured_local,1.8749851733446121e-06,0.3,False,0.7491572390221939,0.10758131359316883,0.07589605167573397,0
13607,11,qaoa_transfer,85,170,retain_previous,trace_replayed_qpu,66510.1831,0.3,True,0.7491572390221939,0.10758131359316883,0.07589605167573397,0
13607,12,milp,85,85,none,measured_local,0.02913533302489668,0.3,False,0.7651940496470018,0.10973872983332611,0.07956643097555485,8
13607,12,task_specific,90,90,none,measured_local,7.883296348154545e-05,0.3,False,1.1231540374375197,0.12278764976728399,0.08823525131876447,0
13607,12,rolling,170,170,none,measured_local,1.7499551177024841e-06,0.3,False,0.7651940496470018,0.10973872983332611,0.07956643097555485,0
13607,12,qaoa_transfer,170,170,retain_previous,trace_replayed_qpu,71306.33684000002,0.3,True,0.7651940496470018,0.10973872983332611,0.07956643097555485,0
13607,13,milp,170,170,none,measured_local,0.03181404201313853,0.3,False,0.7757702152152345,0.11445193959451444,0.08600485124117503,8
13607,13,task_specific,90,90,none,measured_local,7.087504491209984e-05,0.3,False,1.1685066662283907,0.13398536613910186,0.09495385093593799,0
13607,13,rolling,170,170,none,measured_local,1.7919810488820076e-06,0.3,False,0.7757702152152345,0.11445193959451444,0.08600485124117503,0
13607,13,qaoa_transfer,170,170,retain_previous,trace_replayed_qpu,74863.04220000001,0.3,True,0.7757702152152345,0.11445193959451444,0.08600485124117503,0
13607,14,milp,170,170,none,measured_local,0.03790987504180521,0.3,False,0.7742531837122926,0.11306283093917455,0.08435675538038086,0
13607,14,task_specific,90,90,none,measured_local,6.829097401350737e-05,0.3,False,1.1551174840439906,0.12330341523131849,0.09417516665570977,0
13607,14,rolling,170,170,none,measured_local,1.7079291865229607e-06,0.3,False,0.7742531837122926,0.11306283093917455,0.08435675538038086,0
13607,14,qaoa_transfer,85,170,retain_previous,trace_replayed_qpu,78499.34332,0.3,True,0.7742531837122926,0.11306283093917455,0.08435675538038086,0
13607,15,milp,85,85,none,measured_local,0.0320243340684101,0.3,False,0.7837837080661217,0.11704251079436126,0.08791882959280731,8
13607,15,task_specific,90,90,none,measured_local,6.94170594215393e-05,0.3,False,1.1806487841154483,0.1292092631044525,0.09744043710109976,0
13607,15,rolling,170,170,none,measured_local,1.9170111045241356e-06,0.3,False,0.7837837080661217,0.11704251079436126,0.08791882959280731,0
13607,15,qaoa_transfer,170,170,retain_previous,trace_replayed_qpu,84164.25534000002,0.3,True,0.7837837080661217,0.11704251079436126,0.08791882959280731,0
13607,16,milp,170,170,none,measured_local,0.031794375041499734,0.3,False,0.8107665150273224,0.12740856621487195,0.09246959270165304,8
13607,16,task_specific,90,90,none,measured_local,7.116701453924179e-05,0.3,False,1.2139418457752271,0.13705533165551012,0.1023912196028862,0
13607,16,rolling,170,170,none,measured_local,1.750071533024311e-06,0.3,False,0.8107665150273224,0.12740856621487195,0.09246959270165304,0
13607,16,qaoa_transfer,170,170,retain_previous,trace_replayed_qpu,92768.27739999996,0.3,True,0.8107665150273224,0.12740856621487195,0.09246959270165304,0
13607,17,milp,170,170,none,measured_local,0.02790883299894631,0.3,False,0.8347279615370731,0.14832796358186023,0.09644416287568305,0
13607,17,task_specific,90,90,none,measured_local,6.570899859070778e-05,0.3,False,1.2465814229544339,0.14624251518625977,0.10652354614438067,0
13607,17,rolling,170,170,none,measured_local,1.7920974642038345e-06,0.3,False,0.8347279615370731,0.14832796358186023,0.09644416287568305,0
13607,17,qaoa_transfer,85,170,retain_previous,trace_replayed_qpu,114401.84185999991,0.3,True,0.8347279615370731,0.14832796358186023,0.09644416287568305,0
13607,18,milp,85,85,none,measured_local,0.03276841691695154,0.3,False,0.8040475965070113,0.12331412243568729,0.09595569903842682,8
13607,18,task_specific,90,90,none,measured_local,6.720901001244783e-05,0.3,False,1.235694955425111,0.1603629487276865,0.10625203557386084,0
13607,18,rolling,170,170,none,measured_local,1.7080456018447876e-06,0.3,False,0.8040475965070113,0.12331412243568729,0.09595569903842682,0
13607,18,qaoa_transfer,170,170,retain_previous,trace_replayed_qpu,207486.516,0.3,True,0.8040475965070113,0.12331412243568729,0.09595569903842682,0
13607,19,milp,85,85,none,measured_local,0.02697258396074176,0.3,False,0.8247070984166598,0.1283529436306866,0.09867618991267528,0
13607,19,task_specific,90,90,none,measured_local,6.762496195733547e-05,0.3,False,1.262083181169615,0.15406916566387224,0.10946737388562777,0
13607,19,rolling,170,170,none,measured_local,1.750071533024311e-06,0.3,False,0.8247070984166598,0.1283529436306866,0.09867618991267528,0
13607,19,qaoa_transfer,170,170,retain_previous,trace_replayed_qpu,0.335999999999996,0.3,True,0.8247070984166598,0.1283529436306866,0.09867618991267528,0
13607,20,milp,170,170,none,measured_local,0.02814508299343288,0.3,False,0.8162289388970179,0.12957416029212696,0.0960801774604165,8
13607,20,task_specific,90,90,none,measured_local,6.912497337907553e-05,0.3,False,1.2367278572069442,0.13537643739918076,0.10701457952924037,0
13607,20,rolling,170,170,none,measured_local,1.7919810488820076e-06,0.3,False,0.8162289388970179,0.12957416029212696,0.0960801774604165,0
13607,20,qaoa_transfer,85,170,retain_previous,trace_replayed_qpu,0.40899999999999803,0.3,True,0.8162289388970179,0.12957416029212696,0.0960801774604165,0
13607,21,milp,85,85,none,measured_local,0.03303799999412149,0.3,False,0.8118412283867782,0.1268631475731612,0.09751822347242545,8
13607,21,task_specific,90,90,none,measured_local,8.66670161485672e-05,0.3,False,1.2366728326269423,0.14484130897497544,0.1080306964301736,0
13607,21,rolling,170,170,none,measured_local,1.8329592421650887e-06,0.3,False,0.8118412283867782,0.1268631475731612,0.09751822347242545,0
13607,21,qaoa_transfer,85,170,retain_previous,trace_replayed_qpu,0.443999999999996,0.3,True,0.8118412283867782,0.1268631475731612,0.09751822347242545,0
13607,22,milp,170,170,none,measured_local,0.024219124927185476,0.3,False,0.820164644452619,0.13004871864985335,0.09707103070966945,8
13607,22,task_specific,90,90,none,measured_local,6.71660527586937e-05,0.3,False,1.244256133635262,0.14748114689173572,0.10769182081567355,0
13607,22,rolling,170,170,none,measured_local,1.8329592421650887e-06,0.3,False,0.820164644452619,0.13004871864985335,0.09707103070966945,0
13607,22,qaoa_transfer,170,170,retain_previous,trace_replayed_qpu,0.4766599999999973,0.3,True,0.820164644452619,0.13004871864985335,0.09707103070966945,0
13607,23,milp,170,170,none,measured_local,0.02414229093119502,0.3,False,0.8257868969736566,0.13696155817336714,0.09721661611131549,0
13607,23,task_specific,90,90,none,measured_local,6.674998439848423e-05,0.3,False,1.2492824845288353,0.1539594303276027,0.10781890334088155,0
13607,23,rolling,170,170,none,measured_local,1.834006980061531e-06,0.3,False,0.8257868969736566,0.13696155817336714,0.09721661611131549,0
13607,23,qaoa_transfer,85,170,retain_previous,trace_replayed_qpu,0.504999999999998,0.3,True,0.8257868969736566,0.13696155817336714,0.09721661611131549,0
13607,24,milp,170,170,none,measured_local,0.024102790979668498,0.3,False,0.8252461605023245,0.13709356568259434,0.10159467242434142,0
13607,24,task_specific,90,90,none,measured_local,6.470899097621441e-05,0.3,False,1.272428452582698,0.15426229198358304,0.11218206211322089,0
13607,24,rolling,170,170,none,measured_local,1.9170111045241356e-06,0.3,False,0.8252461605023245,0.13709356568259434,0.10159467242434142,0
13607,24,qaoa_transfer,170,170,retain_previous,trace_replayed_qpu,0.539999999999996,0.3,True,0.8252461605023245,0.13709356568259434,0.10159467242434142,0
13607,25,milp,85,85,none,measured_local,0.029062333051115274,0.3,False,0.8392135684638762,0.1380455763807062,0.09879365401255812,8
13607,25,task_specific,165,165,none,measured_local,7.075001485645771e-05,0.3,False,1.2613233557384778,0.15640937440057023,0.10997321131456744,8
13607,25,rolling,170,170,none,measured_local,1.8749851733446121e-06,0.3,False,0.8392135684638762,0.1380455763807062,0.09879365401255812,0
13607,25,qaoa_transfer,170,170,retain_previous,trace_replayed_qpu,0.575,0.3,True,0.8392135684638762,0.1380455763807062,0.09879365401255812,0
13607,26,milp,170,170,none,measured_local,0.02869537496007979,0.3,False,0.8312204146785416,0.13788831236584242,0.0927178392115969,8
13607,26,task_specific,90,90,none,measured_local,6.933393888175488e-05,0.3,False,1.220970377228901,0.14229727475530116,0.10327058389346194,8
13607,26,rolling,170,170,none,measured_local,2.249958924949169e-06,0.3,False,0.8312204146785416,0.13788831236584242,0.0927178392115969,0
13607,26,qaoa_transfer,85,170,retain_previous,trace_replayed_qpu,0.6095399999999971,0.3,True,0.8312204146785416,0.13788831236584242,0.0927178392115969,0
13607,27,milp,170,170,none,measured_local,0.024313542060554028,0.3,False,0.8179641034529107,0.12864939946487153,0.09299301036696354,0
13607,27,task_specific,90,90,none,measured_local,6.862496957182884e-05,0.3,False,1.2090662459945678,0.13664942314768583,0.10273675943072252,0
13607,27,rolling,170,170,none,measured_local,1.8338905647397041e-06,0.3,False,0.8179641034529107,0.12864939946487153,0.09299301036696354,0
13607,27,qaoa_transfer,170,170,retain_previous,trace_replayed_qpu,0.630999999999998,0.3,True,0.8179641034529107,0.12864939946487153,0.09299301036696354,0
13607,28,milp,170,170,none,measured_local,0.02431150001939386,0.3,False,0.8233244312058128,0.13100533778578527,0.09684910258632276,0
13607,28,task_specific,90,90,none,measured_local,6.925000343471766e-05,0.3,False,1.2347809416923528,0.14341000453938646,0.10662665614986419,0
13607,28,rolling,170,170,none,measured_local,1.6670674085617065e-06,0.3,False,0.8233244312058128,0.13100533778578527,0.09684910258632276,0
13607,28,qaoa_transfer,170,170,retain_previous,trace_replayed_qpu,0.639999999999998,0.3,True,0.8233244312058128,0.13100533778578527,0.09684910258632276,0
13607,29,milp,85,85,none,measured_local,0.024457084015011787,0.3,False,0.8111866796763751,0.1258490532209975,0.09553311078014531,8
13607,29,task_specific,90,90,none,measured_local,6.83339312672615e-05,0.3,False,1.2210547202957018,0.12956704589742263,0.10581952354230884,0
13607,29,rolling,170,170,none,measured_local,1.8329592421650887e-06,0.3,False,0.8111866796763751,0.1258490532209975,0.09553311078014531,0
13607,29,qaoa_transfer,170,170,retain_previous,trace_replayed_qpu,0.6909999999999981,0.3,True,0.8111866796763751,0.1258490532209975,0.09553311078014531,0
13607,30,milp,170,170,none,measured_local,0.024044582969509065,0.3,False,0.8194387946810755,0.13008337112173837,0.09987966699190937,8
13607,30,task_specific,90,90,none,measured_local,6.854103412479162e-05,0.3,False,1.2478786804701325,0.15339062770558345,0.11012636800739253,0
13607,30,rolling,170,170,none,measured_local,1.7919810488820076e-06,0.3,False,0.8194387946810755,0.13008337112173837,0.09987966699190937,0
13607,30,qaoa_transfer,170,170,retain_previous,trace_replayed_qpu,0.8784199999999982,0.3,True,0.8194387946810755,0.13008337112173837,0.09987966699190937,0
13607,31,milp,170,170,none,measured_local,0.02937745803501457,0.3,False,0.8323699228682239,0.13541843515052407,0.1012984698670269,0
13607,31,task_specific,90,90,none,measured_local,6.970902904868126e-05,0.3,False,1.2657941067382346,0.1585811161402885,0.11200946701175332,0
13607,31,rolling,170,170,none,measured_local,1.7499551177024841e-06,0.3,False,0.8323699228682239,0.13541843515052407,0.1012984698670269,0
13607,31,qaoa_transfer,85,170,retain_previous,trace_replayed_qpu,2.1629999999999963,0.3,True,0.8323699228682239,0.13541843515052407,0.1012984698670269,0
13607,32,milp,170,170,none,measured_local,0.02858470904175192,0.3,False,0.829879305288864,0.133870322436605,0.0997217480717056,0
13607,32,task_specific,90,90,none,measured_local,7.208401802927256e-05,0.3,False,1.2511286493611635,0.148170674415754,0.11055735266845586,0
13607,32,rolling,170,170,none,measured_local,1.7919810488820076e-06,0.3,False,0.829879305288864,0.133870322436605,0.0997217480717056,0
13607,32,qaoa_transfer,170,170,retain_previous,trace_replayed_qpu,4.0434,0.3,True,0.829879305288864,0.133870322436605,0.0997217480717056,0
13607,33,milp,85,85,none,measured_local,0.0285012909444049,0.3,False,0.8520603513536296,0.14015111659303317,0.1048469826322216,8
13607,33,task_specific,90,90,none,measured_local,7.041706703603268e-05,0.3,False,1.2790470371882,0.14339252588722312,0.11537821623402908,0
13607,33,rolling,170,170,none,measured_local,1.875101588666439e-06,0.3,False,0.8520603513536296,0.14015111659303317,0.1048469826322216,0
13607,33,qaoa_transfer,170,170,retain_previous,trace_replayed_qpu,5.547399999999997,0.3,True,0.8520603513536296,0.14015111659303317,0.1048469826322216,0
13607,34,milp,170,170,none,measured_local,0.029100541025400162,0.3,False,0.8530462785400865,0.14479020698270048,0.10427650878384073,8
13607,34,task_specific,90,90,none,measured_local,7.058307528495789e-05,0.3,False,1.2797964603239909,0.14194545732942132,0.114951175929705,0
13607,34,rolling,170,170,none,measured_local,1.7499551177024841e-06,0.3,False,0.8530462785400865,0.14479020698270048,0.10427650878384073,0
13607,34,qaoa_transfer,85,170,retain_previous,trace_replayed_qpu,6.055999999999994,0.3,True,0.8530462785400865,0.14479020698270048,0.10427650878384073,0
13607,35,milp,170,170,none,measured_local,0.028184166993014514,0.3,False,0.8907920392569961,0.1595251083520898,0.11168865696350216,0
13607,35,task_specific,90,90,none,measured_local,7.025001104921103e-05,0.3,False,1.3433087231281904,0.1637246778813155,0.12235741150809978,0
13607,35,rolling,170,170,none,measured_local,1.834006980061531e-06,0.3,False,0.8907920392569961,0.1595251083520898,0.11168865696350216,0
13607,35,qaoa_transfer,170,170,retain_previous,trace_replayed_qpu,6.330999999999999,0.3,True,0.8907920392569961,0.1595251083520898,0.11168865696350216,0
13607,36,milp,85,85,none,measured_local,0.028059583972208202,0.3,False,0.9073072158730893,0.1730903566788016,0.11083230098142491,8
13607,36,task_specific,90,90,none,measured_local,7.250008638948202e-05,0.3,False,1.3425513303683259,0.17057916452047733,0.12214521807820476,0
13607,36,rolling,170,170,none,measured_local,1.7079291865229607e-06,0.3,False,0.9073072158730893,0.1730903566788016,0.11083230098142491,0
13607,36,qaoa_transfer,85,170,retain_previous,trace_replayed_qpu,7.187819999999996,0.3,True,0.9073072158730893,0.1730903566788016,0.11083230098142491,0
13607,37,milp,85,85,none,measured_local,0.029456457938067615,0.3,False,0.9941450092530425,0.22148223947857057,0.12038268039682722,0
13607,37,task_specific,90,90,none,measured_local,6.904196925461292e-05,0.3,False,1.4103187606914491,0.21872559926202287,0.13126378325920815,0
13607,37,rolling,170,170,none,measured_local,1.7910497263073921e-06,0.3,False,0.9941450092530425,0.22148223947857057,0.12038268039682722,0
13607,37,qaoa_transfer,85,170,retain_previous,trace_replayed_qpu,8.200759999999997,0.3,True,0.9941450092530425,0.22148223947857057,0.12038268039682722,0
13607,38,milp,170,170,none,measured_local,0.032080332981422544,0.3,False,1.0888058222246857,0.2948462236365641,0.13399112523132606,8
13607,38,task_specific,90,90,none,measured_local,6.812508217990398e-05,0.3,False,1.5184184222948098,0.2904455231288909,0.14439546901728623,0
13607,38,rolling,170,170,none,measured_local,1.750071533024311e-06,0.3,False,1.0888058222246857,0.2948462236365641,0.13399112523132606,0
13607,38,qaoa_transfer,170,170,retain_previous,trace_replayed_qpu,12.541100000000005,0.3,True,1.0888058222246857,0.2948462236365641,0.13399112523132606,0
13607,39,milp,170,170,none,measured_local,0.031242707977071404,0.3,False,1.183785684218879,0.3525833619245001,0.14633264555561715,0
13607,39,task_specific,90,90,none,measured_local,6.550003308802843e-05,0.3,False,1.5937584428753957,0.34918852364702546,0.15707296055737024,0
13607,39,rolling,170,170,none,measured_local,1.7080456018447876e-06,0.3,False,1.183785684218879,0.3525833619245001,0.14633264555561715,0
13607,39,qaoa_transfer,85,170,retain_previous,trace_replayed_qpu,13.504399999999997,0.3,True,1.183785684218879,0.3525833619245001,0.14633264555561715,0
13607,40,milp,170,170,none,measured_local,0.03264462505467236,0.3,False,1.1749322393197352,0.3567304880715963,0.14526964210547197,0
13607,40,task_specific,90,90,none,measured_local,6.695801857858896e-05,0.3,False,1.5902433488818866,0.3533404168202261,0.1555189610718849,0
13607,40,rolling,170,170,none,measured_local,1.834006980061531e-06,0.3,False,1.1749322393197352,0.3567304880715963,0.14526964210547197,0
13607,40,qaoa_transfer,85,170,retain_previous,trace_replayed_qpu,14.101619999999999,0.3,True,1.1749322393197352,0.3567304880715963,0.14526964210547197,0
13607,41,milp,85,85,none,measured_local,0.030897042015567422,0.3,False,1.131489957671961,0.2965649336941,0.1448483059829934,8
13607,41,task_specific,90,90,none,measured_local,6.925000343471766e-05,0.3,False,1.5666825881598454,0.2932283864570525,0.15523108372204714,0
13607,41,rolling,170,170,none,measured_local,1.7499551177024841e-06,0.3,False,1.131489957671961,0.2965649336941,0.1448483059829934,0
13607,41,qaoa_transfer,170,170,retain_previous,trace_replayed_qpu,15.422199999999988,0.3,True,1.131489957671961,0.2965649336941,0.1448483059829934,0
13607,42,milp,170,170,none,measured_local,0.0340260419761762,0.3,False,1.0241400223603074,0.2413690911071145,0.12773724894179905,8
13607,42,task_specific,90,90,none,measured_local,6.820796988904476e-05,0.3,False,1.4588933576197167,0.237684088603986,0.13861706470399615,0
13607,42,rolling,170,170,none,measured_local,1.8329592421650887e-06,0.3,False,1.0241400223603074,0.2413690911071145,0.12773724894179905,0
13607,42,qaoa_transfer,170,170,retain_previous,trace_replayed_qpu,18.579039999999992,0.3,True,1.0241400223603074,0.2413690911071145,0.12773724894179905,0
13607,43,milp,85,85,none,measured_local,0.03123429196421057,0.3,False,1.0229974454631807,0.2652375214813246,0.12639100055900768,8
13607,43,task_specific,90,90,none,measured_local,7.162499241530895e-05,0.3,False,1.4741102839798153,0.2623178316352924,0.1372598339404929,0
13607,43,rolling,170,170,none,measured_local,1.5419209375977516e-06,0.3,False,1.0229974454631807,0.2652375214813246,0.12639100055900768,0
13607,43,qaoa_transfer,170,170,retain_previous,trace_replayed_qpu,23.035399999999996,0.3,True,1.0229974454631807,0.2652375214813246,0.12639100055900768,0
13607,44,milp,170,170,none,measured_local,0.03849091602023691,0.3,False,0.9583066500000584,0.2030170389830761,0.11706243613657952,8
13607,44,task_specific,90,90,none,measured_local,7.29589955881238e-05,0.3,False,1.41069082069124,0.20053966484502564,0.12834025709949537,0
13607,44,rolling,170,170,none,measured_local,1.9170111045241356e-06,0.3,False,0.9583066500000584,0.2030170389830761,0.11706243613657952,0
13607,44,qaoa_transfer,170,170,retain_previous,trace_replayed_qpu,27.161999999999995,0.3,True,0.9583066500000584,0.2030170389830761,0.11706243613657952,0
13607,45,milp,170,170,none,measured_local,0.03194516594521701,0.3,False,0.8743796726835074,0.16222205851478363,0.10607016625000146,0
13607,45,task_specific,90,90,none,measured_local,7.091695442795753e-05,0.3,False,1.317847839737831,0.17605574901691196,0.11737977051728102,0
13607,45,rolling,170,170,none,measured_local,1.834006980061531e-06,0.3,False,0.8743796726835074,0.16222205851478363,0.10607016625000146,0
13607,45,qaoa_transfer,85,170,retain_previous,trace_replayed_qpu,32.99244000000001,0.3,True,0.8743796726835074,0.16222205851478363,0.10607016625000146,0
13607,46,milp,85,85,none,measured_local,0.027933957986533642,0.3,False,0.8553992453327138,0.1758053709310293,0.0996344918170877,8
13607,46,task_specific,90,90,none,measured_local,7.083290256559849e-05,0.3,False,1.2846808941264911,0.1931663602586317,0.11072119599344576,0
13607,46,rolling,170,170,none,measured_local,1.708976924419403e-06,0.3,False,0.8553992453327138,0.1758053709310293,0.0996344918170877,0
13607,46,qaoa_transfer,170,170,retain_previous,trace_replayed_qpu,36.903020000000005,0.3,True,0.8553992453327138,0.1758053709310293,0.0996344918170877,0
13861,0,milp,86,86,none,measured_local,0.03274649998638779,0.3,False,2.0046700405635853,0.14125574374361288,0.10009951416913948,6
13861,0,task_specific,135,135,none,measured_local,7.233407814055681e-05,0.3,False,2.7283788430749136,0.12864212957109883,0.11361831217226478,4
13861,0,rolling,169,169,none,measured_local,3.0830269679427147e-06,0.3,False,2.0046700405635853,0.14125574374361288,0.10009951416913948,2
13861,0,qaoa_transfer,169,170,retain_previous,trace_replayed_qpu,2142.670420000001,0.3,True,3.6209603264580914,0.16280864754023672,0.127986539209704,0
13861,1,milp,177,177,none,measured_local,0.03346595901530236,0.3,False,2.0748267413808223,0.15128266881948566,0.10397716086881567,6
13861,1,task_specific,78,78,none,measured_local,7.433304563164711e-05,0.3,False,2.110693029608795,0.15882061307355652,0.10700183313767105,4
13861,1,rolling,169,169,none,measured_local,2.0420411601662636e-06,0.3,False,2.103370448062913,0.16639065041143014,0.10479175101408963,0
13861,1,qaoa_transfer,86,170,retain_previous,trace_replayed_qpu,2355.1834799999992,0.3,True,3.9295213134303246,0.19431725348888135,0.14519900816145226,0
13861,2,milp,169,169,none,measured_local,0.033335500047542155,0.3,False,2.0847342256876598,0.15926639498608985,0.1038562810497509,2
13861,2,task_specific,169,169,none,measured_local,7.716706022620201e-05,0.3,False,2.0937273327936823,0.1603921414523461,0.10459107406989177,6
13861,2,rolling,169,169,none,measured_local,1.4998950064182281e-06,0.3,False,2.132266964404649,0.17381922425065355,0.10682176120157283,0
13861,2,qaoa_transfer,169,170,retain_previous,trace_replayed_qpu,2641.1710800000037,0.3,True,4.0548978511240685,0.20459588092946113,0.1524755328357581,0
13861,3,milp,78,78,none,measured_local,0.02996700000949204,0.3,False,2.0751980947956015,0.15566700397773844,0.10342406047811528,6
13861,3,task_specific,78,78,none,measured_local,7.166701834648848e-05,0.3,False,2.077614328259636,0.15608828118394744,0.10362896648863629,6
13861,3,rolling,169,169,none,measured_local,1.7499551177024841e-06,0.3,False,2.1333511907585967,0.17485851824563875,0.10595667411011622,0
13861,3,qaoa_transfer,86,170,retain_previous,trace_replayed_qpu,3063.925839999996,0.3,True,4.0846404107007235,0.20887540676471536,0.1540224462781017,0
13861,4,milp,169,169,none,measured_local,0.03632345795631409,0.3,False,2.0786861931311917,0.15899007203315518,0.10119689095318124,6
13861,4,task_specific,169,169,none,measured_local,7.349997758865356e-05,0.3,False,2.0793846306267074,0.15909594759097687,0.10125181663375346,6
13861,4,rolling,169,169,none,measured_local,1.750071533024311e-06,0.3,False,2.136382096935994,0.17598404152401212,0.1048587797689649,0
13861,4,qaoa_transfer,169,170,retain_previous,trace_replayed_qpu,3439.5412000000006,0.3,True,4.086557225259684,0.21497031415526774,0.15364101026751809,0
13861,5,milp,78,78,none,measured_local,0.02979287493508309,0.3,False,1.8430554584896064,0.1243675692791533,0.08498013422051172,6
13861,5,task_specific,78,78,none,measured_local,7.01249809935689e-05,0.3,False,1.8432332567054934,0.1243964955474281,0.08499530815378883,6
13861,5,rolling,169,169,none,measured_local,1.7499551177024841e-06,0.3,False,1.9447678648603857,0.14871655985723614,0.08803455242339986,0
13861,5,qaoa_transfer,86,170,retain_previous,trace_replayed_qpu,3801.491,0.3,True,3.788028969661318,0.1853737942404536,0.1367889306314921,0
13861,6,milp,169,169,none,measured_local,0.03338529192842543,0.3,False,1.6170391708135055,0.1522427639227835,0.0606230681351029,6
13861,6,task_specific,169,169,none,measured_local,7.175002247095108e-05,0.3,False,1.6170922081750665,0.152244157249343,0.06062719341093307,6
13861,6,rolling,169,169,none,measured_local,1.7080456018447876e-06,0.3,False,1.6772385371158247,0.15689143052678323,0.06445669662150964,0
13861,6,qaoa_transfer,169,170,retain_previous,trace_replayed_qpu,4050.243,0.3,True,3.3405224512959126,0.19789457340294975,0.11053822424153294,0
13861,7,milp,78,78,none,measured_local,0.0318460410926491,0.3,False,1.4494045190470148,0.129602170321044,0.0514998180765573,6
13861,7,task_specific,169,169,none,measured_local,7.149996235966682e-05,0.3,False,1.5574195105750643,0.13988997751191035,0.054364805204376664,0
13861,7,rolling,169,169,none,measured_local,1.5420373529195786e-06,0.3,False,1.5801493334339374,0.14130177201174066,0.055868463427895615,0
13861,7,qaoa_transfer,78,170,retain_previous,trace_replayed_qpu,4558.6302,0.3,True,3.1273434625528003,0.1820847189279916,0.09745056128239782,0
13861,8,milp,102,102,none,measured_local,0.033024624921381474,0.3,False,1.4333528854501072,0.13458791289104494,0.051337065065781534,2
13861,8,task_specific,226,226,none,measured_local,6.620795466005802e-05,0.3,False,2.497631558831933,0.17167748199702101,0.07254393105676363,4
13861,8,rolling,169,169,none,measured_local,1.750071533024311e-06,0.3,False,1.5576218538155606,0.15502142800823368,0.05539123333584843,0
13861,8,qaoa_transfer,78,170,retain_previous,trace_replayed_qpu,5322.757020000019,0.3,True,3.059033089313523,0.1939712564157642,0.09407108656382,0
13861,9,milp,177,177,none,measured_local,0.03230483294464648,0.3,False,1.869938619612511,0.1234016854661905,0.08558995573912068,6
13861,9,task_specific,169,169,none,measured_local,8.087500464171171e-05,0.3,False,1.9635497074178248,0.14438831751262404,0.0921376874366573,4
13861,9,rolling,169,169,none,measured_local,1.7080456018447876e-06,0.3,False,1.9311782727674032,0.14292374109086073,0.08902804634538902,0
13861,9,qaoa_transfer,177,170,retain_previous,trace_replayed_qpu,6057.925400000011,0.3,True,3.6243776562608074,0.16808695922899602,0.12656332723283809,0
13861,10,milp,86,86,none,measured_local,0.03192533296532929,0.3,False,2.022704940340592,0.1521359747769605,0.09678043223369243,6
13861,10,task_specific,78,78,none,measured_local,7.241603452712297e-05,0.3,False,2.0276651302660236,0.14375557226320468,0.09927985613870968,6
13861,10,rolling,169,169,none,measured_local,1.8330756574869156e-06,0.3,False,2.072785877157049,0.16665962026059714,0.09999195681918507,0
13861,10,qaoa_transfer,86,170,retain_previous,trace_replayed_qpu,6972.2684,0.3,True,3.89161902035764,0.19450821908203034,0.14232194140652019,0
13861,11,milp,78,78,none,measured_local,0.029815583024173975,0.3,False,2.075717926789681,0.14915463230127918,0.10381779331033478,2
13861,11,task_specific,169,169,none,measured_local,7.466704118996859e-05,0.3,False,2.0988645590505417,0.16138845496431992,0.10375685175581731,6
13861,11,rolling,169,169,none,measured_local,1.6669509932398796e-06,0.3,False,2.1453610328303463,0.17579423520636156,0.10663214692892622,0
13861,11,qaoa_transfer,169,170,retain_previous,trace_replayed_qpu,8713.00816,0.3,True,4.061468850441246,0.21833088496470665,0.152102975508941,0
13861,12,milp,86,86,none,measured_local,0.033175791963003576,0.3,False,2.1526485656614773,0.17040430801463186,0.10990295890420879,2
13861,12,task_specific,78,78,none,measured_local,7.54999928176403e-05,0.3,False,2.1545829210475107,0.16203759854768252,0.11076524462311729,6
13861,12,rolling,169,169,none,measured_local,2.2919848561286926e-06,0.3,False,2.210336288919619,0.1873273517861565,0.11357152582075866,0
13861,12,qaoa_transfer,169,170,retain_previous,trace_replayed_qpu,10522.01418,0.3,True,4.218978125279605,0.22983543407571677,0.16147422126103111,0
13861,13,milp,177,177,none,measured_local,0.031381041975691915,0.3,False,2.79283885889436,0.6816597812989194,0.18726095203307253,6
13861,13,task_specific,169,169,none,measured_local,7.42919510230422e-05,0.3,False,2.3770564993128387,0.6484815627614242,0.18620191062782937,6
13861,13,rolling,169,169,none,measured_local,1.708976924419403e-06,0.3,False,2.436740841559908,0.6483146783201043,0.18998340722299048,0
13861,13,qaoa_transfer,169,170,retain_previous,trace_replayed_qpu,12618.543799999981,0.3,True,5.461561190419864,0.7394867222528004,0.24019945313199012,0
13861,14,milp,86,86,none,measured_local,0.02473720896523446,0.3,False,2.3997548958312054,0.18036015486098966,0.14164934922039837,6
13861,14,task_specific,43,43,none,measured_local,6.716593634337187e-05,0.3,False,3.1407013896823885,0.22134653217404324,0.15588210604115182,2
13861,14,rolling,169,169,none,measured_local,1.750071533024311e-06,0.3,False,2.460453180733662,0.19827749116461063,0.1454935210389977,0
13861,14,qaoa_transfer,169,170,retain_previous,trace_replayed_qpu,15199.442000000001,0.3,True,5.163326809807869,0.3648834832231792,0.2211140297604966,0
13861,15,milp,177,177,none,measured_local,0.03170766693074256,0.3,False,2.4522420782211833,0.2114416705316489,0.14119931565222693,6
13861,15,task_specific,177,177,none,measured_local,7.029203698039055e-05,0.3,False,2.4881208224969464,0.21985007306518117,0.14392203544836502,4
13861,15,rolling,169,169,none,measured_local,1.7079291865229607e-06,0.3,False,2.4658334020085153,0.19849505968685544,0.14317382951834157,0
13861,15,qaoa_transfer,86,170,retain_previous,trace_replayed_qpu,16883.729360000023,0.3,True,4.989514343970162,0.2762803952091141,0.21074567024519675,0
13861,16,milp,86,86,none,measured_local,0.027786249993368983,0.3,False,2.4257483734766536,0.19305595072280546,0.13627780988503585,6
13861,16,task_specific,86,86,none,measured_local,7.291696965694427e-05,0.3,False,2.4339615938438026,0.19431710317678502,0.13694174715927582,6
13861,16,rolling,169,169,none,measured_local,1.625041477382183e-06,0.3,False,2.4858261747382957,0.206488502547885,0.1401083350502129,0
13861,16,qaoa_transfer,169,170,retain_previous,trace_replayed_qpu,19501.39002,0.3,True,4.914246502831381,0.30903843122670344,0.20320035859925406,0
13861,17,milp,177,177,none,measured_local,0.03280474990606308,0.3,False,2.4015198014810695,0.19102371183793307,0.13648821543852915,6
13861,17,task_specific,78,78,none,measured_local,6.866594776511192e-05,0.3,False,2.4039292750449546,0.19136901397092745,0.13668410582592747,2
13861,17,rolling,169,169,none,measured_local,1.875101588666439e-06,0.3,False,2.479894096976065,0.2050128957588054,0.13989565436845736,0
13861,17,qaoa_transfer,86,170,retain_previous,trace_replayed_qpu,21076.41,0.3,True,4.879593570950356,0.3073986907644256,0.2006061625707845,0
13861,18,milp,169,169,none,measured_local,0.029878958011977375,0.3,False,2.4431829860323564,0.19334623764087616,0.1398491653492937,2
13861,18,task_specific,120,120,none,measured_local,7.49579630792141e-05,0.3,False,3.3248457379578116,0.20368123809299254,0.15782403471502057,4
13861,18,rolling,169,169,none,measured_local,1.7079291865229607e-06,0.3,False,2.512526948073309,0.20387101034848815,0.14425985242440165,0
13861,18,qaoa_transfer,86,170,retain_previous,trace_replayed_qpu,22301.84380000001,0.3,True,4.932657286490752,0.31329163540250715,0.2042523392737589,0
13861,19,milp,177,177,none,measured_local,0.030122959055006504,0.3,False,2.5012685484787927,0.20332938124618088,0.1474973259540191,2
13861,19,task_specific,78,78,none,measured_local,6.858294364064932e-05,0.3,False,2.5492099167318276,0.2136446158123038,0.15151412456286975,4
13861,19,rolling,169,169,none,measured_local,1.8749851733446121e-06,0.3,False,2.5611869585229,0.20554579702098597,0.1507256737018327,0
13861,19,qaoa_transfer,86,170,retain_previous,trace_replayed_qpu,26988.115000000023,0.3,True,5.031571293476245,0.3210105599474396,0.2112289321622688,0
13861,20,milp,169,169,none,measured_local,0.030440625036135316,0.3,False,2.5883797616177837,0.19289241425437925,0.15211511200089328,2
13861,20,task_specific,169,169,none,measured_local,6.916699931025505e-05,0.3,False,2.600163379972963,0.19428498070379813,0.15308452146099696,6
13861,20,rolling,169,169,none,measured_local,1.7079291865229607e-06,0.3,False,2.6567012332920013,0.21297415747610626,0.15646717396307247,0
13861,20,qaoa_transfer,169,170,retain_previous,trace_replayed_qpu,30066.683,0.3,True,5.155422463042759,0.3099048152468517,0.21822678233690612,0
13861,21,milp,177,177,none,measured_local,0.029849625076167285,0.3,False,3.1411781085943535,0.45362121947672435,0.21898300854001124,2
13861,21,task_specific,135,135,none,measured_local,6.808305624872446e-05,0.3,False,4.614244192434366,0.5278450292865355,0.24056238280866457,4
13861,21,rolling,169,169,none,measured_local,1.7919810488820076e-06,0.3,False,3.41568904689627,0.4903103499268605,0.22365503083230004,0
13861,21,qaoa_transfer,169,170,retain_previous,trace_replayed_qpu,33372.02029999999,0.3,True,6.272561795048382,0.5658356952695341,0.28612306157606904,0
13861,22,milp,78,78,none,measured_local,0.035449290997348726,0.3,False,2.7809994978435935,0.23039807258656642,0.17804195271485884,8
13861,22,task_specific,78,78,none,measured_local,7.12500186637044e-05,0.3,False,2.8106167636365327,0.2300247367022587,0.18148722590503955,4
13861,22,rolling,169,169,none,measured_local,1.708976924419403e-06,0.3,False,2.868619284130271,0.22263590601252375,0.18490472617240672,0
13861,22,qaoa_transfer,177,170,retain_previous,trace_replayed_qpu,38236.33444,0.3,True,5.778547496945883,0.3665539877052683,0.25632654487620954,0
13861,23,milp,169,169,none,measured_local,0.02985883306246251,0.3,False,2.6558477380470555,0.21405855029766824,0.16471453491582738,6
13861,23,task_specific,120,120,none,measured_local,6.679096259176731e-05,0.3,False,3.6854269492770566,0.21349664772139113,0.18771852836286537,4
13861,23,rolling,169,169,none,measured_local,1.7080456018447876e-06,0.3,False,2.7357680474917303,0.23307491212573808,0.17040298210325677,0
13861,23,qaoa_transfer,86,170,retain_previous,trace_replayed_qpu,40437.89090000001,0.3,True,5.546006421657037,0.3468168722631668,0.24315118742364708,0
13861,24,milp,177,177,none,measured_local,0.03326262510381639,0.3,False,2.6538365728796394,0.21934565087007557,0.1651372183324933,2
13861,24,task_specific,78,78,none,measured_local,7.204199209809303e-05,0.3,False,2.7148883049849304,0.23174547083050434,0.17028418409078938,4
13861,24,rolling,169,169,none,measured_local,1.7910497263073921e-06,0.3,False,2.755996685253929,0.23970880178724552,0.16879420118729327,0
13861,24,qaoa_transfer,169,170,retain_previous,trace_replayed_qpu,43481.44719999998,0.3,True,5.47010881720864,0.32527351593133236,0.23905016054142592,0
13861,25,milp,169,169,none,measured_local,0.029483458027243614,0.3,False,2.5631220155030556,0.20143113047179773,0.14952095729391388,2
13861,25,task_specific,169,169,none,measured_local,7.31669133529067e-05,0.3,False,2.578699423823713,0.20341213134488573,0.15078638508348766,6
13861,25,rolling,169,169,none,measured_local,1.6249250620603561e-06,0.3,False,2.635974339891232,0.22237559095122061,0.15421241713134823,0
13861,25,qaoa_transfer,86,170,retain_previous,trace_replayed_qpu,48527.47675999998,0.3,True,5.224897252201899,0.3153648374579872,0.222065220430216,0
13861,26,milp,78,78,none,measured_local,0.03363545797765255,0.3,False,2.4789724694542907,0.19928295829048295,0.14342073710471262,6
13861,26,task_specific,78,78,none,measured_local,7.166701834648848e-05,0.3,False,2.4831407387201008,0.20000385885672034,0.14377388115966286,6
13861,26,rolling,169,169,none,measured_local,1.91607978194952e-06,0.3,False,2.5555675649791456,0.21396872530611655,0.1472743584972808,0
13861,26,qaoa_transfer,86,170,retain_previous,trace_replayed_qpu,53384.057600000044,0.3,True,5.070511059339424,0.320697328897654,0.21199743130504747,0
13861,27,milp,169,169,none,measured_local,0.03072475001681596,0.3,False,2.4671200649061102,0.1905567801218227,0.14019773307900857,6
13861,27,task_specific,135,135,none,measured_local,6.895908154547215e-05,0.3,False,3.356253854553708,0.18393780464150633,0.15859562199878852,4
13861,27,rolling,169,169,none,measured_local,1.708976924419403e-06,0.3,False,2.537952117365206,0.2106637416742045,0.14478918912447863,0
13861,27,qaoa_transfer,169,170,retain_previous,trace_replayed_qpu,57209.42362000002,0.3,True,4.995639074540101,0.3024767948411939,0.20766277648348558,0
13861,28,milp,177,177,none,measured_local,0.028785457951016724,0.3,False,2.435112853422309,0.18534427140159956,0.14241545355134233,2
13861,28,task_specific,169,169,none,measured_local,6.895791739225388e-05,0.3,False,2.560426500047887,0.20144809146857554,0.14747399470521272,4
13861,28,rolling,169,169,none,measured_local,1.750071533024311e-06,0.3,False,2.5605948498396693,0.20829077064908844,0.14654880293413014,0
13861,28,qaoa_transfer,169,170,retain_previous,trace_replayed_qpu,61686.31511999999,0.3,True,4.998063205017411,0.29695180060766235,0.2079909768635025,0
13861,29,milp,169,169,none,measured_local,0.03247895906679332,0.3,False,2.497045835095368,0.19585752694071834,0.14409926823035363,2
13861,29,task_specific,135,135,none,measured_local,7.01249809935689e-05,0.3,False,3.455691150490126,0.19590130312070214,0.16617099061491436,4
13861,29,rolling,169,169,none,measured_local,1.5830155462026596e-06,0.3,False,2.566996909256858,0.21560188417317977,0.1486398712459917,0
13861,29,qaoa_transfer,169,170,retain_previous,trace_replayed_qpu,66510.1831,0.3,True,5.014311040395924,0.3044653192572528,0.20957658012543529,0
13861,30,milp,78,78,none,measured_local,0.03556887502782047,0.3,False,2.492291056648691,0.1891338184998449,0.1502311202248038,6
13861,30,task_specific,135,135,none,measured_local,7.487507537007332e-05,0.3,False,3.5907079398088237,0.20290925145436645,0.17630477876225314,0
13861,30,rolling,169,169,none,measured_local,1.999898813664913e-06,0.3,False,2.618325180232211,0.21836820028974271,0.15408742273142145,0
13861,30,qaoa_transfer,169,170,retain_previous,trace_replayed_qpu,71306.33684000002,0.3,True,5.089458969911389,0.3067814032945556,0.2152702760098981,0
13861,31,milp,169,169,none,measured_local,0.029864624957554042,0.3,False,3.280430889884033,0.5607187319989646,0.2060050209644646,6
13861,31,task_specific,169,169,none,measured_local,7.416598964482546e-05,0.3,False,3.381752527429355,0.5715359807270245,0.213915734944462,4
13861,31,rolling,169,169,none,measured_local,1.7080456018447876e-06,0.3,False,3.350670480685798,0.5591826472656731,0.21053312950580527,0
13861,31,qaoa_transfer,169,170,retain_previous,trace_replayed_qpu,74863.04220000001,0.3,True,6.101835807572043,0.632792473588093,0.27231147424778473,0
13861,32,milp,78,78,none,measured_local,0.029691208037547767,0.3,False,2.565711874528583,0.1995954878776945,0.15576064942945622,6
13861,32,task_specific,78,78,none,measured_local,7.391604594886303e-05,0.3,False,2.5880764341812696,0.2026291717364199,0.15776262259256,6
13861,32,rolling,169,169,none,measured_local,2.291053533554077e-06,0.3,False,2.7545361458174034,0.21433595002647296,0.16707926201714496,0
13861,32,qaoa_transfer,78,170,retain_previous,trace_replayed_qpu,78499.34332,0.3,True,5.484666001739015,0.35530133845738177,0.23585839518930107,0
13861,33,milp,169,169,none,measured_local,0.029220791067928076,0.3,False,2.5505618051966863,0.20041271612749498,0.15090261858541504,6
13861,33,task_specific,135,135,none,measured_local,7.287494372576475e-05,0.3,False,3.49567353404908,0.2075026276816846,0.17100068548170602,4
13861,33,rolling,169,169,none,measured_local,1.7080456018447876e-06,0.3,False,2.6388971753954293,0.2189379536707847,0.15738840364543505,0
13861,33,qaoa_transfer,169,170,retain_previous,trace_replayed_qpu,84164.25534000002,0.3,True,5.288888974044302,0.34459954072953775,0.22564165004347536,0
13861,34,milp,78,78,none,measured_local,0.03552970790769905,0.3,False,2.5162327525452337,0.19886206977844506,0.14777764655848036,6
13861,34,task_specific,78,78,none,measured_local,7.441604975610971e-05,0.3,False,2.5693726516834445,0.206777385969027,0.15225011505073616,4
13861,34,rolling,169,169,none,measured_local,1.834006980061531e-06,0.3,False,2.6010944522795465,0.23144581559418165,0.15172242938488573,0
13861,34,qaoa_transfer,86,170,retain_previous,trace_replayed_qpu,92768.27739999996,0.3,True,5.168938375531159,0.3345641251131125,0.21797222435110752,0
13861,35,milp,169,169,none,measured_local,0.03159487503580749,0.3,False,2.541432225081416,0.21126654530500222,0.15039629251877173,6
13861,35,task_specific,135,135,none,measured_local,7.599999662488699e-05,0.3,False,3.467745566961394,0.19873698453044758,0.17031564216487,4
13861,35,rolling,169,169,none,measured_local,2.0830193534493446e-06,0.3,False,2.613821060099173,0.2320293405597466,0.15506486130698865,0
13861,35,qaoa_transfer,86,170,retain_previous,trace_replayed_qpu,114401.84185999991,0.3,True,5.164098126394298,0.3182871451912664,0.21926095938827897,0
13861,36,milp,177,177,none,measured_local,0.031453165924176574,0.3,False,2.5421599973329028,0.2029248398186997,0.14880732461958068,2
13861,36,task_specific,78,78,none,measured_local,7.204199209809303e-05,0.3,False,2.596438405828436,0.21463873557335417,0.1533558854281432,4
13861,36,rolling,169,169,none,measured_local,2.500019036233425e-06,0.3,False,2.6253690323959606,0.2507486801881471,0.15212052650247931,0
13861,36,qaoa_transfer,169,170,retain_previous,trace_replayed_qpu,207486.516,0.3,True,5.124304097328619,0.31509053719634705,0.21587745315985743,0
13861,37,milp,86,86,none,measured_local,0.03161287505645305,0.3,False,2.625896508595574,0.2409701392153894,0.15369800971895273,6
13861,37,task_specific,135,135,none,measured_local,7.229100447148085e-05,0.3,False,3.5294870159170877,0.222379370032114,0.17328091717839983,4
13861,37,rolling,169,169,none,measured_local,1.7080456018447876e-06,0.3,False,2.697375532036946,0.2619536859569204,0.158234225809899,0
13861,37,qaoa_transfer,169,170,retain_previous,trace_replayed_qpu,0.335999999999996,0.3,True,5.200607784978881,0.31912550340611534,0.22070760243321547,0
13861,38,milp,177,177,none,measured_local,0.03078941605053842,0.3,False,2.545711943100884,0.21745717698712758,0.1483382711205528,6
13861,38,task_specific,78,78,none,measured_local,7.1333022788167e-05,0.3,False,2.5997198894859466,0.22930918287033764,0.15286072521161437,4
13861,38,rolling,169,169,none,measured_local,1.6670674085617065e-06,0.3,False,2.607300650211331,0.24250369794257204,0.15212188830092366,0
13861,38,qaoa_transfer,169,170,retain_previous,trace_replayed_qpu,0.40899999999999803,0.3,True,5.076147714084799,0.29502399008406943,0.214702694624472,0
13861,39,milp,86,86,none,measured_local,0.03287591598927975,0.3,False,2.4810390173399157,0.21014183713727258,0.14516319482301476,6
13861,39,task_specific,169,169,none,measured_local,7.129099685698748e-05,0.3,False,2.4943386473671945,0.21175896950047024,0.14625631780267556,6
13861,39,rolling,169,169,none,measured_local,1.625041477382183e-06,0.3,False,2.5582143975381237,0.2329020505661275,0.15004501625528327,0
13861,39,qaoa_transfer,169,170,retain_previous,trace_replayed_qpu,0.443999999999996,0.3,True,5.023693921351986,0.29178953206416963,0.21176619285211995,0
13861,40,milp,177,177,none,measured_local,0.030299083096906543,0.3,False,2.557732336266561,0.2118105014061118,0.1522647820485175,6
13861,40,task_specific,78,78,none,measured_local,7.041601929813623e-05,0.3,False,2.561335968208713,0.21244663789476592,0.15257019256120957,6
13861,40,rolling,169,169,none,measured_local,1.8329592421650887e-06,0.3,False,2.5853133694982358,0.23058992684959037,0.1551053599384531,0
13861,40,qaoa_transfer,86,170,retain_previous,trace_replayed_qpu,0.4766599999999973,0.3,True,5.089575290081506,0.30050648182693207,0.21674234803379966,0
13861,41,milp,169,169,none,measured_local,0.03173825005069375,0.3,False,2.486697844506725,0.2134312321857437,0.14767432724605178,2
13861,41,task_specific,169,169,none,measured_local,7.312500383704901e-05,0.3,False,2.4877340678847046,0.21358696790904322,0.14775598733850842,6
13861,41,rolling,169,169,none,measured_local,2.0830193534493446e-06,0.3,False,2.5569249873807176,0.23444764806661034,0.1520953342374559,0
13861,41,qaoa_transfer,86,170,retain_previous,trace_replayed_qpu,0.504999999999998,0.3,True,5.045712118604121,0.28287016691172817,0.21470188225203768,0
13861,42,milp,78,78,none,measured_local,0.03221658291295171,0.3,False,2.501089827254167,0.21564133461380933,0.14564095975729016,6
13861,42,task_specific,78,78,none,measured_local,6.724998820573092e-05,0.3,False,2.501354302974273,0.2156845268758779,0.14566352799047205,6
13861,42,rolling,169,169,none,measured_local,1.8329592421650887e-06,0.3,False,2.5234200201988757,0.22859490882168,0.14828562468451795,0
13861,42,qaoa_transfer,86,170,retain_previous,trace_replayed_qpu,0.539999999999996,0.3,True,4.9800272996850685,0.2739587039607138,0.210505302965103,0
13861,43,milp,86,86,none,measured_local,0.030448292032815516,0.3,False,2.39622661615189,0.19268336991544172,0.13981059850728,2
13861,43,task_specific,169,169,none,measured_local,7.633399218320847e-05,0.3,False,2.3963053834731216,0.1926959031501817,0.13981672915752638,6
13861,43,rolling,169,169,none,measured_local,1.625041477382183e-06,0.3,False,2.4659916156201427,0.2136845398126334,0.1441855005049719,0
13861,43,qaoa_transfer,86,170,retain_previous,trace_replayed_qpu,0.575,0.3,True,4.902176953725544,0.2688182044696641,0.2056006824921267,0
13861,44,milp,78,78,none,measured_local,0.03287683299276978,0.3,False,2.51299115663441,0.21586574283526078,0.14559817035386158,2
13861,44,task_specific,78,78,none,measured_local,7.079099304974079e-05,0.3,False,2.513010896442822,0.2158688863926272,0.14559985817059035,6
13861,44,rolling,169,169,none,measured_local,1.7919810488820076e-06,0.3,False,2.5023188197329818,0.2129076749853966,0.14754979039050356,0
13861,44,qaoa_transfer,169,170,retain_previous,trace_replayed_qpu,0.6095399999999971,0.3,True,4.971541310751704,0.2960433698711479,0.20845442384313861,0
13861,45,milp,169,169,none,measured_local,0.03127895900979638,0.3,False,2.3731739049522638,0.19104022850700286,0.13515171443468965,6
13861,45,task_specific,169,169,none,measured_local,6.724998820573092e-05,0.3,False,2.3731798475582164,0.19104119063440123,0.13515217514339128,6
13861,45,rolling,169,169,none,measured_local,1.625041477382183e-06,0.3,False,2.4368415760516537,0.21024210452855252,0.13914547049332454,0
13861,45,qaoa_transfer,169,170,retain_previous,trace_replayed_qpu,0.630999999999998,0.3,True,4.855166577179558,0.2908255373650099,0.20087603276879257,0
13861,46,milp,177,177,none,measured_local,0.03175629198085517,0.3,False,2.4134954119423155,0.2000558199669793,0.13525177342225353,2
13861,46,task_specific,78,78,none,measured_local,7.112498860806227e-05,0.3,False,2.4134968926465987,0.20005605387546332,0.13525190010678848,6
13861,46,rolling,169,169,none,measured_local,1.7080456018447876e-06,0.3,False,2.431142761222104,0.2063524130633464,0.13764603940129133,0
13861,46,qaoa_transfer,86,170,retain_previous,trace_replayed_qpu,0.639999999999998,0.3,True,4.834911963843027,0.3038330214951175,0.19810416442948894,0
13897,0,milp,172,172,none,measured_local,0.02817541698459536,0.3,False,1.1510268160760437,0.14801751206110594,0.10314149807688011,2
13897,0,task_specific,228,228,none,measured_local,7.304095197468996e-05,0.3,False,1.335449840863649,0.14099078074892793,0.10691781844167725,4
13897,0,rolling,170,170,none,measured_local,1.7080456018447876e-06,0.3,False,1.563905600689889,0.13981208506397425,0.11186053090366468,0
13897,0,qaoa_transfer,83,170,retain_previous,trace_replayed_qpu,53384.057600000044,0.3,True,1.563905600689889,0.13981208506397425,0.11186053090366468,0
13897,1,milp,172,172,none,measured_local,0.02983691601548344,0.3,False,1.1846894187871215,0.1792216325304698,0.10493817040190109,0
13897,1,task_specific,228,228,none,measured_local,7.054198067635298e-05,0.3,False,1.342024166657203,0.16038009802052758,0.10954874602159122,0
13897,1,rolling,170,170,none,measured_local,1.7909333109855652e-06,0.3,False,1.60318133729315,0.16942261275778348,0.11526014001724724,0
13897,1,qaoa_transfer,172,170,retain_previous,trace_replayed_qpu,57209.42362000002,0.3,True,1.60318133729315,0.16942261275778348,0.11526014001724724,0
13897,2,milp,172,172,none,measured_local,0.029688000096939504,0.3,False,1.1455127717839884,0.16423937233536984,0.10071723546967803,0
13897,2,task_specific,228,228,none,measured_local,6.766594015061855e-05,0.3,False,1.3050980676687822,0.15554812311896538,0.10465060416643007,0
13897,2,rolling,170,170,none,measured_local,1.6670674085617065e-06,0.3,False,1.5674201946850275,0.15426256437704305,0.11117953343232875,0
13897,2,qaoa_transfer,172,170,retain_previous,trace_replayed_qpu,61686.31511999999,0.3,True,1.5674201946850275,0.15426256437704305,0.11117953343232875,0
13897,3,milp,172,172,none,measured_local,0.030841083964332938,0.3,False,1.0935398728254282,0.1488814316210895,0.09186281929459972,0
13897,3,task_specific,228,228,none,measured_local,6.858306005597115e-05,0.3,False,1.2599157180985754,0.1204329427270485,0.09585245169171955,0
13897,3,rolling,170,170,none,measured_local,1.7080456018447876e-06,0.3,False,1.5076095490014474,0.13939288415199186,0.10241050486712569,0
13897,3,qaoa_transfer,83,170,retain_previous,trace_replayed_qpu,66510.1831,0.3,True,1.5076095490014474,0.13939288415199186,0.10241050486712569,0
13897,4,milp,172,172,none,measured_local,0.030816499958746135,0.3,False,1.0761238193202538,0.1421411022931947,0.0892259968206357,0
13897,4,task_specific,228,228,none,measured_local,6.916699931025505e-05,0.3,False,1.2500590448186846,0.12107798089078436,0.0933853929524644,0
13897,4,rolling,170,170,none,measured_local,1.6660196706652641e-06,0.3,False,1.484673556354263,0.13257297233003573,0.09957773872503618,0
13897,4,qaoa_transfer,83,170,retain_previous,trace_replayed_qpu,71306.33684000002,0.3,True,1.484673556354263,0.13257297233003573,0.09957773872503618,0
13897,5,milp,83,83,none,measured_local,0.03184850001707673,0.3,False,0.9830048728919398,0.14185770180603866,0.07891559548300633,8
13897,5,task_specific,228,228,none,measured_local,7.279193960130215e-05,0.3,False,1.125660350812518,0.1247,0.08326397612046713,0
13897,5,rolling,170,170,none,measured_local,1.7079291865229607e-06,0.3,False,1.3903338321947099,0.16019564689190682,0.08912933890885658,0
13897,5,qaoa_transfer,172,170,retain_previous,trace_replayed_qpu,74863.04220000001,0.3,True,1.3903338321947099,0.16019564689190682,0.08912933890885658,0
13897,6,milp,172,172,none,measured_local,0.03330041700974107,0.3,False,0.8268295645274195,0.11424957316628394,0.05521262182229849,8
13897,6,task_specific,27,27,none,measured_local,6.716698408126831e-05,0.3,False,0.9842268114473937,0.10252753639945303,0.058779008770312946,8
13897,6,rolling,170,170,none,measured_local,1.625041477382183e-06,0.3,False,1.2037889077945119,0.13451316620519316,0.06539584580486774,0
13897,6,qaoa_transfer,172,170,retain_previous,trace_replayed_qpu,78499.34332,0.3,True,1.2037889077945119,0.13451316620519316,0.06539584580486774,0
13897,7,milp,83,83,none,measured_local,0.03248916694428772,0.3,False,0.744759355658431,0.08110151754111877,0.031095739113185486,8
13897,7,task_specific,105,105,none,measured_local,6.999995093792677e-05,0.3,False,1.1243911409877934,0.07824983100300038,0.04095858580737575,4
13897,7,rolling,170,170,none,measured_local,1.6669509932398796e-06,0.3,False,1.0390738019159949,0.07593445978285673,0.0405197226948628,0
13897,7,qaoa_transfer,83,170,retain_previous,trace_replayed_qpu,84164.25534000002,0.3,True,1.0390738019159949,0.07593445978285673,0.0405197226948628,0
13897,8,milp,45,45,none,measured_local,0.04587395896669477,0.3,False,0.6932431150320599,0.0329000556026929,0.01844359224756064,6
13897,8,task_specific,178,178,none,measured_local,6.804091390222311e-05,0.3,False,0.9739093282183482,0.03908548238613646,0.026376567491434133,6
13897,8,rolling,170,170,none,measured_local,1.625041477382183e-06,0.3,False,0.9355082544534714,0.0448425733833819,0.02597684504789987,0
13897,8,qaoa_transfer,83,170,retain_previous,trace_replayed_qpu,92768.27739999996,0.3,True,0.9355082544534714,0.0448425733833819,0.02597684504789987,0
13897,9,milp,172,172,none,measured_local,0.03306720801629126,0.3,False,0.9441590215574831,0.10237657931306116,0.07150743079247249,2
13897,9,task_specific,210,210,none,measured_local,7.050007116049528e-05,0.3,False,1.0085671670988683,0.09161162389928953,0.07397154395287547,2
13897,9,rolling,170,170,none,measured_local,1.7080456018447876e-06,0.3,False,1.3285757238096216,0.10317848418116674,0.07935020636133677,0
13897,9,qaoa_transfer,83,170,retain_previous,trace_replayed_qpu,114401.84185999991,0.3,True,1.3285757238096216,0.10317848418116674,0.07935020636133677,0
13897,10,milp,172,172,none,measured_local,0.0303896670229733,0.3,False,1.0097361377901295,0.12574057887827134,0.07861647553893707,0
13897,10,task_specific,210,210,none,measured_local,6.716698408126831e-05,0.3,False,1.0553537375998192,0.10569471715690157,0.08022667917747171,0
13897,10,rolling,170,170,none,measured_local,1.750071533024311e-06,0.3,False,1.4005984503006688,0.11944514205144333,0.08822689309524054,0
13897,10,qaoa_transfer,172,170,retain_previous,trace_replayed_qpu,207486.516,0.3,True,1.4005984503006688,0.11944514205144333,0.08822689309524054,0
13897,11,milp,83,83,none,measured_local,0.025215749978087842,0.3,False,1.0276924462118064,0.12947018383129968,0.08110590344475324,8
13897,11,task_specific,210,210,none,measured_local,7.095804903656244e-05,0.3,False,1.0686108088920847,0.11319551457865887,0.08224634343999547,0
13897,11,rolling,170,170,none,measured_local,1.6660196706652641e-06,0.3,False,1.4188279199188611,0.12181048919894583,0.09087746125751672,0
13897,11,qaoa_transfer,172,170,retain_previous,trace_replayed_qpu,0.335999999999996,0.3,True,1.4188279199188611,0.12181048919894583,0.09087746125751672,0
13897,12,milp,83,83,none,measured_local,0.029164957930333912,0.3,False,1.0599005752512016,0.13676974480252743,0.08657981115529516,0
13897,12,task_specific,210,210,none,measured_local,6.758410017937422e-05,0.3,False,1.0951205427956443,0.12208940898705092,0.08760277022230212,0
13897,12,rolling,170,170,none,measured_local,1.625041477382183e-06,0.3,False,1.4644994858864953,0.12847312018621787,0.09635819799797152,0
13897,12,qaoa_transfer,172,170,retain_previous,trace_replayed_qpu,0.40899999999999803,0.3,True,1.4644994858864953,0.12847312018621787,0.09635819799797152,0
13897,13,milp,83,83,none,measured_local,0.03609241696540266,0.3,False,1.0841293959920795,0.14096482119993037,0.09043501438128004,0
13897,13,task_specific,228,228,none,measured_local,6.904196925461292e-05,0.3,False,1.2477539996961422,0.1254393853398564,0.09274472923193372,4
13897,13,rolling,170,170,none,measured_local,1.6669509932398796e-06,0.3,False,1.4954229159515637,0.13433056593374249,0.10054998714716239,0
13897,13,qaoa_transfer,172,170,retain_previous,trace_replayed_qpu,0.443999999999996,0.3,True,1.4954229159515637,0.13433056593374249,0.10054998714716239,0
13897,14,milp,45,45,none,measured_local,0.030996334040537477,0.3,False,1.1418751593153023,0.13402470412550457,0.09485518093510346,6
13897,14,task_specific,228,228,none,measured_local,6.716698408126831e-05,0.3,False,1.2940203171467441,0.1327500085096922,0.09899384999240357,0
13897,14,rolling,170,170,none,measured_local,1.6249250620603561e-06,0.3,False,1.5337463058087573,0.143575707583069,0.1051855728987891,0
13897,14,qaoa_transfer,83,170,retain_previous,trace_replayed_qpu,0.4766599999999973,0.3,True,1.5337463058087573,0.143575707583069,0.1051855728987891,0
13897,15,milp,83,83,none,measured_local,0.03192074992693961,0.3,False,1.1910939841378128,0.16953725287664725,0.1045447760121744,6
13897,15,task_specific,228,228,none,measured_local,6.562506314367056e-05,0.3,False,1.3825132610159598,0.13902788594820262,0.1109630079286686,0
13897,15,rolling,170,170,none,measured_local,1.5830155462026596e-06,0.3,False,1.6280691624649062,0.1677100674179347,0.11695615764521892,0
13897,15,qaoa_transfer,172,170,retain_previous,trace_replayed_qpu,0.504999999999998,0.3,True,1.6280691624649062,0.1677100674179347,0.11695615764521892,0
13897,16,milp,45,45,none,measured_local,0.03991041693370789,0.3,False,1.2217254025329742,0.16894145294695845,0.10509125863596375,6
13897,16,task_specific,228,228,none,measured_local,7.079192437231541e-05,0.3,False,1.3713602568677934,0.14295923971682525,0.11016283152539899,0
13897,16,rolling,170,170,none,measured_local,1.6249250620603561e-06,0.3,False,1.6060929400404527,0.14940795919439798,0.11630172906162267,0
13897,16,qaoa_transfer,83,170,retain_previous,trace_replayed_qpu,0.539999999999996,0.3,True,1.6060929400404527,0.14940795919439798,0.11630172906162267,0
13897,17,milp,83,83,none,measured_local,0.03322099999058992,0.3,False,1.1603563287641057,0.15450899810459007,0.10473516497666994,6
13897,17,task_specific,228,228,none,measured_local,6.858294364064932e-05,0.3,False,1.3752287724785903,0.15344549041799738,0.11175900642169484,0
13897,17,rolling,170,170,none,measured_local,1.6660196706652641e-06,0.3,False,1.6151612280155252,0.15395981142171894,0.11762732350101132,0
13897,17,qaoa_transfer,83,170,retain_previous,trace_replayed_qpu,0.575,0.3,True,1.6151612280155252,0.15395981142171894,0.11762732350101132,0
13897,18,milp,83,83,none,measured_local,0.032304583000950515,0.3,False,1.2086116301514882,0.16189731005245403,0.11199640821910264,0
13897,18,task_specific,228,228,none,measured_local,7.52920750528574e-05,0.3,False,1.41393935077277,0.16552214967762416,0.11736821931196477,0
13897,18,rolling,170,170,none,measured_local,1.6249250620603561e-06,0.3,False,1.6525231942742291,0.16243937263478533,0.12336653070038812,0
13897,18,qaoa_transfer,83,170,retain_previous,trace_replayed_qpu,0.6095399999999971,0.3,True,1.6525231942742291,0.16243937263478533,0.12336653070038812,0
13897,19,milp,83,83,none,measured_local,0.03158320800866932,0.3,False,1.2603650454520172,0.17806870866689634,0.1178027907537872,0
13897,19,task_specific,212,212,none,measured_local,7.062498480081558e-05,0.3,False,1.785475548714563,0.2073816186986674,0.12954043767772727,2
13897,19,rolling,170,170,none,measured_local,1.5409896150231361e-06,0.3,False,1.6901216221048379,0.17591616965568221,0.1289005798568557,0
13897,19,qaoa_transfer,83,170,retain_previous,trace_replayed_qpu,0.630999999999998,0.3,True,1.6901216221048379,0.17591616965568221,0.1289005798568557,0
13897,20,milp,83,83,none,measured_local,0.03258520900271833,0.3,False,1.2544760281904457,0.18049254471666906,0.11568412613630043,0
13897,20,task_specific,228,228,none,measured_local,7.00000673532486e-05,0.3,False,1.4550610519204459,0.17812178514128998,0.12057652402796566,2
13897,20,rolling,170,170,none,measured_local,1.6659032553434372e-06,0.3,False,1.678131191692203,0.1691809949054251,0.12642804055262094,0
13897,20,qaoa_transfer,172,170,retain_previous,trace_replayed_qpu,0.639999999999998,0.3,True,1.678131191692203,0.1691809949054251,0.12642804055262094,0
13897,21,milp,83,83,none,measured_local,0.04056425008457154,0.3,False,1.2588995232069888,0.201688164958309,0.11319940070476114,0
13897,21,task_specific,210,210,none,measured_local,7.283291779458523e-05,0.3,False,1.286700286394597,0.18741560893422504,0.11349244510243604,4
13897,21,rolling,170,170,none,measured_local,1.7499551177024841e-06,0.3,False,1.6815283770138068,0.1904315016162914,0.12379077979230507,0
13897,21,qaoa_transfer,172,170,retain_previous,trace_replayed_qpu,0.6909999999999981,0.3,True,1.6815283770138068,0.1904315016162914,0.12379077979230507,0
13897,22,milp,45,45,none,measured_local,0.03130141703877598,0.3,False,1.3441907923658252,0.20864700023058214,0.12173617901321714,6
13897,22,task_specific,166,166,none,measured_local,7.104198448359966e-05,0.3,False,1.5985722878537336,0.19342172103168997,0.12624374089860743,4
13897,22,rolling,170,170,none,measured_local,1.6669509932398796e-06,0.3,False,1.7573538894441192,0.21359999193255297,0.13250070942534517,0
13897,22,qaoa_transfer,172,170,retain_previous,trace_replayed_qpu,0.8784199999999982,0.3,True,1.7573538894441192,0.21359999193255297,0.13250070942534517,0
13897,23,milp,172,172,none,measured_local,0.03437120793387294,0.3,False,1.2567625403044707,0.1777343209678584,0.12007813169747124,2
13897,23,task_specific,228,228,none,measured_local,7.108296267688274e-05,0.3,False,1.471053749405511,0.17898652130689574,0.12543709980798337,2
13897,23,rolling,170,170,none,measured_local,1.750071533024311e-06,0.3,False,1.731515572783342,0.17757199728657688,0.13335884723610297,0
13897,23,qaoa_transfer,172,170,retain_previous,trace_replayed_qpu,2.1629999999999963,0.3,True,1.731515572783342,0.17757199728657688,0.13335884723610297,0
13897,24,milp,172,172,none,measured_local,0.030113750020973384,0.3,False,1.2942937014961184,0.1974607837766888,0.12665656350761176,0
13897,24,task_specific,228,228,none,measured_local,7.175002247095108e-05,0.3,False,1.5240103240035645,0.21819505283032167,0.13201384373513778,0
13897,24,rolling,170,170,none,measured_local,1.5828991308808327e-06,0.3,False,1.7815180456844166,0.22449417943489147,0.13852538931958355,0
13897,24,qaoa_transfer,83,170,retain_previous,trace_replayed_qpu,4.0434,0.3,True,1.7815180456844166,0.22449417943489147,0.13852538931958355,0
13897,25,milp,83,83,none,measured_local,0.03055991604924202,0.3,False,1.2897853360810203,0.19648732286687776,0.12214484253740296,8
13897,25,task_specific,228,228,none,measured_local,7.06670107319951e-05,0.3,False,1.4969476351500766,0.1776121626600159,0.12788775810008912,0
13897,25,rolling,170,170,none,measured_local,1.6660196706652641e-06,0.3,False,1.7397026132268272,0.18146328819241742,0.13432545114211042,0
13897,25,qaoa_transfer,172,170,retain_previous,trace_replayed_qpu,5.547399999999997,0.3,True,1.7397026132268272,0.18146328819241742,0.13432545114211042,0
13897,26,milp,172,172,none,measured_local,0.03375758300535381,0.3,False,1.2850698417121835,0.19888925109802458,0.12079463340202551,8
13897,26,task_specific,228,228,none,measured_local,7.17920484021306e-05,0.3,False,1.4831417027797242,0.17153994225154476,0.1259736908787519,0
13897,26,rolling,170,170,none,measured_local,1.7499551177024841e-06,0.3,False,1.726724279296058,0.18549249717759758,0.13204256533067069,0
13897,26,qaoa_transfer,172,170,retain_previous,trace_replayed_qpu,6.055999999999994,0.3,True,1.726724279296058,0.18549249717759758,0.13204256533067069,0
13897,27,milp,83,83,none,measured_local,0.032196540967561305,0.3,False,1.283546867037122,0.19545945139143664,0.12040174604280458,8
13897,27,task_specific,228,228,none,measured_local,6.945908535271883e-05,0.3,False,1.4803366168352103,0.17117695798531668,0.1253535425694931,0
13897,27,rolling,170,170,none,measured_local,1.7499551177024841e-06,0.3,False,1.7175245687735399,0.18271841448978346,0.13144310698240144,0
13897,27,qaoa_transfer,83,170,retain_previous,trace_replayed_qpu,6.330999999999999,0.3,True,1.7175245687735399,0.18271841448978346,0.13144310698240144,0
13897,28,milp,83,83,none,measured_local,0.03209374996367842,0.3,False,1.3001292647439622,0.24266740604635548,0.13037617167592805,0
13897,28,task_specific,210,210,none,measured_local,6.916711572557688e-05,0.3,False,1.4507783347193843,0.29428115152379114,0.1307084289351943,4
13897,28,rolling,170,170,none,measured_local,1.7499551177024841e-06,0.3,False,1.7550096546139442,0.2544434753053051,0.1412256142193385,0
13897,28,qaoa_transfer,83,170,retain_previous,trace_replayed_qpu,7.187819999999996,0.3,True,1.7550096546139442,0.2544434753053051,0.1412256142193385,0
13897,29,milp,83,83,none,measured_local,0.029339374974370003,0.3,False,1.2898125170535475,0.3164041992868116,0.13476573161859906,0
13897,29,task_specific,228,228,none,measured_local,7.00000673532486e-05,0.3,False,1.5249938367005829,0.3344476573243462,0.13772017294486508,4
13897,29,rolling,170,170,none,measured_local,1.5419209375977516e-06,0.3,False,1.7590867332257047,0.33005005960221423,0.1461377413653486,0
13897,29,qaoa_transfer,83,170,retain_previous,trace_replayed_qpu,8.200759999999997,0.3,True,1.7590867332257047,0.33005005960221423,0.1461377413653486,0
13897,30,milp,83,83,none,measured_local,0.030212667072191834,0.3,False,1.2619150645594996,0.17869978493011662,0.12015781292633869,0
13897,30,task_specific,85,85,none,measured_local,6.67079584673047e-05,0.3,False,1.689479365813876,0.18521278256209225,0.12966233383806972,4
13897,30,rolling,170,170,none,measured_local,1.750071533024311e-06,0.3,False,1.7100019535324227,0.18491727671943833,0.1318896683306426,0
13897,30,qaoa_transfer,172,170,retain_previous,trace_replayed_qpu,12.541100000000005,0.3,True,1.7100019535324227,0.18491727671943833,0.1318896683306426,0
13897,31,milp,172,172,none,measured_local,0.030196666019037366,0.3,False,1.2641484839976243,0.181750810780142,0.11924787661398749,8
13897,31,task_specific,166,166,none,measured_local,7.062498480081558e-05,0.3,False,1.5930656892223523,0.17293368159667968,0.1270476529283065,6
13897,31,rolling,170,170,none,measured_local,1.7910497263073921e-06,0.3,False,1.710567759270258,0.1699029659237084,0.13045004883831057,0
13897,31,qaoa_transfer,83,170,retain_previous,trace_replayed_qpu,13.504399999999997,0.3,True,1.710567759270258,0.1699029659237084,0.13045004883831057,0
13897,32,milp,172,172,none,measured_local,0.031030583078972995,0.3,False,1.277739245270351,0.19151484619466141,0.12096621209994061,0
13897,32,task_specific,228,228,none,measured_local,6.637501064687967e-05,0.3,False,1.4702206873310903,0.17302805617687178,0.1256370204569388,2
13897,32,rolling,170,170,none,measured_local,1.625041477382183e-06,0.3,False,1.7283786068828562,0.17904942945458813,0.13212669398175644,0
13897,32,qaoa_transfer,83,170,retain_previous,trace_replayed_qpu,14.101619999999999,0.3,True,1.7283786068828562,0.17904942945458813,0.13212669398175644,0
13897,33,milp,83,83,none,measured_local,0.0277047089766711,0.3,False,1.2665557874789242,0.17337334726290243,0.12163098113175878,8
13897,33,task_specific,228,228,none,measured_local,6.754102651029825e-05,0.3,False,1.491325894277559,0.17939444200041885,0.12644301718327727,0
13897,33,rolling,170,170,none,measured_local,1.625041477382183e-06,0.3,False,1.7250956432634266,0.18556695675300022,0.13289696517207142,0
13897,33,qaoa_transfer,83,170,retain_previous,trace_replayed_qpu,15.422199999999988,0.3,True,1.7250956432634266,0.18556695675300022,0.13289696517207142,0
13897,34,milp,172,172,none,measured_local,0.031207499909214675,0.3,False,1.2861557378704196,0.1781703024306195,0.1252388946869731,8
13897,34,task_specific,228,228,none,measured_local,7.095898035913706e-05,0.3,False,1.5203286087500523,0.1888727695839748,0.13085814735693896,0
13897,34,rolling,170,170,none,measured_local,1.7080456018447876e-06,0.3,False,1.744490243916946,0.1866814667946382,0.13670239108158566,0
13897,34,qaoa_transfer,83,170,retain_previous,trace_replayed_qpu,18.579039999999992,0.3,True,1.744490243916946,0.1866814667946382,0.13670239108158566,0
13897,35,milp,172,172,none,measured_local,0.03009687503799796,0.3,False,1.308498560447813,0.1985495058173887,0.1288788934467605,0
13897,35,task_specific,228,228,none,measured_local,6.708293221890926e-05,0.3,False,1.5407171356302924,0.21425085334085722,0.1347332152187513,0
13897,35,rolling,170,170,none,measured_local,1.6660196706652641e-06,0.3,False,1.7595449494623099,0.2112722972302262,0.14033725609792363,0
13897,35,qaoa_transfer,172,170,retain_previous,trace_replayed_qpu,23.035399999999996,0.3,True,1.7595449494623099,0.2112722972302262,0.14033725609792363,0
13897,36,milp,83,83,none,measured_local,0.03116995794698596,0.3,False,1.5617780670034813,0.3227870466643566,0.14842496401119532,8
13897,36,task_specific,228,228,none,measured_local,6.787502206861973e-05,0.3,False,1.6667969227653336,0.2704956896626059,0.1542304283907573,0
13897,36,rolling,170,170,none,measured_local,1.6249250620603561e-06,0.3,False,1.9946392337775751,0.3109115030671052,0.15970112373655776,0
13897,36,qaoa_transfer,83,170,retain_previous,trace_replayed_qpu,27.161999999999995,0.3,True,1.9946392337775751,0.3109115030671052,0.15970112373655776,0
13897,37,milp,45,45,none,measured_local,0.030313041992485523,0.3,False,1.5443480723187597,0.3020759375861479,0.14817581121435452,6
13897,37,task_specific,228,228,none,measured_local,7.270800415426493e-05,0.3,False,1.6441493592465952,0.2637165545685221,0.15189492306913333,0
13897,37,rolling,170,170,none,measured_local,1.6249250620603561e-06,0.3,False,1.9287640846146834,0.258876755805358,0.16009098084443937,0
13897,37,qaoa_transfer,210,170,retain_previous,trace_replayed_qpu,32.99244000000001,0.3,True,1.9287640846146834,0.258876755805358,0.16009098084443937,0
13897,38,milp,172,172,none,measured_local,0.0267233750782907,0.3,False,1.314698413306977,0.21544242653606716,0.13353240587174053,2
13897,38,task_specific,228,228,none,measured_local,7.175002247095108e-05,0.3,False,1.5859802377493284,0.23306403953213214,0.14162873398116488,0
13897,38,rolling,170,170,none,measured_local,1.625041477382183e-06,0.3,False,1.835417722586446,0.22869203605016103,0.1487441021153671,0
13897,38,qaoa_transfer,172,170,retain_previous,trace_replayed_qpu,36.903020000000005,0.3,True,1.835417722586446,0.22869203605016103,0.1487441021153671,0
13897,39,milp,83,83,none,measured_local,0.03190412500407547,0.3,False,1.3327576367657967,0.215846970830733,0.13215496033267443,8
13897,39,task_specific,226,226,none,measured_local,7.104105316102505e-05,0.3,False,2.063714537281498,0.2478604096862745,0.1486573889123416,2
13897,39,rolling,170,170,none,measured_local,1.5830155462026596e-06,0.3,False,1.8129565606012643,0.2300788829309158,0.14517294306466114,0
13897,39,qaoa_transfer,172,170,retain_previous,trace_replayed_qpu,39.999480000000005,0.3,True,1.8129565606012643,0.2300788829309158,0.14517294306466114,0
13897,40,milp,83,83,none,measured_local,0.032440291019156575,0.3,False,1.4020697456264541,0.23816796972520954,0.13793144091914492,0
13897,40,task_specific,228,228,none,measured_local,7.24999699741602e-05,0.3,False,1.593023105957975,0.24257710882274178,0.14404712588765756,2
13897,40,rolling,170,170,none,measured_local,1.7079291865229607e-06,0.3,False,1.8724483625842125,0.23808937935326094,0.1499364140150316,0
13897,40,qaoa_transfer,172,170,retain_previous,trace_replayed_qpu,44.07458,0.3,True,1.8724483625842125,0.23808937935326094,0.1499364140150316,0
13897,41,milp,83,83,none,measured_local,0.031941000022925436,0.3,False,1.4073058096062119,0.24975489834110515,0.13612674364066135,0
13897,41,task_specific,226,226,none,measured_local,7.025001104921103e-05,0.3,False,2.057608628956422,0.24305263435250507,0.15014386574288419,2
13897,41,rolling,170,170,none,measured_local,1.7919810488820076e-06,0.3,False,1.863769227754918,0.23451649331124763,0.1478862090646053,0
13897,41,qaoa_transfer,83,170,retain_previous,trace_replayed_qpu,48.63859999999999,0.3,True,1.863769227754918,0.23451649331124763,0.1478862090646053,0
13897,42,milp,172,172,none,measured_local,0.03128566697705537,0.3,False,1.5110090357475128,0.28111777325227816,0.1496701452401553,8
13897,42,task_specific,228,228,none,measured_local,8.154090028256178e-05,0.3,False,1.67661610562477,0.23450250827379684,0.15403020226956682,2
13897,42,rolling,170,170,none,measured_local,1.6669509932398796e-06,0.3,False,1.9806985999704092,0.26596889520540534,0.16108173069387294,0
13897,42,qaoa_transfer,172,170,retain_previous,trace_replayed_qpu,56.77331999999998,0.3,True,1.9806985999704092,0.26596889520540534,0.16108173069387294,0
13897,43,milp,210,210,none,measured_local,0.034785249968990684,0.3,False,1.4029506044963296,0.21944515605898518,0.13370569032407725,6
13897,43,task_specific,228,228,none,measured_local,6.41669612377882e-05,0.3,False,1.5755924475637384,0.18887481965811614,0.13847790264061927,0
13897,43,rolling,170,170,none,measured_local,1.5420373529195786e-06,0.3,False,1.8545329835695095,0.22494631025092637,0.14607996499926024,0
13897,43,qaoa_transfer,172,170,retain_previous,trace_replayed_qpu,61.09708,0.3,True,1.8545329835695095,0.22494631025092637,0.14607996499926024,0
13897,44,milp,172,172,none,measured_local,0.031261916970834136,0.3,False,1.3122605172390878,0.20488208081598694,0.12778344374030137,6
13897,44,task_specific,228,228,none,measured_local,7.391604594886303e-05,0.3,False,1.5441299453687938,0.20243276338733987,0.13510231118909347,0
13897,44,rolling,170,170,none,measured_local,1.708976924419403e-06,0.3,False,1.8071742079413717,0.20184371999459108,0.14207582458923773,0
13897,44,qaoa_transfer,172,170,retain_previous,trace_replayed_qpu,68.18,0.3,True,1.8071742079413717,0.20184371999459108,0.14207582458923773,0
13897,45,milp,172,172,none,measured_local,0.02995875000488013,0.3,False,1.2991509660566163,0.21123887808743164,0.1237065129309772,0
13897,45,task_specific,228,228,none,measured_local,7.299997378140688e-05,0.3,False,1.4971314997238239,0.18208275884344208,0.12950324863421986,0
13897,45,rolling,170,170,none,measured_local,1.5830155462026596e-06,0.3,False,1.7615323087597707,0.19928452801627422,0.13607935519853429,0
13897,45,qaoa_transfer,83,170,retain_previous,trace_replayed_qpu,78.43212000000001,0.3,True,1.7615323087597707,0.19928452801627422,0.13607935519853429,0
13897,46,milp,172,172,none,measured_local,0.029496583971194923,0.3,False,1.2820523446446295,0.20510847484511613,0.12287877415141539,0
13897,46,task_specific,228,228,none,measured_local,7.54169886931777e-05,0.3,False,1.4904627694927464,0.22659296196398757,0.1278282874930956,0
13897,46,rolling,170,170,none,measured_local,1.5828991308808327e-06,0.3,False,1.7610001644957984,0.23254738842831177,0.13443830771899426,0
13897,46,qaoa_transfer,83,170,retain_previous,trace_replayed_qpu,84.46360000000003,0.3,True,1.7610001644957984,0.23254738842831177,0.13443830771899426,0
13963,0,milp,178,178,none,measured_local,0.03369633306283504,0.3,False,1.4593748349653315,0.142857940560141,0.10397301727014796,2
13963,0,task_specific,210,210,none,measured_local,7.01249809935689e-05,0.3,False,1.9934224898957171,0.14989965191877483,0.11384888112534346,4
13963,0,rolling,170,170,none,measured_local,1.8749851733446121e-06,0.3,False,2.3425106741365798,0.17192886311746713,0.11991990857198064,0
13963,0,qaoa_transfer,178,170,retain_previous,trace_replayed_qpu,987.5664600000002,0.3,True,2.3425106741365798,0.17192886311746713,0.11991990857198064,0
13963,1,milp,77,77,none,measured_local,0.02939366700593382,0.3,False,1.4556872472409528,0.1305443460708686,0.10310937087413329,8
13963,1,task_specific,89,89,none,measured_local,7.02079851180315e-05,0.3,False,2.1227496260020953,0.1635695069314752,0.11701082015912107,4
13963,1,rolling,170,170,none,measured_local,1.750071533024311e-06,0.3,False,2.3972543938605253,0.1745492664412933,0.12518776685341448,0
13963,1,qaoa_transfer,77,170,retain_previous,trace_replayed_qpu,1087.05568,0.3,True,2.3972543938605253,0.1745492664412933,0.12518776685341448,0
13963,2,milp,77,77,none,measured_local,0.029443375067785382,0.3,False,1.4308520912666145,0.126116602928868,0.09934218118102382,0
13963,2,task_specific,210,210,none,measured_local,7.033406291157007e-05,0.3,False,2.004667712966422,0.13676592204946247,0.11215087946545985,4
13963,2,rolling,170,170,none,measured_local,1.834006980061531e-06,0.3,False,2.3772262084826963,0.16354252643668996,0.12288135984651315,0
13963,2,qaoa_transfer,178,170,retain_previous,trace_replayed_qpu,1229.3304000000003,0.3,True,2.3772262084826963,0.16354252643668996,0.12288135984651315,0
13963,3,milp,77,77,none,measured_local,0.03177104098722339,0.3,False,1.4091705352659272,0.11878245841047919,0.09558380228166537,0
13963,3,task_specific,147,147,none,measured_local,6.987492088228464e-05,0.3,False,1.7619550329962443,0.1221763423546578,0.10467838337488405,2
13963,3,rolling,170,170,none,measured_local,1.625041477382183e-06,0.3,False,2.3316016622870297,0.16027936154080452,0.1192431552120674,0
13963,3,qaoa_transfer,77,170,retain_previous,trace_replayed_qpu,1385.5546000000004,0.3,True,2.3316016622870297,0.16027936154080452,0.1192431552120674,0
13963,4,milp,77,77,none,measured_local,0.031472458969801664,0.3,False,1.409595607161759,0.12383928417642463,0.09825426338164818,0
13963,4,task_specific,178,178,none,measured_local,7.033394649624825e-05,0.3,False,1.412399127136043,0.12720516286603786,0.09870702826095709,2
13963,4,rolling,170,170,none,measured_local,1.7499551177024841e-06,0.3,False,2.3472057014088965,0.16106839767530567,0.12131504155717573,0
13963,4,qaoa_transfer,178,170,retain_previous,trace_replayed_qpu,1574.0720000000001,0.3,True,2.3472057014088965,0.16106839767530567,0.12131504155717573,0
13963,5,milp,178,178,none,measured_local,0.031076292041689157,0.3,False,1.2220495861089014,0.10782956634285873,0.06610239017904398,8
13963,5,task_specific,153,153,none,measured_local,7.56249064579606e-05,0.3,False,2.080465913284482,0.11377607088860567,0.08540137891685404,4
13963,5,rolling,170,170,none,measured_local,1.8749851733446121e-06,0.3,False,2.0331319686695695,0.13763056578208516,0.0895426425352224,0
13963,5,qaoa_transfer,77,170,retain_previous,trace_replayed_qpu,1659.5689999999997,0.3,True,2.0331319686695695,0.13763056578208516,0.0895426425352224,0
13963,6,milp,178,178,none,measured_local,0.030553041957318783,0.3,False,0.955238964397702,0.05021267010904756,0.030551239652722537,0
13963,6,task_specific,178,178,none,measured_local,6.791704799979925e-05,0.3,False,0.9723298583141002,0.052489918081906596,0.032570233040551066,4
13963,6,rolling,170,170,none,measured_local,1.4579854905605316e-06,0.3,False,1.6142612571397132,0.07777638896059129,0.05082829921673923,0
13963,6,qaoa_transfer,77,170,retain_previous,trace_replayed_qpu,1845.6639200000009,0.3,True,1.6142612571397132,0.07777638896059129,0.05082829921673923,0
13963,7,milp,178,178,none,measured_local,0.03022725007031113,0.3,False,0.8979855724799123,0.03836970645480525,0.023880974109942547,0
13963,7,task_specific,178,178,none,measured_local,7.166701834648848e-05,0.3,False,0.9016387402502154,0.03900531435634894,0.0243082464578525,0
13963,7,rolling,170,170,none,measured_local,1.625041477382183e-06,0.3,False,1.4912704333446847,0.062471222760423335,0.040356531428492826,0
13963,7,qaoa_transfer,77,170,retain_previous,trace_replayed_qpu,1984.5545999999997,0.3,True,1.4912704333446847,0.062471222760423335,0.040356531428492826,0
13963,8,milp,178,178,none,measured_local,0.03069066593889147,0.3,False,0.8856677255140756,0.03595435360373837,0.022449639311997803,0
13963,8,task_specific,178,178,none,measured_local,7.070798892527819e-05,0.3,False,0.8864510675055307,0.0360987811646922,0.02254096850625538,0
13963,8,rolling,170,170,none,measured_local,1.9170111045241356e-06,0.3,False,1.4543960778318423,0.05730201030775342,0.03728176083361712,0
13963,8,qaoa_transfer,77,170,retain_previous,trace_replayed_qpu,2142.670420000001,0.3,True,1.4543960778318423,0.05730201030775342,0.03728176083361712,0
13963,9,milp,77,77,none,measured_local,0.030563500011339784,0.3,False,1.3057782911911522,0.11405802958318034,0.07967919313785188,8
13963,9,task_specific,178,178,none,measured_local,6.862508598715067e-05,0.3,False,1.3059466530478732,0.1140891534586154,0.07969877668763828,0
13963,9,rolling,170,170,none,measured_local,1.6249250620603561e-06,0.3,False,2.053406758394309,0.13222126250025837,0.09389740194579607,0
13963,9,qaoa_transfer,178,170,retain_previous,trace_replayed_qpu,2355.1834799999992,0.3,True,2.053406758394309,0.13222126250025837,0.09389740194579607,0
13963,10,milp,77,77,none,measured_local,0.030350874993018806,0.3,False,1.3943358061965117,0.11977960333938323,0.0947569572797788,0
13963,10,task_specific,89,89,none,measured_local,6.958295125514269e-05,0.3,False,1.9774286525062843,0.13274332632431465,0.10472471042380135,6
13963,10,rolling,170,170,none,measured_local,1.750071533024311e-06,0.3,False,2.2644618166653125,0.1535276606179488,0.11344766895985772,0
13963,10,qaoa_transfer,178,170,retain_previous,trace_replayed_qpu,2641.1710800000037,0.3,True,2.2644618166653125,0.1535276606179488,0.11344766895985772,0
13963,11,milp,77,77,none,measured_local,0.03016024990938604,0.3,False,1.4639049826918802,0.14252434948981696,0.1043833951549128,0
13963,11,task_specific,210,210,none,measured_local,8.112494833767414e-05,0.3,False,1.9976506106712493,0.13966844037460577,0.11554742024634462,4
13963,11,rolling,170,170,none,measured_local,1.7920974642038345e-06,0.3,False,2.413289951648192,0.18505953664343178,0.1261365454166328,0
13963,11,qaoa_transfer,77,170,retain_previous,trace_replayed_qpu,3063.925839999996,0.3,True,2.413289951648192,0.18505953664343178,0.1261365454166328,0
13963,12,milp,178,178,none,measured_local,0.0302688330411911,0.3,False,1.4877563662035103,0.13437748892185755,0.112485124567297,8
13963,12,task_specific,89,89,none,measured_local,7.162499241530895e-05,0.3,False,2.1943268552298747,0.16558197285821968,0.1263793360406921,4
13963,12,rolling,170,170,none,measured_local,1.8329592421650887e-06,0.3,False,2.5051003111918426,0.18236816928107635,0.1362197487912048,0
13963,12,qaoa_transfer,178,170,retain_previous,trace_replayed_qpu,3439.5412000000006,0.3,True,2.5051003111918426,0.18236816928107635,0.1362197487912048,0
13963,13,milp,178,178,none,measured_local,0.03198583296034485,0.3,False,1.517021342247619,0.1459826486236507,0.11380640915508776,0
13963,13,task_specific,178,178,none,measured_local,6.870809011161327e-05,0.3,False,1.5334417310868758,0.14900056307336204,0.11577324093740946,6
13963,13,rolling,170,170,none,measured_local,1.7919810488820076e-06,0.3,False,2.5533988821051006,0.19180794393131917,0.13924000777979606,0
13963,13,qaoa_transfer,178,170,retain_previous,trace_replayed_qpu,3801.491,0.3,True,2.5533988821051006,0.19180794393131917,0.13924000777979606,0
13963,14,milp,178,178,none,measured_local,0.02890683396253735,0.3,False,1.5412590522941132,0.14628466063989998,0.11565053355619048,0
13963,14,task_specific,178,178,none,measured_local,7.762503810226917e-05,0.3,False,1.5447170238953274,0.14667214819068594,0.1160610432771719,0
13963,14,rolling,170,170,none,measured_local,2.250075340270996e-06,0.3,False,2.575958980416398,0.19427606943682751,0.14155997205262752,0
13963,14,qaoa_transfer,178,170,retain_previous,trace_replayed_qpu,4050.243,0.3,True,2.575958980416398,0.19427606943682751,0.14155997205262752,0
13963,15,milp,178,178,none,measured_local,0.0324925419408828,0.3,False,1.5422080044935054,0.16160765208748215,0.12056897630735282,0
13963,15,task_specific,153,153,none,measured_local,7.275003008544445e-05,0.3,False,2.7173945930538803,0.20579101810075773,0.14125069576090982,4
13963,15,rolling,170,170,none,measured_local,1.7499551177024841e-06,0.3,False,2.621504542027173,0.21132874510129812,0.14643647451040992,0
13963,15,qaoa_transfer,178,170,retain_previous,trace_replayed_qpu,4558.6302,0.3,True,2.621504542027173,0.21132874510129812,0.14643647451040992,0
13963,16,milp,77,77,none,measured_local,0.029718667035922408,0.3,False,1.5521871422769982,0.15070558346982413,0.11804270011233764,8
13963,16,task_specific,45,45,none,measured_local,7.358298171311617e-05,0.3,False,2.1934875357833605,0.1608655678088044,0.13361140672350652,4
13963,16,rolling,170,170,none,measured_local,1.8329592421650887e-06,0.3,False,2.618792285697487,0.20254886151474052,0.14502511355067935,0
13963,16,qaoa_transfer,77,170,retain_previous,trace_replayed_qpu,5322.757020000019,0.3,True,2.618792285697487,0.20254886151474052,0.14502511355067935,0
13963,17,milp,178,178,none,measured_local,0.03526533395051956,0.3,False,1.5726251568071445,0.15876957205409478,0.12401717855692496,8
13963,17,task_specific,147,147,none,measured_local,6.870797369629145e-05,0.3,False,1.9693437039392112,0.17547800623668966,0.13433332153793875,6
13963,17,rolling,170,170,none,measured_local,1.750071533024311e-06,0.3,False,2.673213702290164,0.21026605523366282,0.15068230714243716,0
13963,17,qaoa_transfer,178,170,retain_previous,trace_replayed_qpu,6057.925400000011,0.3,True,2.673213702290164,0.21026605523366282,0.15068230714243716,0
13963,18,milp,77,77,none,measured_local,0.0412449580617249,0.3,False,1.561307861303694,0.6759000000000001,0.1905906289201786,8
13963,18,task_specific,178,178,none,measured_local,6.883405148983002e-05,0.3,False,1.5645143633901992,0.6759000000000001,0.19111123920112635,2
13963,18,rolling,170,170,none,measured_local,1.7499551177024841e-06,0.3,False,3.1765071389587725,0.7303187018969617,0.21810534255725408,0
13963,18,qaoa_transfer,77,170,retain_previous,trace_replayed_qpu,6972.2684,0.3,True,3.1765071389587725,0.7303187018969617,0.21810534255725408,0
13963,19,milp,178,178,none,measured_local,0.02816383307799697,0.3,False,1.59441832901798,0.21530000000000002,0.13720769653259235,8
13963,19,task_specific,77,77,none,measured_local,6.9082947447896e-05,0.3,False,1.5949274560043325,0.21530000000000002,0.13728785908475497,8
13963,19,rolling,178,178,none,measured_local,2.8329668566584587e-06,0.3,False,1.6266846305147091,0.21530000000000002,0.14112877199684343,2
13963,19,qaoa_transfer,178,170,retain_previous,trace_replayed_qpu,8713.00816,0.3,True,2.9219675983590787,0.3217059197148112,0.17758767847396933,0
13963,20,milp,77,77,none,measured_local,0.028717332985252142,0.3,False,1.5988715420913362,0.18359999999999999,0.13384795822544948,8
13963,20,task_specific,210,210,none,measured_local,7.087492849677801e-05,0.3,False,2.2872885998735946,0.22859364537721424,0.14696212775333592,6
13963,20,rolling,178,178,none,measured_local,1.7079291865229607e-06,0.3,False,1.6056288519622164,0.18359999999999999,0.13465461576286772,0
13963,20,qaoa_transfer,178,170,retain_previous,trace_replayed_qpu,10522.01418,0.3,True,2.8295877413195103,0.2566906662450835,0.16703668995897694,0
13963,21,milp,77,77,none,measured_local,0.02883458393625915,0.3,False,1.6268083129635456,0.17098299443622667,0.1330967885522834,0
13963,21,task_specific,77,77,none,measured_local,7.020891644060612e-05,0.3,False,1.6330244337213895,0.17190506966636449,0.13397017490070018,6
13963,21,rolling,178,178,none,measured_local,1.750071533024311e-06,0.3,False,1.6282304270213888,0.17127016051914987,0.1332657212990554,0
13963,21,qaoa_transfer,178,170,retain_previous,trace_replayed_qpu,12618.543799999981,0.3,True,2.808933794733551,0.23785401052779082,0.16386469353298777,0
13963,22,milp,178,178,none,measured_local,0.03435529104899615,0.3,False,1.6218787035142892,0.17961413265489998,0.13525770782408864,8
13963,22,task_specific,178,178,none,measured_local,7.391697727143764e-05,0.3,False,1.623072017246005,0.1794032495987517,0.13541311084303473,8
13963,22,rolling,178,178,none,measured_local,1.625041477382183e-06,0.3,False,1.6221786403669807,0.17963385791591582,0.1352932606755347,0
13963,22,qaoa_transfer,77,170,retain_previous,trace_replayed_qpu,15199.442000000001,0.3,True,2.824702645070887,0.24020802591877333,0.16481084486833877,0
13963,23,milp,77,77,none,measured_local,0.03148808400146663,0.3,False,1.5794594472939647,0.16756404556036303,0.12879696758785722,8
13963,23,task_specific,210,210,none,measured_local,6.912497337907553e-05,0.3,False,2.209927561922119,0.20761529805764145,0.14035392763369417,2
13963,23,rolling,178,178,none,measured_local,1.625041477382183e-06,0.3,False,1.5795227980892108,0.16756840239640075,0.1288044660091745,0
13963,23,qaoa_transfer,77,170,retain_previous,trace_replayed_qpu,16883.729360000023,0.3,True,2.758131617132921,0.2312191750269865,0.15886756612677216,0
13963,24,milp,77,77,none,measured_local,0.03156825003679842,0.3,False,1.5590543654425397,0.15610303482490043,0.12518648618234912,0
13963,24,task_specific,210,210,none,measured_local,7.06670107319951e-05,0.3,False,2.2412380438187043,0.2020668398412818,0.14094818904805298,0
13963,24,rolling,178,178,none,measured_local,1.750071533024311e-06,0.3,False,1.5590677624668332,0.15610400481245673,0.12518806995223028,0
13963,24,qaoa_transfer,178,170,retain_previous,trace_replayed_qpu,19501.39002,0.3,True,2.702228546100093,0.21760735620610488,0.15465329042832301,0
13963,25,milp,178,178,none,measured_local,0.037252499954774976,0.3,False,1.5826458809292567,0.16664229213953138,0.1265763591360635,8
13963,25,task_specific,178,178,none,measured_local,7.50409672036767e-05,0.3,False,1.5926639123972621,0.16573981487605308,0.12790262536910058,2
13963,25,rolling,178,178,none,measured_local,1.625041477382183e-06,0.3,False,1.5826487173526336,0.16664259648136628,0.12657669406167082,0
13963,25,qaoa_transfer,178,170,retain_previous,trace_replayed_qpu,21076.41,0.3,True,2.6884738195565907,0.22028370064549274,0.1551557136525023,0
13963,26,milp,178,178,none,measured_local,0.03593975002877414,0.3,False,1.552358246723185,0.1534446090166015,0.12060364702323143,0
13963,26,task_specific,178,178,none,measured_local,7.058295886963606e-05,0.3,False,1.5543631805452578,0.15332984636427532,0.12085409780993156,0
13963,26,rolling,178,178,none,measured_local,1.750071533024311e-06,0.3,False,1.5523588479476267,0.15344465732065982,0.12060371793381583,0
13963,26,qaoa_transfer,178,170,retain_previous,trace_replayed_qpu,22301.84380000001,0.3,True,2.642386838639535,0.21305401707479435,0.14824934548891475,0
13963,27,milp,77,77,none,measured_local,0.03113870893139392,0.3,False,1.5913616094598582,0.1688505681085221,0.12520895616807962,8
13963,27,task_specific,178,178,none,measured_local,6.912497337907553e-05,0.3,False,1.5917652887205236,0.16898410094604827,0.12525907951363147,0
13963,27,rolling,178,178,none,measured_local,1.5830155462026596e-06,0.3,False,1.5913617370482724,0.16885058963514202,0.12520897119869068,0
13963,27,qaoa_transfer,178,170,retain_previous,trace_replayed_qpu,26988.115000000023,0.3,True,2.681325480567655,0.22632297962618234,0.15245967096598836,0
13963,28,milp,77,77,none,measured_local,0.03056462504900992,0.3,False,1.5886294333523847,0.16814656990928356,0.12353404023649646,0
13963,28,task_specific,178,178,none,measured_local,7.095804903656244e-05,0.3,False,1.5887105425757642,0.16813720618114292,0.12354413221801308,0
13963,28,rolling,178,178,none,measured_local,1.5830155462026596e-06,0.3,False,1.588629460460853,0.16814657231693977,0.12353404342620682,0
13963,28,qaoa_transfer,178,170,retain_previous,trace_replayed_qpu,30066.683,0.3,True,2.6784484235486303,0.21552309340299688,0.15078313701419138,0
13963,29,milp,178,178,none,measured_local,0.030819582985714078,0.3,False,1.5930884691892702,0.15418874155950024,0.12444073583380962,8
13963,29,task_specific,77,77,none,measured_local,6.800005212426186e-05,0.3,False,1.593104706942654,0.15418659306303165,0.12444276356439411,8
13963,29,rolling,178,178,none,measured_local,1.6670674085617065e-06,0.3,False,1.5930884749559946,0.15418874209704522,0.12444073651152134,0
13963,29,qaoa_transfer,178,170,retain_previous,trace_replayed_qpu,33372.02029999999,0.3,True,2.6731321477295458,0.20525260193172457,0.15168621058871576,0
13963,30,milp,178,178,none,measured_local,0.02833399991504848,0.3,False,1.6356096499132537,0.1815303551692682,0.12933971172973174,0
13963,30,task_specific,89,89,none,measured_local,6.616697646677494e-05,0.3,False,2.381975342960705,0.21699633687265615,0.1429330175518887,2
13963,30,rolling,178,178,none,measured_local,1.7919810488820076e-06,0.3,False,1.635609651141528,0.18153035528928352,0.12933971187389987,0
13963,30,qaoa_transfer,77,170,retain_previous,trace_replayed_qpu,38236.33444,0.3,True,2.7316636824246885,0.230861806078481,0.15634080369323866,0
13963,31,milp,178,178,none,measured_local,0.029541082913056016,0.3,False,1.6393628918502183,0.1698443901563995,0.12889024124783136,0
13963,31,task_specific,77,77,none,measured_local,6.925000343471766e-05,0.3,False,1.6554121715009658,0.1708696839230962,0.13081174113041905,2
13963,31,rolling,178,178,none,measured_local,1.8329592421650887e-06,0.3,False,1.6393628921121655,0.1698443901940963,0.1288902412785382,0
13963,31,qaoa_transfer,77,170,retain_previous,trace_replayed_qpu,40437.89090000001,0.3,True,2.7228519964517552,0.21809106565484299,0.1562915920606172,0
13963,32,milp,178,178,none,measured_local,0.029438458965159953,0.3,False,1.6090453820520692,0.16106025473021002,0.12988407229625545,0
13963,32,task_specific,102,102,none,measured_local,6.795802619308233e-05,0.3,False,2.863466435796422,0.22464974537847276,0.15273936646777347,4
13963,32,rolling,178,178,none,measured_local,1.8749851733446121e-06,0.3,False,1.6090453821080057,0.1610602547361925,0.12988407230280413,0
13963,32,qaoa_transfer,178,170,retain_previous,trace_replayed_qpu,43481.44719999998,0.3,True,2.722570204065967,0.21155562041910225,0.15697129991129388,0
13963,33,milp,178,178,none,measured_local,0.030974750057794154,0.3,False,1.6502482096341855,0.17739999999999997,0.1386386345513017,0
13963,33,task_specific,77,77,none,measured_local,6.77499920129776e-05,0.3,False,1.67159310668782,0.17739999999999997,0.14116601049089497,4
13963,33,rolling,178,178,none,measured_local,1.750071533024311e-06,0.3,False,1.6502482096461457,0.17739999999999997,0.13863863455270015,0
13963,33,qaoa_transfer,178,170,retain_previous,trace_replayed_qpu,48527.47675999998,0.3,True,2.824012610476193,0.23305439344196133,0.16647675510164917,0
13963,34,milp,77,77,none,measured_local,0.029031084035523236,0.3,False,1.6957837938774036,0.2206,0.14991870524085465,8
13963,34,task_specific,210,210,none,measured_local,6.679201032966375e-05,0.3,False,2.393791687931516,0.2629145480719051,0.16234764196214332,6
13963,34,rolling,178,178,none,measured_local,1.7910497263073921e-06,0.3,False,1.695783793879964,0.2206,0.14991870524115364,0
13963,34,qaoa_transfer,77,170,retain_previous,trace_replayed_qpu,53384.057600000044,0.3,True,2.9577493434014563,0.28118875371553365,0.17926281526190482,0
13963,35,milp,178,178,none,measured_local,0.02740570902824402,0.3,False,1.6640635566127646,0.24309999999999998,0.14928209484693508,8
13963,35,task_specific,77,77,none,measured_local,8.837494533509016e-05,0.3,False,1.6699168832972286,0.24309999999999998,0.15010734191890435,6
13963,35,rolling,178,178,none,measured_local,2.2080494090914726e-06,0.3,False,1.6640635566133133,0.24309999999999998,0.14928209484699909,0
13963,35,qaoa_transfer,178,170,retain_previous,trace_replayed_qpu,57209.42362000002,0.3,True,2.976112322645514,0.3116201012578465,0.18083123358503642,0
13963,36,milp,77,77,none,measured_local,0.027978833997622132,0.3,False,1.6526232550813433,0.2188,0.14488908891531913,8
13963,36,task_specific,45,45,none,measured_local,6.916595157235861e-05,0.3,False,2.3632033685051828,0.2665225196405065,0.15841883210619453,2
13963,36,rolling,178,178,none,measured_local,1.8749851733446121e-06,0.3,False,1.6526232550814612,0.2188,0.1448890889153328,0
13963,36,qaoa_transfer,77,170,retain_previous,trace_replayed_qpu,61686.31511999999,0.3,True,2.9491653217868086,0.2915523810009695,0.17769030806613784,0
13963,37,milp,178,178,none,measured_local,0.028440583031624556,0.3,False,1.6398511708345374,0.1941710966088423,0.1387905813770336,8
13963,37,task_specific,77,77,none,measured_local,6.583298090845346e-05,0.3,False,1.6461488650750724,0.19398926299408614,0.13967534314741015,2
13963,37,rolling,178,178,none,measured_local,1.6670674085617065e-06,0.3,False,1.639851170834563,0.19417109660884563,0.13879058137703654,0
13963,37,qaoa_transfer,77,170,retain_previous,trace_replayed_qpu,66510.1831,0.3,True,2.8934561170503925,0.25374895671639675,0.1712041330446702,0
13963,38,milp,77,77,none,measured_local,0.029355917009525,0.3,False,1.6752041256276742,0.2057035935484151,0.14424627927086345,8
13963,38,task_specific,45,45,none,measured_local,6.474996916949749e-05,0.3,False,2.3621352082877687,0.23424564083156843,0.15699784113202325,2
13963,38,rolling,178,178,none,measured_local,1.6669509932398796e-06,0.3,False,1.67520412562768,0.20570359354841583,0.14424627927086406,0
13963,38,qaoa_transfer,178,170,retain_previous,trace_replayed_qpu,71306.33684000002,0.3,True,2.9576537297712897,0.26109456061943886,0.17558640292625982,0
13963,39,milp,77,77,none,measured_local,0.0291338749229908,0.3,False,1.6626257808940126,0.21,0.14505510314069187,0
13963,39,task_specific,198,198,none,measured_local,6.975000724196434e-05,0.3,False,2.8240861771378247,0.31165056608395547,0.16950230182906145,6
13963,39,rolling,178,178,none,measured_local,1.834006980061531e-06,0.3,False,1.6626257808940137,0.21,0.14505510314069198,0
13963,39,qaoa_transfer,77,170,retain_previous,trace_replayed_qpu,74863.04220000001,0.3,True,2.967042369125248,0.27682665066679774,0.17711634324428221,0
13963,40,milp,178,178,none,measured_local,0.0312137920409441,0.3,False,1.6715757656299775,0.2306,0.14915314452235032,8
13963,40,task_specific,77,77,none,measured_local,8.008396252989769e-05,0.3,False,1.690142299518163,0.2306,0.1513827521342643,4
13963,40,rolling,178,178,none,measured_local,1.7909333109855652e-06,0.3,False,1.671575765629978,0.2306,0.14915314452235034,0
13963,40,qaoa_transfer,178,170,retain_previous,trace_replayed_qpu,78499.34332,0.3,True,3.015923803703828,0.2997865920733208,0.1817635592281312,0
13963,41,milp,77,77,none,measured_local,0.03180937503930181,0.3,False,1.6668720611113352,0.2147,0.14607689414074942,8
13963,41,task_specific,77,77,none,measured_local,6.762496195733547e-05,0.3,False,1.670786933352628,0.2147,0.14654105748795407,0
13963,41,rolling,178,178,none,measured_local,1.625041477382183e-06,0.3,False,1.6668720611113352,0.2147,0.14607689414074942,0
13963,41,qaoa_transfer,77,170,retain_previous,trace_replayed_qpu,84164.25534000002,0.3,True,2.9914067946779124,0.28532496161886023,0.17968559509259568,0
13963,42,milp,178,178,none,measured_local,0.02840716706123203,0.3,False,1.6841033953812647,0.2285,0.14940930152778337,8
13963,42,task_specific,210,210,none,measured_local,6.89999433234334e-05,0.3,False,2.3884702088801424,0.2731275724412975,0.16201849688100442,6
13963,42,rolling,178,178,none,measured_local,1.625041477382183e-06,0.3,False,1.6841033953812647,0.2285,0.14940930152778337,0
13963,42,qaoa_transfer,178,170,retain_previous,trace_replayed_qpu,92768.27739999996,0.3,True,3.0218386467707767,0.2977664050518093,0.18252266986694782,0
13963,43,milp,77,77,none,measured_local,0.029161417041905224,0.3,False,1.7207203802134763,0.22210000000000002,0.15289008488453162,8
13963,43,task_specific,77,77,none,measured_local,6.699992809444666e-05,0.3,False,1.725927537843328,0.22210000000000002,0.15365254149677576,6
13963,43,rolling,178,178,none,measured_local,1.7080456018447876e-06,0.3,False,1.7207203802134763,0.22210000000000002,0.15289008488453162,0
13963,43,qaoa_transfer,77,170,retain_previous,trace_replayed_qpu,114401.84185999991,0.3,True,3.0806919157185164,0.29296563320582075,0.18633346616926943,0
13963,44,milp,77,77,none,measured_local,0.029400208964943886,0.3,False,1.7106947147262885,0.22924925140617058,0.14811800950533688,0
13963,44,task_specific,45,45,none,measured_local,6.845803000032902e-05,0.3,False,2.3882168290736403,0.23769332704441076,0.1607958597741439,2
13963,44,rolling,178,178,none,measured_local,1.750071533024311e-06,0.3,False,1.7106947147262885,0.22924925140617058,0.14811800950533688,0
13963,44,qaoa_transfer,178,170,retain_previous,trace_replayed_qpu,207486.516,0.3,True,3.048966394188148,0.28700756545695577,0.1821172978929629,0
13963,45,milp,77,77,none,measured_local,0.030408833059482276,0.3,False,1.684350976853195,0.20271102860282625,0.14180486786815721,0
13963,45,task_specific,77,77,none,measured_local,7.020810153335333e-05,0.3,False,1.6896367736341977,0.20223852976902693,0.14257948866289327,2
13963,45,rolling,178,178,none,measured_local,1.875101588666439e-06,0.3,False,1.684350976853195,0.20271102860282625,0.14180486786815721,0
13963,45,qaoa_transfer,178,170,retain_previous,trace_replayed_qpu,0.335999999999996,0.3,True,2.9275930896900677,0.26193708599025206,0.1752616598547037,0
13963,46,milp,77,77,none,measured_local,0.02894754195585847,0.3,False,1.6141814961549625,0.2238319791106675,0.1369962744213299,0
13963,46,task_specific,45,45,none,measured_local,6.70839799568057e-05,0.3,False,2.305175213461247,0.2419253180413582,0.149445034380777,2
13963,46,rolling,178,178,none,measured_local,1.8338905647397041e-06,0.3,False,1.6141814961549625,0.2238319791106675,0.1369962744213299,0
13963,46,qaoa_transfer,178,170,retain_previous,trace_replayed_qpu,0.40899999999999803,0.3,True,2.8695301093850167,0.27829705728923027,0.1680773272422517,0
14087,0,milp,86,86,none,measured_local,0.02964633295778185,0.3,False,0.9010451643998818,0.09275394353307273,0.06755912038563106,6
14087,0,task_specific,178,178,none,measured_local,6.879097782075405e-05,0.3,False,1.1548575552377196,0.09383546941711635,0.07272472518065329,2
14087,0,rolling,170,170,none,measured_local,1.6249250620603561e-06,0.3,False,1.136108489159231,0.09343253017695193,0.07223131620158255,0
14087,0,qaoa_transfer,86,170,retain_previous,trace_replayed_qpu,0.40899999999999803,0.3,True,1.136108489159231,0.09343253017695193,0.07223131620158255,0
14087,1,milp,210,210,none,measured_local,0.028377083013765514,0.3,False,0.9280286870956014,0.09169110070104414,0.07072135459300058,2
14087,1,task_specific,210,210,none,measured_local,7.545796688646078e-05,0.3,False,0.9265314163964746,0.09036312677890906,0.07060280453966761,2
14087,1,rolling,169,169,none,measured_local,3.0410010367631912e-06,0.3,False,0.930362935320078,0.10151544442749662,0.0702524617490206,2
14087,1,qaoa_transfer,86,170,retain_previous,trace_replayed_qpu,0.443999999999996,0.3,True,1.1762460243048483,0.10017779043282916,0.07671521222898078,0
14087,2,milp,86,86,none,measured_local,0.0296154998941347,0.3,False,0.9401275849494025,0.10600700489294385,0.07103041727762432,2
14087,2,task_specific,178,178,none,measured_local,6.958295125514269e-05,0.3,False,1.1784369816345261,0.09751584841708683,0.07598133580891496,2
14087,2,rolling,169,169,none,measured_local,1.583946868777275e-06,0.3,False,0.9527987283271021,0.1097044463509528,0.07230907338300194,0
14087,2,qaoa_transfer,45,170,retain_previous,trace_replayed_qpu,0.4766599999999973,0.3,True,1.190885026095549,0.10195554947711108,0.0784561506076212,0
14087,3,milp,45,45,none,measured_local,0.029282292001880705,0.3,False,0.9365782393253225,0.0928765696220863,0.0720458713493536,6
14087,3,task_specific,210,210,none,measured_local,7.041706703603268e-05,0.3,False,0.9338723385711216,0.09102940738741422,0.07176284343940224,2
14087,3,rolling,169,169,none,measured_local,1.6669509932398796e-06,0.3,False,0.9596506649793156,0.11233250926558161,0.07276996820817755,0
14087,3,qaoa_transfer,210,170,retain_previous,trace_replayed_qpu,0.504999999999998,0.3,True,1.1940931994974608,0.102319195139769,0.07872212565238873,0
14087,4,milp,86,86,none,measured_local,0.03474720800295472,0.3,False,0.9443937629788827,0.10787995504921996,0.071281227377153,6
14087,4,task_specific,178,178,none,measured_local,6.804091390222311e-05,0.3,False,1.1774553248653428,0.0975100722468556,0.07595326573004679,2
14087,4,rolling,169,169,none,measured_local,2.208980731666088e-06,0.3,False,0.9610888919252998,0.1126453908430719,0.07295376662448289,0
14087,4,qaoa_transfer,210,170,retain_previous,trace_replayed_qpu,0.539999999999996,0.3,True,1.1945908776261671,0.1024129561141202,0.07881482998743652,0
14087,5,milp,45,45,none,measured_local,0.02931979193817824,0.3,False,0.8086426569033204,0.06860467208508764,0.04749433549955771,6
14087,5,task_specific,210,210,none,measured_local,6.608304101973772e-05,0.3,False,0.8056236138674225,0.06667215125285705,0.047163735541041925,2
14087,5,rolling,169,169,none,measured_local,1.584063284099102e-06,0.3,False,0.8387275539039584,0.08395324043095573,0.04837722229813249,0
14087,5,qaoa_transfer,45,170,retain_previous,trace_replayed_qpu,0.575,0.3,True,1.0468584342992853,0.07712499172604924,0.054214771940654174,0
14087,6,milp,169,169,none,measured_local,0.032262958004139364,0.3,False,0.6741487294948252,0.04747186926932544,0.01925398176713501,2
14087,6,task_specific,178,178,none,measured_local,6.654206663370132e-05,0.3,False,0.8511962223491955,0.04509695481933953,0.023308155618332035,2
14087,6,rolling,169,169,none,measured_local,1.750071533024311e-06,0.3,False,0.6912585128720301,0.0524286910627518,0.020968188847598955,0
14087,6,qaoa_transfer,45,170,retain_previous,trace_replayed_qpu,0.6095399999999971,0.3,True,0.8684707923704036,0.0473562289705952,0.026171460857482134,0
14087,7,milp,210,210,none,measured_local,0.041221083025448024,0.3,False,0.6349599288866088,0.03062076132714572,0.01627474002601178,6
14087,7,task_specific,210,210,none,measured_local,7.029203698039055e-05,0.3,False,0.6323759697372178,0.02891389714929075,0.015995335173070592,2
14087,7,rolling,169,169,none,measured_local,2.00001522898674e-06,0.3,False,0.6586956005166491,0.043853856742446164,0.017281462821800753,0
14087,7,qaoa_transfer,210,170,retain_previous,trace_replayed_qpu,0.630999999999998,0.3,True,0.8291846202724672,0.04044143278678223,0.02171176980926009,0
14087,8,milp,169,169,none,measured_local,0.031886416021734476,0.3,False,0.6375532850820284,0.037622832037517984,0.015138331186495395,6
14087,8,task_specific,178,178,none,measured_local,7.145898416638374e-05,0.3,False,0.8105041666368793,0.03678103466499752,0.018634022968984733,2
14087,8,rolling,169,169,none,measured_local,1.7499551177024841e-06,0.3,False,0.6509142917448265,0.04161178560925179,0.01646739001291623,0
14087,8,qaoa_transfer,210,170,retain_previous,trace_replayed_qpu,0.639999999999998,0.3,True,0.8203582502458936,0.03866689340517537,0.020729615506811676,0
14087,9,milp,45,45,none,measured_local,0.036604125052690506,0.3,False,0.8855113184889388,0.0784020974876241,0.06571743487537544,2
14087,9,task_specific,210,210,none,measured_local,6.833299994468689e-05,0.3,False,0.883745635452899,0.07707805759207569,0.0655414120117995,2
14087,9,rolling,169,169,none,measured_local,1.7909333109855652e-06,0.3,False,0.8924334159401103,0.09137546158114446,0.06638535729362066,0
14087,9,qaoa_transfer,210,170,retain_previous,trace_replayed_qpu,0.6909999999999981,0.3,True,1.1220669396187364,0.09579617797604834,0.07062145625614735,0
14087,10,milp,86,86,none,measured_local,0.030658624949865043,0.3,False,0.928267601874794,0.10132574062239377,0.06992642337817823,6
14087,10,task_specific,178,178,none,measured_local,7.408298552036285e-05,0.3,False,1.1709043051560875,0.09676973465866759,0.07492797609913496,2
14087,10,rolling,169,169,none,measured_local,1.7499551177024841e-06,0.3,False,0.9402987378898965,0.10464702263061262,0.07112333539850275,0
14087,10,qaoa_transfer,86,170,retain_previous,trace_replayed_qpu,0.8784199999999982,0.3,True,1.1779022953312903,0.10279954893292553,0.07686417349046841,0
14087,11,milp,45,45,none,measured_local,0.02944058401044458,0.3,False,0.9374745707700707,0.09257987074249743,0.07251807348316514,6
14087,11,task_specific,210,210,none,measured_local,6.61659287288785e-05,0.3,False,0.9350740632572787,0.09085352238580896,0.07227765128699776,2
14087,11,rolling,169,169,none,measured_local,1.7080456018447876e-06,0.3,False,0.9582227214602855,0.1112922068329738,0.07316996844724741,0
14087,11,qaoa_transfer,210,170,retain_previous,trace_replayed_qpu,2.1629999999999963,0.3,True,1.1955602539669052,0.10414887681731742,0.07911005738328226,0
14087,12,milp,86,86,none,measured_local,0.03465541603509337,0.3,False,0.9510580201173175,0.10747660722498628,0.07291261167085313,6
14087,12,task_specific,178,178,none,measured_local,7.354200351983309e-05,0.3,False,1.19039283012405,0.09808638641180356,0.07767053173372779,2
14087,12,rolling,169,169,none,measured_local,1.6669509932398796e-06,0.3,False,0.967315118908521,0.11213310125236614,0.07454306803650715,0
14087,12,qaoa_transfer,210,170,retain_previous,trace_replayed_qpu,4.0434,0.3,True,1.207336992729913,0.10736300717431553,0.08047650634917262,0
14087,13,milp,210,210,none,measured_local,0.03045016701798886,0.3,False,0.9502719751008266,0.09542985756609271,0.07502615516289654,2
14087,13,task_specific,210,210,none,measured_local,6.816699169576168e-05,0.3,False,0.9473268676383887,0.09350939221024251,0.07470752447208477,2
14087,13,rolling,169,169,none,measured_local,1.7919810488820076e-06,0.3,False,0.9781477077329923,0.11718004846954352,0.07589537797271302,0
14087,13,qaoa_transfer,210,170,retain_previous,trace_replayed_qpu,5.547399999999997,0.3,True,1.2179925736649342,0.10911624595302839,0.08189592481824783,0
14087,14,milp,86,86,none,measured_local,0.03642658295575529,0.3,False,0.9617294093624403,0.11121478448869346,0.07499636820690919,2
14087,14,task_specific,178,178,none,measured_local,6.30419235676527e-05,0.3,False,1.2021733566976822,0.09929044797877562,0.07967702501762623,2
14087,14,rolling,169,169,none,measured_local,1.625041477382183e-06,0.3,False,0.9788915651371564,0.11609316217314897,0.0767161926933248,0
14087,14,qaoa_transfer,45,170,retain_previous,trace_replayed_qpu,6.055999999999994,0.3,True,1.2266574343111198,0.11647984717589022,0.08271231434162335,0
14087,15,milp,210,210,none,measured_local,0.0370473749935627,0.3,False,0.9637911594943095,0.09720284206153448,0.07807484806393059,2
14087,15,task_specific,210,210,none,measured_local,6.833299994468689e-05,0.3,False,0.9606570712639848,0.09520627968200807,0.07773029655549504,2
14087,15,rolling,169,169,none,measured_local,1.6659032553434372e-06,0.3,False,0.9955554511169408,0.12276658558400803,0.0790722891284289,0
14087,15,qaoa_transfer,45,170,retain_previous,trace_replayed_qpu,6.330999999999999,0.3,True,1.2429512502242184,0.11752012419021615,0.085266435857778,0
14087,16,milp,169,169,none,measured_local,0.03704783401917666,0.3,False,0.9775921127425393,0.11839166343500412,0.07707755796093055,6
14087,16,task_specific,178,178,none,measured_local,6.812496576458216e-05,0.3,False,1.213022522972636,0.10046821859454619,0.0817693191714508,2
14087,16,rolling,169,169,none,measured_local,1.6669509932398796e-06,0.3,False,0.995016706554892,0.1233410186984687,0.07882638627792352,0
14087,16,qaoa_transfer,210,170,retain_previous,trace_replayed_qpu,7.187819999999996,0.3,True,1.2427122250649312,0.11493043645116996,0.08501128125560545,0
14087,17,milp,210,210,none,measured_local,0.0403107909951359,0.3,False,0.9698045923780618,0.10010668395031752,0.07946481651119884,6
14087,17,task_specific,210,210,none,measured_local,6.608408875763416e-05,0.3,False,0.966575965588871,0.09816837038830603,0.07910814367213323,2
14087,17,rolling,169,169,none,measured_local,1.625041477382183e-06,0.3,False,1.0051389446257013,0.12958011666326782,0.0805254176638723,0
14087,17,qaoa_transfer,210,170,retain_previous,trace_replayed_qpu,8.200759999999997,0.3,True,1.2547983140933592,0.12029608919260777,0.08671780562662329,0
14087,18,milp,86,86,none,measured_local,0.036226583062671125,0.3,False,1.005923862886664,0.1381320398560246,0.08033514841723739,2
14087,18,task_specific,178,178,none,measured_local,7.016700692474842e-05,0.3,False,1.2184030049006234,0.10064676505178366,0.08496191802888943,2
14087,18,rolling,169,169,none,measured_local,1.708976924419403e-06,0.3,False,1.023814080115648,0.14320797969815127,0.08212847361564253,0
14087,18,qaoa_transfer,210,170,retain_previous,trace_replayed_qpu,12.541100000000005,0.3,True,1.2689004598555331,0.12484501926500652,0.08836995785233398,0
14087,19,milp,45,45,none,measured_local,0.03060112497769296,0.3,False,0.981136236716312,0.12256632797296751,0.08196649246460844,6
14087,19,task_specific,178,178,none,measured_local,6.733299233019352e-05,0.3,False,1.242689040519609,0.10731233210096001,0.08823507512251558,0
14087,19,rolling,169,169,none,measured_local,1.7080456018447876e-06,0.3,False,1.0408481668714278,0.15339423331387053,0.0833703520028912,0
14087,19,qaoa_transfer,210,170,retain_previous,trace_replayed_qpu,13.504399999999997,0.3,True,1.284389813815193,0.13469227443948173,0.08949751149638832,0
14087,20,milp,169,169,none,measured_local,0.04438700003083795,0.3,False,1.0232217084052206,0.1314424734641389,0.08339581691664097,2
14087,20,task_specific,178,178,none,measured_local,6.145797669887543e-05,0.3,False,1.2893050954930685,0.11662724713500597,0.09032972601299022,0
14087,20,rolling,169,169,none,measured_local,1.4170072972774506e-06,0.3,False,1.0420460354760581,0.13678353580808184,0.0852837041717857,0
14087,20,qaoa_transfer,45,170,retain_previous,trace_replayed_qpu,14.101619999999999,0.3,True,1.3104838887919876,0.12833229541754773,0.09137224534537981,0
14087,21,milp,210,210,none,measured_local,0.030424125026911497,0.3,False,0.9809499475916249,0.10911951739148745,0.08178646444821372,6
14087,21,task_specific,210,210,none,measured_local,6.75420742481947e-05,0.3,False,0.9787517671389703,0.10736226116962339,0.08160829986367046,2
14087,21,rolling,169,169,none,measured_local,1.5830155462026596e-06,0.3,False,1.0318421892797416,0.139536923494546,0.08333865088690146,0
14087,21,qaoa_transfer,45,170,retain_previous,trace_replayed_qpu,15.422199999999988,0.3,True,1.287640194261476,0.12371033239688137,0.09004959721979969,0
14087,22,milp,86,86,none,measured_local,0.030567708890885115,0.3,False,0.9965331463613449,0.1291091346896914,0.07942748977842445,2
14087,22,task_specific,178,178,none,measured_local,7.312500383704901e-05,0.3,False,1.2228375156277254,0.10053552964672335,0.0839268143752214,2
14087,22,rolling,169,169,none,measured_local,1.7080456018447876e-06,0.3,False,1.0161486399042037,0.1345438828053841,0.08138355473199355,0
14087,22,qaoa_transfer,210,170,retain_previous,trace_replayed_qpu,18.579039999999992,0.3,True,1.2639895379026458,0.11845614828261881,0.0877785048565369,0
14087,23,milp,210,210,none,measured_local,0.04208895796909928,0.3,False,0.9818686242270194,0.11298193797693332,0.08087564598625158,2
14087,23,task_specific,210,210,none,measured_local,6.862496957182884e-05,0.3,False,0.9783281633310692,0.1108639209788801,0.08047361185076764,2
14087,23,rolling,169,169,none,measured_local,1.5419209375977516e-06,0.3,False,1.0266051940122376,0.14331941071467333,0.0821412159976051,0
14087,23,qaoa_transfer,45,170,retain_previous,trace_replayed_qpu,23.035399999999996,0.3,True,1.2670489696101757,0.12471487017758068,0.08833723844756614,0
14087,24,milp,86,86,none,measured_local,0.03288391698151827,0.3,False,1.0136717589252515,0.1342503020326091,0.0846671052804776,2
14087,24,task_specific,178,178,none,measured_local,7.14160269126296e-05,0.3,False,1.2475527667494188,0.12021053597290277,0.08890481824367272,2
14087,24,rolling,169,169,none,measured_local,1.4579854905605316e-06,0.3,False,1.0322410510867333,0.13950844427944553,0.08652762985030593,0
14087,24,qaoa_transfer,210,170,retain_previous,trace_replayed_qpu,27.161999999999995,0.3,True,1.2658060615806699,0.12069010632733745,0.09253872424025439,0
14087,25,milp,210,210,none,measured_local,0.032959625008516014,0.3,False,0.9729549447644276,0.1003380017145898,0.08052291191315883,2
14087,25,task_specific,210,210,none,measured_local,6.962509360164404e-05,0.3,False,0.969243288752138,0.09812360968538042,0.08008938072365825,2
14087,25,rolling,169,169,none,measured_local,1.7910497263073921e-06,0.3,False,1.0079944057071275,0.1309074517306168,0.08150602627716833,0
14087,25,qaoa_transfer,210,170,retain_previous,trace_replayed_qpu,32.99244000000001,0.3,True,1.255750790353038,0.12204906314537767,0.08734515153951675,0
14087,26,milp,86,86,none,measured_local,0.030251124990172684,0.3,False,0.9965100020794069,0.13655513570167138,0.07830580295685141,2
14087,26,task_specific,178,178,none,measured_local,6.820808630436659e-05,0.3,False,1.208679865822221,0.10018834769182369,0.08306586246551234,2
14087,26,rolling,169,169,none,measured_local,1.7919810488820076e-06,0.3,False,1.0147112209534659,0.1418632964485429,0.0801248601426782,0
14087,26,qaoa_transfer,210,170,retain_previous,trace_replayed_qpu,36.903020000000005,0.3,True,1.2493576523575125,0.12365552069968114,0.08631876975882596,0
14087,27,milp,45,45,none,measured_local,0.027310416917316616,0.3,False,0.9609390786850305,0.09537278602341734,0.07764603865939572,6
14087,27,task_specific,178,178,none,measured_local,6.679201032966375e-05,0.3,False,1.2340206898306512,0.1075230070055705,0.08379199664555552,0
14087,27,rolling,169,169,none,measured_local,1.7080456018447876e-06,0.3,False,0.995467692304252,0.12420974296488488,0.07894278052383666,0
14087,27,qaoa_transfer,210,170,retain_previous,trace_replayed_qpu,39.999480000000005,0.3,True,1.2407763155225218,0.11776882106411543,0.08480894130893782,0
14087,28,milp,169,169,none,measured_local,0.03853816702030599,0.3,False,0.9900434634702354,0.131212688462914,0.07858518579425046,2
14087,28,task_specific,210,210,none,measured_local,7.258309051394463e-05,0.3,False,0.9693240334844153,0.10523890617063526,0.07919094891053272,2
14087,28,rolling,169,169,none,measured_local,1.8329592421650887e-06,0.3,False,1.0086612105988575,0.13650929438047116,0.08044919230760629,0
14087,28,qaoa_transfer,210,170,retain_previous,trace_replayed_qpu,44.07458,0.3,True,1.2501965033740976,0.11816021334966657,0.08658190788806303,0
14087,29,milp,210,210,none,measured_local,0.03053074993658811,0.3,False,0.9694655883285567,0.10229559199959654,0.07941546070588032,6
14087,29,task_specific,178,178,none,measured_local,7.049995474517345e-05,0.3,False,1.2175616370217694,0.10038665959782367,0.08320560036949522,2
14087,29,rolling,169,169,none,measured_local,1.5419209375977516e-06,0.3,False,1.006171745188509,0.1325669931143396,0.08062903026497144,0
14087,29,qaoa_transfer,45,170,retain_previous,trace_replayed_qpu,48.63859999999999,0.3,True,1.2541894167742405,0.11898556451438333,0.08666741258435244,0
14087,30,milp,86,86,none,measured_local,0.030848999973386526,0.3,False,0.9814812500750125,0.12304383042934244,0.07811057398912351,2
14087,30,task_specific,210,210,none,measured_local,6.600003689527512e-05,0.3,False,0.9639237688296144,0.09616550135989407,0.07837173763254945,2
14087,30,rolling,169,169,none,measured_local,1.7499551177024841e-06,0.3,False,0.9997293027361462,0.12825014405292376,0.07994179362971272,0
14087,30,qaoa_transfer,45,170,retain_previous,trace_replayed_qpu,56.77331999999998,0.3,True,1.2480085034926092,0.11761197456969051,0.086142235419356,0
14087,31,milp,210,210,none,measured_local,0.02579729096032679,0.3,False,0.9639409018779792,0.09772848561622774,0.07828815448576062,2
14087,31,task_specific,178,178,none,measured_local,6.66249543428421e-05,0.3,False,1.2141711364570558,0.10562603661549583,0.08225318862046109,2
14087,31,rolling,169,169,none,measured_local,1.8330756574869156e-06,0.3,False,0.9977136009357898,0.1274520911118239,0.07935573256840364,0
14087,31,qaoa_transfer,45,170,retain_previous,trace_replayed_qpu,61.09708,0.3,True,1.2439871877711854,0.11714447325333321,0.08556271258731524,0
14087,32,milp,86,86,none,measured_local,0.031059166067279875,0.3,False,0.9807542286162689,0.11915878267773086,0.07834880714911624,2
14087,32,task_specific,210,210,none,measured_local,6.933300755918026e-05,0.3,False,0.9666972416244245,0.09307362545568522,0.07866603835441299,2
14087,32,rolling,169,169,none,measured_local,1.6249250620603561e-06,0.3,False,0.9986308994948231,0.12425617827312711,0.08014284002339474,0
14087,32,qaoa_transfer,210,170,retain_previous,trace_replayed_qpu,68.18,0.3,True,1.248221082198756,0.1167904824358232,0.08629967969427964,0
14087,33,milp,210,210,none,measured_local,0.030742416973225772,0.3,False,0.9721230933046852,0.09809537916585397,0.07964740625368695,2
14087,33,task_specific,178,178,none,measured_local,6.9082947447896e-05,0.3,False,1.2331869329246594,0.10308100588135957,0.08378669293198732,2
14087,33,rolling,169,169,none,measured_local,1.7499551177024841e-06,0.3,False,1.00778283899392,0.12750523095634997,0.08062827248737056,0
14087,33,qaoa_transfer,45,170,retain_previous,trace_replayed_qpu,78.43212000000001,0.3,True,1.2621335083845304,0.11759341443637661,0.0868680270549689,0
14087,34,milp,86,86,none,measured_local,0.03270170802716166,0.3,False,0.984054266459278,0.11640091893146551,0.0785539066125859,2
14087,34,task_specific,210,210,none,measured_local,6.820796988904476e-05,0.3,False,0.9675257129253305,0.09300063235940914,0.07882864130394841,2
14087,34,rolling,169,169,none,measured_local,1.7499551177024841e-06,0.3,False,1.0017925417605753,0.12145243202901873,0.08033207097484801,0
14087,34,qaoa_transfer,210,170,retain_previous,trace_replayed_qpu,84.46360000000003,0.3,True,1.257001394608513,0.11719892833452189,0.08669083770961326,0
14087,35,milp,210,210,none,measured_local,0.03196637495420873,0.3,False,0.9565550600716759,0.09511375263335477,0.07671513297065624,2
14087,35,task_specific,178,178,none,measured_local,6.687501445412636e-05,0.3,False,1.2089172710191451,0.1004105755468015,0.08099657124145199,2
14087,35,rolling,169,169,none,measured_local,1.708976924419403e-06,0.3,False,0.9880180143905264,0.12144264895666468,0.07773231354401439,0
14087,35,qaoa_transfer,45,170,retain_previous,trace_replayed_qpu,96.76627999999998,0.3,True,1.2363519198034674,0.11743011777965665,0.08411253486521282,0
14087,36,milp,86,86,none,measured_local,0.031581750023178756,0.3,False,0.9667973519802444,0.11432293086208906,0.07558915277129556,2
14087,36,task_specific,210,210,none,measured_local,6.633403245359659e-05,0.3,False,0.9514564666578689,0.09235452148974513,0.07601598171531704,2
14087,36,rolling,169,169,none,measured_local,1.6249250620603561e-06,0.3,False,0.9847799661476476,0.11940212965461304,0.07738795035976315,0
14087,36,qaoa_transfer,45,170,retain_previous,trace_replayed_qpu,111.99626,0.3,True,1.2343242440076925,0.11538734994902378,0.0835962979950867,0
14087,37,milp,45,45,none,measured_local,0.031702165957540274,0.3,False,0.9658041612017415,0.10458887453604185,0.07869829241451409,6
14087,37,task_specific,178,178,none,measured_local,6.858294364064932e-05,0.3,False,1.2104856162990056,0.09965887314663141,0.08279599303309103,2
14087,37,rolling,169,169,none,measured_local,1.500011421740055e-06,0.3,False,1.0038674620698618,0.13361814900546243,0.0797319991536912,0
14087,37,qaoa_transfer,210,170,retain_previous,trace_replayed_qpu,131.08151999999998,0.3,True,1.2493700715736515,0.11703271887019306,0.0859706061001923,0
14087,38,milp,86,86,none,measured_local,0.030049042077735066,0.3,False,0.9875677966816789,0.12960596688222792,0.07848975801054295,6
14087,38,task_specific,210,210,none,measured_local,6.912497337907553e-05,0.3,False,0.9677053207740155,0.10275381376336241,0.07871102711909454,2
14087,38,rolling,169,169,none,measured_local,1.708976924419403e-06,0.3,False,1.0052200493448427,0.13461093664612905,0.08025918655174653,0
14087,38,qaoa_transfer,45,170,retain_previous,trace_replayed_qpu,150.73899999999998,0.3,True,1.2472636075488341,0.11628914954106293,0.08639675178934128,0
14087,39,milp,210,210,none,measured_local,0.030082041979767382,0.3,False,0.973387358194133,0.10560458134935932,0.07938233227039815,2
14087,39,task_specific,178,178,none,measured_local,6.958295125514269e-05,0.3,False,1.2123020489228433,0.10126396112023375,0.08317357662833019,2
14087,39,rolling,169,169,none,measured_local,1.5420373529195786e-06,0.3,False,1.0055425244517386,0.13568613156945863,0.08048050123362106,0
14087,39,qaoa_transfer,210,170,retain_previous,trace_replayed_qpu,171.1178000000002,0.3,True,1.2434713496192271,0.11735282946636574,0.08653159018872085,0
14087,40,milp,86,86,none,measured_local,0.03009524999652058,0.3,False,0.9934172749852711,0.13533426158394188,0.07926607001528559,2
14087,40,task_specific,210,210,none,measured_local,7.204199209809303e-05,0.3,False,0.9766483621636187,0.10824925933013965,0.07961837717173101,2
14087,40,rolling,169,169,none,measured_local,1.500011421740055e-06,0.3,False,1.0114639625074682,0.1404900165290972,0.08107606311129345,0
14087,40,qaoa_transfer,45,170,retain_previous,trace_replayed_qpu,187.011,0.3,True,1.2460227163632809,0.1222000026636818,0.08702428374048067,0
14087,41,milp,210,210,none,measured_local,0.030457374989055097,0.3,False,0.977182874814801,0.11322801529499765,0.07961492091943313,2
14087,41,task_specific,178,178,none,measured_local,6.616697646677494e-05,0.3,False,1.2093455739972296,0.10053113403752162,0.08324615451614395,2
14087,41,rolling,169,169,none,measured_local,1.6669509932398796e-06,0.3,False,1.0164499613972886,0.14369134026356956,0.0806740990626867,0
14087,41,qaoa_transfer,210,170,retain_previous,trace_replayed_qpu,208.24779999999996,0.3,True,1.2483510249460923,0.12522343268166736,0.08653806790908201,0
14087,42,milp,86,86,none,measured_local,0.03189987502992153,0.3,False,0.9918120036388677,0.13507439683284944,0.07726639610266556,2
14087,42,task_specific,178,178,none,measured_local,6.808398757129908e-05,0.3,False,1.220919136851546,0.10675259622869171,0.08390863934993073,0
14087,42,rolling,169,169,none,measured_local,1.7499551177024841e-06,0.3,False,1.0099686282145002,0.14028093895872384,0.07908624903493222,0
14087,42,qaoa_transfer,210,170,retain_previous,trace_replayed_qpu,246.85518000000008,0.3,True,1.2369879502205092,0.12159775015416022,0.08488377562365232,0
14087,43,milp,45,45,none,measured_local,0.030144582968205214,0.3,False,0.9709147326173,0.11513885504370304,0.07896686111524184,6
14087,43,task_specific,210,210,none,measured_local,7.012509740889072e-05,0.3,False,0.9687960666392992,0.11335305128604672,0.07879100649162465,2
14087,43,rolling,169,169,none,measured_local,1.6249250620603561e-06,0.3,False,1.022216176556006,0.145639663065752,0.0802617157053625,0
14087,43,qaoa_transfer,45,170,retain_previous,trace_replayed_qpu,292.81968,0.3,True,1.252360850409518,0.12697846172806865,0.08593719875551273,0
14087,44,milp,169,169,none,measured_local,0.032465542084537446,0.3,False,1.0133177869374106,0.14626415866106968,0.07970063017961378,2
14087,44,task_specific,178,178,none,measured_local,7.19169620424509e-05,0.3,False,1.2059240709266246,0.09861765107032817,0.08368420906483684,2
14087,44,rolling,169,169,none,measured_local,1.6669509932398796e-06,0.3,False,1.031837131148068,0.15153576801898855,0.08155540441390015,0
14087,44,qaoa_transfer,210,170,retain_previous,trace_replayed_qpu,344.2418000000001,0.3,True,1.2688996227443696,0.13262163300591248,0.08730902126023796,0
14087,45,milp,210,210,none,measured_local,0.03234370797872543,0.3,False,0.9618319971440258,0.11140580496672195,0.07797182482366541,6
14087,45,task_specific,178,178,none,measured_local,7.029203698039055e-05,0.3,False,1.2193561900726908,0.10553489353183715,0.08403560177316562,0
14087,45,rolling,169,169,none,measured_local,1.8749851733446121e-06,0.3,False,1.0156123142251696,0.14268291176191192,0.0796834282787017,0
14087,45,qaoa_transfer,210,170,retain_previous,trace_replayed_qpu,414.7057599999997,0.3,True,1.2514734220847663,0.12351773602201047,0.08560999056860924,0
14087,46,milp,86,86,none,measured_local,0.030032375012524426,0.3,False,0.9709307559284761,0.1199548836939631,0.07434100411529773,2
14087,46,task_specific,210,210,none,measured_local,7.087492849677801e-05,0.3,False,0.9485036614652763,0.09286543447467802,0.07453832678145221,2
14087,46,rolling,169,169,none,measured_local,1.5830155462026596e-06,0.3,False,0.9903814664153142,0.12543297172378814,0.07629030785562925,0
14087,46,qaoa_transfer,45,170,retain_previous,trace_replayed_qpu,490.81076,0.3,True,1.2244226787600017,0.10662685018022652,0.08218683555211916,0
15022,0,milp,202,202,none,measured_local,0.031993625103496015,0.3,False,0.9001128618647835,0.05214089388887654,0.03330506623196306,2
15022,0,task_specific,195,195,none,measured_local,6.695894990116358e-05,0.3,False,1.2837460846593778,0.060261613759126705,0.039957190099479914,4
15022,0,rolling,170,170,none,measured_local,1.6670674085617065e-06,0.3,False,1.4667716263928954,0.06156404588562871,0.04278023960793749,0
15022,0,qaoa_transfer,53,170,retain_previous,trace_replayed_qpu,208.24779999999996,0.3,True,1.4667716263928954,0.06156404588562871,0.04278023960793749,0
15022,1,milp,53,53,none,measured_local,0.03310566698201001,0.3,False,0.9269538525371617,0.057101468489477475,0.03596532154661959,8
15022,1,task_specific,195,195,none,measured_local,6.858294364064932e-05,0.3,False,1.3496626000403,0.07557140168078659,0.045556152116484436,0
15022,1,rolling,170,170,none,measured_local,2.08395067602396e-06,0.3,False,1.5671905315378827,0.07479058841143835,0.05013179065982239,0
15022,1,qaoa_transfer,53,170,retain_previous,trace_replayed_qpu,246.85518000000008,0.3,True,1.5671905315378827,0.07479058841143835,0.05013179065982239,0
15022,2,milp,53,53,none,measured_local,0.03538745897822082,0.3,False,0.9416118312672094,0.06507569294963703,0.03731134631342904,0
15022,2,task_specific,92,92,none,measured_local,7.349997758865356e-05,0.3,False,1.6622786912616678,0.07022536022813511,0.05318886282932998,6
15022,2,rolling,170,170,none,measured_local,1.834006980061531e-06,0.3,False,1.6124110002822483,0.08691746468815861,0.05331726328844706,0
15022,2,qaoa_transfer,202,170,retain_previous,trace_replayed_qpu,292.81968,0.3,True,1.6124110002822483,0.08691746468815861,0.05331726328844706,0
15022,3,milp,202,202,none,measured_local,0.03054420801345259,0.3,False,0.9486151465740347,0.06750777115681636,0.03814029578168023,8
15022,3,task_specific,195,195,none,measured_local,6.920797750353813e-05,0.3,False,1.3831944844332023,0.07604003085168792,0.04911539196481272,6
15022,3,rolling,170,170,none,measured_local,1.7079291865229607e-06,0.3,False,1.6355056387917881,0.09127209447115424,0.05491027500705621,0
15022,3,qaoa_transfer,53,170,retain_previous,trace_replayed_qpu,344.2418000000001,0.3,True,1.6355056387917881,0.09127209447115424,0.05491027500705621,0
15022,4,milp,53,53,none,measured_local,0.03161324991378933,0.3,False,0.9378627320852675,0.05912315003436776,0.037102878664350865,8
15022,4,task_specific,195,195,none,measured_local,6.808398757129908e-05,0.3,False,1.378047576985722,0.08063938672757046,0.04796736211083005,0
15022,4,rolling,170,170,none,measured_local,1.7080456018447876e-06,0.3,False,1.6263619558564315,0.08401630753866025,0.0542751409697947,0
15022,4,qaoa_transfer,202,170,retain_previous,trace_replayed_qpu,414.7057599999997,0.3,True,1.6263619558564315,0.08401630753866025,0.0542751409697947,0
15022,5,milp,202,202,none,measured_local,0.03147845796775073,0.3,False,0.8892688694313785,0.05132719131093998,0.029959068302131686,8
15022,5,task_specific,92,92,none,measured_local,6.808305624872446e-05,0.3,False,1.5878206053673993,0.06442292093604482,0.046278874565351936,6
15022,5,rolling,170,170,none,measured_local,1.750071533024311e-06,0.3,False,1.554501135079537,0.07630065721676178,0.047171548896410787,0
15022,5,qaoa_transfer,202,170,retain_previous,trace_replayed_qpu,490.81076,0.3,True,1.554501135079537,0.07630065721676178,0.047171548896410787,0
15022,6,milp,53,53,none,measured_local,0.02762820792850107,0.3,False,0.8359291231918615,0.04246700152396151,0.02223172173578446,8
15022,6,task_specific,195,195,none,measured_local,7.616705261170864e-05,0.3,False,1.235680617988919,0.06030079252400621,0.032991718201478136,6
15022,6,rolling,170,170,none,measured_local,2.249958924949169e-06,0.3,False,1.467332245792428,0.06669419188191412,0.03886252837698842,0
15022,6,qaoa_transfer,53,170,retain_previous,trace_replayed_qpu,562.5450000000001,0.3,True,1.467332245792428,0.06669419188191412,0.03886252837698842,0
15022,7,milp,53,53,none,measured_local,0.0359335420653224,0.3,False,0.8245803035561343,0.039971062331668146,0.020898228079796535,0
15022,7,task_specific,60,60,none,measured_local,7.466704118996859e-05,0.3,False,1.2174555154872269,0.0604458467791128,0.030892015449722976,8
15022,7,rolling,170,170,none,measured_local,1.7919810488820076e-06,0.3,False,1.4397400933176279,0.0629699106467041,0.03668330614481069,0
15022,7,qaoa_transfer,202,170,retain_previous,trace_replayed_qpu,619.6498599999986,0.3,True,1.4397400933176279,0.0629699106467041,0.03668330614481069,0
15022,8,milp,53,53,none,measured_local,0.03297745902091265,0.3,False,0.8221152279199515,0.03938851252459438,0.020614507588903357,0
15022,8,task_specific,92,92,none,measured_local,6.874999962747097e-05,0.3,False,1.4646027985180492,0.05063358548651072,0.035130040574661105,2
15022,8,rolling,170,170,none,measured_local,1.6670674085617065e-06,0.3,False,1.4304867778308987,0.061564505698097204,0.03599350233294069,0
15022,8,qaoa_transfer,53,170,retain_previous,trace_replayed_qpu,690.6360000000001,0.3,True,1.4304867778308987,0.061564505698097204,0.03599350233294069,0
15022,9,milp,202,202,none,measured_local,0.033123290981166065,0.3,False,0.9076202821256864,0.05335170977085291,0.03357788069799879,8
15022,9,task_specific,195,195,none,measured_local,6.495893467217684e-05,0.3,False,1.3249287035194306,0.0689735042775865,0.04344672533756841,6
15022,9,rolling,170,170,none,measured_local,1.708976924419403e-06,0.3,False,1.5575385774879513,0.07513766654387945,0.048787169445772466,0
15022,9,qaoa_transfer,53,170,retain_previous,trace_replayed_qpu,773.8281000000001,0.3,True,1.5575385774879513,0.07513766654387945,0.048787169445772466,0
15022,10,milp,53,53,none,measured_local,0.035460916929878294,0.3,False,0.9279625409057366,0.05827667828977518,0.036128007053142154,8
15022,10,task_specific,195,195,none,measured_local,6.587500683963299e-05,0.3,False,1.3615706428822154,0.07775756550428306,0.04656071758798576,0
15022,10,rolling,170,170,none,measured_local,1.625041477382183e-06,0.3,False,1.5994855184173566,0.08121422136105465,0.052375964437198774,0
15022,10,qaoa_transfer,202,170,retain_previous,trace_replayed_qpu,869.6112000000002,0.3,True,1.5994855184173566,0.08121422136105465,0.052375964437198774,0
15022,11,milp,53,53,none,measured_local,0.0291142500936985,0.3,False,0.931539668505027,0.05934974691449365,0.03639906352264341,0
15022,11,task_specific,92,92,none,measured_local,7.070798892527819e-05,0.3,False,1.6536559095623256,0.0693439902311538,0.05254711771943744,6
15022,11,rolling,170,170,none,measured_local,2.0420411601662636e-06,0.3,False,1.6122052487698426,0.08323944669577117,0.05318713796043391,0
15022,11,qaoa_transfer,53,170,retain_previous,trace_replayed_qpu,987.5664600000002,0.3,True,1.6122052487698426,0.08323944669577117,0.05318713796043391,0
15022,12,milp,53,53,none,measured_local,0.03310154203791171,0.3,False,0.9390495584228127,0.059091507146413376,0.03737599171262568,0
15022,12,task_specific,195,195,none,measured_local,7.587508298456669e-05,0.3,False,1.3783628276012827,0.07606965480394942,0.0484637474572361,6
15022,12,rolling,170,170,none,measured_local,2.125045284628868e-06,0.3,False,1.6301236797964591,0.088958330595315,0.05439263121924606,0
15022,12,qaoa_transfer,53,170,retain_previous,trace_replayed_qpu,1087.05568,0.3,True,1.6301236797964591,0.088958330595315,0.05439263121924606,0
15022,13,milp,53,53,none,measured_local,0.03172795905265957,0.3,False,0.9685459939287537,0.06777304111085686,0.04067623896057032,0
15022,13,task_specific,195,195,none,measured_local,7.754203397780657e-05,0.3,False,1.4157478618940382,0.08280126127766099,0.05165907069003207,0
15022,13,rolling,170,170,none,measured_local,1.70909333974123e-06,0.3,False,1.6808017483679323,0.1049317850077047,0.057953091994911485,0
15022,13,qaoa_transfer,202,170,retain_previous,trace_replayed_qpu,1229.3304000000003,0.3,True,1.6808017483679323,0.1049317850077047,0.057953091994911485,0
15022,14,milp,202,202,none,measured_local,0.03144233406055719,0.3,False,0.9768005161948663,0.07189205558413109,0.04203864984821884,8
15022,14,task_specific,139,139,none,measured_local,6.800005212426186e-05,0.3,False,1.5517755300840756,0.0806443854541731,0.05504544933865137,2
15022,14,rolling,170,170,none,measured_local,1.708976924419403e-06,0.3,False,1.6995621389675033,0.10392192978552861,0.059845043709198305,0
15022,14,qaoa_transfer,202,170,retain_previous,trace_replayed_qpu,1385.5546000000004,0.3,True,1.6995621389675033,0.10392192978552861,0.059845043709198305,0
15022,15,milp,53,53,none,measured_local,0.032873667078092694,0.3,False,0.973521925425601,0.07161978351908754,0.04119501290487166,8
15022,15,task_specific,101,101,none,measured_local,6.945803761482239e-05,0.3,False,1.273035365058009,0.08382754799808581,0.049257233561524644,6
15022,15,rolling,170,170,none,measured_local,1.8329592421650887e-06,0.3,False,1.6967112434516183,0.10124057758571406,0.05926405347418758,0
15022,15,qaoa_transfer,53,170,retain_previous,trace_replayed_qpu,1574.0720000000001,0.3,True,1.6967112434516183,0.10124057758571406,0.05926405347418758,0
15022,16,milp,53,53,none,measured_local,0.0317060420056805,0.3,False,0.9997030044228312,0.08160337421553022,0.04387554813564002,0
15022,16,task_specific,101,101,none,measured_local,6.995897274464369e-05,0.3,False,1.3002366027159713,0.0955033101072239,0.05136338412645022,0
15022,16,rolling,170,170,none,measured_local,1.7919810488820076e-06,0.3,False,1.7261109053446757,0.10958142197582087,0.06195528108629045,0
15022,16,qaoa_transfer,202,170,retain_previous,trace_replayed_qpu,1659.5689999999997,0.3,True,1.7261109053446757,0.10958142197582087,0.06195528108629045,0
15022,17,milp,53,53,none,measured_local,0.03313266590703279,0.3,False,1.0529833443218612,0.084736777997514,0.05053007511057078,0
15022,17,task_specific,101,101,none,measured_local,6.77499920129776e-05,0.3,False,1.365388647921603,0.09984100121046022,0.058043415067899284,0
15022,17,rolling,170,170,none,measured_local,1.9581057131290436e-06,0.3,False,1.7915758219768423,0.11296084159814342,0.06869027263361689,0
15022,17,qaoa_transfer,202,170,retain_previous,trace_replayed_qpu,1845.6639200000009,0.3,True,1.7915758219768423,0.11296084159814342,0.06869027263361689,0
15022,18,milp,53,53,none,measured_local,0.03366566705517471,0.3,False,1.104239029515497,0.09291436015075832,0.05923708360804653,0
15022,18,task_specific,101,101,none,measured_local,6.208405829966068e-05,0.3,False,1.4396144227659193,0.10591993839843766,0.06704721619804008,0
15022,18,rolling,170,170,none,measured_local,1.6660196706652641e-06,0.3,False,1.8776476595528995,0.13644219674838554,0.07770189554942106,0
15022,18,qaoa_transfer,202,170,retain_previous,trace_replayed_qpu,1984.5545999999997,0.3,True,1.8776476595528995,0.13644219674838554,0.07770189554942106,0
15022,19,milp,53,53,none,measured_local,0.030934249982237816,0.3,False,1.1061417348121787,0.08519703001676834,0.06043097573788743,0
15022,19,task_specific,101,101,none,measured_local,6.854208186268806e-05,0.3,False,1.4424859397950898,0.09748800648759998,0.06881536056914798,0
15022,19,rolling,170,170,none,measured_local,1.7910497263073921e-06,0.3,False,1.9053765881943103,0.12782220499604682,0.0797661914888225,0
15022,19,qaoa_transfer,53,170,retain_previous,trace_replayed_qpu,2142.670420000001,0.3,True,1.9053765881943103,0.12782220499604682,0.0797661914888225,0
15022,20,milp,202,202,none,measured_local,0.033116707927547395,0.3,False,1.1871056168588325,0.11472025951076995,0.07076604337030447,8
15022,20,task_specific,101,101,none,measured_local,7.366703357547522e-05,0.3,False,1.544687333477764,0.12922763683761906,0.07917464849487724,0
15022,20,rolling,170,170,none,measured_local,2.5830231606960297e-06,0.3,False,2.0219178159268956,0.15952433438077615,0.09074691470485775,0
15022,20,qaoa_transfer,53,170,retain_previous,trace_replayed_qpu,2355.1834799999992,0.3,True,2.0219178159268956,0.15952433438077615,0.09074691470485775,0
15022,21,milp,202,202,none,measured_local,0.0348226249916479,0.3,False,1.251810129544606,0.1370553392447305,0.08035264042147082,0
15022,21,task_specific,101,101,none,measured_local,6.920797750353813e-05,0.3,False,1.6247956359403106,0.14188804829841226,0.08929218333694408,0
15022,21,rolling,170,170,none,measured_local,1.7499551177024841e-06,0.3,False,2.1134110201354783,0.1633023464268285,0.10122294539817239,0
15022,21,qaoa_transfer,53,170,retain_previous,trace_replayed_qpu,2641.1710800000037,0.3,True,2.1134110201354783,0.1633023464268285,0.10122294539817239,0
15022,22,milp,202,202,none,measured_local,0.032967417035251856,0.3,False,1.3852919741500016,0.1707064400224706,0.10030775323861515,0
15022,22,task_specific,101,101,none,measured_local,7.070798892527819e-05,0.3,False,1.8005625291527076,0.18284267310589883,0.10963239089850776,0
15022,22,rolling,170,170,none,measured_local,1.8749851733446121e-06,0.3,False,2.3247851186533053,0.2152951294042168,0.12184777550338696,0
15022,22,qaoa_transfer,202,170,retain_previous,trace_replayed_qpu,3063.925839999996,0.3,True,2.3247851186533053,0.2152951294042168,0.12184777550338696,0
15022,23,milp,202,202,none,measured_local,0.032938834046944976,0.3,False,1.5635233468431065,0.23862618135899977,0.12519479935375005,0
15022,23,task_specific,101,101,none,measured_local,6.65419502183795e-05,0.3,False,2.054496693237015,0.2536333555281867,0.1355765632288177,0
15022,23,rolling,170,170,none,measured_local,1.5830155462026596e-06,0.3,False,2.606662417915819,0.28773462518722115,0.14868212796633265,0
15022,23,qaoa_transfer,202,170,retain_previous,trace_replayed_qpu,3439.5412000000006,0.3,True,2.606662417915819,0.28773462518722115,0.14868212796633265,0
15022,24,milp,53,53,none,measured_local,0.029100375017151237,0.3,False,1.630396642901021,0.26863669860281003,0.13011308367107766,8
15022,24,task_specific,101,101,none,measured_local,6.887491326779127e-05,0.3,False,2.148701183523135,0.2822276636825721,0.14238741733092536,0
15022,24,rolling,170,170,none,measured_local,1.7499551177024841e-06,0.3,False,2.717208869329261,0.32091147673083786,0.15619156044789545,0
15022,24,qaoa_transfer,202,170,retain_previous,trace_replayed_qpu,3801.491,0.3,True,2.717208869329261,0.32091147673083786,0.15619156044789545,0
15022,25,milp,53,53,none,measured_local,0.030461792019195855,0.3,False,1.6045902557245406,0.2417299461541965,0.1267849160725255,0
15022,25,task_specific,101,101,none,measured_local,7.054198067635298e-05,0.3,False,2.105314483184688,0.24778574004964193,0.13974252958807837,0
15022,25,rolling,170,170,none,measured_local,1.8330756574869156e-06,0.3,False,2.6937425926038223,0.2893177553058742,0.1539552217332315,0
15022,25,qaoa_transfer,53,170,retain_previous,trace_replayed_qpu,4050.243,0.3,True,2.6937425926038223,0.2893177553058742,0.1539552217332315,0
15022,26,milp,53,53,none,measured_local,0.027651334065012634,0.3,False,1.5754790410750377,0.2355415196101744,0.1232647563931135,0
15022,26,task_specific,202,202,none,measured_local,6.837502587586641e-05,0.3,False,1.598564772428301,0.23756150374641088,0.12590694883188594,6
15022,26,rolling,170,170,none,measured_local,2.08395067602396e-06,0.3,False,2.6527809356841523,0.2740639648919221,0.15049356481509554,0
15022,26,qaoa_transfer,53,170,retain_previous,trace_replayed_qpu,4558.6302,0.3,True,2.6527809356841523,0.2740639648919221,0.15049356481509554,0
15022,27,milp,202,202,none,measured_local,0.027753750095143914,0.3,False,1.6162485148802301,0.23629699845574748,0.12404947602687594,8
15022,27,task_specific,53,53,none,measured_local,6.912508979439735e-05,0.3,False,1.6214302484904166,0.2367557361006728,0.12462661931070751,8
15022,27,rolling,170,170,none,measured_local,1.7499551177024841e-06,0.3,False,2.6997561667604826,0.2829564083527212,0.15098202339210381,0
15022,27,qaoa_transfer,202,170,retain_previous,trace_replayed_qpu,5322.757020000019,0.3,True,2.6997561667604826,0.2829564083527212,0.15098202339210381,0
15022,28,milp,53,53,none,measured_local,0.030476207961328328,0.3,False,1.611488691647954,0.2530811488285644,0.12456871287200576,8
15022,28,task_specific,53,53,none,measured_local,7.458298932760954e-05,0.3,False,1.6126638020529718,0.25314895151159056,0.12469825621226042,0
15022,28,rolling,200,200,none,measured_local,2.874992787837982e-06,0.3,False,2.119292475890444,0.28902005772066747,0.13431146285451373,3
15022,28,qaoa_transfer,202,170,retain_previous,trace_replayed_qpu,6057.925400000011,0.3,True,2.7407490741750875,0.3153909018842512,0.15165640416901205,0
15022,29,milp,53,53,none,measured_local,0.032970250002108514,0.3,False,1.539802697604733,0.23386329847632803,0.11864971729119884,0
15022,29,task_specific,169,169,none,measured_local,6.975000724196434e-05,0.3,False,1.9353895654982116,0.22741084724323843,0.12515271339106043,4
15022,29,rolling,202,202,none,measured_local,2.625049091875553e-06,0.3,False,1.550181983414204,0.23706328735514665,0.11996287357241087,1
15022,29,qaoa_transfer,53,170,retain_previous,trace_replayed_qpu,6972.2684,0.3,True,2.7058810498100243,0.3022741905477133,0.14688122685437718,0
15022,30,milp,202,202,none,measured_local,0.029978959006257355,0.3,False,1.5688992320514292,0.22955066692841206,0.12468256744011832,8
15022,30,task_specific,139,139,none,measured_local,6.929202936589718e-05,0.3,False,2.4815039928780305,0.2504043133029118,0.14291665193890687,2
15022,30,rolling,202,202,none,measured_local,1.834006980061531e-06,0.3,False,1.5711227805878034,0.2299616395110604,0.1249420495853551,0
15022,30,qaoa_transfer,53,170,retain_previous,trace_replayed_qpu,8713.00816,0.3,True,2.7445055192145293,0.2971402235655315,0.15383452624525062,0
15022,31,milp,53,53,none,measured_local,0.0347792919492349,0.3,False,1.6038276278136394,0.2543260308375883,0.12993498080128574,8
15022,31,task_specific,139,139,none,measured_local,6.733299233019352e-05,0.3,False,2.5947685824895426,0.27896430622044094,0.15275009982195076,0
15022,31,rolling,202,202,none,measured_local,1.6669509932398796e-06,0.3,False,1.6043217367615281,0.25438099356798666,0.12999056951469506,0
15022,31,qaoa_transfer,202,170,retain_previous,trace_replayed_qpu,10522.01418,0.3,True,2.8118971176227086,0.3199231516010088,0.15932513798036324,0
15022,32,milp,202,202,none,measured_local,0.03233399998862296,0.3,False,1.605983467101895,0.2728063639309107,0.129883190695341,8
15022,32,task_specific,139,139,none,measured_local,6.979203317314386e-05,0.3,False,2.6100533062760896,0.3003754786365177,0.15465671456223856,0
15022,32,rolling,202,202,none,measured_local,1.7920974642038345e-06,0.3,False,1.6060953768389916,0.272814248720782,0.1298955434190382,0
15022,32,qaoa_transfer,53,170,retain_previous,trace_replayed_qpu,12618.543799999981,0.3,True,2.85411106397704,0.3405229442710907,0.1600849279405677,0
15022,33,milp,53,53,none,measured_local,0.03134745906572789,0.3,False,1.6188459764143865,0.2547158346642401,0.13016208667754736,8
15022,33,task_specific,139,139,none,measured_local,6.620900239795446e-05,0.3,False,2.626416502808183,0.2878358318649899,0.15526383265690225,0
15022,33,rolling,202,202,none,measured_local,1.7919810488820076e-06,0.3,False,1.6188715955829767,0.25471706166903757,0.1301648844209748,0
15022,33,qaoa_transfer,53,170,retain_previous,trace_replayed_qpu,15199.442000000001,0.3,True,2.868882147260447,0.32800058092384143,0.16136527659942598,0
15022,34,milp,53,53,none,measured_local,0.03138208296149969,0.3,False,1.6141714240909286,0.23353879580114215,0.12877114941035966,0
15022,34,task_specific,139,139,none,measured_local,6.812496576458216e-05,0.3,False,2.6063376219807224,0.2650976361595384,0.1539604125702046,0
15022,34,rolling,202,202,none,measured_local,1.7499551177024841e-06,0.3,False,1.6141773270129796,0.23353900210641182,0.1287717898895744,0
15022,34,qaoa_transfer,202,170,retain_previous,trace_replayed_qpu,16883.729360000023,0.3,True,2.8116672040580784,0.3047163635390584,0.16002205368151118,0
15022,35,milp,202,202,none,measured_local,0.03767237497959286,0.3,False,1.6864486599909068,0.27110015792441655,0.1389667856022732,8
15022,35,task_specific,139,139,none,measured_local,7.349997758865356e-05,0.3,False,2.705149343619263,0.2988190325044112,0.16377094054951805,0
15022,35,rolling,202,202,none,measured_local,1.625041477382183e-06,0.3,False,1.6864500258197719,0.27110019486099685,0.1389669331753245,0
15022,35,qaoa_transfer,53,170,retain_previous,trace_replayed_qpu,19501.39002,0.3,True,2.8929500755024455,0.33834560048487894,0.16890418010145197,0
15022,36,milp,202,202,none,measured_local,0.03174524998757988,0.3,False,1.7392012746488623,0.27062164564675595,0.14727371649977267,0
15022,36,task_specific,139,139,none,measured_local,6.866606418043375e-05,0.3,False,2.7862325308569114,0.29186571162567876,0.17274123359048155,0
15022,36,rolling,202,202,none,measured_local,1.7499551177024841e-06,0.3,False,1.7392015916160375,0.2706216560368595,0.1472737506454943,0
15022,36,qaoa_transfer,202,170,retain_previous,trace_replayed_qpu,21076.41,0.3,True,2.9193238289027184,0.30485968100121186,0.17743625188756112,0
15022,37,milp,53,53,none,measured_local,0.029254875029437244,0.3,False,1.8897135512968315,0.3150171941265091,0.16108003186622155,8
15022,37,task_specific,101,101,none,measured_local,7.079099304974079e-05,0.3,False,2.4980376927718244,0.32084722509270747,0.1771147052505444,6
15022,37,rolling,202,202,none,measured_local,1.708976924419403e-06,0.3,False,1.889713625020446,0.31501719623764474,0.16108003979040095,0
15022,37,qaoa_transfer,53,170,retain_previous,trace_replayed_qpu,22301.84380000001,0.3,True,3.0866644091814983,0.3334510197541866,0.19058309572256799,0
15022,38,milp,53,53,none,measured_local,0.03036608302500099,0.3,False,1.9335695609142283,0.3308691477613071,0.16774283878242077,0
15022,38,task_specific,202,202,none,measured_local,6.89580338075757e-05,0.3,False,1.9622693069388866,0.3338187135776004,0.1710501081194947,6
15022,38,rolling,202,202,none,measured_local,1.7919810488820076e-06,0.3,False,1.9335695780923212,0.3308691480232434,0.16774284062551115,0
15022,38,qaoa_transfer,202,170,retain_previous,trace_replayed_qpu,26988.115000000023,0.3,True,3.2209861098008785,0.39230285399582243,0.19766661022953746,0
15022,39,milp,53,53,none,measured_local,0.03786912502255291,0.3,False,1.8818739933391555,0.3083524293540408,0.16578923902285572,0
15022,39,task_specific,101,101,none,measured_local,6.804091390222311e-05,0.3,False,2.4664726615333428,0.3239178833337716,0.17810925929840937,6
15022,39,rolling,202,202,none,measured_local,1.834006980061531e-06,0.3,False,1.881873997347666,0.30835242940602575,0.16578923945230803,0
15022,39,qaoa_transfer,53,170,retain_previous,trace_replayed_qpu,30066.683,0.3,True,3.1880410964754065,0.37846341390483607,0.19797465274502196,0
15022,40,milp,202,202,none,measured_local,0.027730458066798747,0.3,False,1.718260950606688,0.24031546775208185,0.14778434983347888,8
15022,40,task_specific,101,101,none,measured_local,7.008295506238937e-05,0.3,False,2.298510382612675,0.2590515221291346,0.16239931653833356,0
15022,40,rolling,202,202,none,measured_local,1.708976924419403e-06,0.3,False,1.7182609515432354,0.24031546775520463,0.14778434993369166,0
15022,40,qaoa_transfer,202,170,retain_previous,trace_replayed_qpu,33372.02029999999,0.3,True,2.986575394915115,0.2731973878116749,0.18043852741188515,0
15022,41,milp,202,202,none,measured_local,0.02962191600818187,0.3,False,1.58385043003032,0.1888872103515612,0.12105652376516719,0
15022,41,task_specific,139,139,none,measured_local,7.499998901039362e-05,0.3,False,2.489257043087378,0.20380620290956158,0.14318495461501007,6
15022,41,rolling,202,202,none,measured_local,1.7909333109855652e-06,0.3,False,1.583850430249366,0.18888721044108986,0.12105652378858088,0
15022,41,qaoa_transfer,53,170,retain_previous,trace_replayed_qpu,38236.33444,0.3,True,2.745874439398288,0.24201117184645476,0.15276438487287788,0
15022,42,milp,53,53,none,measured_local,0.02987891703378409,0.3,False,1.3671813868882132,0.15242166190252315,0.093046260750758,8
15022,42,task_specific,101,101,none,measured_local,7.812492549419403e-05,0.3,False,1.8128669700495361,0.16316158280193382,0.10672288972006483,6
15022,42,rolling,202,202,none,measured_local,1.8330756574869156e-06,0.3,False,1.3671813869394915,0.15242166190322887,0.09304626075623415,0
15022,42,qaoa_transfer,53,170,retain_previous,trace_replayed_qpu,40437.89090000001,0.3,True,2.391600515583845,0.19594825336478083,0.1220968609849572,0
15022,43,milp,53,53,none,measured_local,0.03396658296696842,0.3,False,1.1679190996298296,0.10268250149448796,0.06685453467220533,0
15022,43,task_specific,101,101,none,measured_local,7.299997378140688e-05,0.3,False,1.547540835315294,0.12768889111445222,0.07799667425123841,0
15022,43,rolling,202,202,none,measured_local,1.7499551177024841e-06,0.3,False,1.1679190996418432,0.10268250149944871,0.06685453467348729,0
15022,43,qaoa_transfer,53,170,retain_previous,trace_replayed_qpu,43481.44719999998,0.3,True,2.0800560216622763,0.1567842448115478,0.09246501288959612,0
15022,44,milp,202,202,none,measured_local,0.033393541001714766,0.3,False,1.0423254718067496,0.09613495314551185,0.04932297749074574,8
15022,44,task_specific,101,101,none,measured_local,0.0001598750241100788,0.3,False,1.3722178899661088,0.11652905645271283,0.058813520882882345,0
15022,44,rolling,202,202,none,measured_local,2.7079368010163307e-06,0.3,False,1.042325471809566,0.09613495314667958,0.049322977491046076,0
15022,44,qaoa_transfer,202,170,retain_previous,trace_replayed_qpu,48527.47675999998,0.3,True,1.855242131223824,0.13342749473265364,0.07212640054155692,0
15022,45,milp,53,53,none,measured_local,0.032773165963590145,0.3,False,0.9849097302548152,0.07508710620937017,0.043195636795168746,8
15022,45,task_specific,195,195,none,measured_local,7.212499622255564e-05,0.3,False,1.4124815552014676,0.07785426608613485,0.05296939059391708,4
15022,45,rolling,202,202,none,measured_local,1.8749851733446121e-06,0.3,False,0.9849097302554758,0.07508710620964505,0.04319563679523915,0
15022,45,qaoa_transfer,202,170,retain_previous,trace_replayed_qpu,53384.057600000044,0.3,True,1.7432999412688572,0.1067893491331422,0.06351855328059561,0
15022,46,milp,53,53,none,measured_local,0.030843209009617567,0.3,False,0.962586499934785,0.06676678326738941,0.04031024325637038,0
15022,46,task_specific,195,195,none,measured_local,7.308297790586948e-05,0.3,False,1.4008291363763306,0.08179485664755966,0.050999538880036686,0
15022,46,rolling,202,202,none,measured_local,1.7499551177024841e-06,0.3,False,0.9625864999349398,0.06676678326745411,0.04031024325638689,0
15022,46,qaoa_transfer,202,170,retain_previous,trace_replayed_qpu,57209.42362000002,0.3,True,1.689214235814154,0.09503872648570003,0.05926999853172143,0
15158,0,milp,114,114,none,measured_local,0.033781290985643864,0.3,False,0.9041026359630624,0.06337010705658772,0.043503640022321655,4
15158,0,task_specific,43,43,none,measured_local,6.84160040691495e-05,0.3,False,1.1822312263908545,0.07182917693251378,0.04866197603665308,2
15158,0,rolling,170,170,none,measured_local,1.7919810488820076e-06,0.3,False,1.0838641482178009,0.07556733538991342,0.04614023168384155,0
15158,0,qaoa_transfer,141,170,retain_previous,trace_replayed_qpu,3063.925839999996,0.3,True,1.0838641482178009,0.07556733538991342,0.04614023168384155,0
15158,1,milp,114,114,none,measured_local,0.03720845794305205,0.3,False,0.9337827644425276,0.07237516259073917,0.04710256589907656,0
15158,1,task_specific,43,43,none,measured_local,7.020903285592794e-05,0.3,False,1.2339395142887293,0.08509979744938234,0.05405578065977136,0
15158,1,rolling,170,170,none,measured_local,1.9579892978072166e-06,0.3,False,1.1430557770482395,0.09111388530468512,0.05159660370544503,0
15158,1,qaoa_transfer,114,170,retain_previous,trace_replayed_qpu,3439.5412000000006,0.3,True,1.1430557770482395,0.09111388530468512,0.05159660370544503,0
15158,2,milp,141,141,none,measured_local,0.0325439169537276,0.3,False,0.9395047227455304,0.07432832411612644,0.04774456911106319,8
15158,2,task_specific,43,43,none,measured_local,7.512490265071392e-05,0.3,False,1.2461200465435138,0.08865224585839196,0.055248487857218226,0
15158,2,rolling,170,170,none,measured_local,1.8329592421650887e-06,0.3,False,1.1590322941578024,0.09567514544041275,0.05297639442620598,0
15158,2,qaoa_transfer,141,170,retain_previous,trace_replayed_qpu,3801.491,0.3,True,1.1590322941578024,0.09567514544041275,0.05297639442620598,0
15158,3,milp,141,141,none,measured_local,0.03245716693345457,0.3,False,0.9407640265842222,0.07476437924384902,0.047887618068638255,0
15158,3,task_specific,43,43,none,measured_local,7.720908615738153e-05,0.3,False,1.2492942912157354,0.0896166932626141,0.05555300116358784,0
15158,3,rolling,170,170,none,measured_local,1.8330756574869156e-06,0.3,False,1.1636633958702698,0.09702934779008884,0.05337580735394505,0
15158,3,qaoa_transfer,141,170,retain_previous,trace_replayed_qpu,4050.243,0.3,True,1.1636633958702698,0.09702934779008884,0.05337580735394505,0
15158,4,milp,141,141,none,measured_local,0.03232187498360872,0.3,False,0.9410422501655209,0.07486342884408209,0.04791910066460555,0
15158,4,task_specific,43,43,none,measured_local,8.004100527614355e-05,0.3,False,1.2501360446354282,0.08988094715906927,0.05563235728039338,0
15158,4,rolling,170,170,none,measured_local,1.708976924419403e-06,0.3,False,1.1650221282176276,0.0974343169834295,0.05349158489675675,0
15158,4,qaoa_transfer,141,170,retain_previous,trace_replayed_qpu,4558.6302,0.3,True,1.1650221282176276,0.0974343169834295,0.05349158489675675,0
15158,5,milp,141,141,none,measured_local,0.031860874965786934,0.3,False,0.9417141340264009,0.07498595736323518,0.04802605625413803,0
15158,5,task_specific,43,43,none,measured_local,7.337494753301144e-05,0.3,False,1.2511375864026806,0.09005339630812342,0.0557534011158857,0
15158,5,rolling,170,170,none,measured_local,1.7079291865229607e-06,0.3,False,1.1661186090126612,0.09765547793692841,0.05362555320544069,0
15158,5,qaoa_transfer,141,170,retain_previous,trace_replayed_qpu,5322.757020000019,0.3,True,1.1661186090126612,0.09765547793692841,0.05362555320544069,0
15158,6,milp,141,141,none,measured_local,0.03199908300302923,0.3,False,0.9400137568699006,0.0747222778919723,0.04774285335066002,0
15158,6,task_specific,43,43,none,measured_local,7.108296267688274e-05,0.3,False,1.2490454492803094,0.08981124487064782,0.05547843966006701,0
15158,6,rolling,170,170,none,measured_local,1.8749851733446121e-06,0.3,False,1.1643295689039341,0.09743271362873411,0.05335296522531653,0
15158,6,qaoa_transfer,141,170,retain_previous,trace_replayed_qpu,6057.925400000011,0.3,True,1.1643295689039341,0.09743271362873411,0.05335296522531653,0
15158,7,milp,141,141,none,measured_local,0.03189566603396088,0.3,False,0.9396926909045332,0.07463710808725077,0.04770034392174752,0
15158,7,task_specific,43,43,none,measured_local,6.920809391885996e-05,0.3,False,1.248582352181504,0.08971341734000823,0.05542613623200773,0
15158,7,rolling,170,170,none,measured_local,1.7499551177024841e-06,0.3,False,1.1638856163861453,0.09733311463203882,0.05330823922259835,0
15158,7,qaoa_transfer,141,170,retain_previous,trace_replayed_qpu,6972.2684,0.3,True,1.1638856163861453,0.09733311463203882,0.05330823922259835,0
15158,8,milp,114,114,none,measured_local,0.03189033409580588,0.3,False,0.939626748090374,0.0746172702597539,0.04769231727261333,8
15158,8,task_specific,43,43,none,measured_local,6.78329961374402e-05,0.3,False,1.2484723923764416,0.08968580722695975,0.0554145588045376,0
15158,8,rolling,170,170,none,measured_local,1.6669509932398796e-06,0.3,False,1.1637667108719165,0.09730258053503194,0.05329714040965363,0
15158,8,qaoa_transfer,141,170,retain_previous,trace_replayed_qpu,8713.00816,0.3,True,1.1637667108719165,0.09730258053503194,0.05329714040965363,0
15158,9,milp,141,141,none,measured_local,0.032049500034190714,0.3,False,0.9414429159512673,0.07491274604094461,0.04799066870225935,8
15158,9,task_specific,43,43,none,measured_local,7.3749921284616e-05,0.3,False,1.2507720250662142,0.08997820375772567,0.05571180980941103,0
15158,9,rolling,170,170,none,measured_local,2.125045284628868e-06,0.3,False,1.1658176283207071,0.09759342112505703,0.053594167771797915,0
15158,9,qaoa_transfer,141,170,retain_previous,trace_replayed_qpu,10522.01418,0.3,True,1.1658176283207071,0.09759342112505703,0.053594167771797915,0
15158,10,milp,141,141,none,measured_local,0.031722916988655925,0.3,False,0.9417879460543694,0.07500530413277606,0.04803607289878168,0
15158,10,task_specific,43,43,none,measured_local,6.712495815008879e-05,0.3,False,1.251286323281022,0.09009007134153801,0.055769300626655346,0
15158,10,rolling,170,170,none,measured_local,1.584063284099102e-06,0.3,False,1.1663352684695107,0.09771363440156561,0.053645440708017675,0
15158,10,qaoa_transfer,114,170,retain_previous,trace_replayed_qpu,12618.543799999981,0.3,True,1.1663352684695107,0.09771363440156561,0.053645440708017675,0
15158,11,milp,141,141,none,measured_local,0.0319895000429824,0.3,False,0.9424690869058372,0.07512682650587178,0.04814469865135924,0
15158,11,task_specific,43,43,none,measured_local,6.570806726813316e-05,0.3,False,1.2521850546847022,0.09022154208389102,0.05588215808202555,0
15158,11,rolling,170,170,none,measured_local,1.7079291865229607e-06,0.3,False,1.167170140193968,0.09785034414472833,0.053758381711737774,0
15158,11,qaoa_transfer,114,170,retain_previous,trace_replayed_qpu,15199.442000000001,0.3,True,1.167170140193968,0.09785034414472833,0.053758381711737774,0
15158,12,milp,114,114,none,measured_local,0.03209404193330556,0.3,False,0.9432103359288116,0.07526292999712551,0.04826172717264593,8
15158,12,task_specific,43,43,none,measured_local,7.445795927196741e-05,0.3,False,1.2531652993873754,0.09036818973904473,0.05600462636711755,0
15158,12,rolling,170,170,none,measured_local,1.7080456018447876e-06,0.3,False,1.168080008378226,0.09800233674251514,0.0538792535048492,0
15158,12,qaoa_transfer,114,170,retain_previous,trace_replayed_qpu,16883.729360000023,0.3,True,1.168080008378226,0.09800233674251514,0.0538792535048492,0
15158,13,milp,141,141,none,measured_local,0.03207537508569658,0.3,False,0.9451837711759317,0.07560249497966942,0.04858025839822029,8
15158,13,task_specific,43,43,none,measured_local,6.820796988904476e-05,0.3,False,1.2557156657785624,0.09071923329572354,0.05632913248468439,0
15158,13,rolling,170,170,none,measured_local,1.625041477382183e-06,0.3,False,1.1703988712677411,0.09835912660594628,0.05420200020945565,0
15158,13,qaoa_transfer,141,170,retain_previous,trace_replayed_qpu,19501.39002,0.3,True,1.1703988712677411,0.09835912660594628,0.05420200020945565,0
15158,14,milp,141,141,none,measured_local,0.03212545800488442,0.3,False,0.9461716520412244,0.07580524264008862,0.04872959427939829,0
15158,14,task_specific,43,43,none,measured_local,6.854196544736624e-05,0.3,False,1.2570668341372264,0.0909474610547832,0.056492891644464055,0
15158,14,rolling,170,170,none,measured_local,1.6660196706652641e-06,0.3,False,1.1716851353521527,0.09859932864140977,0.05435997178169353,0
15158,14,qaoa_transfer,141,170,retain_previous,trace_replayed_qpu,21076.41,0.3,True,1.1716851353521527,0.09859932864140977,0.05435997178169353,0
15158,15,milp,141,141,none,measured_local,0.03217800008133054,0.3,False,0.9469758550518925,0.07596028293020526,0.04885429130103061,0
15158,15,task_specific,43,43,none,measured_local,7.062498480081558e-05,0.3,False,1.2581548824459439,0.09112141474229171,0.056626670853430656,0
15158,15,rolling,170,170,none,measured_local,1.7079291865229607e-06,0.3,False,1.1727167743236315,0.0987830125902737,0.05449212838380382,0
15158,15,qaoa_transfer,114,170,retain_previous,trace_replayed_qpu,22301.84380000001,0.3,True,1.1727167743236315,0.0987830125902737,0.05449212838380382,0
15158,16,milp,141,141,none,measured_local,0.03241670806892216,0.3,False,0.9471324836119995,0.07600416701204618,0.04887439637629731,0
15158,16,task_specific,43,43,none,measured_local,7.12911132723093e-05,0.3,False,1.2584051525298494,0.09117997764215759,0.056653872061148594,0
15158,16,rolling,170,170,none,measured_local,2.0420411601662636e-06,0.3,False,1.172985688254097,0.098849307688201,0.05451791935809079,0
15158,16,qaoa_transfer,114,170,retain_previous,trace_replayed_qpu,26988.115000000023,0.3,True,1.172985688254097,0.098849307688201,0.05451791935809079,0
15158,17,milp,114,114,none,measured_local,0.03239129192661494,0.3,False,0.9483852644606928,0.07621430991087073,0.04907831209029998,8
15158,17,task_specific,43,43,none,measured_local,7.154198829084635e-05,0.3,False,1.2600175824076385,0.09139631468288908,0.05686012881324624,0
15158,17,rolling,170,170,none,measured_local,1.5420373529195786e-06,0.3,False,1.1744493319554667,0.0990693998816069,0.054724642206352425,0
15158,17,qaoa_transfer,141,170,retain_previous,trace_replayed_qpu,30066.683,0.3,True,1.1744493319554667,0.0990693998816069,0.054724642206352425,0
15158,18,milp,141,141,none,measured_local,0.03219774994067848,0.3,False,0.9486243211808918,0.07627901312345087,0.049109631611517324,8
15158,18,task_specific,43,43,none,measured_local,7.250008638948202e-05,0.3,False,1.2603806523742764,0.09147677617150038,0.05690043956019096,0
15158,18,rolling,170,170,none,measured_local,1.9170111045241356e-06,0.3,False,1.1748219171512582,0.0991573900513929,0.05476123329888667,0
15158,18,qaoa_transfer,141,170,retain_previous,trace_replayed_qpu,33372.02029999999,0.3,True,1.1748219171512582,0.0991573900513929,0.05476123329888667,0
15158,19,milp,141,141,none,measured_local,0.03299841703847051,0.3,False,0.9486736761414911,0.07629404350708585,0.04911560802952229,0
15158,19,task_specific,43,43,none,measured_local,6.787502206861973e-05,0.3,False,1.2604679757015362,0.09149937073831718,0.05690951630935691,0
15158,19,rolling,170,170,none,measured_local,1.5420373529195786e-06,0.3,False,1.1749233490498794,0.09918421186952014,0.05477054792878146,0
15158,19,qaoa_transfer,114,170,retain_previous,trace_replayed_qpu,38236.33444,0.3,True,1.1749233490498794,0.09918421186952014,0.05477054792878146,0
15158,20,milp,141,141,none,measured_local,0.03277566691394895,0.3,False,0.9486842149861292,0.076297470409111,0.04911684190353727,0
15158,20,task_specific,43,43,none,measured_local,7.195805665105581e-05,0.3,False,1.2604899129487843,0.09150558854929064,0.0569116993925384,0
15158,20,rolling,170,170,none,measured_local,2.0420411601662636e-06,0.3,False,1.1749519892469107,0.09919225300915083,0.05477308372624698,0
15158,20,qaoa_transfer,141,170,retain_previous,trace_replayed_qpu,40437.89090000001,0.3,True,1.1749519892469107,0.09919225300915083,0.05477308372624698,0
15158,21,milp,141,141,none,measured_local,0.032474332954734564,0.3,False,0.9486865055047636,0.07629825028506498,0.049117105374653226,0
15158,21,task_specific,43,43,none,measured_local,7.079099304974079e-05,0.3,False,1.2604955921502863,0.09150729498461488,0.05691224782371961,0
15158,21,rolling,170,170,none,measured_local,1.750071533024311e-06,0.3,False,1.174960260425725,0.09919465979620443,0.054773799731172766,0
15158,21,qaoa_transfer,141,170,retain_previous,trace_replayed_qpu,43481.44719999998,0.3,True,1.174960260425725,0.09919465979620443,0.054773799731172766,0
15158,22,milp,141,141,none,measured_local,0.03224629093892872,0.3,False,0.948076940238762,0.07619842771000443,0.04901716263761909,0
15158,22,task_specific,43,43,none,measured_local,7.195805665105581e-05,0.3,False,1.2597214271200454,0.0914077629978885,0.056812389803757156,0
15158,22,rolling,170,170,none,measured_local,1.708976924419403e-06,0.3,False,1.1742679723453457,0.09909537997001187,0.05467400651064313,0
15158,22,qaoa_transfer,114,170,retain_previous,trace_replayed_qpu,48527.47675999998,0.3,True,1.1742679723453457,0.09909537997001187,0.05467400651064313,0
15158,23,milp,141,141,none,measured_local,0.0318658750038594,0.3,False,0.947350958116711,0.07606727215903586,0.04890192350596905,0
15158,23,task_specific,43,43,none,measured_local,6.925000343471766e-05,0.3,False,1.2587723850515384,0.09126990643643462,0.05669303567800113,0
15158,23,rolling,170,170,none,measured_local,1.7499551177024841e-06,0.3,False,1.1733982554494657,0.09895461042895791,0.05455669930863365,0
15158,23,qaoa_transfer,114,170,retain_previous,trace_replayed_qpu,53384.057600000044,0.3,True,1.1733982554494657,0.09895461042895791,0.05455669930863365,0
15158,24,milp,141,141,none,measured_local,0.03196912503335625,0.3,False,0.9459909071706674,0.07582883321968378,0.04868377395291778,0
15158,24,task_specific,43,43,none,measured_local,6.541702896356583e-05,0.3,False,1.2570057455185217,0.09102127566606572,0.05646930962628846,0
15158,24,rolling,170,170,none,measured_local,1.7079291865229607e-06,0.3,False,1.1717856786200376,0.09870117981938178,0.054334956386236644,0
15158,24,qaoa_transfer,114,170,retain_previous,trace_replayed_qpu,57209.42362000002,0.3,True,1.1717856786200376,0.09870117981938178,0.054334956386236644,0
15158,25,milp,114,114,none,measured_local,0.032162541057914495,0.3,False,0.9463399169922794,0.07585753765232044,0.04874977267926668,8
15158,25,task_specific,43,43,none,measured_local,7.05840066075325e-05,0.3,False,1.2573818130393457,0.09103169455196694,0.05652514363796304,0
15158,25,rolling,170,170,none,measured_local,1.750071533024311e-06,0.3,False,1.1720679440421649,0.09870296798848482,0.05439464196550094,0
15158,25,qaoa_transfer,141,170,retain_previous,trace_replayed_qpu,61686.31511999999,0.3,True,1.1720679440421649,0.09870296798848482,0.05439464196550094,0
15158,26,milp,114,114,none,measured_local,0.03262229193933308,0.3,False,0.9464019073503006,0.07587219967298092,0.04875849792480698,0
15158,26,task_specific,43,43,none,measured_local,6.89169391989708e-05,0.3,False,1.2574591945996534,0.09104457317167718,0.056534545325983634,0
15158,26,rolling,170,170,none,measured_local,1.7919810488820076e-06,0.3,False,1.1721311056030657,0.09871406489696294,0.054401698601054115,0
15158,26,qaoa_transfer,114,170,retain_previous,trace_replayed_qpu,66510.1831,0.3,True,1.1721311056030657,0.09871406489696294,0.054401698601054115,0
15158,27,milp,114,114,none,measured_local,0.0322400409495458,0.3,False,0.9470243363632785,0.07597568279965902,0.04886004768375751,0
15158,27,task_specific,43,43,none,measured_local,6.979203317314386e-05,0.3,False,1.2582522312147548,0.09114834695660055,0.05663647986499133,0
15158,27,rolling,170,170,none,measured_local,1.7909333109855652e-06,0.3,False,1.1728416316147623,0.09881761594485462,0.05450327764007665,0
15158,27,qaoa_transfer,114,170,retain_previous,trace_replayed_qpu,71306.33684000002,0.3,True,1.1728416316147623,0.09881761594485462,0.05450327764007665,0
15158,28,milp,141,141,none,measured_local,0.032243375084362924,0.3,False,0.9477530181130689,0.07610767461041501,0.04897560840908195,8
15158,28,task_specific,43,43,none,measured_local,7.06670107319951e-05,0.3,False,1.2592058150498797,0.09128737621625349,0.056756305780368874,0
15158,28,rolling,170,170,none,measured_local,1.7909333109855652e-06,0.3,False,1.1737162807182493,0.0989596705376329,0.05462104079036906,0
15158,28,qaoa_transfer,141,170,retain_previous,trace_replayed_qpu,74863.04220000001,0.3,True,1.1737162807182493,0.0989596705376329,0.05462104079036906,0
15158,29,milp,141,141,none,measured_local,0.03206766594666988,0.3,False,0.9478935117646285,0.07614630392476694,0.048993825452826725,0
15158,29,task_specific,43,43,none,measured_local,6.770901381969452e-05,0.3,False,1.2594222640184056,0.09133632918351005,0.05678014537624699,0
15158,29,rolling,170,170,none,measured_local,1.5420373529195786e-06,0.3,False,1.173940821188114,0.09901348600749958,0.054642907017956224,0
15158,29,qaoa_transfer,141,170,retain_previous,trace_replayed_qpu,78499.34332,0.3,True,1.173940821188114,0.09901348600749958,0.054642907017956224,0
15158,30,milp,141,141,none,measured_local,0.032248916919343174,0.3,False,0.9479226471635225,0.07615525098190418,0.04899733779411572,0
15158,30,task_specific,43,43,none,measured_local,7.475004531443119e-05,0.3,False,1.259474600037867,0.09135002891012718,0.05678555660046014,0
15158,30,rolling,170,170,none,measured_local,1.959037035703659e-06,0.3,False,1.174002220585775,0.09902984297613662,0.05464852052970285,0
15158,30,qaoa_transfer,114,170,retain_previous,trace_replayed_qpu,84164.25534000002,0.3,True,1.174002220585775,0.09902984297613662,0.05464852052970285,0
15158,31,milp,114,114,none,measured_local,0.03261733299586922,0.3,False,0.9479288827136167,0.0761572903111523,0.048998066179088064,8
15158,31,task_specific,43,43,none,measured_local,7.608393207192421e-05,0.3,False,1.2594877969097251,0.09135379729877077,0.05678686500094667,0
15158,31,rolling,170,170,none,measured_local,1.6670674085617065e-06,0.3,False,1.174019604671402,0.09903474543140718,0.05465005551464437,0
15158,31,qaoa_transfer,114,170,retain_previous,trace_replayed_qpu,92768.27739999996,0.3,True,1.174019604671402,0.09903474543140718,0.05465005551464437,0
15158,32,milp,114,114,none,measured_local,0.03259329102002084,0.3,False,0.9479302398695545,0.07615775438909679,0.04899822206784042,0
15158,32,task_specific,43,43,none,measured_local,7.325003389269114e-05,0.3,False,1.2594912220854204,0.09135483140225789,0.056787194922743124,0
15158,32,rolling,170,170,none,measured_local,1.7919810488820076e-06,0.3,False,1.1740246337428841,0.099036212716441,0.05465049011678504,0
15158,32,qaoa_transfer,141,170,retain_previous,trace_replayed_qpu,114401.84185999991,0.3,True,1.1740246337428841,0.099036212716441,0.05465049011678504,0
15158,33,milp,114,114,none,measured_local,0.032767249969765544,0.3,False,0.9479305384580927,0.07615785996743131,0.04899825599673886,0
15158,33,task_specific,43,43,none,measured_local,7.850001566112041e-05,0.3,False,1.2594921284790623,0.09135511501009749,0.05678728055213551,0
15158,33,rolling,170,170,none,measured_local,2.249958924949169e-06,0.3,False,1.174026108183062,0.09903665176168643,0.0546506158435721,0
15158,33,qaoa_transfer,141,170,retain_previous,trace_replayed_qpu,207486.516,0.3,True,1.174026108183062,0.09903665176168643,0.0546506158435721,0
15158,34,milp,114,114,none,measured_local,0.032602000050246716,0.3,False,0.9479306046635494,0.07615788398487641,0.048998263461452314,0
15158,34,task_specific,43,43,none,measured_local,6.962497718632221e-05,0.3,False,1.259492371402648,0.09135519277598617,0.05678730321197656,0
15158,34,rolling,170,170,none,measured_local,1.7920974642038345e-06,0.3,False,1.1740265440100974,0.09903678312559062,0.05465065270457655,0
15158,34,qaoa_transfer,141,170,retain_previous,trace_replayed_qpu,0.335999999999996,0.3,True,1.1740265440100974,0.09903678312559062,0.05465065270457655,0
15158,35,milp,114,114,none,measured_local,0.03252154204528779,0.3,False,0.947320550729484,0.0760578894483464,0.048898265116588735,0
15158,35,task_specific,43,43,none,measured_local,7.187505252659321e-05,0.3,False,1.2587167716822876,0.09125521409809031,0.0566873092850662,0
15158,35,rolling,170,170,none,measured_local,1.8329592421650887e-06,0.3,False,1.173331962983963,0.09893682242933718,0.05455066360025243,0
15158,35,qaoa_transfer,141,170,retain_previous,trace_replayed_qpu,0.40899999999999803,0.3,True,1.173331962983963,0.09893682242933718,0.05455066360025243,0
15158,36,milp,114,114,none,measured_local,0.03233841701876372,0.3,False,0.9465944603745997,0.07592669477859691,0.0487830137682371,0
15158,36,task_specific,43,43,none,measured_local,6.933289114385843e-05,0.3,False,1.2577673457796854,0.09111723505090034,0.05656791929205718,0
15158,36,rolling,170,170,none,measured_local,2.249958924949169e-06,0.3,False,1.1724615690825053,0.0987958491684601,0.05443329907459907,0
15158,36,qaoa_transfer,114,170,retain_previous,trace_replayed_qpu,0.443999999999996,0.3,True,1.1724615690825053,0.0987958491684601,0.05443329907459907,0
15158,37,milp,141,141,none,measured_local,0.032060750061646104,0.3,False,0.9464545227098592,0.07588824694051952,0.04876486150936499,8
15158,37,task_specific,43,43,none,measured_local,7.225002627819777e-05,0.3,False,1.2575519333708676,0.09106857069678694,0.056544183644492124,0
15158,37,rolling,170,170,none,measured_local,1.708976924419403e-06,0.3,False,1.1722382122608748,0.09874235760632227,0.05441153922706263,0
15158,37,qaoa_transfer,141,170,retain_previous,trace_replayed_qpu,0.4766599999999973,0.3,True,1.1722382122608748,0.09874235760632227,0.05441153922706263,0
15158,38,milp,141,141,none,measured_local,0.03215566708240658,0.3,False,0.9458154396554537,0.07577934117402699,0.048661363067746474,0
15158,38,task_specific,43,43,none,measured_local,6.820796988904476e-05,0.3,False,1.256724198787863,0.09095495016121075,0.05643879833427169,0
15158,38,rolling,170,170,none,measured_local,1.8749851733446121e-06,0.3,False,1.171482440826444,0.09862609757944252,0.054305955306521866,0
15158,38,qaoa_transfer,141,170,retain_previous,trace_replayed_qpu,0.504999999999998,0.3,True,1.171482440826444,0.09862609757944252,0.054305955306521866,0
15158,39,milp,141,141,none,measured_local,0.032294042059220374,0.3,False,0.9450831370649481,0.07564611532553163,0.048545385991386344,0
15158,39,task_specific,43,43,none,measured_local,8.287501987069845e-05,0.3,False,1.2557616283780366,0.09081321859741492,0.05631810496969657,0
15158,39,rolling,170,170,none,measured_local,1.750071533024311e-06,0.3,False,1.1705947227738664,0.09848023911111162,0.05418706102066109,0
15158,39,qaoa_transfer,141,170,retain_previous,trace_replayed_qpu,0.539999999999996,0.3,True,1.1705947227738664,0.09848023911111162,0.05418706102066109,0
15158,40,milp,141,141,none,measured_local,0.031949458993040025,0.3,False,0.9449418474009669,0.0756072052636085,0.0485270784266237,0
15158,40,task_specific,43,43,none,measured_local,6.758305244147778e-05,0.3,False,1.255542804674072,0.09076352449209281,0.05629404070945092,0
15158,40,rolling,170,170,none,measured_local,1.6660196706652641e-06,0.3,False,1.170366354356423,0.09842528542467725,0.054164868069346665,0
15158,40,qaoa_transfer,141,170,retain_previous,trace_replayed_qpu,0.575,0.3,True,1.170366354356423,0.09842528542467725,0.054164868069346665,0
15158,41,milp,141,141,none,measured_local,0.03211929101962596,0.3,False,0.9443024669058704,0.07549819434054929,0.04842354618502417,0
15158,41,task_specific,43,43,none,measured_local,7.033394649624825e-05,0.3,False,1.2547141674210662,0.09064962154201266,0.0561885701168518,0
15158,41,rolling,170,170,none,measured_local,1.6660196706652641e-06,0.3,False,1.169609113630115,0.09830858789664525,0.05405915885891058,0
15158,41,qaoa_transfer,114,170,retain_previous,trace_replayed_qpu,0.6095399999999971,0.3,True,1.169609113630115,0.09830858789664525,0.05405915885891058,0
15158,42,milp,141,141,none,measured_local,0.03218204097356647,0.3,False,0.9441801670672421,0.07546494457055138,0.04840756167264676,0
15158,42,task_specific,43,43,none,measured_local,7.204199209809303e-05,0.3,False,1.2545270204566905,0.09060781253951382,0.05616785418552665,0
15158,42,rolling,170,170,none,measured_local,1.8749851733446121e-06,0.3,False,1.1694156717641508,0.09826259852639714,0.05404022784075287,0
15158,42,qaoa_transfer,114,170,retain_previous,trace_replayed_qpu,0.630999999999998,0.3,True,1.1694156717641508,0.09826259852639714,0.05404022784075287,0
15158,43,milp,114,114,none,measured_local,0.032055624993517995,0.3,False,0.9435448189567773,0.07535722497954846,0.04830450417668106,8
15158,43,task_specific,43,43,none,measured_local,6.845896132290363e-05,0.3,False,1.2537062443929705,0.09049608209499765,0.05606317551141727,0
15158,43,rolling,170,170,none,measured_local,1.6669509932398796e-06,0.3,False,1.1686681858355286,0.09814859069481756,0.05393539179410377,0
15158,43,qaoa_transfer,114,170,retain_previous,trace_replayed_qpu,0.639999999999998,0.3,True,1.1686681858355286,0.09814859069481756,0.05393539179410377,0
15158,44,milp,114,114,none,measured_local,0.03205149993300438,0.3,False,0.943423392349539,0.07532426911429607,0.048288620473919436,0
15158,44,task_specific,43,43,none,measured_local,6.64170365780592e-05,0.3,False,1.2535211152725805,0.09045486949402583,0.056042656109824264,0
15158,44,rolling,170,170,none,measured_local,1.8329592421650887e-06,0.3,False,1.1684775415282287,0.09810340648840485,0.05391670464588822,0
15158,44,qaoa_transfer,114,170,retain_previous,trace_replayed_qpu,0.6909999999999981,0.3,True,1.1684775415282287,0.09810340648840485,0.05391670464588822,0
15158,45,milp,114,114,none,measured_local,0.03197041596285999,0.3,False,0.9427882356622691,0.07521661638963666,0.04818558480873847,0
15158,45,task_specific,43,43,none,measured_local,7.116689812391996e-05,0.3,False,1.2527008692305757,0.09034330263621397,0.05593802788181452,0
15158,45,rolling,170,170,none,measured_local,1.7919810488820076e-06,0.3,False,1.167730871375837,0.09798963959180572,0.05381193853820572,0
15158,45,qaoa_transfer,141,170,retain_previous,trace_replayed_qpu,0.8784199999999982,0.3,True,1.167730871375837,0.09798963959180572,0.05381193853820572,0
15158,46,milp,141,141,none,measured_local,0.03210075001697987,0.3,False,0.9420567826809623,0.07508367573563922,0.04806970589155673,8
15158,46,task_specific,43,43,none,measured_local,6.550003308802843e-05,0.3,False,1.2517402161100946,0.09020213489311213,0.05581752173076439,0
15158,46,rolling,170,170,none,measured_local,1.915963366627693e-06,0.3,False,1.1668457569219324,0.0978445274750839,0.05369327178439593,0
15158,46,qaoa_transfer,141,170,retain_previous,trace_replayed_qpu,2.1629999999999963,0.3,True,1.1668457569219324,0.0978445274750839,0.05369327178439593,0
15199,0,milp,170,170,none,measured_local,0.028793124947696924,0.3,False,0.5248515160363435,0.1263,0.07687535723036955,0
15199,0,task_specific,154,154,none,measured_local,6.874999962747097e-05,0.3,False,0.521281796463507,0.1504689118478737,0.07783226937000015,2
15199,0,rolling,170,170,none,measured_local,1.500011421740055e-06,0.3,False,0.5248515160363435,0.1263,0.07687535723036955,0
15199,0,qaoa_transfer,85,170,retain_previous,trace_replayed_qpu,56.77331999999998,0.3,True,0.5248515160363435,0.1263,0.07687535723036955,0
15199,1,milp,154,154,none,measured_local,0.028689624974504113,0.3,False,0.49872379527860816,0.1169936388951502,0.07379405230912794,2
15199,1,task_specific,166,166,none,measured_local,7.458403706550598e-05,0.3,False,0.8900894340058367,0.09949331158399813,0.08055657418425688,4
15199,1,rolling,170,170,none,measured_local,1.9170111045241356e-06,0.3,False,0.5222374490144717,0.0964,0.07414628790090859,0
15199,1,qaoa_transfer,101,170,retain_previous,trace_replayed_qpu,61.09708,0.3,True,0.5222374490144717,0.0964,0.07414628790090859,0
15199,2,milp,154,154,none,measured_local,0.03197220899164677,0.3,False,0.4841929800826794,0.09079799292686691,0.0695430948819652,0
15199,2,task_specific,89,89,none,measured_local,6.849993951618671e-05,0.3,False,0.9163623187906599,0.10239646487004056,0.07932723585014592,8
15199,2,rolling,170,170,none,measured_local,1.6669509932398796e-06,0.3,False,0.5239485229690091,0.09300328929411829,0.07013093622536179,0
15199,2,qaoa_transfer,101,170,retain_previous,trace_replayed_qpu,68.18,0.3,True,0.5239485229690091,0.09300328929411829,0.07013093622536179,0
15199,3,milp,101,101,none,measured_local,0.03044687502551824,0.3,False,0.46768743434552457,0.08947783688930865,0.059804824502066985,8
15199,3,task_specific,154,154,none,measured_local,7.499998901039362e-05,0.3,False,0.4663161568328668,0.0871116275522006,0.059729168646002535,4
15199,3,rolling,170,170,none,measured_local,1.6660196706652641e-06,0.3,False,0.502947075380379,0.08195962952480076,0.06079871307422523,0
15199,3,qaoa_transfer,101,170,retain_previous,trace_replayed_qpu,78.43212000000001,0.3,True,0.502947075380379,0.08195962952480076,0.06079871307422523,0
15199,4,milp,101,101,none,measured_local,0.030707792029716074,0.3,False,0.4464484816178561,0.07687234081598784,0.053892185858638114,0
15199,4,task_specific,101,101,none,measured_local,6.958295125514269e-05,0.3,False,0.44622078829173184,0.0765787745331986,0.05385790392082167,8
15199,4,rolling,170,170,none,measured_local,1.8749851733446121e-06,0.3,False,0.5027616795929446,0.08084723470706276,0.05477367688450947,0
15199,4,qaoa_transfer,154,170,retain_previous,trace_replayed_qpu,84.46360000000003,0.3,True,0.5027616795929446,0.08084723470706276,0.05477367688450947,0
15199,5,milp,101,101,none,measured_local,0.029506416991353035,0.3,False,0.3836653772697905,0.04946905476619276,0.031661212040446404,0
15199,5,task_specific,101,101,none,measured_local,7.345899939537048e-05,0.3,False,0.3836338679914872,0.04943702825161557,0.03165551970729329,0
15199,5,rolling,170,170,none,measured_local,2.125045284628868e-06,0.3,False,0.43003246869072664,0.0550657894084856,0.03306904198982362,0
15199,5,qaoa_transfer,101,170,retain_previous,trace_replayed_qpu,96.76627999999998,0.3,True,0.43003246869072664,0.0550657894084856,0.03306904198982362,0
15199,6,milp,101,101,none,measured_local,0.048834415967576206,0.3,False,0.3162036300598883,0.02077232583418009,0.009591634431744763,0
15199,6,task_specific,101,101,none,measured_local,7.141695823520422e-05,0.3,False,0.3161995707058901,0.020768736874411328,0.00959084669978718,0
15199,6,rolling,170,170,none,measured_local,1.7499551177024841e-06,0.3,False,0.3572478656092217,0.025293140537580434,0.010750811717268167,0
15199,6,qaoa_transfer,101,170,retain_previous,trace_replayed_qpu,111.99626,0.3,True,0.3572478656092217,0.025293140537580434,0.010750811717268167,0
15199,7,milp,154,154,none,measured_local,0.032024792046286166,0.3,False,0.3092262044951262,0.016957411089304975,0.007905090751497207,8
15199,7,task_specific,154,154,none,measured_local,6.995804142206907e-05,0.3,False,0.3092256995309769,0.01695700209202375,0.007904989267647253,8
15199,7,rolling,170,170,none,measured_local,1.959037035703659e-06,0.3,False,0.3468705726708665,0.020436854731791784,0.008931196640230543,0
15199,7,qaoa_transfer,101,170,retain_previous,trace_replayed_qpu,131.08151999999998,0.3,True,0.3468705726708665,0.020436854731791784,0.008931196640230543,0
15199,8,milp,154,154,none,measured_local,0.03234224999323487,0.3,False,0.30846315863221363,0.016500610380649015,0.007730655112378155,0
15199,8,task_specific,154,154,none,measured_local,7.033301517367363e-05,0.3,False,0.30846309700289826,0.01650056321842353,0.007730642488274423,0
15199,8,rolling,170,170,none,measured_local,1.8330756574869156e-06,0.3,False,0.3453294338781777,0.019644734691355917,0.008671764316771663,0
15199,8,qaoa_transfer,154,170,retain_previous,trace_replayed_qpu,150.73899999999998,0.3,True,0.3453294338781777,0.019644734691355917,0.008671764316771663,0
15199,9,milp,154,154,none,measured_local,0.032331750029698014,0.3,False,0.42025209589972257,0.06704596247261409,0.04558657896580534,0
15199,9,task_specific,154,154,none,measured_local,7.658300455659628e-05,0.3,False,0.42025208846053924,0.06704595698847626,0.04558657742507245,0
15199,9,rolling,170,170,none,measured_local,1.750071533024311e-06,0.3,False,0.4686214830841299,0.07051553015448285,0.04650823584695444,0
15199,9,qaoa_transfer,101,170,retain_previous,trace_replayed_qpu,171.1178000000002,0.3,True,0.4686214830841299,0.07051553015448285,0.04650823584695444,0
15199,10,milp,101,101,none,measured_local,0.027843625051900744,0.3,False,0.43471514646220566,0.07557394769275147,0.04888130239749307,8
15199,10,task_specific,101,101,none,measured_local,7.162499241530895e-05,0.3,False,0.43471514557018176,0.07557394705126841,0.04888130221151348,8
15199,10,rolling,170,170,none,measured_local,1.6669509932398796e-06,0.3,False,0.4888564720764198,0.08098056111771948,0.05009053707710325,0
15199,10,qaoa_transfer,101,170,retain_previous,trace_replayed_qpu,187.011,0.3,True,0.4888564720764198,0.08098056111771948,0.05009053707710325,0
15199,11,milp,154,154,none,measured_local,0.031244290992617607,0.3,False,0.4428569812512286,0.08097943782748841,0.05144287866155514,8
15199,11,task_specific,101,101,none,measured_local,6.925000343471766e-05,0.3,False,0.44285698114470745,0.08097943775214464,0.05144287863925454,0
15199,11,rolling,170,170,none,measured_local,2.0419247448444366e-06,0.3,False,0.5033032124994007,0.08723044727682042,0.05279641180191049,0
15199,11,qaoa_transfer,154,170,retain_previous,trace_replayed_qpu,208.24779999999996,0.3,True,0.5033032124994007,0.08723044727682042,0.05279641180191049,0
15199,12,milp,154,154,none,measured_local,0.030748500023037195,0.3,False,0.4474894342703729,0.08229920665044685,0.05315892453128072,0
15199,12,task_specific,101,101,none,measured_local,6.833299994468689e-05,0.3,False,0.44748943425768595,0.08229920664157235,0.05315892452861768,0
15199,12,rolling,170,170,none,measured_local,2.00001522898674e-06,0.3,False,0.5065657270709548,0.08902328124654615,0.05467008031248501,0
15199,12,qaoa_transfer,101,170,retain_previous,trace_replayed_qpu,246.85518000000008,0.3,True,0.5065657270709548,0.08902328124654615,0.05467008031248501,0
15199,13,milp,101,101,none,measured_local,0.027932874974794686,0.3,False,0.4593775522970651,0.08303902747756015,0.058224735856759316,8
15199,13,task_specific,101,101,none,measured_local,6.837502587586641e-05,0.3,False,0.4593775522955566,0.08303902747651282,0.058224735856442146,0
15199,13,rolling,170,170,none,measured_local,1.7919810488820076e-06,0.3,False,0.5134382265741827,0.08958522469791957,0.05970164317677387,0
15199,13,qaoa_transfer,101,170,retain_previous,trace_replayed_qpu,292.81968,0.3,True,0.5134382265741827,0.08958522469791957,0.05970164317677387,0
15199,14,milp,101,101,none,measured_local,0.03105029196012765,0.3,False,0.4750394297513444,0.08483021079444245,0.06339693880742664,0
15199,14,task_specific,101,101,none,measured_local,6.850005593150854e-05,0.3,False,0.4750394297511652,0.08483021079431867,0.0633969388073889,0
15199,14,rolling,170,170,none,measured_local,1.750071533024311e-06,0.3,False,0.5248380926949665,0.10293610651772953,0.06474845566435457,0
15199,14,qaoa_transfer,101,170,retain_previous,trace_replayed_qpu,344.2418000000001,0.3,True,0.5248380926949665,0.10293610651772953,0.06474845566435457,0
15199,15,milp,154,154,none,measured_local,0.029540833085775375,0.3,False,0.48820550234496957,0.09030708843501037,0.07070098574378361,8
15199,15,task_specific,101,101,none,measured_local,7.658300455659628e-05,0.3,False,0.4882055023449483,0.0903070884350001,0.07070098574377913,0
15199,15,rolling,170,170,none,measured_local,1.8330756574869156e-06,0.3,False,0.5345973341792739,0.10019823821864754,0.07194595231737416,0
15199,15,qaoa_transfer,101,170,retain_previous,trace_replayed_qpu,414.7057599999997,0.3,True,0.5345973341792739,0.10019823821864754,0.07194595231737416,0
15199,16,milp,154,154,none,measured_local,0.028684374992735684,0.3,False,0.49281491441553416,0.09215799570370889,0.07036763755862424,0
15199,16,task_specific,101,101,none,measured_local,6.649992428719997e-05,0.3,False,0.4928149144155317,0.09215799570370715,0.0703676375586237,0
15199,16,rolling,170,170,none,measured_local,1.7919810488820076e-06,0.3,False,0.5476034196650664,0.10173497212084368,0.07152743335448185,0
15199,16,qaoa_transfer,154,170,retain_previous,trace_replayed_qpu,490.81076,0.3,True,0.5476034196650664,0.10173497212084368,0.07152743335448185,0
15199,17,milp,154,154,none,measured_local,0.02795062493532896,0.3,False,0.5280822974119869,0.17705470489705386,0.08535787286038836,0
15199,17,task_specific,101,101,none,measured_local,7.179100066423416e-05,0.3,False,0.5280822974119865,0.17705470489705386,0.08535787286038829,0
15199,17,rolling,170,170,none,measured_local,2.00001522898674e-06,0.3,False,0.6211332385710008,0.1988466120623155,0.08672758549162665,0
15199,17,qaoa_transfer,154,170,retain_previous,trace_replayed_qpu,562.5450000000001,0.3,True,0.6211332385710008,0.1988466120623155,0.08672758549162665,0
15199,18,milp,101,101,none,measured_local,0.028225542046129704,0.3,False,0.4984321565708016,0.097013064756392,0.07241455743529968,8
15199,18,task_specific,228,228,none,measured_local,7.37080117687583e-05,0.3,False,1.078241563743981,0.11277240897952949,0.08433489330526545,2
15199,18,rolling,170,170,none,measured_local,1.9170111045241356e-06,0.3,False,0.5522808147543828,0.10486548116839525,0.07474083096427503,0
15199,18,qaoa_transfer,154,170,retain_previous,trace_replayed_qpu,619.6498599999986,0.3,True,0.5522808147543828,0.10486548116839525,0.07474083096427503,0
15199,19,milp,154,154,none,measured_local,0.03667550010140985,0.3,False,0.5130755326200171,0.10919513300754399,0.07593580391427004,8
15199,19,task_specific,166,166,none,measured_local,7.1333022788167e-05,0.3,False,0.9064650606938255,0.10876270579742463,0.08520582890640264,2
15199,19,rolling,170,170,none,measured_local,1.8749851733446121e-06,0.3,False,0.551622147205264,0.11022637197997456,0.07728202036885957,0
15199,19,qaoa_transfer,101,170,retain_previous,trace_replayed_qpu,690.6360000000001,0.3,True,0.551622147205264,0.11022637197997456,0.07728202036885957,0
15199,20,milp,101,101,none,measured_local,0.029443708946928382,0.3,False,0.508792521890615,0.10644224384014885,0.07500188831550042,8
15199,20,task_specific,154,154,none,measured_local,7.129204459488392e-05,0.3,False,0.5074965233351517,0.1041819754796277,0.07493324190040421,4
15199,20,rolling,170,170,none,measured_local,1.584063284099102e-06,0.3,False,0.549869337725429,0.10892777358752673,0.0759655536801316,0
15199,20,qaoa_transfer,101,170,retain_previous,trace_replayed_qpu,773.8281000000001,0.3,True,0.549869337725429,0.10892777358752673,0.0759655536801316,0
15199,21,milp,101,101,none,measured_local,0.03203425009269267,0.3,False,0.5520924936994823,0.19014659539153086,0.08621981304726536,0
15199,21,task_specific,228,228,none,measured_local,7.195794023573399e-05,0.3,False,1.1722930757242533,0.20081659920490383,0.09811101351271788,6
15199,21,rolling,170,170,none,measured_local,1.625041477382183e-06,0.3,False,0.5523688348629137,0.1705,0.08724673344313572,0
15199,21,qaoa_transfer,101,170,retain_previous,trace_replayed_qpu,869.6112000000002,0.3,True,0.5523688348629137,0.1705,0.08724673344313572,0
15199,22,milp,85,85,none,measured_local,0.032214917009696364,0.3,False,0.5480700245125256,0.8687999999999999,0.17423982907057461,2
15199,22,task_specific,154,154,none,measured_local,6.858294364064932e-05,0.3,False,0.8952001423635575,0.8920615212172838,0.1750997989605605,6
15199,22,rolling,170,170,none,measured_local,1.5830155462026596e-06,0.3,False,0.5520639540553263,0.8687999999999999,0.17488422087157285,0
15199,22,qaoa_transfer,101,170,retain_previous,trace_replayed_qpu,987.5664600000002,0.3,True,0.5520639540553263,0.8687999999999999,0.17488422087157285,0
15199,23,milp,170,170,none,measured_local,0.02479825005866587,0.3,False,0.5609284214580118,0.7537,0.16455175061281316,8
15199,23,task_specific,166,166,none,measured_local,7.025001104921103e-05,0.3,False,0.9526615137611276,0.7537,0.17091920997062388,4
15199,23,rolling,170,170,none,measured_local,1.834006980061531e-06,0.3,False,0.5615593671902073,0.7537,0.16465159885138317,0
15199,23,qaoa_transfer,85,170,retain_previous,trace_replayed_qpu,1087.05568,0.3,True,0.5615593671902073,0.7537,0.16465159885138317,0
15199,24,milp,170,170,none,measured_local,0.025434082956053317,0.3,False,0.5482502774603761,0.7342,0.16048571053645028,0
15199,24,task_specific,170,170,none,measured_local,7.212499622255564e-05,0.3,False,0.5465144143854681,0.7342,0.16040544799908335,2
15199,24,rolling,170,170,none,measured_local,1.625041477382183e-06,0.3,False,0.5483511395639887,0.7342,0.16050148417975518,0
15199,24,qaoa_transfer,85,170,retain_previous,trace_replayed_qpu,1229.3304000000003,0.3,True,0.5483511395639887,0.7342,0.16050148417975518,0
15199,25,milp,85,85,none,measured_local,0.02646225003991276,0.3,False,0.5588010320154246,0.475,0.1307937569365094,8
15199,25,task_specific,226,226,none,measured_local,7.216597441583872e-05,0.3,False,1.3665757763621489,0.475,0.14653444556588469,2
15199,25,rolling,170,170,none,measured_local,1.915963366627693e-06,0.3,False,0.5588172765726289,0.475,0.13079627848909972,0
15199,25,qaoa_transfer,170,170,retain_previous,trace_replayed_qpu,1385.5546000000004,0.3,True,0.5588172765726289,0.475,0.13079627848909972,0
15199,26,milp,85,85,none,measured_local,0.02639904199168086,0.3,False,0.5596964342979565,0.3567,0.11357002580038562,0
15199,26,task_specific,166,166,none,measured_local,8.775002788752317e-05,0.3,False,0.9480213267189856,0.3567,0.12416052499984348,2
15199,26,rolling,170,170,none,measured_local,1.6669509932398796e-06,0.3,False,0.5596990629910719,0.3567,0.11357043191431572,0
15199,26,qaoa_transfer,85,170,retain_previous,trace_replayed_qpu,1574.0720000000001,0.3,True,0.5596990629910719,0.3567,0.11357043191431572,0
15199,27,milp,170,170,none,measured_local,0.028760708984918892,0.3,False,0.5490880096616446,0.7622,0.1626299108574489,8
15199,27,task_specific,170,170,none,measured_local,7.099995855242014e-05,0.3,False,0.5490499921124856,0.7622,0.16289824237541378,2
15199,27,rolling,170,170,none,measured_local,1.6249250620603561e-06,0.3,False,0.549088436305517,0.7622,0.1626299765747768,0
15199,27,qaoa_transfer,85,170,retain_previous,trace_replayed_qpu,1659.5689999999997,0.3,True,0.549088436305517,0.7622,0.1626299765747768,0
15199,28,milp,85,85,none,measured_local,0.027061209082603455,0.3,False,0.542041592264428,0.6926000000000001,0.15028970024154115,8
15199,28,task_specific,178,178,none,measured_local,7.383397314697504e-05,0.3,False,0.9429022564928625,0.6926000000000001,0.15782266409939394,2
15199,28,rolling,170,170,none,measured_local,1.7080456018447876e-06,0.3,False,0.5420416616394602,0.6926000000000001,0.15028971090763793,0
15199,28,qaoa_transfer,170,170,retain_previous,trace_replayed_qpu,1845.6639200000009,0.3,True,0.5420416616394602,0.6926000000000001,0.15028971090763793,0
15199,29,milp,170,170,none,measured_local,0.027674583019688725,0.3,False,0.5614585660870425,0.6218,0.1478510398066107,8
15199,29,task_specific,226,226,none,measured_local,6.812496576458216e-05,0.3,False,1.3811559085898302,0.6218,0.16562275834560442,2
15199,29,rolling,170,170,none,measured_local,1.7919810488820076e-06,0.3,False,0.5614585773810741,0.6218,0.14785104154098652,0
15199,29,qaoa_transfer,170,170,retain_previous,trace_replayed_qpu,1984.5545999999997,0.3,True,0.5614585773810741,0.6218,0.14785104154098652,0
15199,30,milp,170,170,none,measured_local,0.027157792006619275,0.3,False,0.5597465599277534,0.2668,0.10628646415217606,0
15199,30,task_specific,170,170,none,measured_local,7.612491026520729e-05,0.3,False,0.5635212583941263,0.2668,0.10725898600489042,2
15199,30,rolling,170,170,none,measured_local,1.5409896150231361e-06,0.3,False,0.5597465617677287,0.2668,0.10628646443452686,0
15199,30,qaoa_transfer,85,170,retain_previous,trace_replayed_qpu,2142.670420000001,0.3,True,0.5597465617677287,0.2668,0.10628646443452686,0
15199,31,milp,170,170,none,measured_local,0.033772167051211,0.3,False,0.565391510165861,0.1177,0.08608116399819384,0
15199,31,task_specific,166,166,none,measured_local,7.437507156282663e-05,0.3,False,0.9511151867112585,0.1177,0.09391992283316758,2
15199,31,rolling,170,170,none,measured_local,1.8749851733446121e-06,0.3,False,0.5653915104657584,0.1177,0.08608116404419322,0
15199,31,qaoa_transfer,85,170,retain_previous,trace_replayed_qpu,2355.1834799999992,0.3,True,0.5653915104657584,0.1177,0.08608116404419322,0
15199,32,milp,154,154,none,measured_local,0.02745600009802729,0.3,False,0.5395209766698879,0.15588136454903526,0.08922373866672492,2
15199,32,task_specific,154,154,none,measured_local,7.254199590533972e-05,0.3,False,0.5385767289421517,0.15422604553201802,0.08914444542990546,4
15199,32,rolling,170,170,none,measured_local,1.6669509932398796e-06,0.3,False,0.5536639574005643,0.135,0.08998478776164395,0
15199,32,qaoa_transfer,154,170,retain_previous,trace_replayed_qpu,2641.1710800000037,0.3,True,0.5536639574005643,0.135,0.08998478776164395,0
15199,33,milp,85,85,none,measured_local,0.03387445898260921,0.3,False,0.7115397037986759,0.3051767585866879,0.12133758335616472,6
15199,33,task_specific,170,170,none,measured_local,7.004209328442812e-05,0.3,False,0.7114480120144089,0.3050272674800074,0.12133757116619476,2
15199,33,rolling,170,170,none,measured_local,1.7919810488820076e-06,0.3,False,0.715424682177993,0.30734820894469517,0.1219665989350141,0
15199,33,qaoa_transfer,154,170,retain_previous,trace_replayed_qpu,3063.925839999996,0.3,True,0.715424682177993,0.30734820894469517,0.1219665989350141,0
15199,34,milp,101,101,none,measured_local,0.030037458054721355,0.3,False,0.5751414156518424,0.20459608709571273,0.09602176130274248,2
15199,34,task_specific,101,101,none,measured_local,7.270893547683954e-05,0.3,False,0.5751376102797344,0.20458880714935085,0.09602110560106611,6
15199,34,rolling,170,170,none,measured_local,1.7499551177024841e-06,0.3,False,0.5765924481513982,0.17120000000000002,0.09632311705444983,0
15199,34,qaoa_transfer,101,170,retain_previous,trace_replayed_qpu,3439.5412000000006,0.3,True,0.5765924481513982,0.17120000000000002,0.09632311705444983,0
15199,35,milp,170,170,none,measured_local,0.02885612507816404,0.3,False,0.5603995826882178,0.1743,0.0932726626517458,6
15199,35,task_specific,226,226,none,measured_local,7.120904047042131e-05,0.3,False,1.3777597675888074,0.1743,0.10909055936876302,4
15199,35,rolling,170,170,none,measured_local,1.7499551177024841e-06,0.3,False,0.5659461691749536,0.1743,0.09413981120378495,0
15199,35,qaoa_transfer,154,170,retain_previous,trace_replayed_qpu,3801.491,0.3,True,0.5659461691749536,0.1743,0.09413981120378495,0
15199,36,milp,154,154,none,measured_local,0.02745929209049791,0.3,False,0.5824325265320862,0.22981565766961337,0.09895608390942928,2
15199,36,task_specific,166,166,none,measured_local,7.12500186637044e-05,0.3,False,0.9783045839571294,0.20679999999999998,0.10971595431273767,2
15199,36,rolling,170,170,none,measured_local,1.583946868777275e-06,0.3,False,0.5621959032172351,0.20679999999999998,0.09912365422937383,0
15199,36,qaoa_transfer,154,170,retain_previous,trace_replayed_qpu,4050.243,0.3,True,0.5621959032172351,0.20679999999999998,0.09912365422937383,0
15199,37,milp,170,170,none,measured_local,0.028646082966588438,0.3,False,0.5368485989866713,0.1551,0.0850691032252629,2
15199,37,task_specific,89,89,none,measured_local,6.825011223554611e-05,0.3,False,0.9348239440398514,0.1551,0.09604511459892823,8
15199,37,rolling,170,170,none,measured_local,2.00001522898674e-06,0.3,False,0.5403564159159441,0.1551,0.08564239758043088,0
15199,37,qaoa_transfer,170,170,retain_previous,trace_replayed_qpu,4558.6302,0.3,True,0.5403564159159441,0.1551,0.08564239758043088,0
15199,38,milp,101,101,none,measured_local,0.027394750039093196,0.3,False,0.5681941579713928,0.21748794140585453,0.09658289629431817,6
15199,38,task_specific,154,154,none,measured_local,6.77919015288353e-05,0.3,False,0.5679688982067845,0.21594089667022592,0.09669174688415373,4
15199,38,rolling,170,170,none,measured_local,1.7080456018447876e-06,0.3,False,0.5533542112884743,0.1954,0.09672141039789858,0
15199,38,qaoa_transfer,101,170,retain_previous,trace_replayed_qpu,5322.757020000019,0.3,True,0.5533542112884743,0.1954,0.09672141039789858,0
15199,39,milp,170,170,none,measured_local,0.02843566599767655,0.3,False,0.5476579895343587,0.2134,0.09539198414874794,6
15199,39,task_specific,154,154,none,measured_local,7.025001104921103e-05,0.3,False,0.5804514468543366,0.23838420826846407,0.09631172245516961,0
15199,39,rolling,170,170,none,measured_local,1.7080456018447876e-06,0.3,False,0.5510776859911206,0.2134,0.09594635528221185,0
15199,39,qaoa_transfer,170,170,retain_previous,trace_replayed_qpu,6057.925400000011,0.3,True,0.5510776859911206,0.2134,0.09594635528221185,0
15199,40,milp,170,170,none,measured_local,0.02882904198486358,0.3,False,0.5488396552334275,0.17079999999999998,0.09416644973835897,0
15199,40,task_specific,170,170,none,measured_local,6.858306005597115e-05,0.3,False,0.5462720094076441,0.17079999999999998,0.09373781637161344,2
15199,40,rolling,170,170,none,measured_local,1.625041477382183e-06,0.3,False,0.5493782049351569,0.17079999999999998,0.094251942149778,0
15199,40,qaoa_transfer,85,170,retain_previous,trace_replayed_qpu,6972.2684,0.3,True,0.5493782049351569,0.17079999999999998,0.094251942149778,0
15199,41,milp,154,154,none,measured_local,0.027680667000822723,0.3,False,0.5733695756976945,0.21628695201912213,0.10313501736990296,2
15199,41,task_specific,154,154,none,measured_local,6.745802238583565e-05,0.3,False,0.5732027479206168,0.21622097731835316,0.103094121914953,2
15199,41,rolling,170,170,none,measured_local,1.834006980061531e-06,0.3,False,0.5664156952441317,0.1937,0.10317195512337891,0
15199,41,qaoa_transfer,154,170,retain_previous,trace_replayed_qpu,8713.00816,0.3,True,0.5664156952441317,0.1937,0.10317195512337891,0
15199,42,milp,85,85,none,measured_local,0.02643212501425296,0.3,False,0.5673216956664061,0.22089999999999999,0.10898058194486675,6
15199,42,task_specific,85,85,none,measured_local,6.89169391989708e-05,0.3,False,0.5672975480990867,0.22089999999999999,0.10897647665819214,6
15199,42,rolling,170,170,none,measured_local,1.8329592421650887e-06,0.3,False,0.5705151477494264,0.22089999999999999,0.10951039238110329,0
15199,42,qaoa_transfer,170,170,retain_previous,trace_replayed_qpu,10522.01418,0.3,True,0.5705151477494264,0.22089999999999999,0.10951039238110329,0
15199,43,milp,85,85,none,measured_local,0.033551709027960896,0.3,False,0.5598719827810249,0.2575,0.10759554239166016,0
15199,43,task_specific,85,85,none,measured_local,7.879093755036592e-05,0.3,False,0.5598683107649002,0.2575,0.10759493870247716,0
15199,43,rolling,170,170,none,measured_local,2.2079329937696457e-06,0.3,False,0.560367033600432,0.2575,0.10767537869373565,0
15199,43,qaoa_transfer,170,170,retain_previous,trace_replayed_qpu,12618.543799999981,0.3,True,0.560367033600432,0.2575,0.10767537869373565,0
15199,44,milp,170,170,none,measured_local,0.029069417039863765,0.3,False,0.5749273015466515,0.32789999999999997,0.11679679956952561,8
15199,44,task_specific,170,170,none,measured_local,6.829202175140381e-05,0.3,False,0.5749267296262268,0.32789999999999997,0.1167967077691225,8
15199,44,rolling,170,170,none,measured_local,1.708976924419403e-06,0.3,False,0.5750054584508987,0.32789999999999997,0.1168091758400108,0
15199,44,qaoa_transfer,170,170,retain_previous,trace_replayed_qpu,15199.442000000001,0.3,True,0.5750054584508987,0.32789999999999997,0.1168091758400108,0
15199,45,milp,85,85,none,measured_local,0.0267414579866454,0.3,False,0.5588329283876692,0.26170000000000004,0.1094481825386663,8
15199,45,task_specific,170,170,none,measured_local,7.091707084327936e-05,0.3,False,0.5588328378412137,0.26170000000000004,0.10944816824065569,0
15199,45,rolling,170,170,none,measured_local,1.708976924419403e-06,0.3,False,0.5588454148132217,0.26170000000000004,0.10945013646127247,0
15199,45,qaoa_transfer,85,170,retain_previous,trace_replayed_qpu,16883.729360000023,0.3,True,0.5588454148132217,0.26170000000000004,0.10945013646127247,0
15199,46,milp,85,85,none,measured_local,0.027686541085131466,0.3,False,0.5743987093065774,0.2054,0.10405832320969173,0
15199,46,task_specific,170,170,none,measured_local,6.816606037318707e-05,0.3,False,0.5743986948153008,0.2054,0.10405832094603033,0
15199,46,rolling,170,170,none,measured_local,1.5420373529195786e-06,0.3,False,0.5744007194621472,0.2054,0.10405863537033053,0
15199,46,qaoa_transfer,85,170,retain_previous,trace_replayed_qpu,19501.39002,0.3,True,0.5744007194621472,0.2054,0.10405863537033053,0
