experiment,task,size_label,n_vars,seed,algorithm,profile,solution,cost,optimum,feasible,runtime_s,evals,deadline_s,volatility,success_prob,delay_s,gap,staleness_loss,deadline_miss,utility,timing_evidence
hardness,channel,14,14,30000,exact,local,747,6.845625193876185,6.845625193876185,True,2.5000073947012424e-05,16384,0.08030816529979057,0.03850663391700152,,2.5000073947012424e-05,0.0,9.626686953755748e-07,False,-9.626686953755748e-07,measured_local
hardness,channel,14,14,30000,local_search,local,747,6.845625193876185,6.845625193876185,True,0.00021775008644908667,1750,0.08030816529979057,0.03850663391700152,,0.00021775008644908667,0.0,8.384822864290413e-06,False,-8.384822864290413e-06,measured_local
hardness,channel,14,14,30000,annealing,local,7452,7.073796242855981,6.845625193876185,True,0.0012968339724466205,960,0.08030816529979057,0.03850663391700152,,0.0012968339724466205,0.029082583394105067,4.9936711028132853e-05,False,-0.0291325201051332,measured_local
hardness,channel,14,14,30000,mean_field,local,747,6.845625193876185,6.845625193876185,True,0.027752083027735353,106,0.08030816529979057,0.03850663391700152,,0.027752083027735353,0.0,0.0010686393015832364,False,-0.0010686393015832364,measured_local
hardness,channel,14,14,30000,qaoa,optimistic,15636,6.845625193876185,6.845625193876185,True,0.08420754200778902,124,0.08030816529979057,0.03850663391700152,0.002886345246697914,1.5897600000000003,0.0,0.06121630633589235,True,-2.061216306335892,modeled_qpu
hardness,channel,14,14,30000,qaoa,nominal,15636,6.845625193876185,6.845625193876185,True,0.08420754200778902,124,0.08030816529979057,0.03850663391700152,0.002886345246697914,9.9488,0.0,0.38309479951346476,True,-2.3830947995134646,modeled_qpu
hardness,channel,14,14,30000,qaoa,stressed,15636,6.845625193876185,6.845625193876185,True,0.08420754200778902,124,0.08030816529979057,0.03850663391700152,0.002886345246697914,45.275200000000005,0.0,1.7433955519190274,True,-3.7433955519190274,modeled_qpu
hardness,channel,14,14,30001,exact,local,6295,3.5960360042721056,3.5960360042721056,True,2.037500962615013e-05,16384,0.1301072317032642,0.07127237100167937,,2.037500962615013e-05,0.0,1.4521752452377606e-06,False,-1.4521752452377606e-06,measured_local
hardness,channel,14,14,30001,local_search,local,6295,3.5960360042721056,3.5960360042721056,True,0.00020054099150002003,1764,0.1301072317032642,0.07127237100167937,,0.00020054099150002003,0.0,1.4293031947234055e-05,False,-1.4293031947234055e-05,measured_local
hardness,channel,14,14,30001,annealing,local,14487,3.6827484504286185,3.5960360042721056,True,0.0011402919190004468,960,0.1301072317032642,0.07127237100167937,,0.0011402919190004468,0.01886679000684765,8.127130870121676e-05,False,-0.018948061315548867,measured_local
hardness,channel,14,14,30001,mean_field,local,10088,3.5960360042721056,3.5960360042721056,True,0.02855370892211795,106,0.1301072317032642,0.07127237100167937,,0.02855370892211795,0.0,0.0020350905357711525,False,-0.0020350905357711525,measured_local
hardness,channel,14,14,30001,qaoa,optimistic,1896,3.6827484504286185,3.5960360042721056,True,0.08235587505623698,124,0.1301072317032642,0.07127237100167937,0.002456186385439338,1.5897600000000003,0.01886679000684765,0.11330596452362982,True,-2.1321727545304774,modeled_qpu
hardness,channel,14,14,30001,qaoa,nominal,1896,3.6827484504286185,3.5960360042721056,True,0.08235587505623698,124,0.1301072317032642,0.07127237100167937,0.002456186385439338,9.9488,0.01886679000684765,0.7090745646215078,True,-2.7279413546283555,modeled_qpu
hardness,channel,14,14,30001,qaoa,stressed,1896,3.6827484504286185,3.5960360042721056,True,0.08235587505623698,124,0.1301072317032642,0.07127237100167937,0.002456186385439338,45.275200000000005,0.01886679000684765,3.226870851575234,True,-5.245737641582082,modeled_qpu
hardness,channel,14,14,30002,exact,local,6203,3.1475574408638494,3.1475574408638494,True,1.8999911844730377e-05,16384,0.4427003241672982,0.05428783482313461,,1.8999911844730377e-05,0.0,1.0314640758808414e-06,False,-1.0314640758808414e-06,measured_local
hardness,channel,14,14,30002,local_search,local,6203,3.1475574408638494,3.1475574408638494,True,0.00019050005357712507,1722,0.4427003241672982,0.05428783482313461,,0.00019050005357712507,0.0,1.0341835442393259e-05,False,-1.0341835442393259e-05,measured_local
hardness,channel,14,14,30002,annealing,local,10068,3.234263843020806,3.1475574408638494,True,0.0011132500367239118,960,0.4427003241672982,0.05428783482313461,,0.0011132500367239118,0.020905413220485128,6.043593411051626e-05,False,-0.020965849154595644,measured_local
hardness,channel,14,14,30002,mean_field,local,10068,3.234263843020806,3.1475574408638494,True,0.02638004196342081,100,0.4427003241672982,0.05428783482313461,,0.02638004196342081,0.020905413220485128,0.0014321153607375484,False,-0.022337528581222676,measured_local
hardness,channel,14,14,30002,qaoa,optimistic,6203,3.1475574408638494,3.1475574408638494,True,0.08229029201902449,125,0.4427003241672982,0.05428783482313461,0.0030536015319225607,1.6025000000000003,0.0,0.08699625530407322,True,-2.086996255304073,modeled_qpu
hardness,channel,14,14,30002,qaoa,nominal,6203,3.1475574408638494,3.1475574408638494,True,0.08229029201902449,125,0.4427003241672982,0.05428783482313461,0.0030536015319225607,10.025,0.0,0.5442355441019244,True,-2.5442355441019244,modeled_qpu
hardness,channel,14,14,30002,qaoa,stressed,6203,3.1475574408638494,3.1475574408638494,True,0.08229029201902449,125,0.4427003241672982,0.05428783482313461,0.0030536015319225607,45.6,0.0,2.4755252679349384,True,-4.475525267934938,modeled_qpu
hardness,channel,14,14,30003,exact,local,3449,4.749468555858133,4.749468555858133,True,1.9750092178583145e-05,16384,0.08324710026583527,0.02859081771245937,,1.9750092178583145e-05,0.0,5.646712852821403e-07,False,-5.646712852821403e-07,measured_local
hardness,channel,14,14,30003,local_search,local,3449,4.749468555858133,4.749468555858133,True,0.0002003329573199153,1792,0.08324710026583527,0.02859081771245937,,0.0002003329573199153,0.0,5.727683064531601e-06,False,-5.727683064531601e-06,measured_local
hardness,channel,14,14,30003,annealing,local,12934,4.749468555858133,4.749468555858133,True,0.0011188749922439456,960,0.08324710026583527,0.02859081771245937,,0.0011188749922439456,0.0,3.198955094627604e-05,False,-3.198955094627604e-05,measured_local
hardness,channel,14,14,30003,mean_field,local,3449,4.749468555858133,4.749468555858133,True,0.029870540951378644,113,0.08324710026583527,0.02859081771245937,,0.029870540951378644,0.0,0.0008540231913134195,False,-0.0008540231913134195,measured_local
hardness,channel,14,14,30003,qaoa,optimistic,12934,4.749468555858133,4.749468555858133,True,0.08199545799288899,126,0.08324710026583527,0.02859081771245937,0.0019460068296050818,1.6152400000000002,0.0,0.04618103240187288,True,-2.046181032401873,modeled_qpu
hardness,channel,14,14,30003,qaoa,nominal,12934,4.749468555858133,4.749468555858133,True,0.08199545799288899,126,0.08324710026583527,0.02859081771245937,0.0019460068296050818,10.1012,0.0,0.2888015678770946,True,-2.2888015678770945,modeled_qpu
hardness,channel,14,14,30003,qaoa,stressed,12934,4.749468555858133,4.749468555858133,True,0.08199545799288899,126,0.08324710026583527,0.02859081771245937,0.0019460068296050818,45.924800000000005,0.0,1.3130275852811542,True,-3.313027585281154,modeled_qpu
hardness,channel,14,14,30004,exact,local,5810,3.404241841988657,3.404241841988657,True,2.1000043489038944e-05,16384,0.3719870507742347,0.06742795384692556,,2.1000043489038944e-05,0.0,1.4159899631623474e-06,False,-1.4159899631623474e-06,measured_local
hardness,channel,14,14,30004,local_search,local,5810,3.404241841988657,3.404241841988657,True,0.00032683403696864843,1876,0.3719870507742347,0.06742795384692556,,0.00032683403696864843,0.0,2.2037750360326387e-05,False,-2.2037750360326387e-05,measured_local
hardness,channel,14,14,30004,annealing,local,5810,3.404241841988657,3.404241841988657,True,0.0011664589401334524,960,0.3719870507742347,0.06742795384692556,,0.0011664589401334524,0.0,7.865193957965214e-05,False,-7.865193957965214e-05,measured_local
hardness,channel,14,14,30004,mean_field,local,7237,3.6579024071244444,3.404241841988657,True,0.028505874914117157,109,0.3719870507742347,0.06742795384692556,,0.028505874914117157,0.05759460407406955,0.0019220928180753247,False,-0.05951669689214487,measured_local
hardness,channel,14,14,30004,qaoa,optimistic,10573,3.404241841988657,3.404241841988657,True,0.08233654091600329,124,0.3719870507742347,0.06742795384692556,0.0024859512714602958,1.5897600000000003,0.0,0.1071942639076884,True,-2.1071942639076884,modeled_qpu
hardness,channel,14,14,30004,qaoa,nominal,10573,3.404241841988657,3.404241841988657,True,0.08233654091600329,124,0.3719870507742347,0.06742795384692556,0.0024859512714602958,9.9488,0.0,0.670827227232293,True,-2.670827227232293,modeled_qpu
hardness,channel,14,14,30004,qaoa,stressed,10573,3.404241841988657,3.404241841988657,True,0.08233654091600329,124,0.3719870507742347,0.06742795384692556,0.0024859512714602958,45.275200000000005,0.0,3.0528140960103243,True,-5.052814096010325,modeled_qpu
hardness,channel,14,14,30005,exact,local,1851,2.1313233902727458,2.1313233902727458,True,1.9999919459223747e-05,16384,0.2026222853613311,0.013926230957049165,,1.9999919459223747e-05,0.0,2.7852349751153173e-07,False,-2.7852349751153173e-07,measured_local
hardness,channel,14,14,30005,local_search,local,14532,2.1313233902727458,2.1313233902727458,True,0.0002108339685946703,1834,0.2026222853613311,0.013926230957049165,,0.0002108339685946703,0.0,2.936122540240629e-06,False,-2.936122540240629e-06,measured_local
hardness,channel,14,14,30005,annealing,local,9095,4.224171374866783,2.1313233902727458,True,0.001098749926313758,960,0.2026222853613311,0.013926230957049165,,0.001098749926313758,0.6683589408539963,1.5301445237886146e-05,False,-0.6683742422992341,measured_local
hardness,channel,14,14,30005,mean_field,local,1851,2.1313233902727458,2.1313233902727458,True,0.028487624949775636,107,0.2026222853613311,0.013926230957049165,,0.028487624949775636,0.0,0.0003967252444683716,False,-0.0003967252444683716,measured_local
hardness,channel,14,14,30005,qaoa,optimistic,1851,2.1313233902727458,2.1313233902727458,True,0.08504966599866748,128,0.2026222853613311,0.013926230957049165,0.0045874027478061885,1.6407200000000002,0.0,0.02284904565584971,True,-2.0228490456558497,modeled_qpu
hardness,channel,14,14,30005,qaoa,nominal,1851,2.1313233902727458,2.1313233902727458,True,0.08504966599866748,128,0.2026222853613311,0.013926230957049165,0.0045874027478061885,10.2536,0.0,0.14279400174119933,True,-2.1427940017411995,modeled_qpu
hardness,channel,14,14,30005,qaoa,stressed,1851,2.1313233902727458,2.1313233902727458,True,0.08504966599866748,128,0.2026222853613311,0.013926230957049165,0.0045874027478061885,46.574400000000004,0.0,0.6486058510859907,True,-2.648605851085991,modeled_qpu
hardness,channel,14,14,30006,exact,local,5800,6.373418464243877,6.373418464243877,True,1.8457998521625996e-05,16384,0.21011869267895794,0.034317333479880086,,1.8457998521625996e-05,0.0,6.334292906377729e-07,False,-6.334292906377729e-07,measured_local
hardness,channel,14,14,30006,local_search,local,10583,6.373418464243877,6.373418464243877,True,0.00019004091154783964,1736,0.21011869267895794,0.034317333479880086,,0.00019004091154783964,0.0,6.521697336407607e-06,False,-6.521697336407607e-06,measured_local
hardness,channel,14,14,30006,annealing,local,5173,6.597576545674096,6.373418464243877,True,0.0011186670744791627,960,0.21011869267895794,0.034317333479880086,,0.0011186670744791627,0.030400835449287886,3.838967104786328e-05,False,-0.03043922512033575,measured_local
hardness,channel,14,14,30006,mean_field,local,5800,6.373418464243877,6.373418464243877,True,0.029640124994330108,111,0.21011869267895794,0.034317333479880086,,0.029640124994330108,0.0,0.0010171700538157552,False,-0.0010171700538157552,measured_local
hardness,channel,14,14,30006,qaoa,optimistic,10583,6.373418464243877,6.373418464243877,True,0.0816869589034468,123,0.21011869267895794,0.034317333479880086,0.004397818839683728,1.57702,0.0,0.054119121244440495,True,-2.0541191212444403,modeled_qpu
hardness,channel,14,14,30006,qaoa,nominal,10583,6.373418464243877,6.373418464243877,True,0.0816869589034468,123,0.21011869267895794,0.034317333479880086,0.004397818839683728,9.8726,0.0,0.33880130651346413,True,-2.338801306513464,modeled_qpu
hardness,channel,14,14,30006,qaoa,stressed,10583,6.373418464243877,6.373418464243877,True,0.0816869589034468,123,0.21011869267895794,0.034317333479880086,0.004397818839683728,44.9504,0.0,1.5425778668540018,True,-3.5425778668540016,modeled_qpu
hardness,channel,14,14,30007,exact,local,935,7.498003965387911,7.498003965387911,True,2.0417035557329655e-05,16384,0.23926328902452376,0.027378528814968883,,2.0417035557329655e-05,0.0,5.589883963225942e-07,False,-5.589883963225942e-07,measured_local
hardness,channel,14,14,30007,local_search,local,935,7.498003965387911,7.498003965387911,True,0.000216167070902884,1904,0.23926328902452376,0.027378528814968883,,0.000216167070902884,0.0,5.9183363795620314e-06,False,-5.9183363795620314e-06,measured_local
hardness,channel,14,14,30007,annealing,local,15400,8.086243412904262,7.498003965387911,True,0.0011141669237986207,960,0.23926328902452376,0.027378528814968883,,0.0011141669237986207,0.06922089586121996,3.0504251227905776e-05,False,-0.06925140011244786,measured_local
hardness,channel,14,14,30007,mean_field,local,11357,7.956579219814378,7.498003965387911,True,0.026502792024984956,101,0.23926328902452376,0.027378528814968883,,0.026502792024984956,0.053962701864370625,0.0007256074551331782,False,-0.0546883093195038,measured_local
hardness,channel,14,14,30007,qaoa,optimistic,935,7.498003965387911,7.498003965387911,True,0.08034462505020201,123,0.23926328902452376,0.027378528814968883,0.0019119081658784925,1.57702,0.0,0.04317648751178223,True,-2.0431764875117824,modeled_qpu
hardness,channel,14,14,30007,qaoa,nominal,935,7.498003965387911,7.498003965387911,True,0.08034462505020201,123,0.23926328902452376,0.027378528814968883,0.0019119081658784925,9.8726,0.0,0.2702972635786618,True,-2.270297263578662,modeled_qpu
hardness,channel,14,14,30007,qaoa,stressed,935,7.498003965387911,7.498003965387911,True,0.08034462505020201,123,0.23926328902452376,0.027378528814968883,0.0019119081658784925,44.9504,0.0,1.2306758216443774,True,-3.230675821644377,modeled_qpu
hardness,channel,14,14,30008,exact,local,619,5.2360485715825735,5.2360485715825735,True,1.9749975763261318e-05,16384,0.30163039983302,0.012789252710569151,,1.9749975763261318e-05,0.0,2.5258743106396487e-07,False,-2.5258743106396487e-07,measured_local
hardness,channel,14,14,30008,local_search,local,15764,5.2360485715825735,5.2360485715825735,True,0.00021766603458672762,2072,0.30163039983302,0.012789252710569151,,0.00021766603458672762,0.0,2.783785922837145e-06,False,-2.783785922837145e-06,measured_local
hardness,channel,14,14,30008,annealing,local,4715,5.543354844304117,5.2360485715825735,True,0.0011555840028449893,960,0.30163039983302,0.012789252710569151,,0.0011555840028449893,0.049279005638590785,1.4779055840675629e-05,False,-0.049293784694431464,measured_local
hardness,channel,14,14,30008,mean_field,local,15760,5.261681854154276,5.2360485715825735,True,0.03246599994599819,125,0.30163039983302,0.012789252710569151,,0.03246599994599819,0.004110500788674403,0.0004152158778106953,False,-0.004525716666485099,measured_local
hardness,channel,14,14,30008,qaoa,optimistic,15764,5.2360485715825735,5.2360485715825735,True,0.08218050003051758,122,0.30163039983302,0.012789252710569151,0.0025095052723790147,1.5642800000000001,0.0,0.020005972230089115,True,-2.020005972230089,modeled_qpu
hardness,channel,14,14,30008,qaoa,nominal,15764,5.2360485715825735,5.2360485715825735,True,0.08218050003051758,122,0.30163039983302,0.012789252710569151,0.0025095052723790147,9.7964,0.0,0.12528863525381964,True,-2.1252886352538196,modeled_qpu
hardness,channel,14,14,30008,qaoa,stressed,15764,5.2360485715825735,5.2360485715825735,True,0.08218050003051758,122,0.30163039983302,0.012789252710569151,0.0025095052723790147,44.625600000000006,0.0,0.5707280757607748,True,-2.570728075760775,modeled_qpu
hardness,channel,14,14,30009,exact,local,6083,4.088888919674632,4.088888919674632,True,1.8457998521625996e-05,16384,0.33861572835816484,0.060273008383422665,,1.8457998521625996e-05,0.0,1.1125190996351668e-06,False,-1.1125190996351668e-06,measured_local
hardness,channel,14,14,30009,local_search,local,10300,4.088888919674632,4.088888919674632,True,0.00021049997303634882,1918,0.33861572835816484,0.060273008383422665,,0.00021049997303634882,0.0,1.2687466639530098e-05,False,-1.2687466639530098e-05,measured_local
hardness,channel,14,14,30009,annealing,local,10300,4.088888919674632,4.088888919674632,True,0.0011219580192118883,960,0.33861572835816484,0.060273008383422665,,0.0011219580192118883,0.0,6.762378509780643e-05,False,-6.762378509780643e-05,measured_local
hardness,channel,14,14,30009,mean_field,local,6083,4.088888919674632,4.088888919674632,True,0.028089249972254038,107,0.33861572835816484,0.060273008383422665,,0.028089249972254038,0.0,0.0016930235990617224,False,-0.0016930235990617224,measured_local
hardness,channel,14,14,30009,qaoa,optimistic,10300,4.088888919674632,4.088888919674632,True,0.0761972499312833,116,0.33861572835816484,0.060273008383422665,0.0019549234265873955,1.48784,0.0,0.08967659279319158,True,-2.0896765927931917,modeled_qpu
hardness,channel,14,14,30009,qaoa,nominal,10300,4.088888919674632,4.088888919674632,True,0.0761972499312833,116,0.33861572835816484,0.060273008383422665,0.0019549234265873955,9.3392,0.0,0.5629016798944609,True,-2.562901679894461,modeled_qpu
hardness,channel,14,14,30009,qaoa,stressed,10300,4.088888919674632,4.088888919674632,True,0.0761972499312833,116,0.33861572835816484,0.060273008383422665,0.0019549234265873955,42.67680000000001,0.0,2.572259124177653,True,-4.572259124177653,modeled_qpu
hardness,channel,16,16,30000,exact,local,7126,5.373259603350116,5.373259603350116,True,5.8957957662642e-05,65536,0.18183459900837973,0.07416631651485786,,5.8957957662642e-05,0.0,4.372694549077096e-06,False,-4.372694549077096e-06,measured_local
hardness,channel,16,16,30000,local_search,local,58409,5.373259603350116,5.373259603350116,True,0.0002512499922886491,2464,0.18183459900837973,0.07416631651485786,,0.0002512499922886491,0.0,1.8634286452435544e-05,False,-1.8634286452435544e-05,measured_local
hardness,channel,16,16,30000,annealing,local,58537,5.491599021830048,5.373259603350116,True,0.0012201250065118074,960,0.18183459900837973,0.07416631651485786,,0.0012201250065118074,0.01856811519457436,9.049217742064771e-05,False,-0.01865860737199501,measured_local
hardness,channel,16,16,30000,mean_field,local,7126,5.373259603350116,5.373259603350116,True,0.12865379196591675,130,0.18183459900837973,0.07416631651485786,,0.12865379196591675,0.0,0.009541777855780859,False,-0.009541777855780859,measured_local
hardness,channel,16,16,30000,qaoa,optimistic,58409,5.373259603350116,5.373259603350116,True,0.315142042003572,123,0.18183459900837973,0.07416631651485786,0.0017272873129302875,1.57702,0.0,0.11696176447026115,True,-2.116961764470261,modeled_qpu
hardness,channel,16,16,30000,qaoa,nominal,58409,5.373259603350116,5.373259603350116,True,0.315142042003572,123,0.18183459900837973,0.07416631651485786,0.0017272873129302875,9.8726,0.0,0.7322143764245858,True,-2.7322143764245856,modeled_qpu
hardness,channel,16,16,30000,qaoa,stressed,58409,5.373259603350116,5.373259603350116,True,0.315142042003572,123,0.18183459900837973,0.07416631651485786,0.0017272873129302875,44.9504,0.0,3.333805593869467,True,-5.333805593869467,modeled_qpu
hardness,channel,16,16,30001,exact,local,17757,6.135263874108104,6.135263874108104,True,6.337498780339956e-05,65536,0.18741933968625252,0.01358604508948034,,6.337498780339956e-05,0.0,8.61015441842253e-07,False,-8.61015441842253e-07,measured_local
hardness,channel,16,16,30001,local_search,local,47778,6.135263874108104,6.135263874108104,True,0.0002184590557590127,2176,0.18741933968625252,0.01358604508948034,,0.0002184590557590127,0.0,2.967994581747246e-06,False,-2.967994581747246e-06,measured_local
hardness,channel,16,16,30001,annealing,local,17781,6.322224094355187,6.135263874108104,True,0.0011907919542863965,960,0.18741933968625252,0.01358604508948034,,0.0011907919542863965,0.02620228537384716,1.6178153183125394e-05,False,-0.026218463527030285,measured_local
hardness,channel,16,16,30001,mean_field,local,29017,6.8154520263398926,6.135263874108104,True,0.10147004202008247,103,0.18741933968625252,0.01358604508948034,,0.10147004202008247,0.09532768012967294,0.0013785765661163052,False,-0.09670625669578924,measured_local
hardness,channel,16,16,30001,qaoa,optimistic,47778,6.135263874108104,6.135263874108104,True,0.32335045805666596,126,0.18741933968625252,0.01358604508948034,0.0012767104627746844,1.6152400000000002,0.0,0.021944723470332227,True,-2.021944723470332,modeled_qpu
hardness,channel,16,16,30001,qaoa,nominal,47778,6.135263874108104,6.135263874108104,True,0.32335045805666596,126,0.18741933968625252,0.01358604508948034,0.0012767104627746844,10.1012,0.0,0.13723535865785882,True,-2.137235358657859,modeled_qpu
hardness,channel,16,16,30001,qaoa,stressed,47778,6.135263874108104,6.135263874108104,True,0.32335045805666596,126,0.18741933968625252,0.01358604508948034,0.0012767104627746844,45.924800000000005,0.0,0.6239364035253667,True,-2.6239364035253665,modeled_qpu
hardness,channel,16,16,30002,exact,local,20781,7.469645651216682,7.469645651216682,True,5.970802158117294e-05,65536,0.07886920425660876,0.025977705492888123,,5.970802158117294e-05,0.0,1.551077400198719e-06,False,-1.551077400198719e-06,measured_local
hardness,channel,16,16,30002,local_search,local,20781,7.469645651216682,7.469645651216682,True,0.0002229160163551569,2304,0.07886920425660876,0.025977705492888123,,0.0002229160163551569,0.0,5.790846622522098e-06,False,-5.790846622522098e-06,measured_local
hardness,channel,16,16,30002,annealing,local,13914,8.856812020571834,7.469645651216682,True,0.0011957089882344007,960,0.07886920425660876,0.025977705492888123,,0.0011957089882344007,0.16378092147879672,3.106177595155249e-05,False,-0.16381198325474827,measured_local
hardness,channel,16,16,30002,mean_field,local,44754,7.469645651216682,7.469645651216682,True,0.10692145803477615,108,0.07886920425660876,0.025977705492888123,,0.10692145803477615,0.0,0.002777574147697611,True,-2.0027775741476974,measured_local
hardness,channel,16,16,30002,qaoa,optimistic,44754,7.469645651216682,7.469645651216682,True,0.31732775003183633,123,0.07886920425660876,0.025977705492888123,0.0008119254009549176,1.57702,0.0,0.04096736111639443,True,-2.0409673611163943,modeled_qpu
hardness,channel,16,16,30002,qaoa,nominal,44754,7.469645651216682,7.469645651216682,True,0.31732775003183633,123,0.07886920425660876,0.025977705492888123,0.0008119254009549176,9.8726,0.0,0.2564674952490873,True,-2.2564674952490873,modeled_qpu
hardness,channel,16,16,30002,qaoa,stressed,44754,7.469645651216682,7.469645651216682,True,0.31732775003183633,123,0.07886920425660876,0.025977705492888123,0.0008119254009549176,44.9504,0.0,1.1677082529875182,True,-3.1677082529875182,modeled_qpu
hardness,channel,16,16,30003,exact,local,7323,3.9526352257884754,3.9526352257884754,True,5.8125006034970284e-05,65536,0.06307249207863055,0.06701865335820059,,5.8125006034970284e-05,0.0,3.895459630900991e-06,False,-3.895459630900991e-06,measured_local
hardness,channel,16,16,30003,local_search,local,7323,3.9526352257884754,3.9526352257884754,True,0.000263832975178957,2832,0.06307249207863055,0.06701865335820059,,0.000263832975178957,0.0,1.768173070798126e-05,False,-1.768173070798126e-05,measured_local
hardness,channel,16,16,30003,annealing,local,7323,3.9526352257884754,3.9526352257884754,True,0.001144208014011383,960,0.06307249207863055,0.06701865335820059,,0.001144208014011383,0.0,7.6683280260704e-05,False,-7.6683280260704e-05,measured_local
hardness,channel,16,16,30003,mean_field,local,58212,3.9526352257884754,3.9526352257884754,True,0.1113702500006184,113,0.06307249207863055,0.06701865335820059,,0.1113702500006184,0.0,0.007463884179207583,True,-2.0074638841792076,measured_local
hardness,channel,16,16,30003,qaoa,optimistic,7323,3.9526352257884754,3.9526352257884754,True,0.32019091700203717,125,0.06307249207863055,0.06701865335820059,0.0012714140570364806,1.6025000000000003,0.0,0.10739739200651646,True,-2.1073973920065163,modeled_qpu
hardness,channel,16,16,30003,qaoa,nominal,7323,3.9526352257884754,3.9526352257884754,True,0.32019091700203717,125,0.06307249207863055,0.06701865335820059,0.0012714140570364806,10.025,0.0,0.671861999915961,True,-2.671861999915961,modeled_qpu
hardness,channel,16,16,30003,qaoa,stressed,7323,3.9526352257884754,3.9526352257884754,True,0.32019091700203717,125,0.06307249207863055,0.06701865335820059,0.0012714140570364806,45.6,0.0,3.0560505931339472,True,-5.056050593133947,modeled_qpu
hardness,channel,16,16,30004,exact,local,15001,5.58370330860317,5.58370330860317,True,5.970802158117294e-05,65536,0.09434929032659918,0.059859113175347485,,5.970802158117294e-05,0.0,3.5740692213035214e-06,False,-3.5740692213035214e-06,measured_local
hardness,channel,16,16,30004,local_search,local,15001,5.58370330860317,5.58370330860317,True,0.0002097919350489974,2048,0.09434929032659918,0.059859113175347485,,0.0002097919350489974,0.0,1.2557959183373084e-05,False,-1.2557959183373084e-05,measured_local
hardness,channel,16,16,30004,annealing,local,36395,5.605687163604386,5.58370330860317,True,0.0011493749916553497,960,0.09434929032659918,0.059859113175347485,,0.0011493749916553497,0.003339132091886359,6.880056770641166e-05,False,-0.003407932659592771,measured_local
hardness,channel,16,16,30004,mean_field,local,29140,5.605687163604386,5.58370330860317,True,0.10036437504459172,101,0.09434929032659918,0.059859113175347485,,0.10036437504459172,0.003339132091886359,0.006007722484567237,True,-2.0093468545764535,measured_local
hardness,channel,16,16,30004,qaoa,optimistic,15001,5.58370330860317,5.58370330860317,True,0.3276163749396801,125,0.09434929032659918,0.059859113175347485,0.0009111197174686188,1.6025000000000003,0.0,0.09592422886349436,True,-2.0959242288634945,modeled_qpu
hardness,channel,16,16,30004,qaoa,nominal,15001,5.58370330860317,5.58370330860317,True,0.3276163749396801,125,0.09434929032659918,0.059859113175347485,0.0009111197174686188,10.025,0.0,0.6000876095828586,True,-2.6000876095828587,modeled_qpu
hardness,channel,16,16,30004,qaoa,stressed,15001,5.58370330860317,5.58370330860317,True,0.3276163749396801,125,0.09434929032659918,0.059859113175347485,0.0009111197174686188,45.6,0.0,2.7295755607958454,True,-4.729575560795846,modeled_qpu
hardness,channel,16,16,30005,exact,local,16012,3.645049557116891,3.645049557116891,True,6.308406591415405e-05,65536,0.09263667221092411,0.022533149054323937,,6.308406591415405e-05,0.0,1.4214826601964293e-06,False,-1.4214826601964293e-06,measured_local
hardness,channel,16,16,30005,local_search,local,49523,3.645049557116891,3.645049557116891,True,0.0002791669685393572,2672,0.09263667221092411,0.022533149054323937,,0.0002791669685393572,0.0,6.2905109131410965e-06,False,-6.2905109131410965e-06,measured_local
hardness,channel,16,16,30005,annealing,local,16012,3.645049557116891,3.645049557116891,True,0.0011590829817578197,960,0.09263667221092411,0.022533149054323937,,0.0011590829817578197,0.0,2.6117789594279182e-05,False,-2.6117789594279182e-05,measured_local
hardness,channel,16,16,30005,mean_field,local,16012,3.645049557116891,3.645049557116891,True,0.12392216606531292,126,0.09263667221092411,0.022533149054323937,,0.12392216606531292,0.0,0.0027923566390843798,True,-2.0027923566390844,measured_local
hardness,channel,16,16,30005,qaoa,optimistic,16012,3.645049557116891,3.645049557116891,True,0.3187477079918608,125,0.09263667221092411,0.022533149054323937,0.0008270563096250793,1.6025000000000003,0.0,0.03610937135955412,True,-2.036109371359554,modeled_qpu
hardness,channel,16,16,30005,qaoa,nominal,16012,3.645049557116891,3.645049557116891,True,0.3187477079918608,125,0.09263667221092411,0.022533149054323937,0.0008270563096250793,10.025,0.0,0.22589481926959748,True,-2.2258948192695973,modeled_qpu
hardness,channel,16,16,30005,qaoa,stressed,16012,3.645049557116891,3.645049557116891,True,0.3187477079918608,125,0.09263667221092411,0.022533149054323937,0.0008270563096250793,45.6,0.0,1.0275115968771715,True,-3.0275115968771713,modeled_qpu
hardness,channel,16,16,30006,exact,local,14248,7.469225449614333,7.469225449614333,True,6.0832942835986614e-05,65536,0.17426626236401532,0.0463531861919326,,6.0832942835986614e-05,0.0,2.8198007258796798e-06,False,-2.8198007258796798e-06,measured_local
hardness,channel,16,16,30006,local_search,local,14248,7.469225449614333,7.469225449614333,True,0.00022849999368190765,2272,0.17426626236401532,0.0463531861919326,,0.00022849999368190765,0.0,1.0591702751992889e-05,False,-1.0591702751992889e-05,measured_local
hardness,channel,16,16,30006,annealing,local,52247,9.408938859481271,7.469225449614333,True,0.001225917018018663,960,0.17426626236401532,0.0463531861919326,,0.001225917018018663,0.22903079170660967,5.682515979207788e-05,False,-0.22908761686640175,measured_local
hardness,channel,16,16,30006,mean_field,local,14220,7.98003663064083,7.469225449614333,True,0.10450033296365291,106,0.17426626236401532,0.0463531861919326,,0.10450033296365291,0.06031380131104649,0.004843923390983155,False,-0.06515772470202964,measured_local
hardness,channel,16,16,30006,qaoa,optimistic,14248,7.469225449614333,7.469225449614333,True,0.32100408303085715,124,0.17426626236401532,0.0463531861919326,0.001391646664432814,1.5897600000000003,0.0,0.07369044128048678,True,-2.073690441280487,modeled_qpu
hardness,channel,16,16,30006,qaoa,nominal,14248,7.469225449614333,7.469225449614333,True,0.32100408303085715,124,0.17426626236401532,0.0463531861919326,0.001391646664432814,9.9488,0.0,0.46115857878629907,True,-2.461158578786299,modeled_qpu
hardness,channel,16,16,30006,qaoa,stressed,14248,7.469225449614333,7.469225449614333,True,0.32100408303085715,124,0.17426626236401532,0.0463531861919326,0.001391646664432814,45.275200000000005,0.0,2.098649775476987,True,-4.0986497754769875,modeled_qpu
hardness,channel,16,16,30007,exact,local,9909,8.610571420461685,8.610571420461685,True,5.8750039897859097e-05,65536,0.0627194073809624,0.010227361246528135,,5.8750039897859097e-05,0.0,6.008578812833459e-07,False,-6.008578812833459e-07,measured_local
hardness,channel,16,16,30007,local_search,local,55626,8.610571420461685,8.610571420461685,True,0.00024933298118412495,2544,0.0627194073809624,0.010227361246528135,,0.00024933298118412495,0.0,2.550018469243848e-06,False,-2.550018469243848e-06,measured_local
hardness,channel,16,16,30007,annealing,local,9141,8.653245924918558,8.610571420461685,True,0.001329125021584332,960,0.0627194073809624,0.010227361246528135,,0.001329125021584332,0.004440371190209889,1.3593441737542468e-05,False,-0.004453964631947431,measured_local
hardness,channel,16,16,30007,mean_field,local,56394,8.653245924918558,8.610571420461685,True,0.10498499998357147,106,0.0627194073809624,0.010227361246528135,,0.10498499998357147,0.004440371190209889,0.0010737195202987358,True,-2.0055140907105087,measured_local
hardness,channel,16,16,30007,qaoa,optimistic,55626,8.610571420461685,8.610571420461685,True,0.3246869998984039,125,0.0627194073809624,0.010227361246528135,0.001212226807938305,1.6025000000000003,0.0,0.01638934639756134,True,-2.0163893463975615,modeled_qpu
hardness,channel,16,16,30007,qaoa,nominal,55626,8.610571420461685,8.610571420461685,True,0.3246869998984039,125,0.0627194073809624,0.010227361246528135,0.001212226807938305,10.025,0.0,0.10252929649644456,True,-2.1025292964964444,modeled_qpu
hardness,channel,16,16,30007,qaoa,stressed,55626,8.610571420461685,8.610571420461685,True,0.3246869998984039,125,0.0627194073809624,0.010227361246528135,0.001212226807938305,45.6,0.0,0.466367672841683,True,-2.466367672841683,modeled_qpu
hardness,channel,16,16,30008,exact,local,25846,5.9239163159354575,5.9239163159354575,True,5.949998740106821e-05,65536,0.4164856985384903,0.037795423234390675,,5.949998740106821e-05,0.0,2.248827206264286e-06,False,-2.248827206264286e-06,measured_local
hardness,channel,16,16,30008,local_search,local,39689,5.9239163159354575,5.9239163159354575,True,0.0002316250465810299,2368,0.4164856985384903,0.037795423234390675,,0.0002316250465810299,0.0,8.75436666721548e-06,False,-8.75436666721548e-06,measured_local
hardness,channel,16,16,30008,annealing,local,25846,5.9239163159354575,5.9239163159354575,True,0.0012235830072313547,960,0.4164856985384903,0.037795423234390675,,0.0012235830072313547,0.0,4.624583762071756e-05,False,-4.624583762071756e-05,measured_local
hardness,channel,16,16,30008,mean_field,local,39689,5.9239163159354575,5.9239163159354575,True,0.11863020900636911,121,0.4164856985384903,0.037795423234390675,,0.11863020900636911,0.0,0.004483678957779945,False,-0.004483678957779945,measured_local
hardness,channel,16,16,30008,qaoa,optimistic,25846,5.9239163159354575,5.9239163159354575,True,0.32355516601819545,125,0.4164856985384903,0.037795423234390675,0.0010973616149626733,1.6025000000000003,0.0,0.060567165733111064,True,-2.060567165733111,modeled_qpu
hardness,channel,16,16,30008,qaoa,nominal,25846,5.9239163159354575,5.9239163159354575,True,0.32355516601819545,125,0.4164856985384903,0.037795423234390675,0.0010973616149626733,10.025,0.0,0.37889911792476655,True,-2.3788991179247665,modeled_qpu
hardness,channel,16,16,30008,qaoa,stressed,25846,5.9239163159354575,5.9239163159354575,True,0.32355516601819545,125,0.4164856985384903,0.037795423234390675,0.0010973616149626733,45.6,0.0,1.7234712994882149,True,-3.7234712994882146,modeled_qpu
hardness,channel,16,16,30009,exact,local,6963,1.6509257157749853,1.6509257157749853,True,5.63750509172678e-05,65536,0.40687121538388143,0.06988491182597882,,5.63750509172678e-05,0.0,3.939765462538327e-06,False,-3.939765462538327e-06,measured_local
hardness,channel,16,16,30009,local_search,local,58572,1.6509257157749853,1.6509257157749853,True,0.00024866696912795305,2416,0.40687121538388143,0.06988491182597882,,0.00024866696912795305,0.0,1.7378069211540398e-05,False,-1.7378069211540398e-05,measured_local
hardness,channel,16,16,30009,annealing,local,58572,1.6509257157749853,1.6509257157749853,True,0.001161125022917986,960,0.40687121538388143,0.06988491182597882,,0.001161125022917986,0.0,8.114511984556108e-05,False,-8.114511984556108e-05,measured_local
hardness,channel,16,16,30009,mean_field,local,60549,2.4140555863077724,1.6509257157749853,True,0.10994483297690749,110,0.40687121538388143,0.06988491182597882,,0.10994483297690749,0.2878729743317948,0.007683484958313148,False,-0.295556459290108,measured_local
hardness,channel,16,16,30009,qaoa,optimistic,58572,1.6509257157749853,1.6509257157749853,True,0.32340295799076557,125,0.40687121538388143,0.06988491182597882,0.001413261144679709,1.6025000000000003,0.0,0.11199057120113108,True,-2.111990571201131,modeled_qpu
hardness,channel,16,16,30009,qaoa,nominal,58572,1.6509257157749853,1.6509257157749853,True,0.32340295799076557,125,0.40687121538388143,0.06988491182597882,0.001413261144679709,10.025,0.0,0.7005962410554377,True,-2.700596241055438,modeled_qpu
hardness,channel,16,16,30009,qaoa,stressed,58572,1.6509257157749853,1.6509257157749853,True,0.32340295799076557,125,0.40687121538388143,0.06988491182597882,0.001413261144679709,45.6,0.0,3.1867519792646344,True,-5.186751979264635,modeled_qpu
hardness,placement,14,14,30000,exact,local,1032,0.7468991453534848,0.7468991453534848,True,1.9957893528044224e-05,16384,0.16820794108499101,0.10656683520348183,,1.9957893528044224e-05,0.0,2.126849550611725e-06,False,-2.126849550611725e-06,measured_local
hardness,placement,14,14,30000,local_search,local,1032,0.7468991453534848,0.7468991453534848,True,0.0002156669506803155,1946,0.16820794108499101,0.10656683520348183,,0.0002156669506803155,0.0,2.2982944391986624e-05,False,-2.2982944391986624e-05,measured_local
hardness,placement,14,14,30000,annealing,local,4128,1.1245243016150923,0.7468991453534848,True,0.001189833041280508,960,0.16820794108499101,0.10656683520348183,,0.001189833041280508,0.21616883680207832,0.0001267967416297975,False,-0.21629563354370812,measured_local
hardness,placement,14,14,30000,mean_field,local,129,1.9413613082738157,0.7468991453534848,True,0.03694479097612202,141,0.16820794108499101,0.10656683520348183,,0.03694479097612202,0.6837613757482442,0.003937089451579478,False,-0.6876984651998237,measured_local
hardness,placement,14,14,30000,qaoa,optimistic,1032,0.7468991453534848,0.7468991453534848,True,0.08134129201062024,126,0.16820794108499101,0.10656683520348183,0.005893744605794627,1.6152400000000002,0.0,0.172131014894072,True,-2.172131014894072,modeled_qpu
hardness,placement,14,14,30000,qaoa,nominal,1032,0.7468991453534848,0.7468991453534848,True,0.08134129201062024,126,0.16820794108499101,0.10656683520348183,0.005893744605794627,10.1012,0.0,1.0764529157574108,True,-3.076452915757411,modeled_qpu
hardness,placement,14,14,30000,qaoa,stressed,1032,0.7468991453534848,0.7468991453534848,True,0.08134129201062024,126,0.16820794108499101,0.10656683520348183,0.005893744605794627,45.924800000000005,0.0,4.8940605933528625,True,-6.8940605933528625,modeled_qpu
hardness,placement,14,14,30001,exact,local,2064,1.2045710581949836,1.2045710581949836,True,2.0249979570508003e-05,16384,0.34951659656822653,0.06864207817823488,,2.0249979570508003e-05,0.0,1.3900006807864696e-06,False,-1.3900006807864696e-06,measured_local
hardness,placement,14,14,30001,local_search,local,2064,1.2045710581949836,1.2045710581949836,True,0.00021379103418439627,1848,0.34951659656822653,0.06864207817823488,,0.00021379103418439627,0.0,1.4675060882291014e-05,False,-1.4675060882291014e-05,measured_local
hardness,placement,14,14,30001,annealing,local,129,2.2091462256441683,1.2045710581949836,True,0.0010509579442441463,960,0.34951659656822653,0.06864207817823488,,0.0010509579442441463,0.455678288851207,7.213993737084371e-05,False,-0.4557504287885778,measured_local
hardness,placement,14,14,30001,mean_field,local,2064,1.2045710581949836,1.2045710581949836,True,0.03880595893133432,148,0.34951659656822653,0.06864207817823488,,0.03880595893133432,0.0,0.002663721666746022,False,-0.002663721666746022,measured_local
hardness,placement,14,14,30001,qaoa,optimistic,2064,1.2045710581949836,1.2045710581949836,True,0.08061020798049867,125,0.34951659656822653,0.06864207817823488,0.006249591170439502,1.6025000000000003,0.0,0.10999893028062141,True,-2.1099989302806215,modeled_qpu
hardness,placement,14,14,30001,qaoa,nominal,2064,1.2045710581949836,1.2045710581949836,True,0.08061020798049867,125,0.34951659656822653,0.06864207817823488,0.006249591170439502,10.025,0.0,0.6881368337368047,True,-2.6881368337368046,modeled_qpu
hardness,placement,14,14,30001,qaoa,stressed,2064,1.2045710581949836,1.2045710581949836,True,0.08061020798049867,125,0.34951659656822653,0.06864207817823488,0.006249591170439502,45.6,0.0,3.130078764927511,True,-5.130078764927511,modeled_qpu
hardness,placement,14,14,30002,exact,local,272,1.8349108368305482,1.8349108368305482,True,1.8125050701200962e-05,16384,0.7532457871318042,0.09571072444281582,,1.8125050701200962e-05,0.0,1.734761733174711e-06,False,-1.734761733174711e-06,measured_local
hardness,placement,14,14,30002,local_search,local,272,1.8349108368305482,1.8349108368305482,True,0.00021295808255672455,1932,0.7532457871318042,0.09571072444281582,,0.00021295808255672455,0.0,2.0382372357457086e-05,False,-2.0382372357457086e-05,measured_local
hardness,placement,14,14,30002,annealing,local,272,1.8349108368305482,1.8349108368305482,True,0.0010718749836087227,960,0.7532457871318042,0.09571072444281582,,0.0010718749836087227,0.0,0.00010258993119332219,False,-0.00010258993119332219,measured_local
hardness,placement,14,14,30002,mean_field,local,129,1.9800301103340259,1.8349108368305482,True,0.031654249993152916,121,0.7532457871318042,0.09571072444281582,,0.031654249993152916,0.05119006623351939,0.0030296511985386633,False,-0.05421971743205806,measured_local
hardness,placement,14,14,30002,qaoa,optimistic,272,1.8349108368305482,1.8349108368305482,True,0.08327908301725984,124,0.7532457871318042,0.09571072444281582,0.0026981659098718734,1.5897600000000003,0.0,0.1521570812902109,True,-2.152157081290211,modeled_qpu
hardness,placement,14,14,30002,qaoa,nominal,272,1.8349108368305482,1.8349108368305482,True,0.08327908301725984,124,0.7532457871318042,0.09571072444281582,0.0026981659098718734,9.9488,0.0,0.952206855336686,True,-2.9522068553366863,modeled_qpu
hardness,placement,14,14,30002,qaoa,stressed,272,1.8349108368305482,1.8349108368305482,True,0.08327908301725984,124,0.7532457871318042,0.09571072444281582,0.0026981659098718734,45.275200000000005,0.0,4.333322191293376,True,-6.333322191293376,modeled_qpu
hardness,placement,14,14,30003,exact,local,129,0.8705100221990362,0.8705100221990362,True,1.8874998204410076e-05,16384,0.39213897706835943,0.11754392929315034,,1.8874998204410076e-05,0.0,2.2186414543475178e-06,False,-2.2186414543475178e-06,measured_local
hardness,placement,14,14,30003,local_search,local,129,0.8705100221990362,0.8705100221990362,True,0.00020620902068912983,1876,0.39213897706835943,0.11754392929315034,,0.00020620902068912983,0.0,2.4238618547492852e-05,False,-2.4238618547492852e-05,measured_local
hardness,placement,14,14,30003,annealing,local,129,0.8705100221990362,0.8705100221990362,True,0.0010348749347031116,960,0.39213897706835943,0.11754392929315034,,0.0010348749347031116,0.0,0.00012164326615199613,False,-0.00012164326615199613,measured_local
hardness,placement,14,14,30003,mean_field,local,129,0.8705100221990362,0.8705100221990362,True,0.02737024996895343,104,0.39213897706835943,0.11754392929315034,,0.02737024996895343,0.0,0.0032172067270865123,False,-0.0032172067270865123,measured_local
hardness,placement,14,14,30003,qaoa,optimistic,129,0.8705100221990362,0.8705100221990362,True,0.08499437500722706,128,0.39213897706835943,0.11754392929315034,0.006240956240853188,1.6407200000000002,0.0,0.19285667566985765,True,-2.1928566756698578,modeled_qpu
hardness,placement,14,14,30003,qaoa,nominal,129,0.8705100221990362,0.8705100221990362,True,0.08499437500722706,128,0.39213897706835943,0.11754392929315034,0.006240956240853188,10.2536,0.0,1.2052484334002465,True,-3.2052484334002465,modeled_qpu
hardness,placement,14,14,30003,qaoa,stressed,129,0.8705100221990362,0.8705100221990362,True,0.08499437500722706,128,0.39213897706835943,0.11754392929315034,0.006240956240853188,46.574400000000004,0.0,5.474537980470902,True,-7.474537980470902,modeled_qpu
hardness,placement,14,14,30004,exact,local,4128,1.2987903830180083,1.2987903830180083,True,1.9666971638798714e-05,16384,0.1526686616993892,0.051960748944726624,,1.9666971638798714e-05,0.0,1.0219105758266788e-06,False,-1.0219105758266788e-06,measured_local
hardness,placement,14,14,30004,local_search,local,4128,1.2987903830180083,1.2987903830180083,True,0.000202000024728477,1918,0.1526686616993892,0.051960748944726624,,0.000202000024728477,0.0,1.0496072571744964e-05,False,-1.0496072571744964e-05,measured_local
hardness,placement,14,14,30004,annealing,local,258,2.4108598331854405,1.2987903830180083,True,0.001002333010546863,960,0.1526686616993892,0.051960748944726624,,0.001002333010546863,0.483762877373548,5.208197392003758e-05,False,-0.48381495934746804,measured_local
hardness,placement,14,14,30004,mean_field,local,4128,1.2987903830180083,1.2987903830180083,True,0.03745004103984684,144,0.1526686616993892,0.051960748944726624,,0.03745004103984684,0.0,0.0019459321804411902,False,-0.0019459321804411902,measured_local
hardness,placement,14,14,30004,qaoa,optimistic,4128,1.2987903830180083,1.2987903830180083,True,0.08274575008545071,126,0.1526686616993892,0.051960748944726624,0.006246603531480845,1.6152400000000002,0.0,0.08392908012548024,True,-2.0839290801254804,modeled_qpu
hardness,placement,14,14,30004,qaoa,nominal,4128,1.2987903830180083,1.2987903830180083,True,0.08274575008545071,126,0.1526686616993892,0.051960748944726624,0.006246603531480845,10.1012,0.0,0.5248659172404726,True,-2.5248659172404726,modeled_qpu
hardness,placement,14,14,30004,qaoa,stressed,4128,1.2987903830180083,1.2987903830180083,True,0.08274575008545071,126,0.1526686616993892,0.051960748944726624,0.006246603531480845,45.924800000000005,0.0,2.3862870031367813,True,-4.386287003136781,modeled_qpu
hardness,placement,14,14,30005,exact,local,129,1.461072039701183,1.461072039701183,True,2.13750172406435e-05,16384,0.31090064613920854,0.056966851180294945,,2.13750172406435e-05,0.0,1.217667426123977e-06,False,-1.217667426123977e-06,measured_local
hardness,placement,14,14,30005,local_search,local,129,1.461072039701183,1.461072039701183,True,0.00023554102517664433,2128,0.31090064613920854,0.056966851180294945,,0.00023554102517664433,0.0,1.3418030528092001e-05,False,-1.3418030528092001e-05,measured_local
hardness,placement,14,14,30005,annealing,local,1026,1.7101628772637019,1.461072039701183,True,0.000987500068731606,960,0.31090064613920854,0.056966851180294945,,0.000987500068731606,0.10121233086405829,5.6254769455964426e-05,False,-0.10126858563351425,measured_local
hardness,placement,14,14,30005,mean_field,local,129,1.461072039701183,1.461072039701183,True,0.031368916970677674,120,0.31090064613920854,0.056966851180294945,,0.031368916970677674,0.0,0.0017869884247556235,False,-0.0017869884247556235,measured_local
hardness,placement,14,14,30005,qaoa,optimistic,129,1.461072039701183,1.461072039701183,True,0.08221883291844279,125,0.31090064613920854,0.056966851180294945,0.007478557846442668,1.6025000000000003,0.0,0.09128937901642266,True,-2.091289379016423,modeled_qpu
hardness,placement,14,14,30005,qaoa,nominal,129,1.461072039701183,1.461072039701183,True,0.08221883291844279,125,0.31090064613920854,0.056966851180294945,0.007478557846442668,10.025,0.0,0.5710926830824569,True,-2.571092683082457,modeled_qpu
hardness,placement,14,14,30005,qaoa,stressed,129,1.461072039701183,1.461072039701183,True,0.08221883291844279,125,0.31090064613920854,0.056966851180294945,0.007478557846442668,45.6,0.0,2.5976884138214498,True,-4.59768841382145,modeled_qpu
hardness,placement,14,14,30006,exact,local,4104,1.4567655216587814,1.4567655216587814,True,1.9125058315694332e-05,16384,0.6409680290897997,0.11815937877770774,,1.9125058315694332e-05,0.0,2.259805009669876e-06,False,-2.259805009669876e-06,measured_local
hardness,placement,14,14,30006,local_search,local,4104,1.4567655216587814,1.4567655216587814,True,0.00023337500169873238,2212,0.6409680290897997,0.11815937877770774,,0.00023337500169873238,0.0,2.7575445222968708e-05,False,-2.7575445222968708e-05,measured_local
hardness,placement,14,14,30006,annealing,local,4104,1.4567655216587814,1.4567655216587814,True,0.0010391660034656525,960,0.6409680290897997,0.11815937877770774,,0.0010391660034656525,0.0,0.00012278720941641478,False,-0.00012278720941641478,measured_local
hardness,placement,14,14,30006,mean_field,local,4104,1.4567655216587814,1.4567655216587814,True,0.034513749997131526,132,0.6409680290897997,0.11815937877770774,,0.034513749997131526,0.0,0.004078123258950173,False,-0.004078123258950173,measured_local
hardness,placement,14,14,30006,qaoa,optimistic,4104,1.4567655216587814,1.4567655216587814,True,0.08322629204485565,126,0.6409680290897997,0.11815937877770774,0.004221976114277805,1.6152400000000002,0.0,0.19085575497690468,True,-2.1908557549769045,modeled_qpu
hardness,placement,14,14,30006,qaoa,nominal,4104,1.4567655216587814,1.4567655216587814,True,0.08322629204485565,126,0.6409680290897997,0.11815937877770774,0.004221976114277805,10.1012,0.0,1.1935515169093815,True,-3.1935515169093813,modeled_qpu
hardness,placement,14,14,30006,qaoa,stressed,4104,1.4567655216587814,1.4567655216587814,True,0.08322629204485565,126,0.6409680290897997,0.11815937877770774,0.004221976114277805,45.924800000000005,0.0,5.426445838490473,True,-7.426445838490473,modeled_qpu
hardness,placement,14,14,30007,exact,local,129,1.8950195624322819,1.8950195624322819,True,1.979200169444084e-05,16384,0.20862352088088337,0.11991241956365302,,1.979200169444084e-05,0.0,2.3733068111883217e-06,False,-2.3733068111883217e-06,measured_local
hardness,placement,14,14,30007,local_search,local,129,1.8950195624322819,1.8950195624322819,True,0.00024750002194195986,2184,0.20862352088088337,0.11991241956365302,,0.00024750002194195986,0.0,2.967832647311762e-05,False,-2.967832647311762e-05,measured_local
hardness,placement,14,14,30007,annealing,local,129,1.8950195624322819,1.8950195624322819,True,0.0010395830031484365,960,0.20862352088088337,0.11991241956365302,,0.0010395830031484365,0.0,0.00012465891324477775,False,-0.00012465891324477775,measured_local
hardness,placement,14,14,30007,mean_field,local,129,1.8950195624322819,1.8950195624322819,True,0.03530350001528859,136,0.20862352088088337,0.11991241956365302,,0.03530350001528859,0.0,0.004233328105898717,False,-0.004233328105898717,measured_local
hardness,placement,14,14,30007,qaoa,optimistic,129,1.8950195624322819,1.8950195624322819,True,0.08122312498744577,125,0.20862352088088337,0.11991241956365302,0.006537272069725273,1.6025000000000003,0.0,0.192159652350754,True,-2.192159652350754,modeled_qpu
hardness,placement,14,14,30007,qaoa,nominal,129,1.8950195624322819,1.8950195624322819,True,0.08122312498744577,125,0.20862352088088337,0.11991241956365302,0.006537272069725273,10.025,0.0,1.2021220061256215,True,-3.2021220061256215,modeled_qpu
hardness,placement,14,14,30007,qaoa,stressed,129,1.8950195624322819,1.8950195624322819,True,0.08122312498744577,125,0.20862352088088337,0.11991241956365302,0.006537272069725273,45.6,0.0,5.468006332102578,True,-7.468006332102578,modeled_qpu
hardness,placement,14,14,30008,exact,local,129,0.5065907356116459,0.5065907356116459,True,1.8459046259522438e-05,16384,0.10705342901456599,0.08346858920571895,,1.8459046259522438e-05,0.0,1.5407505493654414e-06,False,-1.5407505493654414e-06,measured_local
hardness,placement,14,14,30008,local_search,local,129,0.5065907356116459,0.5065907356116459,True,0.0002472080523148179,2240,0.10705342901456599,0.08346858920571895,,0.0002472080523148179,0.0,2.0634107367011416e-05,False,-2.0634107367011416e-05,measured_local
hardness,placement,14,14,30008,annealing,local,8208,1.7175501537053042,0.5065907356116459,True,0.0010588750010356307,960,0.10705342901456599,0.08346858920571895,,0.0010588750010356307,0.8037746346568584,8.838280248164829e-05,False,-0.8038630174593401,measured_local
hardness,placement,14,14,30008,mean_field,local,129,0.5065907356116459,0.5065907356116459,True,0.024927290971390903,95,0.10705342901456599,0.08346858920571895,,0.024927290971390903,0.0,0.002080645810102454,False,-0.002080645810102454,measured_local
hardness,placement,14,14,30008,qaoa,optimistic,129,0.5065907356116459,0.5065907356116459,True,0.08156166691333055,124,0.10705342901456599,0.08346858920571895,0.006278538094024633,1.5897600000000003,0.0,0.13269502437568378,True,-2.1326950243756837,modeled_qpu
hardness,placement,14,14,30008,qaoa,nominal,129,0.5065907356116459,0.5065907356116459,True,0.08156166691333055,124,0.10705342901456599,0.08346858920571895,0.006278538094024633,9.9488,0.0,0.8304123002898567,True,-2.830412300289857,modeled_qpu
hardness,placement,14,14,30008,qaoa,stressed,129,0.5065907356116459,0.5065907356116459,True,0.08156166691333055,124,0.10705342901456599,0.08346858920571895,0.006278538094024633,45.275200000000005,0.0,3.779057070006767,True,-5.7790570700067665,modeled_qpu
hardness,placement,14,14,30009,exact,local,129,1.0651504988297953,1.0651504988297953,True,2.1124957129359245e-05,16384,0.7047845908054431,0.06144203076000381,,2.1124957129359245e-05,0.0,1.2979602657458526e-06,False,-1.2979602657458526e-06,measured_local
hardness,placement,14,14,30009,local_search,local,129,1.0651504988297953,1.0651504988297953,True,0.00024341593962162733,2212,0.7047845908054431,0.06144203076000381,,0.00024341593962162733,0.0,1.4955969649707256e-05,False,-1.4955969649707256e-05,measured_local
hardness,placement,14,14,30009,annealing,local,129,1.0651504988297953,1.0651504988297953,True,0.0010367080103605986,960,0.7047845908054431,0.06144203076000381,,0.0010367080103605986,0.0,6.369744546171825e-05,False,-6.369744546171825e-05,measured_local
hardness,placement,14,14,30009,mean_field,local,258,1.2665263151399637,1.0651504988297953,True,0.03421612491365522,129,0.7047845908054431,0.06144203076000381,,0.03421612491365522,0.0975114484025628,0.002102308199432937,False,-0.09961375660199574,measured_local
hardness,placement,14,14,30009,qaoa,optimistic,129,1.0651504988297953,1.0651504988297953,True,0.07911804097238928,124,0.7047845908054431,0.06144203076000381,0.006010684180697697,1.5897600000000003,0.0,0.09767808282102368,True,-2.0976780828210235,modeled_qpu
hardness,placement,14,14,30009,qaoa,nominal,129,1.0651504988297953,1.0651504988297953,True,0.07911804097238928,124,0.7047845908054431,0.06144203076000381,0.006010684180697697,9.9488,0.0,0.6112744756251259,True,-2.611274475625126,modeled_qpu
hardness,placement,14,14,30009,qaoa,stressed,129,1.0651504988297953,1.0651504988297953,True,0.07911804097238928,124,0.7047845908054431,0.06144203076000381,0.006010684180697697,45.275200000000005,0.0,2.7818002310653247,True,-4.781800231065325,modeled_qpu
hardness,placement,16,16,30000,exact,local,34833,3.82051463888338,3.82051463888338,True,6.0707912780344486e-05,65536,0.6422477878643879,0.07775209443076511,,6.0707912780344486e-05,0.0,4.720167367191997e-06,False,-4.720167367191997e-06,measured_local
hardness,placement,16,16,30000,local_search,local,34833,3.82051463888338,3.82051463888338,True,0.0002095840172842145,2032,0.6422477878643879,0.07775209443076511,,0.0002095840172842145,0.0,1.6295596303061354e-05,False,-1.6295596303061354e-05,measured_local
hardness,placement,16,16,30000,annealing,local,33041,4.685050179817421,3.82051463888338,True,0.0010463329963386059,960,0.6422477878643879,0.07775209443076511,,0.0010463329963386059,0.17934507115910367,8.135458193734469e-05,False,-0.179426425741041,measured_local
hardness,placement,16,16,30000,mean_field,local,18449,4.725643821925447,3.82051463888338,True,0.08451950002927333,85,0.6422477878643879,0.07775209443076511,,0.08451950002927333,0.1877660894837008,0.006571568147517115,False,-0.1943376576312179,measured_local
hardness,placement,16,16,30000,qaoa,optimistic,34833,3.82051463888338,3.82051463888338,True,0.3085088749649003,121,0.6422477878643879,0.07775209443076511,0.00032709049698894066,1.5515400000000001,0.0,0.12063548459310931,True,-2.1206354845931092,modeled_qpu
hardness,placement,16,16,30000,qaoa,nominal,34833,3.82051463888338,3.82051463888338,True,0.3085088749649003,121,0.6422477878643879,0.07775209443076511,0.00032709049698894066,9.7202,0.0,0.755765908285923,True,-2.755765908285923,modeled_qpu
hardness,placement,16,16,30000,qaoa,stressed,34833,3.82051463888338,3.82051463888338,True,0.3085088749649003,121,0.6422477878643879,0.07775209443076511,0.00032709049698894066,44.3008,0.0,3.444479984958439,True,-5.4444799849584395,modeled_qpu
hardness,placement,16,16,30001,exact,local,17473,3.6099364575686077,3.6099364575686077,True,6.062490865588188e-05,65536,0.5756026431889336,0.04096639891828823,,6.062490865588188e-05,0.0,2.483584192381642e-06,False,-2.483584192381642e-06,measured_local
hardness,placement,16,16,30001,local_search,local,17473,3.6099364575686077,3.6099364575686077,True,0.00020283297635614872,1888,0.5756026431889336,0.04096639891828823,,0.00020283297635614872,0.0,8.309336623189714e-06,False,-8.309336623189714e-06,measured_local
hardness,placement,16,16,30001,annealing,local,8740,5.175509500745209,3.6099364575686077,True,0.00102116703055799,960,0.5756026431889336,0.04096639891828823,,0.00102116703055799,0.33960837803007854,4.183353593604245e-05,False,-0.3396502115660146,measured_local
hardness,placement,16,16,30001,mean_field,local,4369,3.6708616500285816,3.6099364575686077,True,0.10533162497449666,94,0.5756026431889336,0.04096639891828823,,0.10533162497449666,0.013216059054338305,0.004315057367416762,False,-0.017531116421755068,measured_local
hardness,placement,16,16,30001,qaoa,optimistic,4369,3.6708616500285816,3.6099364575686077,True,0.3024705830030143,119,0.5756026431889336,0.04096639891828823,0.0003148790712826654,1.5260600000000002,0.013216059054338305,0.06251718273324294,True,-2.075733241787581,modeled_qpu
hardness,placement,16,16,30001,qaoa,nominal,4369,3.6708616500285816,3.6099364575686077,True,0.3024705830030143,119,0.5756026431889336,0.04096639891828823,0.0003148790712826654,9.5678,0.013216059054338305,0.3919583115703981,True,-2.4051743706247364,modeled_qpu
hardness,placement,16,16,30001,qaoa,stressed,4369,3.6708616500285816,3.6099364575686077,True,0.3024705830030143,119,0.5756026431889336,0.04096639891828823,0.0003148790712826654,43.6512,0.013216059054338305,1.7882324724619834,True,-3.8014485315163213,modeled_qpu
hardness,placement,16,16,30002,exact,local,4372,4.284871756535545,4.284871756535545,True,6.0416990891098976e-05,65536,0.6287877140835698,0.04766752545514899,,6.0416990891098976e-05,0.0,2.8799284512249653e-06,False,-2.8799284512249653e-06,measured_local
hardness,placement,16,16,30002,local_search,local,4369,4.532584018406958,4.284871756535545,True,0.0002227500081062317,2192,0.6287877140835698,0.04766752545514899,,0.0002227500081062317,0.04687195324372417,1.0617941681538443e-05,False,-0.0468825711854057,measured_local
hardness,placement,16,16,30002,annealing,local,8468,5.68219954473598,4.284871756535545,True,0.001099540968425572,960,0.6287877140835698,0.04766752545514899,,0.001099540968425572,0.2644014561890602,5.241239710140512e-05,False,-0.2644538685861616,measured_local
hardness,placement,16,16,30002,mean_field,local,4369,4.532584018406958,4.284871756535545,True,0.09122391697019339,92,0.6287877140835698,0.04766752545514899,,0.09122391697019339,0.04687195324372417,0.004348418384295091,False,-0.051220371628019255,measured_local
hardness,placement,16,16,30002,qaoa,optimistic,33041,6.123392967284321,4.284871756535545,True,0.29715341702103615,116,0.6287877140835698,0.04766752545514899,0.00020797057625916482,1.48784,0.34788378894438937,0.07092165107318887,True,-2.4188054400175782,modeled_qpu
hardness,placement,16,16,30002,qaoa,nominal,33041,6.123392967284321,4.284871756535545,True,0.29715341702103615,116,0.6287877140835698,0.04766752545514899,0.00020797057625916482,9.3392,0.34788378894438937,0.44517655373072745,True,-2.793060342675117,modeled_qpu
hardness,placement,16,16,30002,qaoa,stressed,33041,6.123392967284321,4.284871756535545,True,0.29715341702103615,116,0.6287877140835698,0.04766752545514899,0.00020797057625916482,42.67680000000001,0.34788378894438937,2.0342974503443028,True,-4.382181239288692,modeled_qpu
hardness,placement,16,16,30003,exact,local,4369,3.2493424663932657,3.2493424663932657,True,5.949998740106821e-05,65536,0.6476366027317253,0.09146829964630329,,5.949998740106821e-05,0.0,5.442362676552178e-06,False,-5.442362676552178e-06,measured_local
hardness,placement,16,16,30003,local_search,local,4369,3.2493424663932657,3.2493424663932657,True,0.00021604192443192005,2160,0.6476366027317253,0.09146829964630329,,0.00021604192443192005,0.0,1.9760987480102876e-05,False,-1.9760987480102876e-05,measured_local
hardness,placement,16,16,30003,annealing,local,8465,6.115736079966149,3.2493424663932657,True,0.0010849579703062773,960,0.6476366027317253,0.09146829964630329,,0.0010849579703062773,0.6745499183090804,9.923926073161959e-05,False,-0.674649157569812,measured_local
hardness,placement,16,16,30003,mean_field,local,4369,3.2493424663932657,3.2493424663932657,True,0.0862044170498848,86,0.6476366027317253,0.09146829964630329,,0.0862044170498848,0.0,0.007884971449553758,False,-0.007884971449553758,measured_local
hardness,placement,16,16,30003,qaoa,optimistic,33041,5.953553447974453,3.2493424663932657,True,0.31991291604936123,125,0.6476366027317253,0.09146829964630329,0.00021956277567731464,1.6025000000000003,0.6363833941293165,0.14657795018320105,True,-2.7829613443125174,modeled_qpu
hardness,placement,16,16,30003,qaoa,nominal,33041,5.953553447974453,3.2493424663932657,True,0.31991291604936123,125,0.6476366027317253,0.09146829964630329,0.00021956277567731464,10.025,0.6363833941293165,0.9169697039541905,True,-3.553353098083507,modeled_qpu
hardness,placement,16,16,30003,qaoa,stressed,33041,5.953553447974453,3.2493424663932657,True,0.31991291604936123,125,0.6476366027317253,0.09146829964630329,0.00021956277567731464,45.6,0.6363833941293165,4.17095446387143,True,-6.807337858000746,modeled_qpu
hardness,placement,16,16,30004,exact,local,4369,2.149277866739884,2.149277866739884,True,6.233295425772667e-05,65536,0.29902391983414944,0.028449347377835037,,6.233295425772667e-05,0.0,1.7733318687647676e-06,False,-1.7733318687647676e-06,measured_local
hardness,placement,16,16,30004,local_search,local,4369,2.149277866739884,2.149277866739884,True,0.00022070796694606543,2176,0.29902391983414944,0.028449347377835037,,0.00022070796694606543,0.0,6.278997620704348e-06,False,-6.278997620704348e-06,measured_local
hardness,placement,16,16,30004,annealing,local,4420,5.789937662549102,2.149277866739884,True,0.0010800410527735949,960,0.29902391983414944,0.028449347377835037,,0.0010800410527735949,1.1560300328716342,3.072646309267866e-05,False,-1.156060759334727,measured_local
hardness,placement,16,16,30004,mean_field,local,4369,2.149277866739884,2.149277866739884,True,0.09332745906431228,94,0.29902391983414944,0.028449347377835037,,0.09332745906431228,0.0,0.0026551053028112995,False,-0.0026551053028112995,measured_local
hardness,placement,16,16,30004,qaoa,optimistic,4482,5.408122092923062,2.149277866739884,True,0.3192000410053879,126,0.29902391983414944,0.028449347377835037,0.00023107248134100067,1.6152400000000002,1.0347909470296175,0.04595252385857427,True,-3.0807434708881916,modeled_qpu
hardness,placement,16,16,30004,qaoa,nominal,4482,5.408122092923062,2.149277866739884,True,0.3192000410053879,126,0.29902391983414944,0.028449347377835037,0.00023107248134100067,10.1012,1.0347909470296175,0.2873725477329873,True,-3.322163494762605,modeled_qpu
hardness,placement,16,16,30004,qaoa,stressed,4482,5.408122092923062,2.149277866739884,True,0.3192000410053879,126,0.29902391983414944,0.028449347377835037,0.00023107248134100067,45.924800000000005,1.0347909470296175,1.3065305884575986,True,-4.341321535487216,modeled_qpu
hardness,placement,16,16,30005,exact,local,4369,3.2271879418021148,3.2271879418021148,True,6.28340058028698e-05,65536,0.26615369641336917,0.04859931015211383,,6.28340058028698e-05,0.0,3.0536893361133893e-06,False,-3.0536893361133893e-06,measured_local
hardness,placement,16,16,30005,local_search,local,4369,3.2271879418021148,3.2271879418021148,True,0.000238833948969841,2320,0.26615369641336917,0.04859931015211383,,0.000238833948969841,0.0,1.160716516083943e-05,False,-1.160716516083943e-05,measured_local
hardness,placement,16,16,30005,annealing,local,8472,6.751009862776362,3.2271879418021148,True,0.0010490840068086982,960,0.26615369641336917,0.04859931015211383,,0.0010490840068086982,0.8336090018916898,5.0984759022518216e-05,False,-0.8336599866507124,measured_local
hardness,placement,16,16,30005,mean_field,local,4369,3.2271879418021148,3.2271879418021148,True,0.08610937499906868,86,0.26615369641336917,0.04859931015211383,,0.08610937499906868,0.0,0.004184856222584415,False,-0.004184856222584415,measured_local
hardness,placement,16,16,30005,qaoa,optimistic,4369,3.2271879418021148,3.2271879418021148,True,0.3048498750431463,119,0.26615369641336917,0.04859931015211383,0.00037062854069651823,1.5260600000000002,0.0,0.07416546325073484,True,-2.074165463250735,modeled_qpu
hardness,placement,16,16,30005,qaoa,nominal,4369,3.2271879418021148,3.2271879418021148,True,0.3048498750431463,119,0.26615369641336917,0.04859931015211383,0.00037062854069651823,9.5678,0.0,0.4649884796733947,True,-2.4649884796733947,modeled_qpu
hardness,placement,16,16,30005,qaoa,stressed,4369,3.2271879418021148,3.2271879418021148,True,0.3048498750431463,119,0.26615369641336917,0.04859931015211383,0.00037062854069651823,43.6512,0.0,2.1214182073119514,True,-4.121418207311951,modeled_qpu
hardness,placement,16,16,30006,exact,local,4369,3.743642386188231,3.743642386188231,True,5.8959005400538445e-05,65536,0.35547982445604887,0.06560360914283342,,5.8959005400538445e-05,0.0,3.867923545747129e-06,False,-3.867923545747129e-06,measured_local
hardness,placement,16,16,30006,local_search,local,4369,3.743642386188231,3.743642386188231,True,0.0002607920905575156,2528,0.35547982445604887,0.06560360914283342,,0.0002607920905575156,0.0,1.710890237647767e-05,False,-1.710890237647767e-05,measured_local
hardness,placement,16,16,30006,annealing,local,34833,3.9019430493440153,3.743642386188231,True,0.0010767499916255474,960,0.35547982445604887,0.06560360914283342,,0.0010767499916255474,0.03337112081144615,7.063868559515157e-05,False,-0.033441759497041305,measured_local
hardness,placement,16,16,30006,mean_field,local,4369,3.743642386188231,3.743642386188231,True,0.0927390840370208,93,0.35547982445604887,0.06560360914283342,,0.0927390840370208,0.0,0.006084018621429095,False,-0.006084018621429095,measured_local
hardness,placement,16,16,30006,qaoa,optimistic,8465,4.3068683415702145,3.743642386188231,True,0.32390391593798995,125,0.35547982445604887,0.06560360914283342,0.00018604125098024537,1.6025000000000003,0.11873280267119068,0.10512978365139057,True,-2.223862586322581,modeled_qpu
hardness,placement,16,16,30006,qaoa,nominal,8465,4.3068683415702145,3.743642386188231,True,0.32390391593798995,125,0.35547982445604887,0.06560360914283342,0.00018604125098024537,10.025,0.11873280267119068,0.657676181656905,True,-2.7764089843280955,modeled_qpu
hardness,placement,16,16,30006,qaoa,stressed,8465,4.3068683415702145,3.743642386188231,True,0.32390391593798995,125,0.35547982445604887,0.06560360914283342,0.00018604125098024537,45.6,0.11873280267119068,2.991524576913204,True,-5.110257379584395,modeled_qpu
hardness,placement,16,16,30007,exact,local,4369,4.102018233923362,4.102018233923362,True,5.941605195403099e-05,65536,0.5915942984038423,0.10862147269839584,,5.941605195403099e-05,0.0,6.453859065171246e-06,False,-6.453859065171246e-06,measured_local
hardness,placement,16,16,30007,local_search,local,4369,4.102018233923362,4.102018233923362,True,0.0002193748950958252,2064,0.5915942984038423,0.10862147269839584,,0.0002193748950958252,0.0,2.3828824178364627e-05,False,-2.3828824178364627e-05,measured_local
hardness,placement,16,16,30007,annealing,local,17442,5.549764442626044,4.102018233923362,True,0.0010480829514563084,960,0.5915942984038423,0.10862147269839584,,0.0010480829514563084,0.28375951286818335,0.00011384431369726553,False,-0.2838733571818806,measured_local
hardness,placement,16,16,30007,mean_field,local,4386,5.357279289316374,4.102018233923362,True,0.11068887496367097,112,0.5915942984038423,0.10862147269839584,,0.11068887496367097,0.2460322558329507,0.012023188609882537,False,-0.25805544444283324,measured_local
hardness,placement,16,16,30007,qaoa,optimistic,4370,5.403282055373746,4.102018233923362,True,0.3232994170393795,125,0.5915942984038423,0.10862147269839584,0.0002560595499727552,1.6025000000000003,0.25504883788894966,0.17406590999917937,True,-2.429114747888129,modeled_qpu
hardness,placement,16,16,30007,qaoa,nominal,4370,5.403282055373746,4.102018233923362,True,0.3232994170393795,125,0.5915942984038423,0.10862147269839584,0.0002560595499727552,10.025,0.25504883788894966,1.0889302638014182,True,-3.343979101690368,modeled_qpu
hardness,placement,16,16,30007,qaoa,stressed,4370,5.403282055373746,4.102018233923362,True,0.3232994170393795,125,0.5915942984038423,0.10862147269839584,0.0002560595499727552,45.6,0.25504883788894966,4.95313915504685,True,-7.2081879929358,modeled_qpu
hardness,placement,16,16,30008,exact,local,4369,1.404990037701564,1.404990037701564,True,5.891697946935892e-05,65536,0.3651387748211972,0.04854237069369769,,5.891697946935892e-05,0.0,2.859969857554597e-06,False,-2.859969857554597e-06,measured_local
hardness,placement,16,16,30008,local_search,local,4369,1.404990037701564,1.404990037701564,True,0.00020304101053625345,1984,0.3651387748211972,0.04854237069369769,,0.00020304101053625345,0.0,9.856091999473794e-06,False,-9.856091999473794e-06,measured_local
hardness,placement,16,16,30008,annealing,local,4484,4.268296079465157,1.404990037701564,True,0.0011349580017849803,960,0.3651387748211972,0.04854237069369769,,0.0011349580017849803,1.190568774455315,5.509355204442492e-05,False,-1.1906238680073595,measured_local
hardness,placement,16,16,30008,mean_field,local,4369,1.404990037701564,1.404990037701564,True,0.08804487506859004,88,0.3651387748211972,0.04854237069369769,,0.08804487506859004,0.0,0.0042739069632598,False,-0.0042739069632598,measured_local
hardness,placement,16,16,30008,qaoa,optimistic,8465,3.295063629506201,1.404990037701564,True,0.31242291594389826,123,0.3651387748211972,0.04854237069369769,0.00016508686629476053,1.57702,0.7858966408072815,0.07655228943137514,True,-2.8624489302386564,modeled_qpu
hardness,placement,16,16,30008,qaoa,nominal,8465,3.295063629506201,1.404990037701564,True,0.31242291594389826,123,0.3651387748211972,0.04854237069369769,0.00016508686629476053,9.8726,0.7858966408072815,0.47923940891059985,True,-3.2651360497178814,modeled_qpu
hardness,placement,16,16,30008,qaoa,stressed,8465,3.295063629506201,1.404990037701564,True,0.31242291594389826,123,0.3651387748211972,0.04854237069369769,0.00016508686629476053,44.9504,0.7858966408072815,2.181998979629989,True,-4.96789562043727,modeled_qpu
hardness,placement,16,16,30009,exact,local,4369,2.2228116419486907,2.2228116419486907,True,5.9709069319069386e-05,65536,0.43440643014383723,0.03841159647850887,,5.9709069319069386e-05,0.0,2.2935206767914076e-06,False,-2.2935206767914076e-06,measured_local
hardness,placement,16,16,30009,local_search,local,17425,3.9399752351094754,2.2228116419486907,True,0.0002126250183209777,2064,0.43440643014383723,0.03841159647850887,,0.0002126250183209777,0.5328153748763587,8.16726640498095e-06,False,-0.5328235421427636,measured_local
hardness,placement,16,16,30009,annealing,local,33860,4.389006017094111,2.2228116419486907,True,0.001044958014972508,960,0.43440643014383723,0.03841159647850887,,0.001044958014972508,0.6721442689823532,4.013850560810761e-05,False,-0.6721844074879614,measured_local
hardness,placement,16,16,30009,mean_field,local,4372,4.022478854180399,2.2228116419486907,True,0.09410041593946517,93,0.43440643014383723,0.03841159647850887,,0.09410041593946517,0.5584152634944342,0.00361454720552658,False,-0.5620298106999607,measured_local
hardness,placement,16,16,30009,qaoa,optimistic,8465,4.497537522342494,2.2228116419486907,True,0.3398302079876885,125,0.43440643014383723,0.03841159647850887,0.00042161087075326306,1.6025000000000003,0.7058203001334505,0.06155458335681047,True,-2.767374883490261,modeled_qpu
hardness,placement,16,16,30009,qaoa,nominal,8465,4.497537522342494,2.2228116419486907,True,0.3398302079876885,125,0.43440643014383723,0.03841159647850887,0.00042161087075326306,10.025,0.7058203001334505,0.3850762546970514,True,-3.090896554830502,modeled_qpu
hardness,placement,16,16,30009,qaoa,stressed,8465,4.497537522342494,2.2228116419486907,True,0.3398302079876885,125,0.43440643014383723,0.03841159647850887,0.00042161087075326306,45.6,0.7058203001334505,1.7515687994200047,True,-4.457389099553455,modeled_qpu
hardness,routing,14,14,30000,exact,local,258,3.630188751209454,3.630188751209454,True,2.3541972041130066e-05,16384,0.448434351151216,0.073251089641404,,2.3541972041130066e-05,0.0,1.7244751043202452e-06,False,-1.7244751043202452e-06,measured_local
hardness,routing,14,14,30000,local_search,local,258,3.630188751209454,3.630188751209454,True,0.00023337500169873238,2030,0.448434351151216,0.073251089641404,,0.00023337500169873238,0.0,1.7094973169496657e-05,False,-1.7094973169496657e-05,measured_local
hardness,routing,14,14,30000,annealing,local,2050,3.847794556431399,3.630188751209454,True,0.0010507910046726465,960,0.448434351151216,0.073251089641404,,0.0010507910046726465,0.04699717806646738,7.6971586077657e-05,False,-0.047074149652545035,measured_local
hardness,routing,14,14,30000,mean_field,local,258,3.630188751209454,3.630188751209454,True,0.038510208018124104,140,0.448434351151216,0.073251089641404,,0.038510208018124104,0.0,0.002820914699644724,False,-0.002820914699644724,measured_local
hardness,routing,14,14,30000,qaoa,optimistic,258,3.630188751209454,3.630188751209454,True,0.08982816606294364,126,0.448434351151216,0.073251089641404,0.01077481979095676,1.6152400000000002,0.0,0.11831809003238142,True,-2.1183180900323815,modeled_qpu
hardness,routing,14,14,30000,qaoa,nominal,258,3.630188751209454,3.630188751209454,True,0.08982816606294364,126,0.448434351151216,0.073251089641404,0.01077481979095676,10.1012,0.0,0.7399239066857501,True,-2.73992390668575,modeled_qpu
hardness,routing,14,14,30000,qaoa,stressed,258,3.630188751209454,3.630188751209454,True,0.08982816606294364,126,0.448434351151216,0.073251089641404,0.01077481979095676,45.924800000000005,0.0,3.364041641563551,True,-5.364041641563551,modeled_qpu
hardness,routing,14,14,30001,exact,local,130,5.314713712547138,5.314713712547138,True,2.1792016923427582e-05,16384,0.8907943907469734,0.12786939267404887,,2.1792016923427582e-05,0.0,2.7865319691412797e-06,False,-2.7865319691412797e-06,measured_local
hardness,routing,14,14,30001,local_search,local,130,5.314713712547138,5.314713712547138,True,0.00024404202122241259,1848,0.8907943907469734,0.12786939267404887,,0.00024404202122241259,0.0,3.120550504065724e-05,False,-3.120550504065724e-05,measured_local
hardness,routing,14,14,30001,annealing,local,513,6.254399069773368,5.314713712547138,True,0.001112000085413456,960,0.8907943907469734,0.12786939267404887,,0.001112000085413456,0.1488088613358836,0.00014219077557530907,False,-0.14895105211145893,measured_local
hardness,routing,14,14,30001,mean_field,local,130,5.314713712547138,5.314713712547138,True,0.034772457904182374,127,0.8907943907469734,0.12786939267404887,,0.034772457904182374,0.0,0.0044463330739917305,False,-0.0044463330739917305,measured_local
hardness,routing,14,14,30001,qaoa,optimistic,130,5.314713712547138,5.314713712547138,True,0.0944885000353679,126,0.8907943907469734,0.12786939267404887,0.004426457617260722,1.6152400000000002,0.0,0.20653975782283074,True,-2.2065397578228305,modeled_qpu
hardness,routing,14,14,30001,qaoa,nominal,130,5.314713712547138,5.314713712547138,True,0.0944885000353679,126,0.8907943907469734,0.12786939267404887,0.004426457617260722,10.1012,0.0,1.2916343092791025,True,-3.2916343092791025,modeled_qpu
hardness,routing,14,14,30001,qaoa,stressed,130,5.314713712547138,5.314713712547138,True,0.0944885000353679,126,0.8907943907469734,0.12786939267404887,0.004426457617260722,45.924800000000005,0.0,5.87237628467716,True,-7.87237628467716,modeled_qpu
hardness,routing,14,14,30002,exact,local,136,3.7986054777929743,3.7986054777929743,True,2.362497616559267e-05,16384,0.7689946500463907,0.1276068553460836,,2.362497616559267e-05,0.0,3.0147089161174566e-06,False,-3.0147089161174566e-06,measured_local
hardness,routing,14,14,30002,local_search,local,136,3.7986054777929743,3.7986054777929743,True,0.00022412498947232962,1932,0.7689946500463907,0.1276068553460836,,0.00022412498947232962,0.0,2.8599885111038074e-05,False,-2.8599885111038074e-05,measured_local
hardness,routing,14,14,30002,annealing,local,136,3.7986054777929743,3.7986054777929743,True,0.001026166952215135,960,0.7689946500463907,0.1276068553460836,,0.001026166952215135,0.0,0.00013094593783224824,False,-0.00013094593783224824,measured_local
hardness,routing,14,14,30002,mean_field,local,1032,3.8685922418840164,3.7986054777929743,True,0.03465137502644211,127,0.7689946500463907,0.1276068553460836,,0.03465137502644211,0.014584813111835807,0.004421753000542092,False,-0.019006566112377898,measured_local
hardness,routing,14,14,30002,qaoa,optimistic,136,3.7986054777929743,3.7986054777929743,True,0.08585349994245917,125,0.7689946500463907,0.1276068553460836,0.004726754383734542,1.6025000000000003,0.0,0.204489985692099,True,-2.204489985692099,modeled_qpu
hardness,routing,14,14,30002,qaoa,nominal,136,3.7986054777929743,3.7986054777929743,True,0.08585349994245917,125,0.7689946500463907,0.1276068553460836,0.004726754383734542,10.025,0.0,1.2792587248444882,True,-3.279258724844488,modeled_qpu
hardness,routing,14,14,30002,qaoa,stressed,136,3.7986054777929743,3.7986054777929743,True,0.08585349994245917,125,0.7689946500463907,0.1276068553460836,0.004726754383734542,45.6,0.0,5.818872603781412,True,-7.818872603781412,modeled_qpu
hardness,routing,14,14,30003,exact,local,4112,2.904363873413099,2.904363873413099,True,2.8665992431342602e-05,16384,0.26606782648011684,0.03416697662652685,,2.8665992431342602e-05,0.0,9.794302933778783e-07,False,-9.794302933778783e-07,measured_local
hardness,routing,14,14,30003,local_search,local,4112,2.904363873413099,2.904363873413099,True,0.00029087497387081385,1876,0.26606782648011684,0.03416697662652685,,0.00029087497387081385,0.0,9.938318433485706e-06,False,-9.938318433485706e-06,measured_local
hardness,routing,14,14,30003,annealing,local,4100,3.2236542691205807,2.904363873413099,True,0.0014742499915882945,960,0.26606782648011684,0.03416697662652685,,0.0014742499915882945,0.08177782759483575,5.0370665004254666e-05,False,-0.08182819825984,measured_local
hardness,routing,14,14,30003,mean_field,local,8208,2.986607086640525,2.904363873413099,True,0.032424625009298325,114,0.26606782648011684,0.03416697662652685,,0.032424625009298325,0.02106443351437196,0.0011078514048165938,False,-0.022172284919188552,measured_local
hardness,routing,14,14,30003,qaoa,optimistic,4112,2.904363873413099,2.904363873413099,True,0.08535895799286664,123,0.26606782648011684,0.03416697662652685,0.0040059934339236975,1.57702,0.0,0.05388200547956538,True,-2.0538820054795655,modeled_qpu
hardness,routing,14,14,30003,qaoa,nominal,4112,2.904363873413099,2.904363873413099,True,0.08535895799286664,123,0.26606782648011684,0.03416697662652685,0.0040059934339236975,9.8726,0.0,0.337316893443049,True,-2.337316893443049,modeled_qpu
hardness,routing,14,14,30003,qaoa,stressed,4112,2.904363873413099,2.904363873413099,True,0.08535895799286664,123,0.26606782648011684,0.03416697662652685,0.0040059934339236975,44.9504,0.0,1.5358192661530328,True,-3.535819266153033,modeled_qpu
hardness,routing,14,14,30004,exact,local,8194,3.1238045909410936,3.1238045909410936,True,2.537504769861698e-05,16384,0.6376990983790792,0.08937417385296365,,2.537504769861698e-05,0.0,2.267873924543439e-06,False,-2.267873924543439e-06,measured_local
hardness,routing,14,14,30004,local_search,local,8194,3.1238045909410936,3.1238045909410936,True,0.000264667090959847,1918,0.6376990983790792,0.08937417385296365,,0.000264667090959847,0.0,2.3654402600603508e-05,False,-2.3654402600603508e-05,measured_local
hardness,routing,14,14,30004,annealing,local,8194,3.1238045909410936,3.1238045909410936,True,0.0031228329753503203,960,0.6376990983790792,0.08937417385296365,,0.0031228329753503203,0.0,0.00027910061725272724,False,-0.00027910061725272724,measured_local
hardness,routing,14,14,30004,mean_field,local,8194,3.1238045909410936,3.1238045909410936,True,0.02393791696522385,88,0.6376990983790792,0.08937417385296365,,0.02393791696522385,0.0,0.0021394315525277243,False,-0.0021394315525277243,measured_local
hardness,routing,14,14,30004,qaoa,optimistic,8194,3.1238045909410936,3.1238045909410936,True,0.08095916593447328,122,0.6376990983790792,0.08937417385296365,0.006982844872875161,1.5642800000000001,0.0,0.13980623267471398,True,-2.139806232674714,modeled_qpu
hardness,routing,14,14,30004,qaoa,nominal,8194,3.1238045909410936,3.1238045909410936,True,0.08095916593447328,122,0.6376990983790792,0.08937417385296365,0.006982844872875161,9.7964,0.0,0.8755451567331731,True,-2.875545156733173,modeled_qpu
hardness,routing,14,14,30004,qaoa,stressed,8194,3.1238045909410936,3.1238045909410936,True,0.08095916593447328,122,0.6376990983790792,0.08937417385296365,0.006982844872875161,44.625600000000006,0.0,3.988376132692815,True,-5.9883761326928155,modeled_qpu
hardness,routing,14,14,30005,exact,local,4104,3.0934972451016884,3.0934972451016884,True,1.8749968148767948e-05,16384,0.6293150884133757,0.08128310099152752,,1.8749968148767948e-05,0.0,1.5240555546242295e-06,False,-1.5240555546242295e-06,measured_local
hardness,routing,14,14,30005,local_search,local,4104,3.0934972451016884,3.0934972451016884,True,0.00022958300542086363,2128,0.6293150884133757,0.08128310099152752,,0.00022958300542086363,0.0,1.8661218615562468e-05,False,-1.8661218615562468e-05,measured_local
hardness,routing,14,14,30005,annealing,local,4098,3.789674398817347,3.0934972451016884,True,0.0010577080538496375,960,0.6293150884133757,0.08128310099152752,,0.0010577080538496375,0.17006904170967982,8.597379056061212e-05,False,-0.17015501550024043,measured_local
hardness,routing,14,14,30005,mean_field,local,2056,4.016527191204192,3.0934972451016884,True,0.027828000020235777,105,0.6293150884133757,0.08128310099152752,,0.027828000020235777,0.2254868858668486,0.002261946136037055,False,-0.22774883200288565,measured_local
hardness,routing,14,14,30005,qaoa,optimistic,4104,3.0934972451016884,3.0934972451016884,True,0.08243058295920491,125,0.6293150884133757,0.08128310099152752,0.004754529631984372,1.6025000000000003,0.0,0.13025616933892287,True,-2.130256169338923,modeled_qpu
hardness,routing,14,14,30005,qaoa,nominal,4104,3.0934972451016884,3.0934972451016884,True,0.08243058295920491,125,0.6293150884133757,0.08128310099152752,0.004754529631984372,10.025,0.0,0.8148630874400634,True,-2.8148630874400635,modeled_qpu
hardness,routing,14,14,30005,qaoa,stressed,4104,3.0934972451016884,3.0934972451016884,True,0.08243058295920491,125,0.6293150884133757,0.08128310099152752,0.004754529631984372,45.6,0.0,3.706509405213655,True,-5.706509405213655,modeled_qpu
hardness,routing,14,14,30006,exact,local,2049,2.5908152365117223,2.5908152365117223,True,2.0709005184471607e-05,16384,0.5726491642682142,0.09737310769074933,,2.0709005184471607e-05,0.0,2.01650019199584e-06,False,-2.01650019199584e-06,measured_local
hardness,routing,14,14,30006,local_search,local,2049,2.5908152365117223,2.5908152365117223,True,0.00024149997625499964,2212,0.5726491642682142,0.09737310769074933,,0.00024149997625499964,0.0,2.3515603195191486e-05,False,-2.3515603195191486e-05,measured_local
hardness,routing,14,14,30006,annealing,local,4098,4.115571152216415,2.5908152365117223,True,0.001131917000748217,960,0.5726491642682142,0.09737310769074933,,0.001131917000748217,0.42462666978819774,0.00011021827601084614,False,-0.42473688806420856,measured_local
hardness,routing,14,14,30006,mean_field,local,2049,2.5908152365117223,2.5908152365117223,True,0.027642874978482723,104,0.5726491642682142,0.09737310769074933,,0.027642874978482723,0.0,0.0026916726421617183,False,-0.0026916726421617183,measured_local
hardness,routing,14,14,30006,qaoa,optimistic,2049,2.5908152365117223,2.5908152365117223,True,0.07783070800360292,121,0.5726491642682142,0.09737310769074933,0.00960175799477451,1.5515400000000001,0.0,0.15107827150650524,True,-2.1510782715065053,modeled_qpu
hardness,routing,14,14,30006,qaoa,nominal,2049,2.5908152365117223,2.5908152365117223,True,0.07783070800360292,121,0.5726491642682142,0.09737310769074933,0.00960175799477451,9.7202,0.0,0.9464860813756217,True,-2.946486081375622,modeled_qpu
hardness,routing,14,14,30006,qaoa,stressed,2049,2.5908152365117223,2.5908152365117223,True,0.07783070800360292,121,0.5726491642682142,0.09737310769074933,0.00960175799477451,44.3008,0.0,4.3137065691863485,True,-6.3137065691863485,modeled_qpu
hardness,routing,14,14,30007,exact,local,144,4.249826755190509,4.249826755190509,True,2.091703936457634e-05,16384,0.28804953604872424,0.10124565293703927,,2.091703936457634e-05,0.0,2.1177593079762844e-06,False,-2.1177593079762844e-06,measured_local
hardness,routing,14,14,30007,local_search,local,144,4.249826755190509,4.249826755190509,True,0.00024075002875179052,2184,0.28804953604872424,0.10124565293703927,,0.00024075002875179052,0.0,2.437489385558601e-05,False,-2.437489385558601e-05,measured_local
hardness,routing,14,14,30007,annealing,local,130,4.376808956798104,4.249826755190509,True,0.0010237080277875066,960,0.28804953604872424,0.10124565293703927,,0.0010237080277875066,0.024187884196759067,0.00010364598769023484,False,-0.0242915301844493,measured_local
hardness,routing,14,14,30007,mean_field,local,192,5.464667782860991,4.249826755190509,True,0.024032916990108788,90,0.28804953604872424,0.10124565293703927,,0.024032916990108788,0.23140592715166594,0.002433228372645229,False,-0.23383915552431117,measured_local
hardness,routing,14,14,30007,qaoa,optimistic,144,4.249826755190509,4.249826755190509,True,0.07843554089777172,120,0.28804953604872424,0.10124565293703927,0.011340177785524685,1.5388000000000002,0.0,0.15579681073951604,True,-2.155796810739516,modeled_qpu
hardness,routing,14,14,30007,qaoa,nominal,144,4.249826755190509,4.249826755190509,True,0.07843554089777172,120,0.28804953604872424,0.10124565293703927,0.011340177785524685,9.644,0.0,0.9764130769248067,True,-2.976413076924807,modeled_qpu
hardness,routing,14,14,30007,qaoa,stressed,144,4.249826755190509,4.249826755190509,True,0.07843554089777172,120,0.28804953604872424,0.10124565293703927,0.011340177785524685,43.976000000000006,0.0,4.45237883355924,True,-6.45237883355924,modeled_qpu
hardness,routing,14,14,30008,exact,local,260,3.497913563157322,3.497913563157322,True,2.0875013433396816e-05,16384,0.2500558306522239,0.06371528833570153,,2.0875013433396816e-05,0.0,1.330057499920521e-06,False,-1.330057499920521e-06,measured_local
hardness,routing,14,14,30008,local_search,local,260,3.497913563157322,3.497913563157322,True,0.00023737503215670586,2240,0.2500558306522239,0.06371528833570153,,0.00023737503215670586,0.0,1.5124418617560937e-05,False,-1.5124418617560937e-05,measured_local
hardness,routing,14,14,30008,annealing,local,257,4.5510128089609125,3.497913563157322,True,0.001036292058415711,960,0.2500558306522239,0.06371528833570153,,0.001036292058415711,0.23413060989646156,6.602764730195468e-05,False,-0.23419663754376352,measured_local
hardness,routing,14,14,30008,mean_field,local,260,3.497913563157322,3.497913563157322,True,0.03205254196655005,121,0.2500558306522239,0.06371528833570153,,0.03205254196655005,0.0,0.0020422369532909104,False,-0.0020422369532909104,measured_local
hardness,routing,14,14,30008,qaoa,optimistic,260,3.497913563157322,3.497913563157322,True,0.08187191595789045,123,0.2500558306522239,0.06371528833570153,0.004849772670361173,1.57702,0.0,0.10048028401116803,True,-2.100480284011168,modeled_qpu
hardness,routing,14,14,30008,qaoa,nominal,260,3.497913563157322,3.497913563157322,True,0.08187191595789045,123,0.2500558306522239,0.06371528833570153,0.004849772670361173,9.8726,0.0,0.6290355556230469,True,-2.629035555623047,modeled_qpu
hardness,routing,14,14,30008,qaoa,stressed,260,3.497913563157322,3.497913563157322,True,0.08187191595789045,123,0.2500558306522239,0.06371528833570153,0.004849772670361173,44.9504,0.0,2.864027696805118,True,-4.864027696805119,modeled_qpu
hardness,routing,14,14,30009,exact,local,4097,3.4269389438110025,3.4269389438110025,True,1.983309630304575e-05,16384,0.7940808600128395,0.11883017388196433,,1.983309630304575e-05,0.0,2.3567702823086703e-06,False,-2.3567702823086703e-06,measured_local
hardness,routing,14,14,30009,local_search,local,4097,3.4269389438110025,3.4269389438110025,True,0.0002446250291541219,2212,0.7940808600128395,0.11883017388196433,,0.0002446250291541219,0.0,2.9068834750264896e-05,False,-2.9068834750264896e-05,measured_local
hardness,routing,14,14,30009,annealing,local,8193,4.524211060697308,3.4269389438110025,True,0.0010468339314684272,960,0.7940808600128395,0.11883017388196433,,0.0010468339314684272,0.24786249162535337,0.00012439545810193355,False,-0.24798688708345532,measured_local
hardness,routing,14,14,30009,mean_field,local,4097,3.4269389438110025,3.4269389438110025,True,0.02534116606693715,95,0.7940808600128395,0.11883017388196433,,0.02534116606693715,0.0,0.0030112951701058753,False,-0.0030112951701058753,measured_local
hardness,routing,14,14,30009,qaoa,optimistic,4097,3.4269389438110025,3.4269389438110025,True,0.08392379200085998,127,0.7940808600128395,0.11883017388196433,0.014884307468023038,1.6279800000000002,0.0,0.1934531464763603,True,-2.1934531464763602,modeled_qpu
hardness,routing,14,14,30009,qaoa,nominal,4097,3.4269389438110025,3.4269389438110025,True,0.08392379200085998,127,0.7940808600128395,0.11883017388196433,0.014884307468023038,10.1774,0.0,1.2093822116663038,True,-3.2093822116663038,modeled_qpu
hardness,routing,14,14,30009,qaoa,stressed,4097,3.4269389438110025,3.4269389438110025,True,0.08392379200085998,127,0.7940808600128395,0.11883017388196433,0.014884307468023038,46.2496,0.0,5.495848009971298,True,-7.495848009971298,modeled_qpu
hardness,routing,16,16,30000,exact,local,4674,13.074467207895033,13.074467207895033,True,5.8125006034970284e-05,65536,0.19836576612230022,0.03432013119759418,,5.8125006034970284e-05,0.0,1.9948578329811336e-06,False,-1.9948578329811336e-06,measured_local
hardness,routing,16,16,30000,local_search,local,4674,13.074467207895033,13.074467207895033,True,0.00023129198234528303,2336,0.19836576612230022,0.03432013119759418,,0.00023129198234528303,0.0,7.93797117904175e-06,False,-7.93797117904175e-06,measured_local
hardness,routing,16,16,30000,annealing,local,4674,13.074467207895033,13.074467207895033,True,0.0011957500828430057,960,0.19836576612230022,0.03432013119759418,,0.0011957500828430057,0.0,4.103829972270606e-05,False,-4.103829972270606e-05,measured_local
hardness,routing,16,16,30000,mean_field,local,530,27.691265690760638,13.074467207895033,False,0.09906758298166096,100,0.19836576612230022,0.03432013119759418,,0.09906758298166096,1.038532987924854,0.0034000124453591528,False,-6.041933000370213,measured_local
hardness,routing,16,16,30000,qaoa,optimistic,4674,13.074467207895033,13.074467207895033,True,0.32034487498458475,126,0.19836576612230022,0.03432013119759418,0.0004415935433551966,1.6152400000000002,0.0,0.055435248715602035,True,-2.055435248715602,modeled_qpu
hardness,routing,16,16,30000,qaoa,nominal,4674,13.074467207895033,13.074467207895033,True,0.32034487498458475,126,0.19836576612230022,0.03432013119759418,0.0004415935433551966,10.1012,0.0,0.34667450925313836,True,-2.3466745092531385,modeled_qpu
hardness,routing,16,16,30000,qaoa,stressed,4674,13.074467207895033,13.074467207895033,True,0.32034487498458475,126,0.19836576612230022,0.03432013119759418,0.0004415935433551966,45.924800000000005,0.0,1.5761451612232733,True,-3.5761451612232733,modeled_qpu
hardness,routing,16,16,30001,exact,local,33153,10.523761271781861,10.523761271781861,True,6.308301817625761e-05,65536,0.40000096443571015,0.05841436799392722,,6.308301817625761e-05,0.0,3.6849546379155117e-06,False,-3.6849546379155117e-06,measured_local
hardness,routing,16,16,30001,local_search,local,33153,10.523761271781861,10.523761271781861,True,0.000208082958124578,2016,0.40000096443571015,0.05841436799392722,,0.000208082958124578,0.0,1.2155034489154047e-05,False,-1.2155034489154047e-05,measured_local
hardness,routing,16,16,30001,annealing,local,33042,11.994152013347913,10.523761271781861,False,0.0012498329160735011,960,0.40000096443571015,0.05841436799392722,,0.0012498329160735011,0.12759642506362787,7.300819989044064e-05,False,-5.1276694332635175,measured_local
hardness,routing,16,16,30001,mean_field,local,33153,10.523761271781861,10.523761271781861,True,0.1303102079546079,130,0.40000096443571015,0.05841436799392722,,0.1303102079546079,0.0,0.007611988440825648,False,-0.007611988440825648,measured_local
hardness,routing,16,16,30001,qaoa,optimistic,33153,10.523761271781861,10.523761271781861,True,0.31944854196626693,124,0.40000096443571015,0.05841436799392722,0.0007490579495445291,1.5897600000000003,0.0,0.09286482566202575,True,-2.092864825662026,modeled_qpu
hardness,routing,16,16,30001,qaoa,nominal,33153,10.523761271781861,10.523761271781861,True,0.31944854196626693,124,0.40000096443571015,0.05841436799392722,0.0007490579495445291,9.9488,0.0,0.5811528642979832,True,-2.5811528642979833,modeled_qpu
hardness,routing,16,16,30001,qaoa,stressed,33153,10.523761271781861,10.523761271781861,True,0.31944854196626693,124,0.40000096443571015,0.05841436799392722,0.0007490579495445291,45.275200000000005,0.0,2.644722193798654,True,-4.644722193798653,modeled_qpu
hardness,routing,16,16,30002,exact,local,5144,10.219206574816786,10.219206574816786,True,6.187497638165951e-05,65536,0.9948323194781624,0.04535744071033056,,6.187497638165951e-05,0.0,2.8064905726842246e-06,False,-2.8064905726842246e-06,measured_local
hardness,routing,16,16,30002,local_search,local,5140,11.780958533534275,10.219206574816786,True,0.00026587501633912325,2432,0.9948323194781624,0.04535744071033056,,0.00026587501633912325,0.139203423014162,1.2059410289959951e-05,False,-0.13921548242445195,measured_local
hardness,routing,16,16,30002,annealing,local,1048,27.55680548967444,10.219206574816786,False,0.0011155829997733235,960,0.9948323194781624,0.04535744071033056,,0.0011155829997733235,1.5453498248061968,5.059998976967123e-05,False,-6.545400424795966,measured_local
hardness,routing,16,16,30002,mean_field,local,4376,10.48052603527887,10.219206574816786,True,0.10134862503036857,101,0.9948323194781624,0.04535744071033056,,0.10134862503036857,0.023292151607998378,0.004596914250888466,False,-0.027889065858886845,measured_local
hardness,routing,16,16,30002,qaoa,optimistic,4376,10.48052603527887,10.219206574816786,True,0.31887362501583993,124,0.9948323194781624,0.04535744071033056,0.0005297279493944598,1.5897600000000003,0.023292151607998378,0.07210744494365512,True,-2.0953995965516534,modeled_qpu
hardness,routing,16,16,30002,qaoa,nominal,4376,10.48052603527887,10.219206574816786,True,0.31887362501583993,124,0.9948323194781624,0.04535744071033056,0.0005297279493944598,9.9488,0.023292151607998378,0.4512521061389367,True,-2.474544257746935,modeled_qpu
hardness,routing,16,16,30002,qaoa,stressed,4376,10.48052603527887,10.219206574816786,True,0.31887362501583993,124,0.9948323194781624,0.04535744071033056,0.0005297279493944598,45.275200000000005,0.023292151607998378,2.0535671996483584,True,-4.076859351256356,modeled_qpu
hardness,routing,16,16,30003,exact,local,4738,6.869843091123982,6.869843091123982,True,6.36660261079669e-05,65536,0.47431732893720757,0.06711652106652267,,6.36660261079669e-05,0.0,4.2730421824971435e-06,False,-4.2730421824971435e-06,measured_local
hardness,routing,16,16,30003,local_search,local,4738,6.869843091123982,6.869843091123982,True,0.0002271659905090928,2160,0.47431732893720757,0.06711652106652267,,0.0002271659905090928,0.0,1.5246590987601018e-05,False,-1.5246590987601018e-05,measured_local
hardness,routing,16,16,30003,annealing,local,8770,6.931754366836408,6.869843091123982,True,0.0010270000202581286,960,0.47431732893720757,0.06711652106652267,,0.0010270000202581286,0.007866900902033644,6.892866849497391e-05,False,-0.007935829570528618,measured_local
hardness,routing,16,16,30003,mean_field,local,8770,6.931754366836408,6.869843091123982,True,0.09450479201041162,95,0.47431732893720757,0.06711652106652267,,0.09450479201041162,0.007866900902033644,0.006342832863854135,False,-0.014209733765887779,measured_local
hardness,routing,16,16,30003,qaoa,optimistic,8770,6.931754366836408,6.869843091123982,True,0.32248008402530104,125,0.47431732893720757,0.06711652106652267,0.0006410291158360814,1.6025000000000003,0.007866900902033644,0.1075542250091026,True,-2.115421125911136,modeled_qpu
hardness,routing,16,16,30003,qaoa,nominal,8770,6.931754366836408,6.869843091123982,True,0.32248008402530104,125,0.47431732893720757,0.06711652106652267,0.0006410291158360814,10.025,0.007866900902033644,0.6728431236918898,True,-2.6807100245939237,modeled_qpu
hardness,routing,16,16,30003,qaoa,stressed,8770,6.931754366836408,6.869843091123982,True,0.32248008402530104,125,0.47431732893720757,0.06711652106652267,0.0006410291158360814,45.6,0.007866900902033644,3.060513360633434,True,-5.068380261535468,modeled_qpu
hardness,routing,16,16,30004,exact,local,8472,7.01488328296955,7.01488328296955,True,5.6875054724514484e-05,65536,0.5206282770593579,0.1177827445512981,,5.6875054724514484e-05,0.0,6.69890004195859e-06,False,-6.69890004195859e-06,measured_local
hardness,routing,16,16,30004,local_search,local,8472,7.01488328296955,7.01488328296955,True,0.00023454090114682913,2208,0.5206282770593579,0.1177827445512981,,0.00023454090114682913,0.0,2.7624871046608233e-05,False,-2.7624871046608233e-05,measured_local
hardness,routing,16,16,30004,annealing,local,8744,10.495224696629965,7.01488328296955,True,0.0010775839909911156,960,0.5206282770593579,0.1177827445512981,,0.0010775839909911156,0.43423482174165023,0.0001269207999434749,False,-0.4343617425415937,measured_local
hardness,routing,16,16,30004,mean_field,local,8466,7.582867683277016,7.01488328296955,True,0.09665037493687123,97,0.5206282770593579,0.1177827445512981,,0.09665037493687123,0.07086620980674153,0.011383746421976688,False,-0.08224995622871822,measured_local
hardness,routing,16,16,30004,qaoa,optimistic,8466,7.582867683277016,7.01488328296955,True,0.3189980420283973,125,0.5206282770593579,0.1177827445512981,0.0006260752799107773,1.6025000000000003,0.07086620980674153,0.18874684814345524,True,-2.259613057950197,modeled_qpu
hardness,routing,16,16,30004,qaoa,nominal,8466,7.582867683277016,7.01488328296955,True,0.3189980420283973,125,0.5206282770593579,0.1177827445512981,0.0006260752799107773,10.025,0.07086620980674153,1.1807720141267635,True,-3.2516382239335053,modeled_qpu
hardness,routing,16,16,30004,qaoa,stressed,8466,7.582867683277016,7.01488328296955,True,0.3189980420283973,125,0.5206282770593579,0.1177827445512981,0.0006260752799107773,45.6,0.07086620980674153,5.370893151539193,True,-7.441759361345935,modeled_qpu
hardness,routing,16,16,30005,exact,local,4648,9.260921298404709,9.260921298404709,True,7.479195483028889e-05,65536,0.6177793870478463,0.07204699469672347,,7.479195483028889e-05,0.0,5.388535573015405e-06,False,-5.388535573015405e-06,measured_local
hardness,routing,16,16,30005,local_search,local,34952,10.158959659228135,9.260921298404709,True,0.00033483305014669895,2352,0.6177793870478463,0.07204699469672347,,0.00033483305014669895,0.08752024644834243,2.4123714988206965e-05,False,-0.08754437016333064,measured_local
hardness,routing,16,16,30005,annealing,local,33313,19.93498704886311,9.260921298404709,False,0.001168999937362969,960,0.6177793870478463,0.07204699469672347,,0.001168999937362969,1.040263874952235,8.42229322876599e-05,False,-6.0403480978845225,measured_local
hardness,routing,16,16,30005,mean_field,local,6184,14.672638197886224,9.260921298404709,False,0.10171633295249194,100,0.6177793870478463,0.07204699469672347,,0.10171633295249194,0.527410428566769,0.007328356100798346,False,-5.534738784667567,measured_local
hardness,routing,16,16,30005,qaoa,optimistic,4648,9.260921298404709,9.260921298404709,True,0.3244929170468822,125,0.6177793870478463,0.07204699469672347,0.0009194493544297568,1.6025000000000003,0.0,0.11545530900149939,True,-2.1154553090014994,modeled_qpu
hardness,routing,16,16,30005,qaoa,nominal,4648,9.260921298404709,9.260921298404709,True,0.3244929170468822,125,0.6177793870478463,0.07204699469672347,0.0009194493544297568,10.025,0.0,0.7222711218346528,True,-2.7222711218346527,modeled_qpu
hardness,routing,16,16,30005,qaoa,stressed,4648,9.260921298404709,9.260921298404709,True,0.3244929170468822,125,0.6177793870478463,0.07204699469672347,0.0009194493544297568,45.6,0.0,3.2853429581705904,True,-5.28534295817059,modeled_qpu
hardness,routing,16,16,30006,exact,local,18465,7.155251879882399,7.155251879882399,True,6.224995013326406e-05,65536,0.2791220913655051,0.13927949240779544,,6.224995013326406e-05,0.0,8.670141456971597e-06,False,-8.670141456971597e-06,measured_local
hardness,routing,16,16,30006,local_search,local,18465,7.155251879882399,7.155251879882399,True,0.00026829203125089407,2720,0.2791220913655051,0.13927949240779544,,0.00026829203125089407,0.0,3.7367577929680915e-05,False,-3.7367577929680915e-05,measured_local
hardness,routing,16,16,30006,annealing,local,10276,14.498017417018705,7.155251879882399,False,0.0010586250573396683,960,0.2791220913655051,0.13927949240779544,,0.0010586250573396683,0.9003726243268638,0.00014744476063644233,False,-5.9005200690875,measured_local
hardness,routing,16,16,30006,mean_field,local,18465,7.155251879882399,7.155251879882399,True,0.10831154196057469,108,0.2791220913655051,0.13927949240779544,,0.10831154196057469,0.0,0.015085576586174479,False,-0.015085576586174479,measured_local
hardness,routing,16,16,30006,qaoa,optimistic,18466,7.2415640493262226,7.155251879882399,True,0.32765512506011873,127,0.2791220913655051,0.13927949240779544,0.0007319897928722672,1.6279800000000002,0.010583630121436352,0.22674422805004285,True,-2.2373278581714793,modeled_qpu
hardness,routing,16,16,30006,qaoa,nominal,18466,7.2415640493262226,7.155251879882399,True,0.32765512506011873,127,0.2791220913655051,0.13927949240779544,0.0007319897928722672,10.1774,0.010583630121436352,1.4175031060310974,True,-3.428086736152534,modeled_qpu
hardness,routing,16,16,30006,qaoa,stressed,18466,7.2415640493262226,7.155251879882399,True,0.32765512506011873,127,0.2791220913655051,0.13927949240779544,0.0007319897928722672,46.2496,0.010583630121436352,6.441620812063576,True,-8.452204442185012,modeled_qpu
hardness,routing,16,16,30007,exact,local,18562,8.94584028237074,8.94584028237074,True,6.037508137524128e-05,65536,0.9703351702685676,0.05120873321354622,,6.037508137524128e-05,0.0,3.091731434890874e-06,False,-3.091731434890874e-06,measured_local
hardness,routing,16,16,30007,local_search,local,18562,8.94584028237074,8.94584028237074,True,0.00023316696751862764,2320,0.9703351702685676,0.05120873321354622,,0.00023316696751862764,0.0,1.1940185033873e-05,False,-1.1940185033873e-05,measured_local
hardness,routing,16,16,30007,annealing,local,18568,20.554448725774698,8.94584028237074,False,0.0011498749954625964,960,0.9703351702685676,0.05120873321354622,,0.0011498749954625964,1.1671822705599362,5.8883641871571775e-05,False,-6.1672411542018075,measured_local
hardness,routing,16,16,30007,mean_field,local,18498,9.492454295880766,8.94584028237074,True,0.1341190420789644,136,0.9703351702685676,0.05120873321354622,,0.1341190420789644,0.054959058057559254,0.0068680662446780685,False,-0.06182712430223732,measured_local
hardness,routing,16,16,30007,qaoa,optimistic,33922,12.571027949610098,8.94584028237074,False,0.32875300000887364,127,0.9703351702685676,0.05120873321354622,0.0005511569045849711,1.6279800000000002,0.36449284970573037,0.08336679349698899,True,-7.447859643202719,modeled_qpu
hardness,routing,16,16,30007,qaoa,nominal,33922,12.571027949610098,8.94584028237074,False,0.32875300000887364,127,0.9703351702685676,0.05120873321354622,0.0005511569045849711,10.1774,0.36449284970573037,0.5211717614075453,True,-7.885664611113276,modeled_qpu
hardness,routing,16,16,30007,qaoa,stressed,33922,12.571027949610098,8.94584028237074,False,0.32875300000887364,127,0.9703351702685676,0.05120873321354622,0.0005511569045849711,46.2496,0.36449284970573037,2.368383427633227,True,-9.732876277338956,modeled_qpu
hardness,routing,16,16,30008,exact,local,6212,7.591599092208391,7.591599092208391,True,6.079196464270353e-05,65536,0.7186884042185767,0.039956696085325615,,6.079196464270353e-05,0.0,2.4290460556583655e-06,False,-2.4290460556583655e-06,measured_local
hardness,routing,16,16,30008,local_search,local,6212,7.591599092208391,7.591599092208391,True,0.00022254209034144878,2160,0.7186884042185767,0.039956696085325615,,0.00022254209034144878,0.0,8.892046669966346e-06,False,-8.892046669966346e-06,measured_local
hardness,routing,16,16,30008,annealing,local,6212,7.591599092208391,7.591599092208391,True,0.0010885420488193631,960,0.7186884042185767,0.039956696085325615,,0.0010885420488193631,0.0,4.349454382077297e-05,False,-4.349454382077297e-05,measured_local
hardness,routing,16,16,30008,mean_field,local,6212,7.591599092208391,7.591599092208391,True,0.09487987507600337,95,0.7186884042185767,0.039956696085325615,,0.09487987507600337,0.0,0.0037910863330255272,False,-0.0037910863330255272,measured_local
hardness,routing,16,16,30008,qaoa,optimistic,6212,7.591599092208391,7.591599092208391,True,0.32060570805333555,124,0.7186884042185767,0.039956696085325615,0.0004705556714325182,1.5897600000000003,0.0,0.06352155716860726,True,-2.0635215571686074,modeled_qpu
hardness,routing,16,16,30008,qaoa,nominal,6212,7.591599092208391,7.591599092208391,True,0.32060570805333555,124,0.7186884042185767,0.039956696085325615,0.0004705556714325182,9.9488,0.0,0.39752117801368747,True,-2.3975211780136876,modeled_qpu
hardness,routing,16,16,30008,qaoa,stressed,6212,7.591599092208391,7.591599092208391,True,0.32060570805333555,124,0.7186884042185767,0.039956696085325615,0.0004705556714325182,45.275200000000005,0.0,1.8090474066023345,True,-3.8090474066023345,modeled_qpu
hardness,routing,16,16,30009,exact,local,5137,7.350376354467166,7.350376354467166,True,6.287498399615288e-05,65536,0.5519563405013674,0.11859334504136798,,6.287498399615288e-05,0.0,7.456554671526248e-06,False,-7.456554671526248e-06,measured_local
hardness,routing,16,16,30009,local_search,local,5137,7.350376354467166,7.350376354467166,True,0.0002572499215602875,2272,0.5519563405013674,0.11859334504136798,,0.0002572499215602875,0.0,3.0508128709464022e-05,False,-3.0508128709464022e-05,measured_local
hardness,routing,16,16,30009,annealing,local,5249,8.93643781594404,7.350376354467166,True,0.001069959020242095,960,0.5519563405013674,0.11859334504136798,,0.001069959020242095,0.18993891941509738,0.0001268900192676948,False,-0.19006580943436507,measured_local
hardness,routing,16,16,30009,mean_field,local,5137,7.350376354467166,7.350376354467166,True,0.09747804200742394,98,0.5519563405013674,0.11859334504136798,,0.09747804200742394,0.0,0.011560247069743389,False,-0.011560247069743389,measured_local
hardness,routing,16,16,30009,qaoa,optimistic,5137,7.350376354467166,7.350376354467166,True,0.32219191594049335,125,0.5519563405013674,0.11859334504136798,0.0010032641398493353,1.6025000000000003,0.0,0.19004583542879222,True,-2.1900458354287924,modeled_qpu
hardness,routing,16,16,30009,qaoa,nominal,5137,7.350376354467166,7.350376354467166,True,0.32219191594049335,125,0.5519563405013674,0.11859334504136798,0.0010032641398493353,10.025,0.0,1.188898284039714,True,-3.188898284039714,modeled_qpu
hardness,routing,16,16,30009,qaoa,stressed,5137,7.350376354467166,7.350376354467166,True,0.32219191594049335,125,0.5519563405013674,0.11859334504136798,0.0010032641398493353,45.6,0.0,5.40785653388638,True,-7.40785653388638,modeled_qpu
